fecha,periodo,laeq
2014-01-01,D,60.644
2014-01-01,E,61.176
2014-01-01,N,68.928
2014-01-01,T,66.156
2014-01-02,D,63.608000000000004
2014-01-02,E,63.42
2014-01-02,N,55.42
2014-01-02,T,62.48
2014-01-03,D,63.076
2014-01-03,E,63.136
2014-01-03,N,55.792
2014-01-03,T,61.856
2014-01-04,D,63.43600000000001
2014-01-04,E,62.536
2014-01-04,N,57.452
2014-01-04,T,62.176
2014-01-05,D,60.912
2014-01-05,E,61.676
2014-01-05,N,55.848
2014-01-05,T,60.224
2014-01-06,D,60.128
2014-01-06,E,61.34
2014-01-06,N,56.58
2014-01-06,T,60.088
2014-01-07,D,62.26
2014-01-07,E,61.476000000000006
2014-01-07,N,55.148
2014-01-07,T,60.76
2014-01-08,D,62.536
2014-01-08,E,61.22
2014-01-08,N,54.716
2014-01-08,T,60.924
2014-01-09,D,62.628
2014-01-09,E,61.7
2014-01-09,N,55.111999999999995
2014-01-09,T,61.104
2014-01-10,D,62.70399999999999
2014-01-10,E,62.66
2014-01-10,N,55.896
2014-01-10,T,61.70399999999999
2014-01-11,D,60.888000000000005
2014-01-11,E,61.776
2014-01-11,N,56.04
2014-01-11,T,60.303999999999995
2014-01-12,D,60.208
2014-01-12,E,59.512
2014-01-12,N,56.82
2014-01-12,T,59.343999999999994
2014-01-13,D,62.976000000000006
2014-01-13,E,60.94
2014-01-13,N,55.468
2014-01-13,T,61.26
2014-01-14,D,63.676
2014-01-14,E,61.248000000000005
2014-01-14,N,54.776
2014-01-14,T,61.812
2014-01-15,D,62.56399999999999
2014-01-15,E,61.368
2014-01-15,N,54.576
2014-01-15,T,60.992
2014-01-16,D,63.08
2014-01-16,E,61.78
2014-01-16,N,55.864
2014-01-16,T,61.496
2014-01-17,D,63.036
2014-01-17,E,61.964
2014-01-17,N,55.711999999999996
2014-01-17,T,61.56
2014-01-18,D,61.48
2014-01-18,E,62.083999999999996
2014-01-18,N,58.14
2014-01-18,T,60.876000000000005
2014-01-19,D,60.82
2014-01-19,E,60.156000000000006
2014-01-19,N,57.016000000000005
2014-01-19,T,59.856
2014-01-20,D,62.912
2014-01-20,E,61.188
2014-01-20,N,55.02
2014-01-20,T,61.211999999999996
2014-01-21,D,62.876000000000005
2014-01-21,E,62.516000000000005
2014-01-21,N,54.70399999999999
2014-01-21,T,61.48
2014-01-22,D,62.952
2014-01-22,E,62.083999999999996
2014-01-22,N,56.552
2014-01-22,T,61.472
2014-01-23,D,62.8
2014-01-23,E,61.608000000000004
2014-01-23,N,55.62
2014-01-23,T,61.272
2014-01-24,D,63.56
2014-01-24,E,62.28
2014-01-24,N,56.236000000000004
2014-01-24,T,62.052
2014-01-25,D,61.408
2014-01-25,E,61.268
2014-01-25,N,56.68
2014-01-25,T,60.488
2014-01-26,D,60.36
2014-01-26,E,60.2
2014-01-26,N,56.611999999999995
2014-01-26,T,59.708
2014-01-27,D,62.7
2014-01-27,E,61.236
2014-01-27,N,54.56
2014-01-27,T,61.048
2014-01-28,D,63.688
2014-01-28,E,61.108000000000004
2014-01-28,N,54.523999999999994
2014-01-28,T,61.792
2014-01-29,D,62.756
2014-01-29,E,61.492
2014-01-29,N,55.104
2014-01-29,T,61.168
2014-01-30,D,63.74
2014-01-30,E,62.083999999999996
2014-01-30,N,54.864
2014-01-30,T,61.244
2014-01-31,D,62.372
2014-01-31,E,61.836000000000006
2014-01-31,N,55.824
2014-01-31,T,61.123999999999995
2014-02-01,D,61.156000000000006
2014-02-01,E,60.88
2014-02-01,N,56.763999999999996
2014-02-01,T,60.211999999999996
2014-02-02,D,60.268
2014-02-02,E,59.82
2014-02-02,N,56.391999999999996
2014-02-02,T,59.376000000000005
2014-02-03,D,63.06
2014-02-03,E,61.276
2014-02-03,N,54.6
2014-02-03,T,61.29600000000001
2014-02-04,D,63.263999999999996
2014-02-04,E,62.348
2014-02-04,N,54.716
2014-02-04,T,61.66
2014-02-05,D,63.156000000000006
2014-02-05,E,61.812
2014-02-05,N,56.123999999999995
2014-02-05,T,61.588
2014-02-06,D,63.532
2014-02-06,E,63.364
2014-02-06,N,55.548
2014-02-06,T,62.16
2014-02-07,D,63.196000000000005
2014-02-07,E,62.11600000000001
2014-02-07,N,56.644
2014-02-07,T,61.784
2014-02-08,D,61.972
2014-02-08,E,61.228
2014-02-08,N,57.812
2014-02-08,T,60.9
2014-02-09,D,61.768
2014-02-09,E,61.8
2014-02-09,N,56.70399999999999
2014-02-09,T,60.864
2014-02-10,D,63.508
2014-02-10,E,61.224
2014-02-10,N,57.46
2014-02-10,T,61.88399999999999
2014-02-11,D,64.352
2014-02-11,E,62.284
2014-02-11,N,54.684
2014-02-11,T,62.508
2014-02-12,D,63.104
2014-02-12,E,62.0
2014-02-12,N,55.144
2014-02-12,T,61.504
2014-02-13,D,62.976000000000006
2014-02-13,E,61.412
2014-02-13,N,55.628
2014-02-13,T,61.328
2014-02-14,D,63.188
2014-02-14,E,62.464
2014-02-14,N,55.952
2014-02-14,T,61.836000000000006
2014-02-15,D,62.268
2014-02-15,E,61.476000000000006
2014-02-15,N,58.24
2014-02-15,T,61.443999999999996
2014-02-16,D,60.26
2014-02-16,E,60.08
2014-02-16,N,57.092
2014-02-16,T,59.424
2014-02-17,D,62.58
2014-02-17,E,61.02
2014-02-17,N,54.943999999999996
2014-02-17,T,60.912
2014-02-18,D,62.356
2014-02-18,E,61.396
2014-02-18,N,55.216
2014-02-18,T,60.912
2014-02-19,D,62.61600000000001
2014-02-19,E,61.548
2014-02-19,N,55.431999999999995
2014-02-19,T,61.14
2014-02-20,D,62.90833333333333
2014-02-20,E,61.576
2014-02-20,N,55.464
2014-02-20,T,61.376000000000005
2014-02-21,D,62.663999999999994
2014-02-21,E,61.556000000000004
2014-02-21,N,55.888000000000005
2014-02-21,T,61.196000000000005
2014-02-22,D,61.092
2014-02-22,E,61.276
2014-02-22,N,56.8
2014-02-22,T,60.332
2014-02-23,D,60.348
2014-02-23,E,60.11600000000001
2014-02-23,N,56.548
2014-02-23,T,59.5
2014-02-24,D,62.84
2014-02-24,E,61.128
2014-02-24,N,54.548
2014-02-24,T,61.11600000000001
2014-02-25,D,63.083999999999996
2014-02-25,E,61.88
2014-02-25,N,54.684
2014-02-25,T,61.46
2014-02-26,D,62.891999999999996
2014-02-26,E,61.388000000000005
2014-02-26,N,54.596000000000004
2014-02-26,T,61.2
2014-02-27,D,62.672
2014-02-27,E,62.343999999999994
2014-02-27,N,55.032
2014-02-27,T,61.28
2014-02-28,D,63.168
2014-02-28,E,61.716
2014-02-28,N,55.848
2014-02-28,T,61.583999999999996
2014-03-01,D,61.983999999999995
2014-03-01,E,61.708
2014-03-01,N,56.608000000000004
2014-03-01,T,60.86
2014-03-02,D,61.188
2014-03-02,E,60.596
2014-03-02,N,56.711999999999996
2014-03-02,T,60.224
2014-03-03,D,63.22
2014-03-03,E,61.364
2014-03-03,N,55.303999999999995
2014-03-03,T,61.476000000000006
2014-03-04,D,62.656000000000006
2014-03-04,E,61.232
2014-03-04,N,54.692
2014-03-04,T,61.0
2014-03-05,D,62.34
2014-03-05,E,62.08
2014-03-05,N,54.896
2014-03-05,T,61.132
2014-03-06,D,62.512
2014-03-06,E,61.132
2014-03-06,N,55.236000000000004
2014-03-06,T,60.9
2014-03-07,D,62.355999999999995
2014-03-07,E,61.82916666666667
2014-03-07,N,55.324
2014-03-07,T,60.943999999999996
2014-03-08,D,61.05416666666667
2014-03-08,E,61.65833333333333
2014-03-08,N,56.362500000000004
2014-03-08,T,60.27916666666667
2014-03-09,D,60.39166666666667
2014-03-09,E,59.85833333333333
2014-03-09,N,55.604166666666664
2014-03-09,T,59.34583333333333
2014-03-10,D,61.992
2014-03-10,E,60.748000000000005
2014-03-10,N,54.23333333333333
2014-03-10,T,60.468
2014-03-11,D,62.26
2014-03-11,E,60.864
2014-03-11,N,54.104
2014-03-11,T,60.596000000000004
2014-03-12,D,62.023999999999994
2014-03-12,E,61.004
2014-03-12,N,54.452
2014-03-12,T,60.46
2014-03-13,D,62.315999999999995
2014-03-13,E,61.32
2014-03-13,N,54.788000000000004
2014-03-13,T,60.768
2014-03-14,D,62.452
2014-03-14,E,61.528
2014-03-14,N,55.312
2014-03-14,T,60.996
2014-03-15,D,60.751999999999995
2014-03-15,E,61.196000000000005
2014-03-15,N,56.02
2014-03-15,T,59.896
2014-03-16,D,59.916000000000004
2014-03-16,E,60.604
2014-03-16,N,56.211999999999996
2014-03-16,T,59.244
2014-03-17,D,61.815999999999995
2014-03-17,E,60.592
2014-03-17,N,54.356
2014-03-17,T,60.248000000000005
2014-03-18,D,62.008
2014-03-18,E,60.912
2014-03-18,N,54.352
2014-03-18,T,60.496
2014-03-19,D,62.24
2014-03-19,E,61.263999999999996
2014-03-19,N,54.768
2014-03-19,T,60.7
2014-03-20,D,62.044
2014-03-20,E,61.87894736842105
2014-03-20,N,54.576
2014-03-20,T,60.148
2014-03-21,D,62.388000000000005
2014-03-21,E,61.464
2014-03-21,N,55.81578947368421
2014-03-21,T,61.216
2014-03-22,D,60.956
2014-03-22,E,61.256
2014-03-22,N,56.123999999999995
2014-03-22,T,60.032
2014-03-23,D,60.092
2014-03-23,E,61.06
2014-03-23,N,55.86
2014-03-23,T,59.375
2014-03-24,D,62.18
2014-03-24,E,61.056000000000004
2014-03-24,N,55.111999999999995
2014-03-24,T,60.623999999999995
2014-03-25,D,63.424
2014-03-25,E,62.088
2014-03-25,N,55.208
2014-03-25,T,61.788000000000004
2014-03-26,D,62.456
2014-03-26,E,61.308
2014-03-26,N,56.012
2014-03-26,T,60.988
2014-03-27,D,62.483999999999995
2014-03-27,E,60.952
2014-03-27,N,54.832
2014-03-27,T,60.84
2014-03-28,D,62.448
2014-03-28,E,61.66
2014-03-28,N,55.0
2014-03-28,T,60.992
2014-03-29,D,61.52
2014-03-29,E,63.09583333333333
2014-03-29,N,55.92400000000001
2014-03-29,T,60.808
2014-03-30,D,59.958333333333336
2014-03-30,E,60.449999999999996
2014-03-30,N,57.79583333333333
2014-03-30,T,59.55416666666667
2014-03-31,D,62.476000000000006
2014-03-31,E,61.632
2014-03-31,N,54.49565217391305
2014-03-31,T,61.028
2014-04-01,D,62.628
2014-04-01,E,61.048
2014-04-01,N,54.488
2014-04-01,T,60.948
2014-04-02,D,63.288000000000004
2014-04-02,E,62.26
2014-04-02,N,54.443999999999996
2014-04-02,T,61.663999999999994
2014-04-03,D,62.552
2014-04-03,E,61.34
2014-04-03,N,55.516000000000005
2014-04-03,T,60.9375
2014-04-04,D,62.692
2014-04-04,E,62.176
2014-04-04,N,55.372
2014-04-04,T,61.292
2014-04-05,D,60.788000000000004
2014-04-05,E,61.716
2014-04-05,N,56.18
2014-04-05,T,60.111999999999995
2014-04-06,D,60.532
2014-04-06,E,61.152
2014-04-06,N,56.684
2014-04-06,T,59.888000000000005
2014-04-07,D,62.588
2014-04-07,E,61.135999999999996
2014-04-07,N,54.864
2014-04-07,T,61.012
2014-04-08,D,62.144000000000005
2014-04-08,E,61.032
2014-04-08,N,54.284
2014-04-08,T,60.576
2014-04-09,D,62.152
2014-04-09,E,61.732
2014-04-09,N,54.872
2014-04-09,T,60.843999999999994
2014-04-10,D,62.43600000000001
2014-04-10,E,62.044
2014-04-10,N,55.028
2014-04-10,T,61.056
2014-04-11,D,62.06
2014-04-11,E,61.623999999999995
2014-04-11,N,55.96
2014-04-11,T,60.792
2014-04-12,D,62.192
2014-04-12,E,61.96
2014-04-12,N,56.184
2014-04-12,T,61.332
2014-04-13,D,59.848
2014-04-13,E,60.768
2014-04-13,N,55.912
2014-04-13,T,59.263999999999996
2014-04-14,D,61.556000000000004
2014-04-14,E,61.128
2014-04-14,N,54.592
2014-04-14,T,60.176
2014-04-15,D,61.596000000000004
2014-04-15,E,60.776
2014-04-15,N,54.236000000000004
2014-04-15,T,60.08
2014-04-16,D,61.292
2014-04-16,E,60.732
2014-04-16,N,54.636
2014-04-16,T,60.148
2014-04-17,D,58.832
2014-04-17,E,59.891999999999996
2014-04-17,N,56.632
2014-04-17,T,58.628
2014-04-18,D,57.983999999999995
2014-04-18,E,59.86
2014-04-18,N,53.812
2014-04-18,T,57.644
2014-04-19,D,59.3375
2014-04-19,E,60.30833333333334
2014-04-19,N,54.736000000000004
2014-04-19,T,58.268
2014-04-20,D,59.050000000000004
2014-04-20,E,60.28333333333333
2014-04-20,N,55.15416666666667
2014-04-20,T,58.479166666666664
2014-04-21,D,62.44
2014-04-21,E,60.788000000000004
2014-04-21,N,55.52916666666667
2014-04-21,T,60.854166666666664
2014-04-22,D,62.512
2014-04-22,E,61.268
2014-04-22,N,54.512
2014-04-22,T,60.964
2014-04-23,D,62.28
2014-04-23,E,61.456
2014-04-23,N,54.751999999999995
2014-04-23,T,60.776
2014-04-24,D,63.48
2014-04-24,E,61.888000000000005
2014-04-24,N,55.16
2014-04-24,T,61.784
2014-04-25,D,62.556
2014-04-25,E,61.79600000000001
2014-04-25,N,56.032
2014-04-25,T,61.172
2014-04-26,D,61.208
2014-04-26,E,61.896
2014-04-26,N,56.236000000000004
2014-04-26,T,60.403999999999996
2014-04-27,D,59.952
2014-04-27,E,60.843999999999994
2014-04-27,N,56.32
2014-04-27,T,59.34
2014-04-28,D,62.312
2014-04-28,E,60.9
2014-04-28,N,54.16
2014-04-28,T,60.656000000000006
2014-04-29,D,61.93600000000001
2014-04-29,E,61.672
2014-04-29,N,54.272
2014-04-29,T,60.792
2014-04-30,D,62.004
2014-04-30,E,61.864
2014-04-30,N,55.012
2014-04-30,T,60.776
2014-05-01,D,59.36
2014-05-01,E,60.104
2014-05-01,N,55.292
2014-05-01,T,58.611999999999995
2014-05-02,D,59.032
2014-05-02,E,60.412
2014-05-02,N,54.776
2014-05-02,T,58.736000000000004
2014-05-03,D,59.428000000000004
2014-05-03,E,60.656000000000006
2014-05-03,N,55.924
2014-05-03,T,59.172
2014-05-04,D,58.93600000000001
2014-05-04,E,60.348
2014-05-04,N,55.172
2014-05-04,T,58.464
2014-05-05,D,61.6
2014-05-05,E,61.044
2014-05-05,N,54.464
2014-05-05,T,60.248000000000005
2014-05-06,D,61.924
2014-05-06,E,61.328
2014-05-06,N,54.443999999999996
2014-05-06,T,60.516000000000005
2014-05-07,D,61.672
2014-05-07,E,60.792
2014-05-07,N,54.523999999999994
2014-05-07,T,60.20399999999999
2014-05-08,D,61.908
2014-05-08,E,61.176
2014-05-08,N,55.016000000000005
2014-05-08,T,60.528
2014-05-09,D,61.784
2014-05-09,E,62.504
2014-05-09,N,55.744
2014-05-09,T,60.876000000000005
2014-05-10,D,60.256
2014-05-10,E,61.308
2014-05-10,N,56.468
2014-05-10,T,59.623999999999995
2014-05-11,D,59.424
2014-05-11,E,60.711999999999996
2014-05-11,N,56.26
2014-05-11,T,58.992
2014-05-12,D,61.931999999999995
2014-05-12,E,60.852
2014-05-12,N,54.56399999999999
2014-05-12,T,60.364
2014-05-13,D,62.048
2014-05-13,E,61.236000000000004
2014-05-13,N,54.256
2014-05-13,T,60.52
2014-05-14,D,62.152
2014-05-14,E,61.596000000000004
2014-05-14,N,55.176
2014-05-14,T,60.84
2014-05-15,D,60.1
2014-05-15,E,61.06399999999999
2014-05-15,N,55.876000000000005
2014-05-15,T,59.412
2014-05-16,D,61.663999999999994
2014-05-16,E,62.163999999999994
2014-05-16,N,55.144
2014-05-16,T,60.808
2014-05-17,D,59.972
2014-05-17,E,62.148
2014-05-17,N,55.488
2014-05-17,T,59.663999999999994
2014-05-18,D,59.372
2014-05-18,E,61.048
2014-05-18,N,56.104
2014-05-18,T,59.251999999999995
2014-05-19,D,62.004
2014-05-19,E,60.808
2014-05-19,N,55.48
2014-05-19,T,60.8
2014-05-20,D,62.048
2014-05-20,E,60.888000000000005
2014-05-20,N,54.208
2014-05-20,T,60.44
2014-05-21,D,63.663999999999994
2014-05-21,E,61.98
2014-05-21,N,54.711999999999996
2014-05-21,T,61.924
2014-05-22,D,63.06
2014-05-22,E,61.336000000000006
2014-05-22,N,54.924
2014-05-22,T,61.36
2014-05-23,D,62.4
2014-05-23,E,61.404
2014-05-23,N,55.44
2014-05-23,T,60.924
2014-05-24,D,60.648
2014-05-24,E,62.068000000000005
2014-05-24,N,55.9
2014-05-24,T,61.06
2014-05-25,D,59.592
2014-05-25,E,60.696000000000005
2014-05-25,N,61.44
2014-05-25,T,60.284
2014-05-26,D,61.748000000000005
2014-05-26,E,60.79600000000001
2014-05-26,N,54.391999999999996
2014-05-26,T,60.22
2014-05-27,D,61.788000000000004
2014-05-27,E,60.711999999999996
2014-05-27,N,54.083999999999996
2014-05-27,T,60.184
2014-05-28,D,62.43600000000001
2014-05-28,E,61.29600000000001
2014-05-28,N,54.512
2014-05-28,T,60.852
2014-05-29,D,62.071999999999996
2014-05-29,E,61.292
2014-05-29,N,54.68
2014-05-29,T,60.596000000000004
2014-05-30,D,62.588
2014-05-30,E,62.196000000000005
2014-05-30,N,55.292
2014-05-30,T,61.303999999999995
2014-05-31,D,60.611999999999995
2014-05-31,E,61.756
2014-05-31,N,56.52
2014-05-31,T,60.06399999999999
2014-06-01,D,59.548
2014-06-01,E,60.512
2014-06-01,N,56.328
2014-06-01,T,59.012
2014-06-02,D,61.72
2014-06-02,E,61.43600000000001
2014-06-02,N,54.812
2014-06-02,T,60.452
2014-06-03,D,61.843999999999994
2014-06-03,E,61.12
2014-06-03,N,54.716
2014-06-03,T,60.396
2014-06-04,D,62.016000000000005
2014-06-04,E,61.544
2014-06-04,N,55.123999999999995
2014-06-04,T,60.688
2014-06-05,D,61.912
2014-06-05,E,61.308
2014-06-05,N,54.992
2014-06-05,T,60.528
2014-06-06,D,62.044
2014-06-06,E,61.592
2014-06-06,N,55.716
2014-06-06,T,60.828
2014-06-07,D,60.64
2014-06-07,E,61.64
2014-06-07,N,56.128
2014-06-07,T,60.028
2014-06-08,D,59.4
2014-06-08,E,60.736
2014-06-08,N,55.93600000000001
2014-06-08,T,58.928000000000004
2014-06-09,D,61.536
2014-06-09,E,61.916666666666664
2014-06-09,N,54.852
2014-06-09,T,60.244
2014-06-10,D,62.251999999999995
2014-06-10,E,61.568000000000005
2014-06-10,N,54.62083333333334
2014-06-10,T,60.803999999999995
2014-06-11,D,62.348
2014-06-11,E,62.492
2014-06-11,N,55.092
2014-06-11,T,61.06399999999999
2014-06-12,D,61.956
2014-06-12,E,61.284
2014-06-12,N,54.968
2014-06-12,T,60.544
2014-06-13,D,62.016000000000005
2014-06-13,E,61.68
2014-06-13,N,55.552
2014-06-13,T,60.763999999999996
2014-06-14,D,60.452
2014-06-14,E,61.43600000000001
2014-06-14,N,56.388000000000005
2014-06-14,T,60.016000000000005
2014-06-15,D,59.668
2014-06-15,E,60.483999999999995
2014-06-15,N,56.912
2014-06-15,T,59.18
2014-06-16,D,61.763999999999996
2014-06-16,E,61.336000000000006
2014-06-16,N,55.528
2014-06-16,T,60.464
2014-06-17,D,61.928000000000004
2014-06-17,E,61.172
2014-06-17,N,54.763999999999996
2014-06-17,T,60.5
2014-06-18,D,61.98
2014-06-18,E,62.132
2014-06-18,N,55.403999999999996
2014-06-18,T,61.032
2014-06-19,D,59.803999999999995
2014-06-19,E,62.448
2014-06-19,N,56.912
2014-06-19,T,59.808
2014-06-20,D,61.388000000000005
2014-06-20,E,61.812
2014-06-20,N,55.06
2014-06-20,T,60.476000000000006
2014-06-21,D,60.052
2014-06-21,E,61.38399999999999
2014-06-21,N,56.244
2014-06-21,T,59.632
2014-06-22,D,59.108000000000004
2014-06-22,E,60.483999999999995
2014-06-22,N,56.4
2014-06-22,T,58.82
2014-06-23,D,61.548
2014-06-23,E,61.588
2014-06-23,N,54.93600000000001
2014-06-23,T,60.324000000000005
2014-06-24,D,61.748000000000005
2014-06-24,E,61.083999999999996
2014-06-24,N,54.896
2014-06-24,T,60.324
2014-06-25,D,61.943999999999996
2014-06-25,E,61.912
2014-06-25,N,55.044
2014-06-25,T,60.763999999999996
2014-06-26,D,61.729166666666664
2014-06-26,E,61.62083333333334
2014-06-26,N,56.476000000000006
2014-06-26,T,60.770833333333336
2014-06-27,D,62.032
2014-06-27,E,62.236000000000004
2014-06-27,N,56.17916666666667
2014-06-27,T,61.068000000000005
2014-06-28,D,60.656000000000006
2014-06-28,E,61.34
2014-06-28,N,57.312
2014-06-28,T,60.156000000000006
2014-06-29,D,58.908
2014-06-29,E,60.52
2014-06-29,N,56.852
2014-06-29,T,58.648
2014-06-30,D,61.464
2014-06-30,E,61.20399999999999
2014-06-30,N,55.29600000000001
2014-06-30,T,60.256
2014-07-01,D,62.028
2014-07-01,E,61.64
2014-07-01,N,55.276
2014-07-01,T,60.708
2014-07-02,D,61.396
2014-07-02,E,62.192
2014-07-02,N,55.023999999999994
2014-07-02,T,60.74
2014-07-03,D,64.07600000000001
2014-07-03,E,61.376000000000005
2014-07-03,N,57.876000000000005
2014-07-03,T,62.428000000000004
2014-07-04,D,62.424
2014-07-04,E,61.504
2014-07-04,N,55.512
2014-07-04,T,61.108000000000004
2014-07-05,D,59.696000000000005
2014-07-05,E,61.104
2014-07-05,N,56.96
2014-07-05,T,59.52
2014-07-06,D,59.088
2014-07-06,E,60.684
2014-07-06,N,56.86
2014-07-06,T,58.964
2014-07-07,D,61.711999999999996
2014-07-07,E,61.408
2014-07-07,N,54.42
2014-07-07,T,60.412
2014-07-08,D,61.468
2014-07-08,E,60.972
2014-07-08,N,54.70399999999999
2014-07-08,T,60.12
2014-07-09,D,61.623999999999995
2014-07-09,E,61.15217391304348
2014-07-09,N,55.608000000000004
2014-07-09,T,60.356
2014-07-10,D,61.14782608695653
2014-07-10,E,61.372727272727275
2014-07-10,N,55.34782608695652
2014-07-10,T,60.02173913043478
2014-07-11,D,60.93478260869565
2014-07-11,E,60.45217391304348
2014-07-11,N,56.16818181818182
2014-07-11,T,59.87826086956522
2014-07-12,D,58.74782608695652
2014-07-12,E,59.79130434782609
2014-07-12,N,55.99565217391305
2014-07-12,T,58.32608695652174
2014-07-13,D,58.20434782608696
2014-07-13,E,59.53181818181818
2014-07-13,N,55.77391304347826
2014-07-13,T,57.96521739130435
2014-07-14,D,60.77391304347826
2014-07-14,E,60.15652173913043
2014-07-14,N,55.50909090909091
2014-07-14,T,59.57826086956521
2014-07-15,D,60.71304347826087
2014-07-15,E,60.73913043478261
2014-07-15,N,54.626086956521746
2014-07-15,T,59.60434782608696
2014-07-16,D,60.7695652173913
2014-07-16,E,60.72173913043478
2014-07-16,N,54.78260869565217
2014-07-16,T,59.643478260869564
2014-07-17,D,61.28260869565217
2014-07-17,E,61.36521739130435
2014-07-17,N,55.17391304347826
2014-07-17,T,60.38260869565217
2014-07-18,D,61.576
2014-07-18,E,61.4
2014-07-18,N,56.073913043478264
2014-07-18,T,60.808
2014-07-19,D,59.083999999999996
2014-07-19,E,61.376000000000005
2014-07-19,N,57.328
2014-07-19,T,59.368
2014-07-20,D,58.416000000000004
2014-07-20,E,60.456
2014-07-20,N,56.244
2014-07-20,T,58.648
2014-07-21,D,61.716
2014-07-21,E,60.76818181818182
2014-07-21,N,55.156000000000006
2014-07-21,T,60.123999999999995
2014-07-22,D,61.9
2014-07-22,E,60.690909090909095
2014-07-22,N,55.027272727272724
2014-07-22,T,60.554545454545455
2014-07-23,D,61.459090909090904
2014-07-23,E,60.904545454545456
2014-07-23,N,55.18636363636363
2014-07-23,T,60.24090909090909
2014-07-24,D,61.21363636363637
2014-07-24,E,60.940909090909095
2014-07-24,N,55.690909090909095
2014-07-24,T,60.11363636363637
2014-07-25,D,61.16363636363636
2014-07-25,E,60.51363636363636
2014-07-25,N,55.88636363636363
2014-07-25,T,60.03636363636363
2014-07-26,D,58.72727272727273
2014-07-26,E,60.00454545454545
2014-07-26,N,56.377272727272725
2014-07-26,T,58.527272727272724
2014-07-27,D,58.23636363636364
2014-07-27,E,59.81363636363637
2014-07-27,N,56.127272727272725
2014-07-27,T,58.10909090909092
2014-07-28,D,60.9
2014-07-28,E,60.809090909090905
2014-07-28,N,54.82272727272727
2014-07-28,T,59.81363636363637
2014-07-29,D,61.16363636363636
2014-07-29,E,61.10454545454545
2014-07-29,N,55.60454545454545
2014-07-29,T,60.14545454545455
2014-07-30,D,61.06818181818182
2014-07-30,E,60.98181818181818
2014-07-30,N,55.6
2014-07-30,T,59.95454545454545
2014-07-31,D,61.16818181818182
2014-07-31,E,61.122727272727275
2014-07-31,N,55.940909090909095
2014-07-31,T,60.15909090909091
2014-08-01,D,61.488
2014-08-01,E,60.784
2014-08-01,N,55.972727272727276
2014-08-01,T,60.424
2014-08-02,D,58.583999999999996
2014-08-02,E,59.896
2014-08-02,N,55.464
2014-08-02,T,58.172
2014-08-03,D,57.688
2014-08-03,E,59.396
2014-08-03,N,55.256
2014-08-03,T,57.508
2014-08-04,D,60.523999999999994
2014-08-04,E,59.763999999999996
2014-08-04,N,54.248000000000005
2014-08-04,T,59.184
2014-08-05,D,60.52
2014-08-05,E,59.70399999999999
2014-08-05,N,54.176
2014-08-05,T,59.22
2014-08-06,D,60.62
2014-08-06,E,60.176
2014-08-06,N,54.256
2014-08-06,T,59.443999999999996
2014-08-07,D,60.68333333333334
2014-08-07,E,60.19583333333333
2014-08-07,N,54.928000000000004
2014-08-07,T,59.156000000000006
2014-08-08,D,60.648
2014-08-08,E,59.792
2014-08-08,N,55.22083333333333
2014-08-08,T,59.464
2014-08-09,D,58.412
2014-08-09,E,59.424
2014-08-09,N,55.38399999999999
2014-08-09,T,57.931999999999995
2014-08-10,D,57.43600000000001
2014-08-10,E,58.96
2014-08-10,N,54.93600000000001
2014-08-10,T,57.248000000000005
2014-08-11,D,59.652
2014-08-11,E,59.988
2014-08-11,N,54.32
2014-08-11,T,58.68
2014-08-12,D,60.24
2014-08-12,E,59.724
2014-08-12,N,54.3
2014-08-12,T,59.104
2014-08-13,D,59.98
2014-08-13,E,60.088
2014-08-13,N,55.32
2014-08-13,T,59.148
2014-08-14,D,59.952
2014-08-14,E,59.492
2014-08-14,N,54.983999999999995
2014-08-14,T,58.808
2014-08-15,D,57.86
2014-08-15,E,59.044
2014-08-15,N,54.824
2014-08-15,T,57.523999999999994
2014-08-16,D,58.236000000000004
2014-08-16,E,59.071999999999996
2014-08-16,N,55.14
2014-08-16,T,57.724
2014-08-17,D,57.368
2014-08-17,E,59.548
2014-08-17,N,54.576
2014-08-17,T,57.364
2014-08-18,D,60.256
2014-08-18,E,59.628
2014-08-18,N,54.28
2014-08-18,T,59.004
2014-08-19,D,60.144
2014-08-19,E,59.88399999999999
2014-08-19,N,53.931999999999995
2014-08-19,T,58.972
2014-08-20,D,59.86
2014-08-20,E,60.052
2014-08-20,N,54.052
2014-08-20,T,58.816
2014-08-21,D,60.38
2014-08-21,E,60.46
2014-08-21,N,54.028
2014-08-21,T,59.343999999999994
2014-08-22,D,60.26
2014-08-22,E,60.068000000000005
2014-08-22,N,54.976000000000006
2014-08-22,T,59.16
2014-08-23,D,58.808
2014-08-23,E,59.6
2014-08-23,N,55.048
2014-08-23,T,58.272
2014-08-24,D,57.64
2014-08-24,E,59.431999999999995
2014-08-24,N,54.964
2014-08-24,T,57.476000000000006
2014-08-25,D,60.583999999999996
2014-08-25,E,59.868
2014-08-25,N,54.732
2014-08-25,T,59.324
2014-08-26,D,60.876000000000005
2014-08-26,E,60.496
2014-08-26,N,54.268
2014-08-26,T,59.628
2014-08-27,D,60.588
2014-08-27,E,60.54
2014-08-27,N,54.571999999999996
2014-08-27,T,59.46
2014-08-28,D,60.483999999999995
2014-08-28,E,60.208
2014-08-28,N,54.908
2014-08-28,T,59.412
2014-08-29,D,60.61600000000001
2014-08-29,E,60.792
2014-08-29,N,55.092
2014-08-29,T,59.6
2014-08-30,D,58.864
2014-08-30,E,60.088
2014-08-30,N,55.72
2014-08-30,T,58.416000000000004
2014-08-31,D,58.256
2014-08-31,E,59.943999999999996
2014-08-31,N,55.728
2014-08-31,T,58.02
2014-09-01,D,60.772
2014-09-01,E,60.74
2014-09-01,N,54.79600000000001
2014-09-01,T,59.62
2014-09-02,D,60.948
2014-09-02,E,61.416000000000004
2014-09-02,N,54.608000000000004
2014-09-02,T,59.891999999999996
2014-09-03,D,61.68
2014-09-03,E,61.84347826086957
2014-09-03,N,54.996
2014-09-03,T,60.416000000000004
2014-09-04,D,62.178260869565214
2014-09-04,E,61.81739130434782
2014-09-04,N,55.55652173913043
2014-09-04,T,60.93478260869565
2014-09-05,D,62.11739130434783
2014-09-05,E,61.43478260869565
2014-09-05,N,55.88695652173914
2014-09-05,T,60.88260869565217
2014-09-06,D,59.59130434782608
2014-09-06,E,60.94782608695652
2014-09-06,N,56.18695652173913
2014-09-06,T,59.13913043478261
2014-09-07,D,59.060869565217395
2014-09-07,E,60.94782608695652
2014-09-07,N,56.300000000000004
2014-09-07,T,58.85217391304347
2014-09-08,D,61.61739130434783
2014-09-08,E,61.660869565217396
2014-09-08,N,54.873913043478254
2014-09-08,T,60.36521739130435
2014-09-09,D,61.5304347826087
2014-09-09,E,61.40869565217392
2014-09-09,N,54.77826086956522
2014-09-09,T,60.28260869565217
2014-09-10,D,61.665217391304346
2014-09-10,E,61.699999999999996
2014-09-10,N,54.94347826086957
2014-09-10,T,60.43478260869565
2014-09-11,D,61.9
2014-09-11,E,62.21304347826087
2014-09-11,N,55.38695652173914
2014-09-11,T,60.834782608695654
2014-09-12,D,61.699999999999996
2014-09-12,E,62.18260869565218
2014-09-12,N,55.93478260869565
2014-09-12,T,60.869565217391305
2014-09-13,D,60.939130434782605
2014-09-13,E,61.71739130434783
2014-09-13,N,57.62173913043478
2014-09-13,T,60.73478260869565
2014-09-14,D,59.608695652173914
2014-09-14,E,61.47391304347826
2014-09-14,N,57.81304347826087
2014-09-14,T,60.09130434782608
2014-09-15,D,62.25
2014-09-15,E,61.78181818181818
2014-09-15,N,57.095652173913045
2014-09-15,T,61.24347826086956
2014-09-16,D,62.99565217391305
2014-09-16,E,61.70869565217391
2014-09-16,N,54.86363636363637
2014-09-16,T,61.40869565217392
2014-09-17,D,62.208
2014-09-17,E,60.98
2014-09-17,N,54.904347826086955
2014-09-17,T,60.751999999999995
2014-09-18,D,61.708
2014-09-18,E,61.560869565217395
2014-09-18,N,54.632
2014-09-18,T,60.343999999999994
2014-09-19,D,61.57826086956521
2014-09-19,E,61.49130434782609
2014-09-19,N,54.79130434782609
2014-09-19,T,60.44782608695652
2014-09-20,D,59.97826086956522
2014-09-20,E,61.47826086956522
2014-09-20,N,55.165217391304346
2014-09-20,T,59.45217391304348
2014-09-21,D,59.09130434782608
2014-09-21,E,60.11739130434783
2014-09-21,N,55.84782608695652
2014-09-21,T,58.6
2014-09-22,D,61.699999999999996
2014-09-22,E,60.78695652173913
2014-09-22,N,55.73478260869565
2014-09-22,T,60.35217391304347
2014-09-23,D,61.460869565217386
2014-09-23,E,60.47391304347826
2014-09-23,N,53.70869565217391
2014-09-23,T,59.960869565217386
2014-09-24,D,61.643478260869564
2014-09-24,E,60.5695652173913
2014-09-24,N,53.99565217391305
2014-09-24,T,60.130434782608695
2014-09-25,D,61.5695652173913
2014-09-25,E,61.07826086956521
2014-09-25,N,54.23913043478261
2014-09-25,T,60.23913043478261
2014-09-26,D,61.58695652173913
2014-09-26,E,61.34347826086957
2014-09-26,N,54.45217391304348
2014-09-26,T,60.300000000000004
2014-09-27,D,60.02173913043478
2014-09-27,E,60.595652173913045
2014-09-27,N,55.83043478260869
2014-09-27,T,59.25652173913044
2014-09-28,D,58.80869565217391
2014-09-28,E,59.4695652173913
2014-09-28,N,56.178260869565214
2014-09-28,T,58.30869565217391
2014-09-29,D,61.80869565217391
2014-09-29,E,60.70869565217391
2014-09-29,N,54.039130434782614
2014-09-29,T,60.31304347826087
2014-09-30,D,61.64782608695653
2014-09-30,E,60.800000000000004
2014-09-30,N,54.160869565217396
2014-09-30,T,60.13913043478261
2014-10-01,D,62.4
2014-10-01,E,60.94
2014-10-01,N,53.9304347826087
2014-10-01,T,60.836000000000006
2014-10-02,D,61.864
2014-10-02,E,61.34
2014-10-02,N,54.696000000000005
2014-10-02,T,60.46
2014-10-03,D,62.332
2014-10-03,E,62.303999999999995
2014-10-03,N,55.391999999999996
2014-10-03,T,61.184
2014-10-04,D,60.152
2014-10-04,E,61.592
2014-10-04,N,56.424
2014-10-04,T,59.772
2014-10-05,D,60.852
2014-10-05,E,60.47599999999999
2014-10-05,N,56.044
2014-10-05,T,60.14
2014-10-06,D,61.648
2014-10-06,E,60.668
2014-10-06,N,54.652
2014-10-06,T,60.136
2014-10-07,D,62.11600000000001
2014-10-07,E,61.35833333333333
2014-10-07,N,53.828
2014-10-07,T,60.488
2014-10-08,D,62.156000000000006
2014-10-08,E,60.52608695652174
2014-10-08,N,54.64166666666667
2014-10-08,T,60.352
2014-10-09,D,63.2695652173913
2014-10-09,E,61.85217391304349
2014-10-09,N,54.77391304347826
2014-10-09,T,61.800000000000004
2014-10-10,D,63.04782608695652
2014-10-10,E,62.22608695652174
2014-10-10,N,57.426086956521736
2014-10-10,T,62.02608695652174
2014-10-11,D,60.49565217391305
2014-10-11,E,64.11739130434783
2014-10-11,N,57.24782608695652
2014-10-11,T,60.96521739130435
2014-10-12,D,60.73478260869565
2014-10-12,E,60.47826086956522
2014-10-12,N,57.9304347826087
2014-10-12,T,60.17391304347826
2014-10-13,D,62.7304347826087
2014-10-13,E,60.65652173913043
2014-10-13,N,56.039130434782614
2014-10-13,T,60.99565217391305
2014-10-14,D,62.626086956521746
2014-10-14,E,60.87826086956522
2014-10-14,N,55.98260869565217
2014-10-14,T,61.082608695652176
2014-10-15,D,62.79130434782609
2014-10-15,E,61.391304347826086
2014-10-15,N,54.18260869565218
2014-10-15,T,61.1695652173913
2014-10-16,D,62.339130434782604
2014-10-16,E,60.95652173913044
2014-10-16,N,54.02608695652174
2014-10-16,T,60.7304347826087
2014-10-17,D,62.11666666666667
2014-10-17,E,61.725
2014-10-17,N,54.873913043478254
2014-10-17,T,60.862500000000004
2014-10-18,D,60.71666666666667
2014-10-18,E,61.51666666666667
2014-10-18,N,56.35833333333333
2014-10-18,T,60.06666666666666
2014-10-19,D,59.72083333333333
2014-10-19,E,60.39166666666667
2014-10-19,N,56.22083333333333
2014-10-19,T,59.125
2014-10-20,D,61.84166666666667
2014-10-20,E,60.925000000000004
2014-10-20,N,54.29583333333333
2014-10-20,T,60.32083333333333
2014-10-21,D,62.112500000000004
2014-10-21,E,60.68181818181818
2014-10-21,N,54.1625
2014-10-21,T,60.487500000000004
2014-10-22,D,61.377272727272725
2014-10-22,E,60.33181818181818
2014-10-22,N,53.68181818181818
2014-10-22,T,59.90909090909091
2014-10-23,D,61.777272727272724
2014-10-23,E,60.904761904761905
2014-10-23,N,54.25454545454545
2014-10-23,T,60.06818181818182
2014-10-24,D,61.82272727272727
2014-10-24,E,61.059090909090905
2014-10-24,N,54.647619047619045
2014-10-24,T,60.48636363636364
2014-10-25,D,60.445454545454545
2014-10-25,E,61.352380952380955
2014-10-25,N,55.777272727272724
2014-10-25,T,59.7
2014-10-26,D,59.62857142857143
2014-10-26,E,60.290476190476184
2014-10-26,N,55.96190476190476
2014-10-26,T,58.94761904761905
2014-10-27,D,61.42272727272727
2014-10-27,E,60.23636363636364
2014-10-27,N,53.42380952380953
2014-10-27,T,59.85454545454545
2014-10-28,D,61.74347826086956
2014-10-28,E,60.50909090909091
2014-10-28,N,53.622727272727275
2014-10-28,T,60.165217391304346
2014-10-29,D,61.63181818181818
2014-10-29,E,60.58181818181818
2014-10-29,N,53.76818181818182
2014-10-29,T,60.07727272727273
2014-10-30,D,61.82272727272727
2014-10-30,E,61.15
2014-10-30,N,54.345454545454544
2014-10-30,T,60.40909090909091
2014-10-31,D,61.98695652173913
2014-10-31,E,61.869565217391305
2014-10-31,N,55.309090909090905
2014-10-31,T,60.88695652173914
2014-11-01,D,60.082608695652176
2014-11-01,E,60.88260869565217
2014-11-01,N,56.74347826086956
2014-11-01,T,59.626086956521746
2014-11-02,D,59.36086956521739
2014-11-02,E,61.28695652173913
2014-11-02,N,55.21739130434783
2014-11-02,T,58.92173913043479
2014-11-03,D,62.2304347826087
2014-11-03,E,61.84090909090909
2014-11-03,N,53.89565217391304
2014-11-03,T,60.74782608695652
2014-11-04,D,62.65217391304348
2014-11-04,E,60.904347826086955
2014-11-04,N,56.42727272727273
2014-11-04,T,61.13913043478261
2014-11-05,D,62.862500000000004
2014-11-05,E,60.72608695652174
2014-11-05,N,54.66956521739131
2014-11-05,T,61.0875
2014-11-06,D,62.32608695652174
2014-11-06,E,61.073913043478264
2014-11-06,N,54.560869565217395
2014-11-06,T,60.71739130434783
2014-11-07,D,62.51304347826087
2014-11-07,E,61.339130434782604
2014-11-07,N,55.130434782608695
2014-11-07,T,61.16956521739131
2014-11-08,D,60.94347826086957
2014-11-08,E,60.356521739130436
2014-11-08,N,56.391304347826086
2014-11-08,T,59.81304347826087
2014-11-09,D,59.7695652173913
2014-11-09,E,59.095652173913045
2014-11-09,N,55.90869565217392
2014-11-09,T,58.873913043478254
2014-11-10,D,60.09130434782608
2014-11-10,E,59.595652173913045
2014-11-10,N,54.43478260869565
2014-11-10,T,58.94347826086957
2014-11-11,D,63.4
2014-11-11,E,61.143478260869564
2014-11-11,N,56.20869565217391
2014-11-11,T,61.699999999999996
2014-11-12,D,62.97826086956522
2014-11-12,E,61.300000000000004
2014-11-12,N,54.595652173913045
2014-11-12,T,61.27826086956522
2014-11-13,D,62.45652173913044
2014-11-13,E,61.05652173913043
2014-11-13,N,55.31304347826087
2014-11-13,T,60.88695652173914
2014-11-14,D,63.28260869565217
2014-11-14,E,62.01304347826087
2014-11-14,N,56.19565217391305
2014-11-14,T,61.926086956521736
2014-11-15,D,61.48260869565217
2014-11-15,E,60.90869565217392
2014-11-15,N,56.94782608695652
2014-11-15,T,60.52608695652174
2014-11-16,D,60.19130434782609
2014-11-16,E,59.595652173913045
2014-11-16,N,56.52173913043478
2014-11-16,T,59.31304347826087
2014-11-17,D,62.40869565217392
2014-11-17,E,60.46521739130435
2014-11-17,N,54.426086956521736
2014-11-17,T,60.66956521739131
2014-11-18,D,62.82
2014-11-18,E,61.89047619047619
2014-11-18,N,54.18695652173913
2014-11-18,T,60.868
2014-11-19,D,63.44761904761905
2014-11-19,E,61.92380952380953
2014-11-19,N,55.05238095238095
2014-11-19,T,61.84285714285714
2014-11-20,D,63.00909090909091
2014-11-20,E,61.43181818181818
2014-11-20,N,55.58095238095238
2014-11-20,T,61.45454545454545
2014-11-21,D,62.85909090909092
2014-11-21,E,62.11363636363637
2014-11-21,N,55.96818181818182
2014-11-21,T,61.445454545454545
2014-11-22,D,61.404545454545456
2014-11-22,E,60.73181818181818
2014-11-22,N,56.595454545454544
2014-11-22,T,60.345454545454544
2014-11-23,D,60.60454545454545
2014-11-23,E,60.16818181818182
2014-11-23,N,56.26363636363636
2014-11-23,T,59.690909090909095
2014-11-24,D,62.48181818181818
2014-11-24,E,61.18636363636363
2014-11-24,N,54.58636363636364
2014-11-24,T,60.877272727272725
2014-11-25,D,63.23636363636364
2014-11-25,E,62.127272727272725
2014-11-25,N,54.75909090909091
2014-11-25,T,61.66818181818182
2014-11-26,D,62.71363636363637
2014-11-26,E,61.554545454545455
2014-11-26,N,54.82727272727273
2014-11-26,T,61.11363636363637
2014-11-27,D,62.996
2014-11-27,E,61.873913043478254
2014-11-27,N,55.16363636363636
2014-11-27,T,61.364
2014-11-28,D,64.19565217391305
2014-11-28,E,61.91818181818182
2014-11-28,N,56.665217391304346
2014-11-28,T,62.45217391304348
2014-11-29,D,60.66956521739131
2014-11-29,E,60.46521739130435
2014-11-29,N,56.872727272727275
2014-11-29,T,59.70869565217391
2014-11-30,D,60.095652173913045
2014-11-30,E,60.46521739130435
2014-11-30,N,55.66956521739131
2014-11-30,T,59.60434782608696
2014-12-01,D,62.94782608695652
2014-12-01,E,61.404347826086955
2014-12-01,N,53.86521739130435
2014-12-01,T,61.33043478260869
2014-12-02,D,62.63913043478261
2014-12-02,E,61.26521739130435
2014-12-02,N,54.67391304347826
2014-12-02,T,60.97391304347826
2014-12-03,D,62.40869565217392
2014-12-03,E,61.439130434782605
2014-12-03,N,54.665217391304346
2014-12-03,T,60.90869565217392
2014-12-04,D,63.28260869565217
2014-12-04,E,61.28695652173913
2014-12-04,N,54.75652173913044
2014-12-04,T,61.53478260869565
2014-12-05,D,62.65652173913043
2014-12-05,E,61.89565217391304
2014-12-05,N,55.404347826086955
2014-12-05,T,61.29130434782609
2014-12-06,D,60.77826086956522
2014-12-06,E,61.02608695652174
2014-12-06,N,56.42173913043479
2014-12-06,T,59.9695652173913
2014-12-07,D,60.53478260869565
2014-12-07,E,60.800000000000004
2014-12-07,N,55.904347826086955
2014-12-07,T,59.75652173913044
2014-12-08,D,60.178260869565214
2014-12-08,E,60.130434782608695
2014-12-08,N,55.41304347826087
2014-12-08,T,59.160869565217396
2014-12-09,D,62.72173913043478
2014-12-09,E,61.34782608695652
2014-12-09,N,54.699999999999996
2014-12-09,T,61.09130434782608
2014-12-10,D,62.626086956521746
2014-12-10,E,61.49565217391305
2014-12-10,N,54.917391304347824
2014-12-10,T,61.04347826086956
2014-12-11,D,63.652
2014-12-11,E,62.49545454545455
2014-12-11,N,55.45217391304348
2014-12-11,T,61.931999999999995
2014-12-12,D,64.11363636363636
2014-12-12,E,62.91363636363636
2014-12-12,N,56.26818181818182
2014-12-12,T,62.85909090909092
2014-12-13,D,62.16818181818182
2014-12-13,E,63.06363636363637
2014-12-13,N,57.527272727272724
2014-12-13,T,61.46818181818182
2014-12-14,D,61.67272727272727
2014-12-14,E,61.877272727272725
2014-12-14,N,58.654545454545456
2014-12-14,T,61.02272727272727
2014-12-15,D,63.127272727272725
2014-12-15,E,63.25714285714286
2014-12-15,N,56.26818181818182
2014-12-15,T,62.050000000000004
2014-12-16,D,63.10476190476191
2014-12-16,E,61.99047619047619
2014-12-16,N,55.30476190476191
2014-12-16,T,61.61428571428572
2014-12-17,D,63.666666666666664
2014-12-17,E,62.27619047619047
2014-12-17,N,56.60952380952381
2014-12-17,T,62.042857142857144
2014-12-18,D,63.523809523809526
2014-12-18,E,62.61904761904762
2014-12-18,N,56.43333333333333
2014-12-18,T,62.08571428571428
2014-12-19,D,63.733333333333334
2014-12-19,E,63.166666666666664
2014-12-19,N,57.457142857142856
2014-12-19,T,62.68571428571429
2014-12-20,D,61.971428571428575
2014-12-20,E,62.233333333333334
2014-12-20,N,58.042857142857144
2014-12-20,T,61.34761904761905
2014-12-21,D,61.471428571428575
2014-12-21,E,62.06666666666667
2014-12-21,N,57.7904761904762
2014-12-21,T,60.84761904761905
2014-12-22,D,63.0
2014-12-22,E,62.395833333333336
2014-12-22,N,55.94285714285714
2014-12-22,T,61.775
2014-12-23,D,63.092
2014-12-23,E,62.196000000000005
2014-12-23,N,55.44166666666666
2014-12-23,T,61.628
2014-12-24,D,62.751999999999995
2014-12-24,E,62.464
2014-12-24,N,55.728
2014-12-24,T,62.316
2014-12-25,D,59.836000000000006
2014-12-25,E,60.968
2014-12-25,N,60.632
2014-12-25,T,60.468
2014-12-26,D,62.488
2014-12-26,E,62.052
2014-12-26,N,54.5
2014-12-26,T,61.1
2014-12-27,D,61.504
2014-12-27,E,61.188
2014-12-27,N,56.132
2014-12-27,T,60.456
2014-12-28,D,60.548
2014-12-28,E,61.192
2014-12-28,N,56.7
2014-12-28,T,60.148
2014-12-29,D,62.06
2014-12-29,E,61.7
2014-12-29,N,55.028
2014-12-29,T,60.836000000000006
2014-12-30,D,62.48
2014-12-30,E,62.763999999999996
2014-12-30,N,54.7
2014-12-30,T,61.43600000000001
2014-12-31,D,62.7
2014-12-31,E,64.74
2014-12-31,N,56.408
2014-12-31,T,62.86
2015-01-01,D,60.62068965517241
2015-01-01,E,62.320689655172416
2015-01-01,N,68.068
2015-01-01,T,65.3103448275862
2015-01-02,D,63.41612903225807
2015-01-02,E,63.70967741935484
2015-01-02,N,56.16129032258065
2015-01-02,T,62.438709677419354
2015-01-03,D,62.222580645161294
2015-01-03,E,63.0
2015-01-03,N,57.903225806451616
2015-01-03,T,61.75806451612903
2015-01-04,D,62.18064516129032
2015-01-04,E,63.09032258064516
2015-01-04,N,58.23225806451613
2015-01-04,T,61.70967741935484
2015-01-05,D,62.756
2015-01-05,E,61.94
2015-01-05,N,55.448
2015-01-05,T,62.70645161290323
2015-01-06,D,62.0
2015-01-06,E,62.019354838709674
2015-01-06,N,57.54516129032258
2015-01-06,T,61.20322580645161
2015-01-07,D,63.73225806451613
2015-01-07,E,62.86451612903225
2015-01-07,N,56.40967741935484
2015-01-07,T,62.309677419354834
2015-01-08,D,63.89677419354839
2015-01-08,E,62.42903225806452
2015-01-08,N,57.00645161290323
2015-01-08,T,62.32258064516129
2015-01-09,D,63.92580645161291
2015-01-09,E,63.39677419354839
2015-01-09,N,56.91935483870968
2015-01-09,T,62.55806451612903
2015-01-10,D,62.28387096774193
2015-01-10,E,62.641935483870974
2015-01-10,N,57.980645161290326
2015-01-10,T,61.4483870967742
2015-01-11,D,61.73870967741936
2015-01-11,E,61.42903225806452
2015-01-11,N,57.70967741935484
2015-01-11,T,60.81290322580645
2015-01-12,D,63.9483870967742
2015-01-12,E,62.516129032258064
2015-01-12,N,56.31290322580645
2015-01-12,T,62.306451612903224
2015-01-13,D,63.986666666666665
2015-01-13,E,62.59310344827586
2015-01-13,N,56.12903225806452
2015-01-13,T,62.31666666666667
2015-01-14,D,63.88275862068965
2015-01-14,E,62.648275862068964
2015-01-14,N,56.258620689655174
2015-01-14,T,62.26896551724138
2015-01-15,D,64.08965517241379
2015-01-15,E,63.775862068965516
2015-01-15,N,56.07241379310344
2015-01-15,T,62.66206896551724
2015-01-16,D,64.06785714285715
2015-01-16,E,63.228571428571435
2015-01-16,N,58.45517241379311
2015-01-16,T,62.75
2015-01-17,D,62.260714285714286
2015-01-17,E,62.410714285714285
2015-01-17,N,57.753571428571426
2015-01-17,T,61.378571428571426
2015-01-18,D,61.574999999999996
2015-01-18,E,62.021428571428565
2015-01-18,N,57.739285714285714
2015-01-18,T,60.93928571428571
2015-01-19,D,64.16785714285714
2015-01-19,E,62.56428571428571
2015-01-19,N,57.767857142857146
2015-01-19,T,62.58571428571429
2015-01-20,D,63.6551724137931
2015-01-20,E,62.806896551724144
2015-01-20,N,55.85
2015-01-20,T,62.165517241379305
2015-01-21,D,64.14137931034483
2015-01-21,E,63.55172413793103
2015-01-21,N,56.213793103448275
2015-01-21,T,62.65172413793104
2015-01-22,D,64.11724137931034
2015-01-22,E,62.93793103448276
2015-01-22,N,57.1
2015-01-22,T,62.63448275862069
2015-01-23,D,63.69032258064516
2015-01-23,E,62.87096774193548
2015-01-23,N,57.41724137931034
2015-01-23,T,62.37419354838709
2015-01-24,D,62.229032258064514
2015-01-24,E,62.61612903225806
2015-01-24,N,58.07096774193548
2015-01-24,T,61.49032258064516
2015-01-25,D,61.42580645161291
2015-01-25,E,61.24516129032258
2015-01-25,N,57.4225806451613
2015-01-25,T,60.58709677419355
2015-01-26,D,63.40967741935484
2015-01-26,E,62.13870967741936
2015-01-26,N,55.99677419354839
2015-01-26,T,61.880645161290325
2015-01-27,D,63.877419354838715
2015-01-27,E,62.49677419354839
2015-01-27,N,55.9483870967742
2015-01-27,T,62.32258064516129
2015-01-28,D,63.722580645161294
2015-01-28,E,62.5
2015-01-28,N,56.41290322580645
2015-01-28,T,62.20322580645161
2015-01-29,D,63.82258064516129
2015-01-29,E,62.561290322580646
2015-01-29,N,55.65925925925926
2015-01-29,T,62.25806451612903
2015-01-30,D,64.19333333333333
2015-01-30,E,63.626666666666665
2015-01-30,N,56.71612903225807
2015-01-30,T,62.833333333333336
2015-01-31,D,63.06666666666667
2015-01-31,E,62.24666666666667
2015-01-31,N,59.89333333333333
2015-01-31,T,62.156666666666666
2015-02-01,D,61.65333333333333
2015-02-01,E,61.336666666666666
2015-02-01,N,58.123333333333335
2015-02-01,T,60.8
2015-02-02,D,64.50967741935484
2015-02-02,E,63.564516129032256
2015-02-02,N,55.93333333333333
2015-02-02,T,62.935483870967744
2015-02-03,D,64.35806451612903
2015-02-03,E,64.15483870967742
2015-02-03,N,56.84193548387096
2015-02-03,T,62.961290322580645
2015-02-04,D,63.76451612903226
2015-02-04,E,62.693548387096776
2015-02-04,N,56.70645161290323
2015-02-04,T,62.274193548387096
2015-02-05,D,63.96451612903226
2015-02-05,E,62.55483870967742
2015-02-05,N,56.70322580645161
2015-02-05,T,62.36451612903225
2015-02-06,D,63.777419354838706
2015-02-06,E,63.21290322580645
2015-02-06,N,56.90967741935484
2015-02-06,T,62.483870967741936
2015-02-07,D,62.358064516129026
2015-02-07,E,62.935483870967744
2015-02-07,N,57.487096774193546
2015-02-07,T,61.71290322580645
2015-02-08,D,61.60967741935484
2015-02-08,E,61.270967741935486
2015-02-08,N,57.78064516129032
2015-02-08,T,60.73548387096774
2015-02-09,D,63.483870967741936
2015-02-09,E,62.42903225806452
2015-02-09,N,56.170967741935485
2015-02-09,T,61.95161290322581
2015-02-10,D,63.75483870967742
2015-02-10,E,62.36129032258064
2015-02-10,N,55.748387096774195
2015-02-10,T,62.11290322580645
2015-02-11,D,64.00645161290323
2015-02-11,E,62.900000000000006
2015-02-11,N,55.87419354838709
2015-02-11,T,62.46774193548387
2015-02-12,D,63.932258064516134
2015-02-12,E,63.15483870967742
2015-02-12,N,56.46451612903226
2015-02-12,T,62.461290322580645
2015-02-13,D,63.70967741935484
2015-02-13,E,62.66129032258065
2015-02-13,N,57.15161290322581
2015-02-13,T,62.29677419354839
2015-02-14,D,61.935483870967744
2015-02-14,E,62.229032258064514
2015-02-14,N,57.92903225806452
2015-02-14,T,61.1741935483871
2015-02-15,D,61.57333333333334
2015-02-15,E,61.51
2015-02-15,N,59.46774193548387
2015-02-15,T,61.04333333333333
2015-02-16,D,63.358064516129026
2015-02-16,E,62.32258064516129
2015-02-16,N,55.74516129032258
2015-02-16,T,61.806451612903224
2015-02-17,D,64.63870967741936
2015-02-17,E,63.07741935483871
2015-02-17,N,57.483870967741936
2015-02-17,T,63.119354838709675
2015-02-18,D,63.73548387096774
2015-02-18,E,63.02258064516129
2015-02-18,N,56.36129032258064
2015-02-18,T,62.36774193548387
2015-02-19,D,63.61612903225806
2015-02-19,E,62.60645161290322
2015-02-19,N,57.400000000000006
2015-02-19,T,62.10967741935483
2015-02-20,D,64.03225806451613
2015-02-20,E,62.71935483870968
2015-02-20,N,56.86774193548387
2015-02-20,T,62.50967741935484
2015-02-21,D,62.72903225806452
2015-02-21,E,61.9741935483871
2015-02-21,N,58.641935483870974
2015-02-21,T,61.78709677419355
2015-02-22,D,61.935483870967744
2015-02-22,E,61.34193548387096
2015-02-22,N,57.51935483870968
2015-02-22,T,61.07096774193548
2015-02-23,D,63.67741935483871
2015-02-23,E,62.49677419354839
2015-02-23,N,55.858064516129026
2015-02-23,T,62.09032258064516
2015-02-24,D,63.6483870967742
2015-02-24,E,62.20645161290322
2015-02-24,N,56.13870967741936
2015-02-24,T,62.00967741935484
2015-02-25,D,63.68709677419355
2015-02-25,E,62.41290322580645
2015-02-25,N,56.03548387096774
2015-02-25,T,62.08709677419355
2015-02-26,D,63.622580645161285
2015-02-26,E,62.222580645161294
2015-02-26,N,56.31935483870968
2015-02-26,T,62.00967741935484
2015-02-27,D,63.39677419354839
2015-02-27,E,62.5258064516129
2015-02-27,N,56.84516129032258
2015-02-27,T,62.012903225806454
2015-02-28,D,62.34838709677419
2015-02-28,E,62.36451612903225
2015-02-28,N,57.81290322580645
2015-02-28,T,61.483870967741936
2015-03-01,D,61.53225806451613
2015-03-01,E,61.45483870967742
2015-03-01,N,65.4
2015-03-01,T,60.79032258064516
2015-03-02,D,63.23870967741936
2015-03-02,E,62.23870967741936
2015-03-02,N,56.0258064516129
2015-03-02,T,61.722580645161294
2015-03-03,D,63.41935483870968
2015-03-03,E,62.57096774193548
2015-03-03,N,55.88387096774194
2015-03-03,T,61.954838709677425
2015-03-04,D,63.34193548387096
2015-03-04,E,62.38709677419355
2015-03-04,N,55.88709677419355
2015-03-04,T,61.82258064516129
2015-03-05,D,63.148387096774194
2015-03-05,E,62.24193548387097
2015-03-05,N,56.13870967741936
2015-03-05,T,61.74516129032258
2015-03-06,D,63.18387096774194
2015-03-06,E,62.47096774193548
2015-03-06,N,56.26451612903226
2015-03-06,T,61.809677419354834
2015-03-07,D,61.91612903225807
2015-03-07,E,62.229032258064514
2015-03-07,N,57.71935483870968
2015-03-07,T,61.15806451612904
2015-03-08,D,61.24516129032258
2015-03-08,E,61.012903225806454
2015-03-08,N,57.729032258064514
2015-03-08,T,60.52903225806451
2015-03-09,D,63.07096774193548
2015-03-09,E,61.880645161290325
2015-03-09,N,55.63548387096775
2015-03-09,T,61.50322580645162
2015-03-10,D,63.016129032258064
2015-03-10,E,62.08709677419355
2015-03-10,N,55.880645161290325
2015-03-10,T,61.54516129032258
2015-03-11,D,63.07419354838709
2015-03-11,E,62.277419354838706
2015-03-11,N,56.538709677419355
2015-03-11,T,61.65483870967742
2015-03-12,D,63.34516129032258
2015-03-12,E,62.44516129032258
2015-03-12,N,56.18709677419355
2015-03-12,T,61.94516129032258
2015-03-13,D,63.79032258064516
2015-03-13,E,62.858064516129026
2015-03-13,N,56.829032258064515
2015-03-13,T,62.42580645161291
2015-03-14,D,61.84838709677419
2015-03-14,E,62.54838709677419
2015-03-14,N,57.73870967741936
2015-03-14,T,61.21612903225807
2015-03-15,D,61.08387096774193
2015-03-15,E,61.641935483870974
2015-03-15,N,57.4741935483871
2015-03-15,T,60.538709677419355
2015-03-16,D,63.36774193548387
2015-03-16,E,62.196774193548386
2015-03-16,N,55.86451612903225
2015-03-16,T,61.79032258064516
2015-03-17,D,63.541935483870965
2015-03-17,E,62.0774193548387
2015-03-17,N,55.645161290322584
2015-03-17,T,61.87096774193548
2015-03-18,D,64.9483870967742
2015-03-18,E,63.55483870967742
2015-03-18,N,55.92258064516129
2015-03-18,T,63.251612903225805
2015-03-19,D,62.26774193548387
2015-03-19,E,62.21935483870968
2015-03-19,N,58.10967741935484
2015-03-19,T,61.38709677419355
2015-03-20,D,64.01290322580645
2015-03-20,E,64.4774193548387
2015-03-20,N,56.987096774193546
2015-03-20,T,62.89677419354839
2015-03-21,D,63.332258064516125
2015-03-21,E,63.20967741935484
2015-03-21,N,58.52903225806452
2015-03-21,T,62.309677419354834
2015-03-22,D,61.97096774193548
2015-03-22,E,61.903225806451616
2015-03-22,N,58.538709677419355
2015-03-22,T,61.351612903225806
2015-03-23,D,65.41290322580645
2015-03-23,E,64.20645161290322
2015-03-23,N,57.770967741935486
2015-03-23,T,63.806451612903224
2015-03-24,D,64.23548387096774
2015-03-24,E,62.91612903225807
2015-03-24,N,57.78387096774193
2015-03-24,T,62.73225806451613
2015-03-25,D,64.23225806451613
2015-03-25,E,62.722580645161294
2015-03-25,N,57.067741935483866
2015-03-25,T,62.65806451612904
2015-03-26,D,63.958064516129035
2015-03-26,E,62.89677419354839
2015-03-26,N,56.76129032258064
2015-03-26,T,62.46451612903226
2015-03-27,D,63.60967741935483
2015-03-27,E,62.880645161290325
2015-03-27,N,57.37096774193548
2015-03-27,T,62.29032258064516
2015-03-28,D,61.99032258064516
2015-03-28,E,62.690000000000005
2015-03-28,N,58.329032258064515
2015-03-28,T,61.64
2015-03-29,D,60.876666666666665
2015-03-29,E,62.1
2015-03-29,N,56.15416666666667
2015-03-29,T,60.55714285714286
2015-03-30,D,63.05172413793103
2015-03-30,E,62.54137931034483
2015-03-30,N,56.406666666666666
2015-03-30,T,61.80344827586207
2015-03-31,D,62.724137931034484
2015-03-31,E,62.679310344827584
2015-03-31,N,56.1448275862069
2015-03-31,T,61.55862068965517
2015-04-01,D,62.583333333333336
2015-04-01,E,62.21
2015-04-01,N,56.05333333333333
2015-04-01,T,61.5
2015-04-02,D,59.59666666666667
2015-04-02,E,61.169999999999995
2015-04-02,N,55.81666666666667
2015-04-02,T,59.43666666666666
2015-04-03,D,59.440000000000005
2015-04-03,E,60.85
2015-04-03,N,55.82666666666667
2015-04-03,T,59.059999999999995
2015-04-04,D,60.11
2015-04-04,E,60.81333333333334
2015-04-04,N,55.42333333333333
2015-04-04,T,59.38
2015-04-05,D,59.94666666666667
2015-04-05,E,61.473333333333336
2015-04-05,N,55.96333333333334
2015-04-05,T,59.53
2015-04-06,D,62.63666666666666
2015-04-06,E,62.55333333333333
2015-04-06,N,55.74666666666667
2015-04-06,T,61.32666666666667
2015-04-07,D,63.14666666666667
2015-04-07,E,62.440000000000005
2015-04-07,N,55.32
2015-04-07,T,61.6
2015-04-08,D,63.07666666666667
2015-04-08,E,62.2
2015-04-08,N,55.86333333333334
2015-04-08,T,61.583333333333336
2015-04-09,D,64.72
2015-04-09,E,63.11
2015-04-09,N,55.79333333333333
2015-04-09,T,62.99333333333333
2015-04-10,D,64.01
2015-04-10,E,63.34
2015-04-10,N,56.90333333333333
2015-04-10,T,62.75666666666667
2015-04-11,D,62.873333333333335
2015-04-11,E,63.04
2015-04-11,N,58.25333333333333
2015-04-11,T,62.123333333333335
2015-04-12,D,61.330000000000005
2015-04-12,E,61.483333333333334
2015-04-12,N,57.559999999999995
2015-04-12,T,60.55
2015-04-13,D,63.583333333333336
2015-04-13,E,62.443333333333335
2015-04-13,N,55.88333333333333
2015-04-13,T,62.019999999999996
2015-04-14,D,63.21666666666667
2015-04-14,E,62.22666666666667
2015-04-14,N,55.65333333333333
2015-04-14,T,61.690000000000005
2015-04-15,D,62.932258064516134
2015-04-15,E,63.81935483870967
2015-04-15,N,55.903225806451616
2015-04-15,T,61.9741935483871
2015-04-16,D,63.803225806451614
2015-04-16,E,62.46774193548387
2015-04-16,N,57.829032258064515
2015-04-16,T,62.277419354838706
2015-04-17,D,62.571999999999996
2015-04-17,E,62.588
2015-04-17,N,55.42
2015-04-17,T,62.516129032258064
2015-04-18,D,60.776
2015-04-18,E,61.768
2015-04-18,N,56.308
2015-04-18,T,61.277419354838706
2015-04-19,D,61.038709677419355
2015-04-19,E,61.829032258064515
2015-04-19,N,57.47096774193548
2015-04-19,T,60.4741935483871
2015-04-20,D,63.156666666666666
2015-04-20,E,62.0
2015-04-20,N,55.9741935483871
2015-04-20,T,61.6
2015-04-21,D,63.28666666666666
2015-04-21,E,62.57
2015-04-21,N,55.67333333333333
2015-04-21,T,61.77333333333333
2015-04-22,D,63.016666666666666
2015-04-22,E,62.419999999999995
2015-04-22,N,55.843333333333334
2015-04-22,T,61.663333333333334
2015-04-23,D,63.19666666666667
2015-04-23,E,62.29333333333333
2015-04-23,N,56.75666666666667
2015-04-23,T,61.76
2015-04-24,D,63.36666666666667
2015-04-24,E,63.056666666666665
2015-04-24,N,56.71
2015-04-24,T,62.18666666666666
2015-04-25,D,61.733333333333334
2015-04-25,E,62.17333333333333
2015-04-25,N,57.36
2015-04-25,T,60.86666666666667
2015-04-26,D,63.016666666666666
2015-04-26,E,63.126666666666665
2015-04-26,N,58.00333333333333
2015-04-26,T,62.09
2015-04-27,D,63.7
2015-04-27,E,62.222580645161294
2015-04-27,N,56.31612903225806
2015-04-27,T,62.06129032258064
2015-04-28,D,63.34838709677419
2015-04-28,E,62.44516129032258
2015-04-28,N,56.08064516129032
2015-04-28,T,61.90967741935484
2015-04-29,D,63.09032258064516
2015-04-29,E,62.461290322580645
2015-04-29,N,55.91290322580645
2015-04-29,T,61.65806451612904
2015-04-30,D,63.76129032258065
2015-04-30,E,63.02258064516129
2015-04-30,N,56.50967741935484
2015-04-30,T,62.59032258064516
2015-05-01,D,60.75806451612903
2015-05-01,E,61.596774193548384
2015-05-01,N,57.18387096774194
2015-05-01,T,60.190322580645166
2015-05-02,D,60.81935483870968
2015-05-02,E,61.63870967741936
2015-05-02,N,56.880645161290325
2015-05-02,T,60.20967741935484
2015-05-03,D,61.00645161290323
2015-05-03,E,61.03548387096774
2015-05-03,N,57.13870967741936
2015-05-03,T,60.454838709677425
2015-05-04,D,62.87419354838709
2015-05-04,E,62.593548387096774
2015-05-04,N,55.63225806451613
2015-05-04,T,61.55483870967742
2015-05-05,D,63.07419354838709
2015-05-05,E,62.21290322580645
2015-05-05,N,56.36129032258064
2015-05-05,T,61.61612903225806
2015-05-06,D,63.619354838709675
2015-05-06,E,61.903225806451616
2015-05-06,N,55.96451612903226
2015-05-06,T,61.96774193548387
2015-05-07,D,63.34516129032258
2015-05-07,E,62.46774193548387
2015-05-07,N,56.3258064516129
2015-05-07,T,61.95483870967742
2015-05-08,D,62.132
2015-05-08,E,62.224
2015-05-08,N,55.456
2015-05-08,T,62.00967741935484
2015-05-09,D,60.504
2015-05-09,E,61.5
2015-05-09,N,56.611999999999995
2015-05-09,T,61.09032258064516
2015-05-10,D,60.91935483870968
2015-05-10,E,61.961290322580645
2015-05-10,N,57.92580645161291
2015-05-10,T,60.45483870967742
2015-05-11,D,63.08064516129032
2015-05-11,E,62.03333333333333
2015-05-11,N,56.196774193548386
2015-05-11,T,61.60645161290322
2015-05-12,D,63.13548387096775
2015-05-12,E,62.20645161290323
2015-05-12,N,55.86
2015-05-12,T,61.693548387096776
2015-05-13,D,63.02903225806452
2015-05-13,E,62.4
2015-05-13,N,56.196774193548386
2015-05-13,T,61.70645161290323
2015-05-14,D,63.167741935483875
2015-05-14,E,63.25483870967742
2015-05-14,N,56.93666666666666
2015-05-14,T,62.067741935483866
2015-05-15,D,61.00645161290323
2015-05-15,E,62.65483870967742
2015-05-15,N,57.46451612903226
2015-05-15,T,60.62903225806452
2015-05-16,D,60.94193548387097
2015-05-16,E,62.041935483870965
2015-05-16,N,57.36129032258064
2015-05-16,T,60.400000000000006
2015-05-17,D,60.34516129032258
2015-05-17,E,61.222580645161294
2015-05-17,N,57.438709677419354
2015-05-17,T,59.94193548387097
2015-05-18,D,62.903225806451616
2015-05-18,E,61.87096774193548
2015-05-18,N,56.81935483870968
2015-05-18,T,61.79354838709677
2015-05-19,D,63.763333333333335
2015-05-19,E,62.593333333333334
2015-05-19,N,55.87419354838709
2015-05-19,T,61.903225806451616
2015-05-20,D,61.916000000000004
2015-05-20,E,61.452
2015-05-20,N,55.092
2015-05-20,T,60.58
2015-05-21,D,61.996
2015-05-21,E,61.391999999999996
2015-05-21,N,55.744
2015-05-21,T,60.776
2015-05-22,D,62.248000000000005
2015-05-22,E,62.188
2015-05-22,N,55.88
2015-05-22,T,62.23870967741936
2015-05-23,D,60.803999999999995
2015-05-23,E,62.144
2015-05-23,N,56.931999999999995
2015-05-23,T,61.38709677419355
2015-05-24,D,61.36451612903225
2015-05-24,E,61.75806451612903
2015-05-24,N,58.50322580645161
2015-05-24,T,60.806451612903224
2015-05-25,D,63.00322580645161
2015-05-25,E,61.88387096774194
2015-05-25,N,56.729032258064514
2015-05-25,T,61.564516129032256
2015-05-26,D,62.87096774193548
2015-05-26,E,62.20322580645161
2015-05-26,N,56.193548387096776
2015-05-26,T,61.54516129032258
2015-05-27,D,62.97741935483871
2015-05-27,E,62.55483870967742
2015-05-27,N,56.33870967741935
2015-05-27,T,61.725806451612904
2015-05-28,D,63.05483870967742
2015-05-28,E,62.49677419354839
2015-05-28,N,56.39677419354839
2015-05-28,T,61.71612903225807
2015-05-29,D,62.148
2015-05-29,E,61.812
2015-05-29,N,55.58
2015-05-29,T,61.91935483870968
2015-05-30,D,60.29600000000001
2015-05-30,E,60.956
2015-05-30,N,56.211999999999996
2015-05-30,T,60.71290322580645
2015-05-31,D,60.351612903225806
2015-05-31,E,61.354838709677416
2015-05-31,N,57.63870967741936
2015-05-31,T,59.88387096774194
2015-06-01,D,62.97096774193548
2015-06-01,E,61.91935483870968
2015-06-01,N,56.099999999999994
2015-06-01,T,61.52258064516129
2015-06-02,D,62.932258064516134
2015-06-02,E,62.10322580645161
2015-06-02,N,59.85
2015-06-02,T,61.5516129032258
2015-06-03,D,63.309677419354834
2015-06-03,E,63.012903225806454
2015-06-03,N,56.66129032258065
2015-06-03,T,62.07419354838709
2015-06-04,D,60.61290322580645
2015-06-04,E,61.6741935483871
2015-06-04,N,57.08064516129032
2015-06-04,T,60.1
2015-06-05,D,62.46451612903226
2015-06-05,E,62.63548387096775
2015-06-05,N,56.57419354838709
2015-06-05,T,61.44516129032258
2015-06-06,D,60.70322580645161
2015-06-06,E,61.63548387096775
2015-06-06,N,57.28709677419355
2015-06-06,T,60.196774193548386
2015-06-07,D,59.123999999999995
2015-06-07,E,60.943999999999996
2015-06-07,N,56.083999999999996
2015-06-07,T,59.9483870967742
2015-06-08,D,62.932258064516134
2015-06-08,E,62.141935483870974
2015-06-08,N,56.10645161290322
2015-06-08,T,61.541935483870965
2015-06-09,D,63.0258064516129
2015-06-09,E,62.79354838709677
2015-06-09,N,55.78709677419355
2015-06-09,T,61.729032258064514
2015-06-10,D,63.277419354838706
2015-06-10,E,62.39354838709678
2015-06-10,N,56.435483870967744
2015-06-10,T,61.81935483870968
2015-06-11,D,65.10967741935484
2015-06-11,E,62.71935483870968
2015-06-11,N,59.28064516129032
2015-06-11,T,63.60322580645161
2015-06-12,D,63.75806451612903
2015-06-12,E,63.28064516129032
2015-06-12,N,57.041935483870965
2015-06-12,T,62.480645161290326
2015-06-13,D,61.75806451612903
2015-06-13,E,62.76451612903226
2015-06-13,N,57.63548387096775
2015-06-13,T,61.15483870967742
2015-06-14,D,61.11612903225806
2015-06-14,E,62.07741935483871
2015-06-14,N,57.696774193548386
2015-06-14,T,60.61290322580645
2015-06-15,D,63.645161290322584
2015-06-15,E,63.04838709677419
2015-06-15,N,56.900000000000006
2015-06-15,T,62.31290322580645
2015-06-16,D,63.53548387096774
2015-06-16,E,62.54516129032258
2015-06-16,N,56.36129032258064
2015-06-16,T,62.04838709677419
2015-06-17,D,63.190322580645166
2015-06-17,E,62.932258064516134
2015-06-17,N,56.34193548387096
2015-06-17,T,61.89677419354839
2015-06-18,D,63.07419354838709
2015-06-18,E,63.193548387096776
2015-06-18,N,57.270967741935486
2015-06-18,T,62.23225806451613
2015-06-19,D,61.676
2015-06-19,E,62.276
2015-06-19,N,56.66
2015-06-19,T,62.05483870967742
2015-06-20,D,59.452
2015-06-20,E,61.244
2015-06-20,N,56.98
2015-06-20,T,60.5516129032258
2015-06-21,D,60.0516129032258
2015-06-21,E,61.248387096774195
2015-06-21,N,57.86774193548387
2015-06-21,T,59.79032258064516
2015-06-22,D,62.670967741935485
2015-06-22,E,62.596774193548384
2015-06-22,N,56.309677419354834
2015-06-22,T,61.42580645161291
2015-06-23,D,63.04838709677419
2015-06-23,E,65.06451612903226
2015-06-23,N,56.34838709677419
2015-06-23,T,62.39677419354839
2015-06-24,D,63.32258064516129
2015-06-24,E,62.66129032258065
2015-06-24,N,56.599999999999994
2015-06-24,T,61.99677419354839
2015-06-25,D,63.25806451612903
2015-06-25,E,62.68064516129032
2015-06-25,N,57.02258064516129
2015-06-25,T,61.983870967741936
2015-06-26,D,61.872
2015-06-26,E,61.512
2015-06-26,N,56.128
2015-06-26,T,61.829032258064515
2015-06-27,D,59.74
2015-06-27,E,60.772
2015-06-27,N,56.792
2015-06-27,T,60.37419354838709
2015-06-28,D,59.670967741935485
2015-06-28,E,61.196774193548386
2015-06-28,N,57.980645161290326
2015-06-28,T,59.593548387096774
2015-06-29,D,63.119354838709675
2015-06-29,E,62.00322580645161
2015-06-29,N,56.59032258064516
2015-06-29,T,61.73548387096774
2015-06-30,D,63.53225806451613
2015-06-30,E,62.05806451612903
2015-06-30,N,56.39354838709678
2015-06-30,T,62.04838709677419
2015-07-01,D,63.406451612903226
2015-07-01,E,62.21612903225807
2015-07-01,N,56.593548387096774
2015-07-01,T,61.9741935483871
2015-07-02,D,63.403225806451616
2015-07-02,E,62.81290322580645
2015-07-02,N,56.73225806451613
2015-07-02,T,62.23548387096774
2015-07-03,D,63.099999999999994
2015-07-03,E,62.41290322580645
2015-07-03,N,57.75806451612903
2015-07-03,T,61.9483870967742
2015-07-04,D,61.26129032258064
2015-07-04,E,62.47741935483871
2015-07-04,N,58.225806451612904
2015-07-04,T,61.096774193548384
2015-07-05,D,60.061290322580646
2015-07-05,E,61.54838709677419
2015-07-05,N,58.42258064516129
2015-07-05,T,60.2
2015-07-06,D,62.81935483870968
2015-07-06,E,62.42903225806452
2015-07-06,N,56.516129032258064
2015-07-06,T,61.55483870967742
2015-07-07,D,62.614285714285714
2015-07-07,E,62.30357142857143
2015-07-07,N,57.0
2015-07-07,T,61.44285714285714
2015-07-08,D,62.31071428571429
2015-07-08,E,61.92142857142857
2015-07-08,N,56.525
2015-07-08,T,61.074999999999996
2015-07-09,D,62.68214285714286
2015-07-09,E,61.910714285714285
2015-07-09,N,57.11071428571428
2015-07-09,T,61.425000000000004
2015-07-10,D,63.06428571428571
2015-07-10,E,62.45357142857143
2015-07-10,N,57.31785714285714
2015-07-10,T,61.83571428571429
2015-07-11,D,60.728571428571435
2015-07-11,E,61.92142857142857
2015-07-11,N,57.528571428571425
2015-07-11,T,60.478571428571435
2015-07-12,D,59.503571428571426
2015-07-12,E,61.346428571428575
2015-07-12,N,57.71785714285714
2015-07-12,T,59.44285714285714
2015-07-13,D,62.17857142857143
2015-07-13,E,61.875
2015-07-13,N,56.114285714285714
2015-07-13,T,60.92857142857143
2015-07-14,D,63.21071428571429
2015-07-14,E,61.81071428571429
2015-07-14,N,56.05357142857143
2015-07-14,T,61.81071428571429
2015-07-15,D,62.253571428571426
2015-07-15,E,61.88214285714286
2015-07-15,N,56.71785714285714
2015-07-15,T,61.074999999999996
2015-07-16,D,62.660714285714285
2015-07-16,E,62.496428571428574
2015-07-16,N,56.800000000000004
2015-07-16,T,61.607142857142854
2015-07-17,D,62.364285714285714
2015-07-17,E,62.128571428571426
2015-07-17,N,57.38928571428572
2015-07-17,T,61.385714285714286
2015-07-18,D,60.72222222222222
2015-07-18,E,62.46296296296296
2015-07-18,N,58.07857142857143
2015-07-18,T,60.77407407407408
2015-07-19,D,59.644444444444446
2015-07-19,E,61.696296296296296
2015-07-19,N,57.82592592592592
2015-07-19,T,59.885185185185186
2015-07-20,D,62.44444444444444
2015-07-20,E,61.58846153846154
2015-07-20,N,56.7925925925926
2015-07-20,T,61.25925925925926
2015-07-21,D,62.21851851851852
2015-07-21,E,62.02222222222222
2015-07-21,N,56.16923076923077
2015-07-21,T,61.06296296296296
2015-07-22,D,63.17037037037038
2015-07-22,E,62.33461538461539
2015-07-22,N,56.18076923076923
2015-07-22,T,62.01111111111111
2015-07-23,D,62.44814814814816
2015-07-23,E,62.35925925925926
2015-07-23,N,56.87692307692308
2015-07-23,T,61.44074074074074
2015-07-24,D,62.56296296296296
2015-07-24,E,62.07037037037038
2015-07-24,N,57.2925925925926
2015-07-24,T,61.36666666666667
2015-07-25,D,60.73703703703704
2015-07-25,E,61.05185185185186
2015-07-25,N,57.03333333333334
2015-07-25,T,60.029629629629625
2015-07-26,D,59.25925925925926
2015-07-26,E,60.82222222222222
2015-07-26,N,57.41851851851852
2015-07-26,T,59.1925925925926
2015-07-27,D,62.407407407407405
2015-07-27,E,61.696296296296296
2015-07-27,N,56.25185185185185
2015-07-27,T,61.1
2015-07-28,D,62.44444444444444
2015-07-28,E,61.68518518518518
2015-07-28,N,55.907407407407405
2015-07-28,T,61.144444444444446
2015-07-29,D,62.2074074074074
2015-07-29,E,61.98888888888889
2015-07-29,N,56.32222222222222
2015-07-29,T,61.092592592592595
2015-07-30,D,62.907407407407405
2015-07-30,E,62.4962962962963
2015-07-30,N,56.788888888888884
2015-07-30,T,61.7074074074074
2015-07-31,D,62.370370370370374
2015-07-31,E,62.31481481481482
2015-07-31,N,57.17407407407408
2015-07-31,T,61.337037037037035
2015-08-01,D,59.2
2015-08-01,E,60.277272727272724
2015-08-01,N,55.96818181818182
2015-08-01,T,59.629629629629626
2015-08-02,D,58.33181818181818
2015-08-02,E,59.66363636363636
2015-08-02,N,55.45
2015-08-02,T,58.91851851851852
2015-08-03,D,61.93703703703704
2015-08-03,E,61.47777777777778
2015-08-03,N,55.992592592592594
2015-08-03,T,60.729629629629635
2015-08-04,D,61.451851851851856
2015-08-04,E,61.270370370370365
2015-08-04,N,55.74074074074074
2015-08-04,T,60.34444444444444
2015-08-05,D,61.620000000000005
2015-08-05,E,60.97666666666667
2015-08-05,N,55.75555555555556
2015-08-05,T,60.45666666666667
2015-08-06,D,61.81666666666667
2015-08-06,E,60.99333333333333
2015-08-06,N,56.026666666666664
2015-08-06,T,60.559999999999995
2015-08-07,D,62.07931034482758
2015-08-07,E,61.61034482758621
2015-08-07,N,56.13333333333333
2015-08-07,T,60.89655172413793
2015-08-08,D,60.00689655172414
2015-08-08,E,61.06896551724138
2015-08-08,N,56.57586206896552
2015-08-08,T,59.57586206896552
2015-08-09,D,58.84827586206896
2015-08-09,E,60.244827586206895
2015-08-09,N,57.255172413793105
2015-08-09,T,58.69655172413793
2015-08-10,D,61.373333333333335
2015-08-10,E,61.13
2015-08-10,N,55.779310344827586
2015-08-10,T,60.276666666666664
2015-08-11,D,61.67333333333333
2015-08-11,E,61.42333333333333
2015-08-11,N,55.776666666666664
2015-08-11,T,60.51
2015-08-12,D,61.669999999999995
2015-08-12,E,60.8
2015-08-12,N,55.95
2015-08-12,T,60.31333333333334
2015-08-13,D,61.58064516129032
2015-08-13,E,61.07741935483871
2015-08-13,N,55.85666666666667
2015-08-13,T,60.33870967741935
2015-08-14,D,61.36451612903225
2015-08-14,E,60.858064516129026
2015-08-14,N,55.809677419354834
2015-08-14,T,60.16129032258065
2015-08-15,D,59.07096774193548
2015-08-15,E,60.458064516129035
2015-08-15,N,55.722580645161294
2015-08-15,T,58.68387096774194
2015-08-16,D,58.80967741935484
2015-08-16,E,60.164516129032265
2015-08-16,N,55.71612903225807
2015-08-16,T,58.435483870967744
2015-08-17,D,61.36774193548387
2015-08-17,E,60.777419354838706
2015-08-17,N,55.13548387096775
2015-08-17,T,60.170967741935485
2015-08-18,D,61.309677419354834
2015-08-18,E,61.24193548387097
2015-08-18,N,55.770967741935486
2015-08-18,T,60.37419354838709
2015-08-19,D,61.406451612903226
2015-08-19,E,61.354838709677416
2015-08-19,N,56.1741935483871
2015-08-19,T,60.39677419354839
2015-08-20,D,61.28709677419354
2015-08-20,E,60.961290322580645
2015-08-20,N,55.37096774193548
2015-08-20,T,60.08064516129032
2015-08-21,D,61.22258064516129
2015-08-21,E,61.900000000000006
2015-08-21,N,55.754838709677415
2015-08-21,T,60.432258064516134
2015-08-22,D,59.63548387096775
2015-08-22,E,60.829032258064515
2015-08-22,N,59.541935483870965
2015-08-22,T,60.08064516129032
2015-08-23,D,59.729032258064514
2015-08-23,E,61.41935483870968
2015-08-23,N,56.07741935483871
2015-08-23,T,59.329032258064515
2015-08-24,D,61.62903225806452
2015-08-24,E,61.29354838709677
2015-08-24,N,56.50967741935484
2015-08-24,T,60.52903225806452
2015-08-25,D,62.05483870967742
2015-08-25,E,61.354838709677416
2015-08-25,N,55.351612903225806
2015-08-25,T,60.7
2015-08-26,D,61.63225806451613
2015-08-26,E,61.458064516129035
2015-08-26,N,55.79677419354839
2015-08-26,T,60.516129032258064
2015-08-27,D,61.92903225806452
2015-08-27,E,61.49032258064516
2015-08-27,N,55.90967741935484
2015-08-27,T,60.68387096774194
2015-08-28,D,61.406451612903226
2015-08-28,E,61.75666666666667
2015-08-28,N,56.04516129032258
2015-08-28,T,60.40967741935484
2015-08-29,D,59.82
2015-08-29,E,61.36
2015-08-29,N,56.89
2015-08-29,T,59.480000000000004
2015-08-30,D,59.59
2015-08-30,E,63.60333333333333
2015-08-30,N,56.85333333333333
2015-08-30,T,60.18666666666666
2015-08-31,D,62.61
2015-08-31,E,61.89
2015-08-31,N,56.4
2015-08-31,T,61.309999999999995
2015-09-01,D,63.20357142857143
2015-09-01,E,62.38214285714286
2015-09-01,N,56.27333333333333
2015-09-01,T,61.93571428571429
2015-09-02,D,62.96071428571429
2015-09-02,E,62.824999999999996
2015-09-02,N,56.16428571428571
2015-09-02,T,61.903571428571425
2015-09-03,D,62.557142857142864
2015-09-03,E,62.739285714285714
2015-09-03,N,56.36071428571428
2015-09-03,T,61.48571428571428
2015-09-04,D,63.324999999999996
2015-09-04,E,62.65714285714286
2015-09-04,N,57.574999999999996
2015-09-04,T,62.30714285714286
2015-09-05,D,60.75
2015-09-05,E,62.050000000000004
2015-09-05,N,57.86071428571428
2015-09-05,T,60.535714285714285
2015-09-06,D,59.93214285714286
2015-09-06,E,62.075
2015-09-06,N,57.767857142857146
2015-09-06,T,60.19642857142857
2015-09-07,D,62.496428571428574
2015-09-07,E,62.292857142857144
2015-09-07,N,56.603571428571435
2015-09-07,T,61.56785714285714
2015-09-08,D,63.010714285714286
2015-09-08,E,62.482142857142854
2015-09-08,N,55.61785714285714
2015-09-08,T,61.614285714285714
2015-09-09,D,62.728571428571435
2015-09-09,E,62.146428571428565
2015-09-09,N,56.089285714285715
2015-09-09,T,61.378571428571426
2015-09-10,D,62.800000000000004
2015-09-10,E,62.63214285714286
2015-09-10,N,55.91428571428571
2015-09-10,T,61.6
2015-09-11,D,62.853571428571435
2015-09-11,E,63.125
2015-09-11,N,56.975
2015-09-11,T,62.00714285714286
2015-09-12,D,60.88214285714286
2015-09-12,E,62.074999999999996
2015-09-12,N,58.146428571428565
2015-09-12,T,60.621428571428574
2015-09-13,D,60.410714285714285
2015-09-13,E,62.18214285714286
2015-09-13,N,58.271428571428565
2015-09-13,T,60.6
2015-09-14,D,62.949999999999996
2015-09-14,E,62.207142857142856
2015-09-14,N,56.58571428571429
2015-09-14,T,61.753571428571426
2015-09-15,D,62.857142857142854
2015-09-15,E,61.285714285714285
2015-09-15,N,55.57142857142857
2015-09-15,T,61.324999999999996
2015-09-16,D,63.88214285714286
2015-09-16,E,63.46071428571429
2015-09-16,N,55.699999999999996
2015-09-16,T,62.46785714285714
2015-09-17,D,62.85
2015-09-17,E,61.725
2015-09-17,N,55.971428571428575
2015-09-17,T,61.35
2015-09-18,D,62.832142857142856
2015-09-18,E,62.978571428571435
2015-09-18,N,56.49285714285714
2015-09-18,T,61.785714285714285
2015-09-19,D,60.785714285714285
2015-09-19,E,61.88928571428572
2015-09-19,N,57.153571428571425
2015-09-19,T,60.32857142857143
2015-09-20,D,59.94285714285714
2015-09-20,E,60.975
2015-09-20,N,57.41428571428571
2015-09-20,T,59.582142857142856
2015-09-21,D,62.357142857142854
2015-09-21,E,61.332142857142856
2015-09-21,N,55.28928571428571
2015-09-21,T,60.84285714285714
2015-09-22,D,62.267857142857146
2015-09-22,E,62.517857142857146
2015-09-22,N,54.917857142857144
2015-09-22,T,61.228571428571435
2015-09-23,D,62.49285714285714
2015-09-23,E,61.875
2015-09-23,N,55.21071428571429
2015-09-23,T,61.035714285714285
2015-09-24,D,62.73548387096774
2015-09-24,E,62.44193548387097
2015-09-24,N,55.44642857142857
2015-09-24,T,61.538709677419355
2015-09-25,D,61.288000000000004
2015-09-25,E,61.663999999999994
2015-09-25,N,54.931999999999995
2015-09-25,T,61.45161290322581
2015-09-26,D,59.672
2015-09-26,E,61.32
2015-09-26,N,55.816
2015-09-26,T,60.49354838709677
2015-09-27,D,60.358064516129026
2015-09-27,E,61.49677419354839
2015-09-27,N,57.33870967741935
2015-09-27,T,59.91290322580645
2015-09-28,D,62.89032258064516
2015-09-28,E,62.041935483870965
2015-09-28,N,55.38709677419355
2015-09-28,T,61.39032258064516
2015-09-29,D,63.3258064516129
2015-09-29,E,62.380645161290325
2015-09-29,N,55.49032258064516
2015-09-29,T,61.89354838709678
2015-09-30,D,63.00645161290323
2015-09-30,E,62.71612903225807
2015-09-30,N,55.76451612903226
2015-09-30,T,61.80322580645161
2015-10-01,D,63.648387096774194
2015-10-01,E,62.10322580645161
2015-10-01,N,56.690322580645166
2015-10-01,T,62.05806451612903
2015-10-02,D,62.95161290322581
2015-10-02,E,63.38709677419355
2015-10-02,N,56.39032258064516
2015-10-02,T,61.980645161290326
2015-10-03,D,61.26774193548387
2015-10-03,E,62.093333333333334
2015-10-03,N,57.58709677419355
2015-10-03,T,60.693548387096776
2015-10-04,D,60.919999999999995
2015-10-04,E,61.34666666666667
2015-10-04,N,56.93666666666666
2015-10-04,T,60.306666666666665
2015-10-05,D,63.28666666666666
2015-10-05,E,62.28
2015-10-05,N,56.440000000000005
2015-10-05,T,61.82666666666667
2015-10-06,D,63.38666666666666
2015-10-06,E,61.574074074074076
2015-10-06,N,57.45666666666667
2015-10-06,T,60.843999999999994
2015-10-07,D,62.675000000000004
2015-10-07,E,61.603571428571435
2015-10-07,N,54.82592592592592
2015-10-07,T,61.153571428571425
2015-10-08,D,62.369565217391305
2015-10-08,E,61.964285714285715
2015-10-08,N,55.478571428571435
2015-10-08,T,61.75714285714286
2015-10-09,D,62.7962962962963
2015-10-09,E,62.596428571428575
2015-10-09,N,56.18214285714286
2015-10-09,T,61.75925925925926
2015-10-11,D,60.17777777777778
2015-10-11,E,61.457142857142856
2015-10-11,N,56.839285714285715
2015-10-11,T,60.0037037037037
2015-10-12,D,60.77777777777778
2015-10-12,E,61.31785714285714
2015-10-12,N,55.75
2015-10-12,T,60.06296296296296
2015-10-13,D,63.0037037037037
2015-10-13,E,62.05357142857143
2015-10-13,N,55.285714285714285
2015-10-13,T,61.474074074074075
2015-10-14,D,62.903703703703705
2015-10-14,E,62.346428571428575
2015-10-14,N,55.63214285714286
2015-10-14,T,61.5037037037037
2015-10-15,D,63.27407407407407
2015-10-15,E,62.75714285714286
2015-10-15,N,55.574999999999996
2015-10-15,T,62.07037037037038
2015-10-16,D,63.15185185185185
2015-10-16,E,63.396428571428565
2015-10-16,N,57.06785714285714
2015-10-16,T,62.1037037037037
2015-10-17,D,61.51481481481482
2015-10-17,E,62.353571428571435
2015-10-17,N,57.93571428571429
2015-10-17,T,60.93703703703704
2015-10-18,D,61.24444444444444
2015-10-18,E,63.66428571428571
2015-10-18,N,59.36071428571428
2015-10-18,T,61.15555555555556
2015-10-19,D,63.61851851851852
2015-10-19,E,62.24285714285714
2015-10-19,N,56.675000000000004
2015-10-19,T,62.025925925925925
2015-10-20,D,63.06296296296296
2015-10-20,E,62.53928571428571
2015-10-20,N,56.035714285714285
2015-10-20,T,61.67407407407408
2015-10-21,D,63.36296296296296
2015-10-21,E,62.871428571428574
2015-10-21,N,56.4
2015-10-21,T,61.992592592592594
2015-10-22,D,63.355555555555554
2015-10-22,E,62.917857142857144
2015-10-22,N,56.71071428571429
2015-10-22,T,62.048148148148144
2015-10-23,D,62.18181818181818
2015-10-23,E,61.78181818181818
2015-10-23,N,55.51818181818182
2015-10-23,T,62.13333333333333
2015-10-24,D,61.98888888888889
2015-10-24,E,62.778571428571425
2015-10-24,N,58.300000000000004
2015-10-24,T,61.36666666666667
2015-10-25,D,61.044444444444444
2015-10-25,E,61.30357142857143
2015-10-25,N,58.017857142857146
2015-10-25,T,60.45925925925926
2015-10-26,D,63.236666666666665
2015-10-26,E,62.067741935483866
2015-10-26,N,55.33571428571429
2015-10-26,T,61.72
2015-10-27,D,64.09629629629629
2015-10-27,E,63.271428571428565
2015-10-27,N,55.6741935483871
2015-10-27,T,62.588888888888896
2015-10-28,D,64.11111111111111
2015-10-28,E,62.75
2015-10-28,N,57.30714285714286
2015-10-28,T,62.577777777777776
2015-10-29,D,63.74444444444444
2015-10-29,E,62.896428571428565
2015-10-29,N,56.69642857142857
2015-10-29,T,62.31111111111112
2015-10-30,D,62.78636363636363
2015-10-30,E,61.88181818181818
2015-10-30,N,55.654545454545456
2015-10-30,T,62.474074074074075
2015-10-31,D,61.75185185185185
2015-10-31,E,62.417857142857144
2015-10-31,N,57.94642857142857
2015-10-31,T,61.092592592592595
2015-11-01,D,62.0037037037037
2015-11-01,E,61.614285714285714
2015-11-01,N,58.482142857142854
2015-11-01,T,61.214814814814815
2015-11-02,D,65.20370370370371
2015-11-02,E,63.03928571428571
2015-11-02,N,58.846428571428575
2015-11-02,T,63.525925925925925
2015-11-03,D,64.63076923076923
2015-11-03,E,63.32222222222222
2015-11-03,N,57.503571428571426
2015-11-03,T,63.103846153846156
2015-11-04,D,63.800000000000004
2015-11-04,E,62.53666666666666
2015-11-04,N,57.473076923076924
2015-11-04,T,62.39655172413793
2015-11-05,D,63.43448275862069
2015-11-05,E,62.096428571428575
2015-11-05,N,56.56666666666667
2015-11-05,T,61.94137931034483
2015-11-06,D,62.52916666666667
2015-11-06,E,62.02916666666667
2015-11-06,N,55.5625
2015-11-06,T,66.49285714285715
2015-11-07,D,60.72173913043478
2015-11-07,E,61.643478260869564
2015-11-07,N,56.48260869565217
2015-11-07,T,61.077777777777776
2015-11-08,D,59.873913043478254
2015-11-08,E,60.417391304347824
2015-11-08,N,56.04782608695652
2015-11-08,T,59.20869565217391
2015-11-09,D,60.321739130434786
2015-11-09,E,60.66956521739131
2015-11-09,N,55.01304347826087
2015-11-09,T,59.39565217391304
2015-11-10,D,62.165217391304346
2015-11-10,E,61.417391304347824
2015-11-10,N,54.82608695652174
2015-11-10,T,60.70869565217391
2015-11-11,D,62.96296296296296
2015-11-11,E,62.63928571428572
2015-11-11,N,56.22222222222222
2015-11-11,T,61.60740740740741
2015-11-12,D,62.93703703703704
2015-11-12,E,62.385714285714286
2015-11-12,N,56.34285714285714
2015-11-12,T,61.5037037037037
2015-11-13,D,62.31935483870968
2015-11-13,E,61.84838709677419
2015-11-13,N,56.875
2015-11-13,T,61.16451612903226
2015-11-14,D,60.86
2015-11-14,E,61.228
2015-11-14,N,56.168
2015-11-14,T,61.11
2015-11-15,D,60.168
2015-11-15,E,60.332
2015-11-15,N,55.912
2015-11-15,T,59.316
2015-11-16,D,61.87142857142857
2015-11-16,E,60.661904761904765
2015-11-16,N,54.068000000000005
2015-11-16,T,60.190909090909095
2015-11-17,D,63.699999999999996
2015-11-17,E,62.482142857142854
2015-11-17,N,55.870370370370374
2015-11-17,T,62.17142857142857
2015-11-18,D,64.35357142857143
2015-11-18,E,62.510714285714286
2015-11-18,N,56.63928571428572
2015-11-18,T,62.69285714285714
2015-11-19,D,62.222727272727276
2015-11-19,E,61.64545454545455
2015-11-19,N,54.77272727272727
2015-11-19,T,60.81818181818182
2015-11-20,D,64.26071428571429
2015-11-20,E,62.73571428571428
2015-11-20,N,55.42727272727273
2015-11-20,T,62.896428571428565
2015-11-21,D,62.53214285714286
2015-11-21,E,62.03214285714286
2015-11-21,N,57.96785714285714
2015-11-21,T,61.489285714285714
2015-11-22,D,61.51428571428572
2015-11-22,E,60.910714285714285
2015-11-22,N,57.38214285714286
2015-11-22,T,60.535714285714285
2015-11-23,D,63.48888888888889
2015-11-23,E,62.54074074074074
2015-11-23,N,56.11071428571428
2015-11-23,T,61.57857142857143
2015-11-24,D,63.39354838709678
2015-11-24,E,61.42903225806452
2015-11-24,N,57.57037037037038
2015-11-24,T,62.03548387096774
2015-11-25,D,63.36
2015-11-25,E,62.36333333333334
2015-11-25,N,56.25
2015-11-25,T,61.86333333333334
2015-11-26,D,63.125
2015-11-26,E,62.153571428571425
2015-11-26,N,55.875
2015-11-26,T,61.61071428571428
2015-11-27,D,62.745161290322585
2015-11-27,E,62.46774193548387
2015-11-27,N,56.26451612903226
2015-11-27,T,61.512903225806454
2015-11-28,D,61.62580645161291
2015-11-28,E,61.400000000000006
2015-11-28,N,57.274193548387096
2015-11-28,T,60.70967741935484
2015-11-29,D,60.74516129032258
2015-11-29,E,60.980645161290326
2015-11-29,N,57.306451612903224
2015-11-29,T,60.038709677419355
2015-11-30,D,63.800000000000004
2015-11-30,E,62.324999999999996
2015-11-30,N,56.32857142857143
2015-11-30,T,62.29642857142857
2015-12-01,D,63.625
2015-12-01,E,62.228571428571435
2015-12-01,N,55.74516129032258
2015-12-01,T,62.06428571428571
2015-12-02,D,64.08928571428571
2015-12-02,E,63.403571428571425
2015-12-02,N,56.68928571428571
2015-12-02,T,62.642857142857146
2015-12-03,D,64.70714285714286
2015-12-03,E,63.69285714285714
2015-12-03,N,58.0
2015-12-03,T,63.403571428571425
2015-12-04,D,64.41071428571429
2015-12-04,E,64.17857142857143
2015-12-04,N,58.48571428571428
2015-12-04,T,63.25357142857143
2015-12-05,D,62.55714285714286
2015-12-05,E,63.05714285714286
2015-12-05,N,58.9
2015-12-05,T,62.010714285714286
2015-12-06,D,61.471428571428575
2015-12-06,E,62.271428571428565
2015-12-06,N,58.528571428571425
2015-12-06,T,60.96785714285714
2015-12-07,D,63.628571428571426
2015-12-07,E,63.225
2015-12-07,N,57.135714285714286
2015-12-07,T,62.353571428571435
2015-12-08,D,62.55357142857143
2015-12-08,E,62.221428571428575
2015-12-08,N,57.28928571428571
2015-12-08,T,61.535714285714285
2015-12-09,D,64.11428571428571
2015-12-09,E,63.83571428571429
2015-12-09,N,57.17142857142857
2015-12-09,T,62.81428571428571
2015-12-10,D,64.29642857142856
2015-12-10,E,63.878571428571426
2015-12-10,N,57.30714285714286
2015-12-10,T,63.00714285714286
2015-12-11,D,64.06428571428572
2015-12-11,E,63.82142857142857
2015-12-11,N,58.128571428571426
2015-12-11,T,62.94285714285714
2015-12-12,D,62.93571428571429
2015-12-12,E,63.496428571428574
2015-12-12,N,58.81428571428571
2015-12-12,T,62.346428571428575
2015-12-13,D,62.403571428571425
2015-12-13,E,62.635714285714286
2015-12-13,N,58.892857142857146
2015-12-13,T,61.76428571428572
2015-12-14,D,64.22758620689655
2015-12-14,E,63.035714285714285
2015-12-14,N,56.503571428571426
2015-12-14,T,62.62413793103448
2015-12-15,D,64.45
2015-12-15,E,62.71333333333333
2015-12-15,N,56.614285714285714
2015-12-15,T,62.86
2015-12-16,D,63.63
2015-12-16,E,62.980000000000004
2015-12-16,N,56.843333333333334
2015-12-16,T,62.190000000000005
2015-12-17,D,64.02666666666667
2015-12-17,E,63.10666666666667
2015-12-17,N,57.32
2015-12-17,T,62.59
2015-12-18,D,64.0
2015-12-18,E,63.75
2015-12-18,N,58.059999999999995
2015-12-18,T,62.919999999999995
2015-12-19,D,63.206896551724135
2015-12-19,E,63.775862068965516
2015-12-19,N,59.224137931034484
2015-12-19,T,62.65172413793104
2015-12-20,D,61.85666666666667
2015-12-20,E,62.163333333333334
2015-12-20,N,58.836666666666666
2015-12-20,T,61.32
2015-12-21,D,63.806666666666665
2015-12-21,E,63.03
2015-12-21,N,56.45333333333333
2015-12-21,T,62.39
2015-12-22,D,63.86666666666667
2015-12-22,E,63.53
2015-12-22,N,57.306666666666665
2015-12-22,T,62.620000000000005
2015-12-23,D,63.980645161290326
2015-12-23,E,63.95161290322581
2015-12-23,N,57.980000000000004
2015-12-23,T,62.987096774193546
2015-12-24,D,63.487096774193546
2015-12-24,E,62.99032258064516
2015-12-24,N,57.696774193548386
2015-12-24,T,62.65161290322581
2015-12-25,D,61.11290322580645
2015-12-25,E,62.626666666666665
2015-12-25,N,61.08709677419355
2015-12-25,T,62.00645161290323
2015-12-26,D,61.82
2015-12-26,E,62.809999999999995
2015-12-26,N,56.00333333333333
2015-12-26,T,61.166666666666664
2015-12-27,D,61.716
2015-12-27,E,60.852
2015-12-27,N,56.916000000000004
2015-12-27,T,61.6
2015-12-28,D,63.54
2015-12-28,E,62.68666666666666
2015-12-28,N,56.74
2015-12-28,T,62.09666666666667
2015-12-29,D,63.32333333333334
2015-12-29,E,62.276666666666664
2015-12-29,N,57.769999999999996
2015-12-29,T,62.013333333333335
2015-12-30,D,63.37
2015-12-30,E,63.11
2015-12-30,N,56.519999999999996
2015-12-30,T,62.17666666666666
2015-12-31,D,63.31666666666667
2015-12-31,E,64.5
2015-12-31,N,57.14333333333333
2015-12-31,T,63.269999999999996
2016-01-01,D,60.419999999999995
2016-01-01,E,62.68
2016-01-01,N,69.09666666666666
2016-01-01,T,66.76
2016-01-02,D,62.87
2016-01-02,E,62.39666666666667
2016-01-02,N,56.156666666666666
2016-01-02,T,61.830000000000005
2016-01-03,D,61.269999999999996
2016-01-03,E,61.76
2016-01-03,N,57.64
2016-01-03,T,60.76
2016-01-04,D,64.67
2016-01-04,E,64.02333333333334
2016-01-04,N,57.47
2016-01-04,T,63.336666666666666
2016-01-05,D,63.286206896551725
2016-01-05,E,62.63793103448276
2016-01-05,N,56.851724137931036
2016-01-05,T,62.01724137931034
2016-01-06,D,61.11379310344827
2016-01-06,E,62.220689655172414
2016-01-06,N,58.70344827586207
2016-01-06,T,61.11724137931035
2016-01-07,D,63.56333333333334
2016-01-07,E,62.026666666666664
2016-01-07,N,56.80344827586207
2016-01-07,T,62.0
2016-01-08,D,63.483333333333334
2016-01-08,E,63.24
2016-01-08,N,57.123333333333335
2016-01-08,T,62.373333333333335
2016-01-09,D,62.20666666666667
2016-01-09,E,62.583333333333336
2016-01-09,N,58.79
2016-01-09,T,61.55333333333333
2016-01-10,D,62.39
2016-01-10,E,62.94666666666667
2016-01-10,N,58.49
2016-01-10,T,61.72666666666667
2016-01-11,D,64.25666666666667
2016-01-11,E,62.776666666666664
2016-01-11,N,58.79666666666667
2016-01-11,T,63.04333333333333
2016-01-12,D,63.89333333333333
2016-01-12,E,62.17666666666666
2016-01-12,N,56.05333333333333
2016-01-12,T,62.21333333333334
2016-01-13,D,63.81612903225806
2016-01-13,E,62.9483870967742
2016-01-13,N,55.567741935483866
2016-01-13,T,62.332258064516125
2016-01-14,D,64.6774193548387
2016-01-14,E,63.119354838709675
2016-01-14,N,56.79032258064516
2016-01-14,T,63.02903225806452
2016-01-15,D,64.42903225806451
2016-01-15,E,63.04838709677419
2016-01-15,N,57.564516129032256
2016-01-15,T,62.89677419354839
2016-01-16,D,62.21612903225807
2016-01-16,E,62.74193548387097
2016-01-16,N,58.0258064516129
2016-01-16,T,61.49354838709677
2016-01-17,D,61.400000000000006
2016-01-17,E,61.44516129032258
2016-01-17,N,58.190322580645166
2016-01-17,T,60.751612903225805
2016-01-18,D,63.86451612903225
2016-01-18,E,62.170967741935485
2016-01-18,N,55.88387096774194
2016-01-18,T,62.13548387096774
2016-01-19,D,63.541935483870965
2016-01-19,E,62.377419354838715
2016-01-19,N,55.803225806451614
2016-01-19,T,61.961290322580645
2016-01-20,D,63.92580645161291
2016-01-20,E,62.55483870967742
2016-01-20,N,56.4741935483871
2016-01-20,T,62.36774193548387
2016-01-21,D,63.81612903225806
2016-01-21,E,62.561290322580646
2016-01-21,N,56.39677419354839
2016-01-21,T,62.26129032258064
2016-01-22,D,63.83548387096774
2016-01-22,E,63.15161290322581
2016-01-22,N,57.0258064516129
2016-01-22,T,62.42903225806452
2016-01-23,D,62.29677419354839
2016-01-23,E,62.86451612903225
2016-01-23,N,58.21935483870968
2016-01-23,T,61.66129032258065
2016-01-24,D,61.58387096774193
2016-01-24,E,62.07741935483871
2016-01-24,N,58.15806451612904
2016-01-24,T,60.97096774193549
2016-01-25,D,63.8
2016-01-25,E,62.34193548387096
2016-01-25,N,56.193548387096776
2016-01-25,T,62.148387096774194
2016-01-26,D,63.4741935483871
2016-01-26,E,62.596774193548384
2016-01-26,N,56.07096774193548
2016-01-26,T,61.97096774193548
2016-01-27,D,63.42903225806452
2016-01-27,E,62.18709677419355
2016-01-27,N,56.28064516129032
2016-01-27,T,61.877419354838715
2016-01-28,D,64.11
2016-01-28,E,63.406666666666666
2016-01-28,N,56.406451612903226
2016-01-28,T,62.63333333333333
2016-01-29,D,63.89333333333333
2016-01-29,E,62.986666666666665
2016-01-29,N,58.03793103448275
2016-01-29,T,62.63
2016-01-30,D,62.21333333333334
2016-01-30,E,62.50333333333333
2016-01-30,N,57.81333333333334
2016-01-30,T,61.38666666666666
2016-01-31,D,61.169999999999995
2016-01-31,E,61.87
2016-01-31,N,57.34
2016-01-31,T,60.60666666666667
2016-02-01,D,63.377419354838715
2016-02-01,E,61.92666666666666
2016-02-01,N,56.64666666666667
2016-02-01,T,61.88387096774194
2016-02-02,D,63.38387096774194
2016-02-02,E,62.45483870967742
2016-02-02,N,55.89
2016-02-02,T,61.92903225806452
2016-02-03,D,63.38666666666666
2016-02-03,E,62.38666666666666
2016-02-03,N,56.35
2016-02-03,T,61.87
2016-02-04,D,63.4
2016-02-04,E,62.45666666666667
2016-02-04,N,56.56666666666667
2016-02-04,T,61.96333333333334
2016-02-05,D,63.98709677419355
2016-02-05,E,62.903225806451616
2016-02-05,N,57.06666666666667
2016-02-05,T,62.57741935483871
2016-02-06,D,62.36129032258064
2016-02-06,E,62.538709677419355
2016-02-06,N,57.958064516129035
2016-02-06,T,61.49354838709677
2016-02-07,D,61.961290322580645
2016-02-07,E,61.54516129032258
2016-02-07,N,60.119354838709675
2016-02-07,T,61.564516129032256
2016-02-08,D,63.851612903225806
2016-02-08,E,62.5
2016-02-08,N,56.45161290322581
2016-02-08,T,62.251612903225805
2016-02-09,D,64.48387096774194
2016-02-09,E,62.832258064516125
2016-02-09,N,56.225806451612904
2016-02-09,T,62.78064516129032
2016-02-10,D,63.364
2016-02-10,E,62.482142857142854
2016-02-10,N,56.82258064516129
2016-02-10,T,62.68387096774194
2016-02-11,D,64.45161290322581
2016-02-11,E,62.84838709677419
2016-02-11,N,56.03928571428571
2016-02-11,T,62.900000000000006
2016-02-12,D,65.56451612903226
2016-02-12,E,63.41612903225806
2016-02-12,N,57.690322580645166
2016-02-12,T,63.83548387096774
2016-02-13,D,62.88709677419355
2016-02-13,E,64.39677419354838
2016-02-13,N,59.00322580645161
2016-02-13,T,62.39032258064516
2016-02-14,D,62.39032258064516
2016-02-14,E,61.99032258064516
2016-02-14,N,59.20322580645161
2016-02-14,T,61.59032258064516
2016-02-15,D,64.14516129032258
2016-02-15,E,62.79677419354839
2016-02-15,N,56.82258064516129
2016-02-15,T,62.53225806451613
2016-02-16,D,64.0225806451613
2016-02-16,E,62.50967741935484
2016-02-16,N,56.40967741935484
2016-02-16,T,62.39677419354839
2016-02-17,D,63.97741935483871
2016-02-17,E,62.309677419354834
2016-02-17,N,56.41935483870968
2016-02-17,T,62.34193548387097
2016-02-18,D,64.12258064516129
2016-02-18,E,62.8258064516129
2016-02-18,N,57.670967741935485
2016-02-18,T,62.65161290322581
2016-02-19,D,64.16129032258064
2016-02-19,E,62.6741935483871
2016-02-19,N,57.599999999999994
2016-02-19,T,62.65483870967742
2016-02-20,D,62.36774193548387
2016-02-20,E,62.34516129032258
2016-02-20,N,57.76451612903226
2016-02-20,T,61.44516129032258
2016-02-21,D,61.3
2016-02-21,E,61.5
2016-02-21,N,57.78709677419355
2016-02-21,T,60.5774193548387
2016-02-22,D,64.1741935483871
2016-02-22,E,62.20645161290323
2016-02-22,N,56.277419354838706
2016-02-22,T,62.541935483870965
2016-02-23,D,63.461290322580645
2016-02-23,E,62.333333333333336
2016-02-23,N,56.10967741935484
2016-02-23,T,61.877419354838715
2016-02-24,D,63.99677419354839
2016-02-24,E,63.33870967741935
2016-02-24,N,56.38666666666666
2016-02-24,T,62.60967741935484
2016-02-25,D,63.832258064516125
2016-02-25,E,62.18709677419355
2016-02-25,N,57.02258064516129
2016-02-25,T,62.229032258064514
2016-02-26,D,65.09354838709677
2016-02-26,E,64.33870967741936
2016-02-26,N,57.019354838709674
2016-02-26,T,63.59032258064516
2016-02-27,D,62.63225806451614
2016-02-27,E,62.696774193548386
2016-02-27,N,59.0258064516129
2016-02-27,T,61.87419354838709
2016-02-28,D,61.41935483870968
2016-02-28,E,61.52903225806452
2016-02-28,N,58.54516129032258
2016-02-28,T,60.70967741935484
2016-02-29,D,63.26129032258064
2016-02-29,E,62.00322580645161
2016-02-29,N,56.45483870967742
2016-02-29,T,61.73548387096774
2016-03-01,D,63.63225806451613
2016-03-01,E,61.97096774193548
2016-03-01,N,56.20645161290323
2016-03-01,T,62.07419354838709
2016-03-02,D,64.24193548387096
2016-03-02,E,62.438709677419354
2016-03-02,N,56.68387096774194
2016-03-02,T,62.690322580645166
2016-03-03,D,63.76451612903226
2016-03-03,E,62.3
2016-03-03,N,56.380645161290325
2016-03-03,T,62.196774193548386
2016-03-04,D,63.803225806451614
2016-03-04,E,63.79354838709677
2016-03-04,N,57.119354838709675
2016-03-04,T,62.57419354838709
2016-03-05,D,62.26451612903226
2016-03-05,E,62.400000000000006
2016-03-05,N,57.9483870967742
2016-03-05,T,61.36129032258064
2016-03-06,D,61.08709677419355
2016-03-06,E,61.24516129032258
2016-03-06,N,57.54838709677419
2016-03-06,T,60.38387096774194
2016-03-07,D,63.90333333333333
2016-03-07,E,62.41
2016-03-07,N,56.333333333333336
2016-03-07,T,62.24333333333333
2016-03-08,D,63.28333333333333
2016-03-08,E,62.13333333333333
2016-03-08,N,55.55862068965517
2016-03-08,T,61.8
2016-03-09,D,63.71666666666667
2016-03-09,E,62.10666666666667
2016-03-09,N,56.44666666666667
2016-03-09,T,62.059999999999995
2016-03-10,D,63.60333333333333
2016-03-10,E,62.516666666666666
2016-03-10,N,56.080000000000005
2016-03-10,T,62.05
2016-03-11,D,63.193333333333335
2016-03-11,E,63.42666666666666
2016-03-11,N,56.75666666666667
2016-03-11,T,62.31333333333334
2016-03-12,D,62.03
2016-03-12,E,62.13666666666666
2016-03-12,N,57.39
2016-03-12,T,61.123333333333335
2016-03-13,D,60.940000000000005
2016-03-13,E,60.99
2016-03-13,N,57.12
2016-03-13,T,60.09666666666667
2016-03-14,D,62.80333333333333
2016-03-14,E,61.54
2016-03-14,N,55.76
2016-03-14,T,61.263333333333335
2016-03-15,D,63.27333333333333
2016-03-15,E,62.06333333333334
2016-03-15,N,55.623333333333335
2016-03-15,T,61.723333333333336
2016-03-16,D,63.30333333333333
2016-03-16,E,61.836666666666666
2016-03-16,N,56.376666666666665
2016-03-16,T,61.9
2016-03-17,D,63.53
2016-03-17,E,62.32
2016-03-17,N,56.769999999999996
2016-03-17,T,61.99666666666667
2016-03-18,D,63.49354838709677
2016-03-18,E,62.938709677419354
2016-03-18,N,57.303225806451614
2016-03-18,T,62.28709677419355
2016-03-19,D,62.593548387096774
2016-03-19,E,61.938709677419354
2016-03-19,N,59.90645161290323
2016-03-19,T,61.83548387096774
2016-03-20,D,61.0
2016-03-20,E,61.20967741935484
2016-03-20,N,57.403225806451616
2016-03-20,T,60.277419354838706
2016-03-21,D,63.42580645161291
2016-03-21,E,64.4258064516129
2016-03-21,N,56.222580645161294
2016-03-21,T,62.42903225806452
2016-03-22,D,63.23548387096774
2016-03-22,E,62.41935483870968
2016-03-22,N,58.50967741935484
2016-03-22,T,62.141935483870974
2016-03-23,D,62.89354838709678
2016-03-23,E,62.248387096774195
2016-03-23,N,56.41612903225807
2016-03-23,T,61.512903225806454
2016-03-24,D,60.34838709677419
2016-03-24,E,60.58064516129032
2016-03-24,N,56.08064516129032
2016-03-24,T,59.49354838709677
2016-03-25,D,59.90967741935484
2016-03-25,E,60.60645161290322
2016-03-25,N,55.599999999999994
2016-03-25,T,59.193548387096776
2016-03-26,D,60.61290322580645
2016-03-26,E,61.196774193548386
2016-03-26,N,55.99354838709677
2016-03-26,T,59.92258064516129
2016-03-27,D,60.28387096774193
2016-03-27,E,61.693548387096776
2016-03-27,N,55.18
2016-03-27,T,60.099999999999994
2016-03-28,D,63.02903225806452
2016-03-28,E,62.49677419354839
2016-03-28,N,56.567741935483866
2016-03-28,T,61.641935483870974
2016-03-29,D,63.332258064516125
2016-03-29,E,62.63548387096775
2016-03-29,N,56.119354838709675
2016-03-29,T,61.88709677419355
2016-03-30,D,63.44516129032258
2016-03-30,E,62.23870967741936
2016-03-30,N,56.18387096774194
2016-03-30,T,61.906451612903226
2016-03-31,D,63.76451612903226
2016-03-31,E,62.693548387096776
2016-03-31,N,57.28064516129032
2016-03-31,T,62.351612903225806
2016-04-01,D,63.41612903225807
2016-04-01,E,63.31290322580645
2016-04-01,N,57.145161290322584
2016-04-01,T,62.277419354838706
2016-04-02,D,62.00322580645161
2016-04-02,E,62.55806451612903
2016-04-02,N,57.76774193548387
2016-04-02,T,61.26451612903226
2016-04-03,D,61.42258064516129
2016-04-03,E,61.60645161290322
2016-04-03,N,57.45161290322581
2016-04-03,T,60.63548387096775
2016-04-04,D,65.64516129032258
2016-04-04,E,63.851612903225806
2016-04-04,N,57.225806451612904
2016-04-04,T,63.903225806451616
2016-04-05,D,64.57096774193549
2016-04-05,E,62.40967741935484
2016-04-05,N,56.65161290322581
2016-04-05,T,62.858064516129026
2016-04-06,D,63.567741935483866
2016-04-06,E,62.42258064516129
2016-04-06,N,56.54838709677419
2016-04-06,T,62.05806451612903
2016-04-07,D,63.41612903225806
2016-04-07,E,62.47741935483871
2016-04-07,N,56.5
2016-04-07,T,61.961290322580645
2016-04-08,D,63.50645161290323
2016-04-08,E,62.75483870967742
2016-04-08,N,57.096774193548384
2016-04-08,T,62.13870967741936
2016-04-09,D,61.8258064516129
2016-04-09,E,62.76129032258064
2016-04-09,N,57.25483870967742
2016-04-09,T,61.1741935483871
2016-04-10,D,61.15483870967742
2016-04-10,E,62.435483870967744
2016-04-10,N,57.4483870967742
2016-04-10,T,60.7
2016-04-11,D,64.12258064516129
2016-04-11,E,63.696774193548386
2016-04-11,N,56.47096774193548
2016-04-11,T,62.67741935483871
2016-04-12,D,64.75483870967743
2016-04-12,E,63.68387096774194
2016-04-12,N,56.79354838709677
2016-04-12,T,63.196774193548386
2016-04-13,D,63.806451612903224
2016-04-13,E,62.4741935483871
2016-04-13,N,58.03225806451613
2016-04-13,T,62.4258064516129
2016-04-14,D,63.46451612903226
2016-04-14,E,62.49032258064516
2016-04-14,N,57.33548387096774
2016-04-14,T,62.12580645161291
2016-04-15,D,63.8258064516129
2016-04-15,E,63.17741935483871
2016-04-15,N,56.9741935483871
2016-04-15,T,62.50322580645161
2016-04-16,D,63.880645161290325
2016-04-16,E,63.08709677419355
2016-04-16,N,58.067741935483866
2016-04-16,T,62.641935483870974
2016-04-17,D,61.31290322580645
2016-04-17,E,62.04516129032258
2016-04-17,N,58.00645161290323
2016-04-17,T,60.748387096774195
2016-04-18,D,63.309677419354834
2016-04-18,E,62.24193548387097
2016-04-18,N,56.38709677419355
2016-04-18,T,61.82258064516129
2016-04-19,D,65.02903225806452
2016-04-19,E,62.935483870967744
2016-04-19,N,55.91290322580645
2016-04-19,T,63.24516129032258
2016-04-20,D,64.70322580645161
2016-04-20,E,63.90967741935484
2016-04-20,N,58.67741935483871
2016-04-20,T,63.41935483870968
2016-04-21,D,63.854838709677416
2016-04-21,E,62.526666666666664
2016-04-21,N,57.803225806451614
2016-04-21,T,62.34516129032258
2016-04-22,D,63.8258064516129
2016-04-22,E,63.3258064516129
2016-04-22,N,57.79666666666667
2016-04-22,T,62.599999999999994
2016-04-23,D,62.693548387096776
2016-04-23,E,62.92580645161291
2016-04-23,N,57.97741935483871
2016-04-23,T,61.8
2016-04-24,D,61.39354838709678
2016-04-24,E,61.76774193548387
2016-04-24,N,58.061290322580646
2016-04-24,T,60.78064516129032
2016-04-25,D,63.17741935483871
2016-04-25,E,61.99354838709677
2016-04-25,N,56.041935483870965
2016-04-25,T,61.61612903225806
2016-04-26,D,63.193548387096776
2016-04-26,E,62.019354838709674
2016-04-26,N,56.038709677419355
2016-04-26,T,61.645161290322584
2016-04-27,D,63.03225806451613
2016-04-27,E,62.13870967741936
2016-04-27,N,56.670967741935485
2016-04-27,T,61.774193548387096
2016-04-28,D,63.254838709677415
2016-04-28,E,62.31666666666667
2016-04-28,N,56.62903225806452
2016-04-28,T,61.777419354838706
2016-04-29,D,63.86451612903225
2016-04-29,E,63.277419354838706
2016-04-29,N,56.906451612903226
2016-04-29,T,62.76451612903226
2016-04-30,D,61.40967741935484
2016-04-30,E,62.141935483870974
2016-04-30,N,58.593548387096774
2016-04-30,T,60.809677419354834
2016-05-01,D,60.403225806451616
2016-05-01,E,61.38709677419355
2016-05-01,N,57.23548387096774
2016-05-01,T,59.91612903225807
2016-05-02,D,60.15161290322581
2016-05-02,E,61.406451612903226
2016-05-02,N,56.2
2016-05-02,T,59.63225806451613
2016-05-03,D,62.55
2016-05-03,E,62.03666666666666
2016-05-03,N,55.364
2016-05-03,T,61.71666666666667
2016-05-04,D,62.99354838709677
2016-05-04,E,62.16451612903226
2016-05-04,N,56.38333333333333
2016-05-04,T,61.725806451612904
2016-05-05,D,62.9741935483871
2016-05-05,E,61.900000000000006
2016-05-05,N,57.00645161290323
2016-05-05,T,61.50645161290323
2016-05-06,D,64.37741935483871
2016-05-06,E,63.26774193548387
2016-05-06,N,56.806451612903224
2016-05-06,T,62.903225806451616
2016-05-07,D,62.08387096774193
2016-05-07,E,62.31935483870967
2016-05-07,N,58.32258064516129
2016-05-07,T,61.36129032258064
2016-05-08,D,63.11290322580645
2016-05-08,E,62.096774193548384
2016-05-08,N,58.538709677419355
2016-05-08,T,61.94516129032258
2016-05-09,D,64.70967741935483
2016-05-09,E,62.648387096774194
2016-05-09,N,56.32258064516129
2016-05-09,T,62.961290322580645
2016-05-10,D,64.5
2016-05-10,E,63.79354838709677
2016-05-10,N,56.61290322580645
2016-05-10,T,63.00967741935484
2016-05-11,D,63.84193548387096
2016-05-11,E,63.89677419354839
2016-05-11,N,56.75483870967742
2016-05-11,T,62.619354838709675
2016-05-12,D,64.12903225806451
2016-05-12,E,62.94516129032258
2016-05-12,N,57.538709677419355
2016-05-12,T,62.62580645161291
2016-05-13,D,64.12903225806451
2016-05-13,E,63.00322580645161
2016-05-13,N,56.94516129032258
2016-05-13,T,62.70645161290323
2016-05-14,D,61.648387096774194
2016-05-14,E,62.190322580645166
2016-05-14,N,57.68064516129032
2016-05-14,T,60.903225806451616
2016-05-15,D,60.61290322580645
2016-05-15,E,62.02903225806452
2016-05-15,N,57.08387096774193
2016-05-15,T,60.193548387096776
2016-05-16,D,60.877419354838715
2016-05-16,E,61.880645161290325
2016-05-16,N,56.52903225806452
2016-05-16,T,60.24193548387097
2016-05-17,D,63.13225806451613
2016-05-17,E,61.81612903225806
2016-05-17,N,57.064516129032256
2016-05-17,T,61.95161290322581
2016-05-18,D,63.53225806451613
2016-05-18,E,62.561290322580646
2016-05-18,N,56.16129032258065
2016-05-18,T,62.05806451612903
2016-05-19,D,63.10322580645161
2016-05-19,E,62.599999999999994
2016-05-19,N,56.23225806451613
2016-05-19,T,61.74193548387097
2016-05-20,D,63.08387096774193
2016-05-20,E,62.73548387096774
2016-05-20,N,57.08387096774193
2016-05-20,T,61.88709677419355
2016-05-21,D,61.36129032258064
2016-05-21,E,62.58709677419355
2016-05-21,N,57.71935483870968
2016-05-21,T,60.858064516129026
2016-05-22,D,61.03225806451613
2016-05-22,E,61.38709677419355
2016-05-22,N,57.36774193548387
2016-05-22,T,60.26129032258064
2016-05-23,D,62.89354838709678
2016-05-23,E,61.854838709677416
2016-05-23,N,56.03548387096774
2016-05-23,T,61.438709677419354
2016-05-24,D,62.900000000000006
2016-05-24,E,62.29354838709678
2016-05-24,N,55.70967741935484
2016-05-24,T,61.47741935483871
2016-05-25,D,63.622580645161285
2016-05-25,E,62.39032258064516
2016-05-25,N,55.87096774193548
2016-05-25,T,62.038709677419355
2016-05-26,D,63.406451612903226
2016-05-26,E,62.59032258064516
2016-05-26,N,55.91612903225807
2016-05-26,T,61.97741935483871
2016-05-27,D,63.26451612903226
2016-05-27,E,63.593548387096774
2016-05-27,N,56.777419354838706
2016-05-27,T,62.3
2016-05-28,D,62.377419354838715
2016-05-28,E,62.41290322580645
2016-05-28,N,57.60645161290322
2016-05-28,T,61.65161290322581
2016-05-29,D,61.667741935483875
2016-05-29,E,61.748387096774195
2016-05-29,N,61.829032258064515
2016-05-29,T,62.21935483870968
2016-05-30,D,62.99354838709677
2016-05-30,E,62.190322580645166
2016-05-30,N,56.5
2016-05-30,T,61.63870967741936
2016-05-31,D,63.18709677419355
2016-05-31,E,62.461290322580645
2016-05-31,N,56.329032258064515
2016-05-31,T,61.82258064516129
2016-06-01,D,62.74516129032258
2016-06-01,E,62.36774193548387
2016-06-01,N,56.63225806451613
2016-06-01,T,61.53225806451613
2016-06-02,D,63.15806451612903
2016-06-02,E,62.02903225806452
2016-06-02,N,56.806451612903224
2016-06-02,T,61.748387096774195
2016-06-03,D,62.95161290322581
2016-06-03,E,63.406451612903226
2016-06-03,N,57.13870967741936
2016-06-03,T,62.038709677419355
2016-06-04,D,61.00967741935484
2016-06-04,E,62.309677419354834
2016-06-04,N,57.63870967741936
2016-06-04,T,60.63225806451613
2016-06-05,D,60.76774193548387
2016-06-05,E,61.63870967741936
2016-06-05,N,57.90967741935484
2016-06-05,T,60.20322580645161
2016-06-06,D,62.54838709677419
2016-06-06,E,61.858064516129026
2016-06-06,N,56.435483870967744
2016-06-06,T,61.21612903225807
2016-06-07,D,62.512903225806454
2016-06-07,E,61.95161290322581
2016-06-07,N,55.8
2016-06-07,T,61.145161290322584
2016-06-08,D,62.46451612903226
2016-06-08,E,62.10322580645161
2016-06-08,N,56.33548387096774
2016-06-08,T,61.21612903225807
2016-06-09,D,62.983870967741936
2016-06-09,E,62.60645161290322
2016-06-09,N,56.47741935483871
2016-06-09,T,61.95483870967742
2016-06-10,D,62.854838709677416
2016-06-10,E,62.900000000000006
2016-06-10,N,56.774193548387096
2016-06-10,T,61.81935483870968
2016-06-11,D,60.94193548387097
2016-06-11,E,62.29677419354839
2016-06-11,N,58.0258064516129
2016-06-11,T,60.622580645161285
2016-06-12,D,60.08387096774193
2016-06-12,E,61.13548387096775
2016-06-12,N,57.60645161290322
2016-06-12,T,59.68387096774194
2016-06-13,D,62.67741935483871
2016-06-13,E,62.41935483870968
2016-06-13,N,56.561290322580646
2016-06-13,T,61.461290322580645
2016-06-14,D,62.958064516129035
2016-06-14,E,62.351612903225806
2016-06-14,N,56.44193548387097
2016-06-14,T,61.62580645161291
2016-06-15,D,63.483870967741936
2016-06-15,E,62.87419354838709
2016-06-15,N,56.25806451612903
2016-06-15,T,62.099999999999994
2016-06-16,D,63.36774193548387
2016-06-16,E,62.4741935483871
2016-06-16,N,56.306451612903224
2016-06-16,T,61.92258064516129
2016-06-17,D,63.2
2016-06-17,E,63.00322580645162
2016-06-17,N,56.96451612903226
2016-06-17,T,62.11612903225806
2016-06-18,D,61.47741935483871
2016-06-18,E,62.406451612903226
2016-06-18,N,57.66129032258065
2016-06-18,T,61.019354838709674
2016-06-19,D,60.270967741935486
2016-06-19,E,61.94193548387097
2016-06-19,N,57.62903225806452
2016-06-19,T,60.093548387096774
2016-06-20,D,62.60645161290322
2016-06-20,E,62.26451612903226
2016-06-20,N,56.05483870967742
2016-06-20,T,61.38387096774194
2016-06-21,D,62.645161290322584
2016-06-21,E,62.28709677419355
2016-06-21,N,56.17741935483871
2016-06-21,T,61.39677419354839
2016-06-22,D,62.358064516129026
2016-06-22,E,62.380645161290325
2016-06-22,N,57.20967741935484
2016-06-22,T,61.406451612903226
2016-06-23,D,62.487096774193546
2016-06-23,E,62.38387096774194
2016-06-23,N,56.9483870967742
2016-06-23,T,61.37096774193548
2016-06-24,D,62.622580645161285
2016-06-24,E,62.622580645161285
2016-06-24,N,57.60645161290322
2016-06-24,T,61.667741935483875
2016-06-25,D,60.75806451612903
2016-06-25,E,61.73548387096774
2016-06-25,N,58.00322580645161
2016-06-25,T,60.31290322580645
2016-06-26,D,60.63548387096775
2016-06-26,E,61.96451612903226
2016-06-26,N,57.99354838709677
2016-06-26,T,60.34838709677419
2016-06-27,D,62.31612903225806
2016-06-27,E,62.10645161290322
2016-06-27,N,56.63870967741936
2016-06-27,T,61.145161290322584
2016-06-28,D,62.75483870967742
2016-06-28,E,62.33870967741935
2016-06-28,N,56.18064516129032
2016-06-28,T,61.406451612903226
2016-06-29,D,62.82258064516129
2016-06-29,E,62.73548387096774
2016-06-29,N,56.4741935483871
2016-06-29,T,61.641935483870974
2016-06-30,D,62.71290322580645
2016-06-30,E,62.877419354838715
2016-06-30,N,57.167741935483875
2016-06-30,T,61.829032258064515
2016-07-01,D,62.70645161290323
2016-07-01,E,62.49354838709677
2016-07-01,N,57.748387096774195
2016-07-01,T,61.725806451612904
2016-07-02,D,60.94193548387097
2016-07-02,E,62.880645161290325
2016-07-02,N,58.53548387096774
2016-07-02,T,61.28064516129032
2016-07-03,D,60.016129032258064
2016-07-03,E,61.25483870967742
2016-07-03,N,59.05483870967742
2016-07-03,T,60.38709677419355
2016-07-04,D,62.36774193548387
2016-07-04,E,61.964516129032255
2016-07-04,N,56.564516129032256
2016-07-04,T,61.08709677419355
2016-07-05,D,62.503571428571426
2016-07-05,E,62.59285714285714
2016-07-05,N,55.770967741935486
2016-07-05,T,61.31071428571429
2016-07-06,D,62.662962962962965
2016-07-06,E,62.01111111111111
2016-07-06,N,58.07142857142857
2016-07-06,T,61.87777777777778
2016-07-07,D,62.68888888888888
2016-07-07,E,62.41481481481482
2016-07-07,N,59.214814814814815
2016-07-07,T,61.65185185185185
2016-07-08,D,62.574999999999996
2016-07-08,E,62.4
2016-07-08,N,56.8111111111111
2016-07-08,T,61.471428571428575
2016-07-09,D,60.46071428571428
2016-07-09,E,61.510714285714286
2016-07-09,N,57.357142857142854
2016-07-09,T,59.989285714285714
2016-07-10,D,60.285714285714285
2016-07-10,E,61.05357142857143
2016-07-10,N,57.410714285714285
2016-07-10,T,59.875
2016-07-11,D,62.17142857142857
2016-07-11,E,62.18571428571429
2016-07-11,N,56.753571428571426
2016-07-11,T,61.114285714285714
2016-07-12,D,62.410714285714285
2016-07-12,E,62.30357142857143
2016-07-12,N,56.121428571428574
2016-07-12,T,61.239285714285714
2016-07-13,D,62.199999999999996
2016-07-13,E,62.067857142857136
2016-07-13,N,56.525
2016-07-13,T,61.06785714285714
2016-07-14,D,62.396428571428565
2016-07-14,E,62.410714285714285
2016-07-14,N,57.18928571428571
2016-07-14,T,61.58571428571429
2016-07-15,D,62.44516129032258
2016-07-15,E,62.09032258064516
2016-07-15,N,57.94642857142857
2016-07-15,T,61.561290322580646
2016-07-16,D,60.53548387096774
2016-07-16,E,62.016129032258064
2016-07-16,N,57.9741935483871
2016-07-16,T,60.329032258064515
2016-07-17,D,59.480645161290326
2016-07-17,E,60.983870967741936
2016-07-17,N,57.690322580645166
2016-07-17,T,59.461290322580645
2016-07-18,D,61.92857142857143
2016-07-18,E,61.93571428571429
2016-07-18,N,56.53225806451613
2016-07-18,T,60.86785714285714
2016-07-19,D,62.410714285714285
2016-07-19,E,62.010714285714286
2016-07-19,N,56.121428571428574
2016-07-19,T,61.23571428571428
2016-07-20,D,62.58571428571429
2016-07-20,E,62.44642857142857
2016-07-20,N,57.125
2016-07-20,T,61.55714285714286
2016-07-21,D,62.17142857142857
2016-07-21,E,62.07142857142857
2016-07-21,N,56.78928571428571
2016-07-21,T,61.042857142857144
2016-07-22,D,62.221428571428575
2016-07-22,E,61.778571428571425
2016-07-22,N,56.76428571428572
2016-07-22,T,61.06785714285714
2016-07-23,D,60.24285714285714
2016-07-23,E,61.271428571428565
2016-07-23,N,57.271428571428565
2016-07-23,T,59.93571428571429
2016-07-24,D,58.892857142857146
2016-07-24,E,60.53214285714286
2016-07-24,N,57.18571428571429
2016-07-24,T,58.81071428571429
2016-07-25,D,59.292857142857144
2016-07-25,E,60.48571428571428
2016-07-25,N,55.74285714285714
2016-07-25,T,58.85
2016-07-26,D,62.26428571428572
2016-07-26,E,61.68571428571429
2016-07-26,N,56.353571428571435
2016-07-26,T,60.96071428571429
2016-07-27,D,62.596428571428575
2016-07-27,E,61.83571428571429
2016-07-27,N,56.44285714285714
2016-07-27,T,61.357142857142854
2016-07-28,D,62.17142857142857
2016-07-28,E,61.83076923076923
2016-07-28,N,56.503571428571426
2016-07-28,T,60.982142857142854
2016-07-29,D,62.07857142857143
2016-07-29,E,61.44642857142857
2016-07-29,N,56.74230769230769
2016-07-29,T,60.94285714285714
2016-07-30,D,60.18571428571429
2016-07-30,E,61.41428571428571
2016-07-30,N,57.33571428571429
2016-07-30,T,59.800000000000004
2016-07-31,D,59.125
2016-07-31,E,60.839285714285715
2016-07-31,N,56.71071428571429
2016-07-31,T,58.989285714285714
2016-08-01,D,61.32333333333334
2016-08-01,E,60.833333333333336
2016-08-01,N,55.93214285714286
2016-08-01,T,60.18666666666666
2016-08-02,D,61.55
2016-08-02,E,60.88666666666666
2016-08-02,N,55.873333333333335
2016-08-02,T,60.29
2016-08-03,D,61.829032258064515
2016-08-03,E,60.99032258064516
2016-08-03,N,55.766666666666666
2016-08-03,T,60.5516129032258
2016-08-04,D,61.57096774193548
2016-08-04,E,61.44516129032258
2016-08-04,N,56.461290322580645
2016-08-04,T,60.5516129032258
2016-08-05,D,61.70967741935484
2016-08-05,E,61.1741935483871
2016-08-05,N,56.567741935483866
2016-08-05,T,60.61290322580645
2016-08-06,D,59.29677419354839
2016-08-06,E,60.28709677419355
2016-08-06,N,56.67741935483871
2016-08-06,T,58.877419354838715
2016-08-07,D,58.39032258064516
2016-08-07,E,60.45161290322581
2016-08-07,N,56.16451612903226
2016-08-07,T,58.432258064516134
2016-08-08,D,61.20322580645161
2016-08-08,E,60.777419354838706
2016-08-08,N,55.87096774193548
2016-08-08,T,60.038709677419355
2016-08-09,D,60.083999999999996
2016-08-09,E,60.851612903225806
2016-08-09,N,55.6741935483871
2016-08-09,T,60.11290322580645
2016-08-10,D,62.08064516129032
2016-08-10,E,61.15161290322581
2016-08-10,N,56.76774193548387
2016-08-10,T,60.81290322580645
2016-08-11,D,61.13548387096775
2016-08-11,E,60.851612903225806
2016-08-11,N,55.82258064516129
2016-08-11,T,60.00967741935484
2016-08-12,D,60.97096774193548
2016-08-12,E,60.538709677419355
2016-08-12,N,55.79677419354839
2016-08-12,T,59.809677419354834
2016-08-13,D,59.567741935483866
2016-08-13,E,60.24516129032258
2016-08-13,N,56.041935483870965
2016-08-13,T,58.95483870967742
2016-08-14,D,58.10967741935484
2016-08-14,E,59.73870967741936
2016-08-14,N,55.729032258064514
2016-08-14,T,57.9483870967742
2016-08-15,D,58.725806451612904
2016-08-15,E,60.099999999999994
2016-08-15,N,55.00645161290323
2016-08-15,T,58.25483870967742
2016-08-16,D,61.07096774193548
2016-08-16,E,60.809677419354834
2016-08-16,N,55.29677419354839
2016-08-16,T,59.9
2016-08-17,D,60.99032258064516
2016-08-17,E,60.913333333333334
2016-08-17,N,55.53225806451613
2016-08-17,T,59.88387096774194
2016-08-18,D,60.961290322580645
2016-08-18,E,60.73225806451613
2016-08-18,N,55.669999999999995
2016-08-18,T,59.89354838709678
2016-08-19,D,60.84516129032258
2016-08-19,E,60.900000000000006
2016-08-19,N,55.5516129032258
2016-08-19,T,59.78064516129032
2016-08-20,D,59.06774193548387
2016-08-20,E,60.458064516129035
2016-08-20,N,56.2
2016-08-20,T,58.806451612903224
2016-08-21,D,58.52903225806452
2016-08-21,E,60.487096774193546
2016-08-21,N,56.18387096774194
2016-08-21,T,58.48709677419355
2016-08-22,D,61.222580645161294
2016-08-22,E,61.2
2016-08-22,N,55.50645161290323
2016-08-22,T,60.13225806451613
2016-08-23,D,61.23548387096774
2016-08-23,E,60.854838709677416
2016-08-23,N,55.63548387096775
2016-08-23,T,60.06129032258064
2016-08-24,D,61.26451612903226
2016-08-24,E,61.31612903225806
2016-08-24,N,55.50967741935484
2016-08-24,T,60.15483870967742
2016-08-25,D,61.538709677419355
2016-08-25,E,61.21612903225807
2016-08-25,N,56.061290322580646
2016-08-25,T,60.41612903225807
2016-08-26,D,61.25483870967742
2016-08-26,E,60.95161290322581
2016-08-26,N,56.04516129032258
2016-08-26,T,60.18387096774194
2016-08-27,D,59.406451612903226
2016-08-27,E,60.670967741935485
2016-08-27,N,56.400000000000006
2016-08-27,T,59.03548387096774
2016-08-28,D,58.70645161290323
2016-08-28,E,60.803225806451614
2016-08-28,N,56.47741935483871
2016-08-28,T,58.67741935483871
2016-08-29,D,61.770967741935486
2016-08-29,E,61.351612903225806
2016-08-29,N,55.41612903225807
2016-08-29,T,60.49677419354839
2016-08-30,D,61.78709677419355
2016-08-30,E,61.645161290322584
2016-08-30,N,55.7
2016-08-30,T,60.60967741935484
2016-08-31,D,61.81612903225806
2016-08-31,E,61.88709677419355
2016-08-31,N,55.99354838709677
2016-08-31,T,60.690322580645166
2016-09-01,D,62.54642857142857
2016-09-01,E,62.607142857142854
2016-09-01,N,56.21290322580645
2016-09-01,T,61.410714285714285
2016-09-02,D,62.08571428571428
2016-09-02,E,62.28928571428571
2016-09-02,N,56.489285714285714
2016-09-02,T,61.08571428571429
2016-09-03,D,60.507407407407406
2016-09-03,E,61.38148148148148
2016-09-03,N,57.417857142857144
2016-09-03,T,60.135714285714286
2016-09-04,D,59.451851851851856
2016-09-04,E,61.22222222222222
2016-09-04,N,57.22592592592592
2016-09-04,T,59.34814814814815
2016-09-05,D,62.40714285714286
2016-09-05,E,62.17142857142857
2016-09-05,N,55.96666666666666
2016-09-05,T,61.18571428571429
2016-09-06,D,62.353571428571435
2016-09-06,E,62.18928571428571
2016-09-06,N,56.142857142857146
2016-09-06,T,61.125
2016-09-07,D,62.364285714285714
2016-09-07,E,62.31428571428571
2016-09-07,N,56.207142857142856
2016-09-07,T,61.18214285714286
2016-09-08,D,62.767857142857146
2016-09-08,E,62.92142857142857
2016-09-08,N,56.346428571428575
2016-09-08,T,61.68571428571429
2016-09-09,D,62.49032258064516
2016-09-09,E,62.38387096774194
2016-09-09,N,57.13928571428572
2016-09-09,T,61.65161290322581
2016-09-10,D,60.71290322580646
2016-09-10,E,61.91290322580645
2016-09-10,N,57.94516129032258
2016-09-10,T,60.383870967741935
2016-09-11,D,59.435483870967744
2016-09-11,E,61.49677419354839
2016-09-11,N,57.66451612903226
2016-09-11,T,59.667741935483875
2016-09-12,D,62.125
2016-09-12,E,61.642857142857146
2016-09-12,N,57.20645161290323
2016-09-12,T,61.44642857142857
2016-09-13,D,63.11785714285714
2016-09-13,E,62.65714285714286
2016-09-13,N,55.11785714285714
2016-09-13,T,61.675000000000004
2016-09-14,D,62.550000000000004
2016-09-14,E,62.025
2016-09-14,N,55.510714285714286
2016-09-14,T,61.17142857142857
2016-09-15,D,62.871428571428574
2016-09-15,E,61.832142857142856
2016-09-15,N,55.628571428571426
2016-09-15,T,61.396428571428565
2016-09-16,D,62.621428571428574
2016-09-16,E,62.31428571428571
2016-09-16,N,56.35
2016-09-16,T,61.378571428571426
2016-09-17,D,60.59285714285714
2016-09-17,E,61.93928571428571
2016-09-17,N,56.9
2016-09-17,T,60.21071428571429
2016-09-18,D,59.49285714285714
2016-09-18,E,61.028571428571425
2016-09-18,N,57.800000000000004
2016-09-18,T,59.621428571428574
2016-09-19,D,62.880645161290325
2016-09-19,E,61.86129032258064
2016-09-19,N,55.31785714285714
2016-09-19,T,61.49354838709677
2016-09-20,D,62.23571428571428
2016-09-20,E,61.92142857142857
2016-09-20,N,55.593548387096774
2016-09-20,T,60.88214285714286
2016-09-21,D,62.221428571428575
2016-09-21,E,61.635714285714286
2016-09-21,N,55.385714285714286
2016-09-21,T,60.91428571428571
2016-09-22,D,62.496428571428574
2016-09-22,E,61.98571428571429
2016-09-22,N,55.68571428571429
2016-09-22,T,61.121428571428574
2016-09-23,D,62.221428571428575
2016-09-23,E,62.449999999999996
2016-09-23,N,56.028571428571425
2016-09-23,T,61.167857142857144
2016-09-24,D,61.31785714285714
2016-09-24,E,62.471428571428575
2016-09-24,N,57.18571428571429
2016-09-24,T,60.857142857142854
2016-09-25,D,60.253571428571426
2016-09-25,E,61.871428571428574
2016-09-25,N,57.1
2016-09-25,T,59.91428571428571
2016-09-26,D,62.175000000000004
2016-09-26,E,61.86071428571428
2016-09-26,N,55.17142857142857
2016-09-26,T,60.971428571428575
2016-09-27,D,62.83870967741935
2016-09-27,E,62.39354838709678
2016-09-27,N,54.824999999999996
2016-09-27,T,61.599999999999994
2016-09-28,D,63.16451612903226
2016-09-28,E,62.18387096774194
2016-09-28,N,56.122580645161285
2016-09-28,T,61.6741935483871
2016-09-29,D,63.74516129032258
2016-09-29,E,62.76129032258064
2016-09-29,N,56.28387096774193
2016-09-29,T,62.30322580645161
2016-09-30,D,62.96451612903226
2016-09-30,E,62.96774193548387
2016-09-30,N,56.71935483870968
2016-09-30,T,61.89677419354839
2016-10-01,D,61.31935483870968
2016-10-01,E,62.251612903225805
2016-10-01,N,57.670967741935485
2016-10-01,T,60.748387096774195
2016-10-02,D,60.36451612903225
2016-10-02,E,61.66129032258065
2016-10-02,N,57.42258064516129
2016-10-02,T,60.170967741935485
2016-10-03,D,63.07419354838709
2016-10-03,E,62.222580645161294
2016-10-03,N,56.34838709677419
2016-10-03,T,61.62903225806452
2016-10-04,D,62.78387096774193
2016-10-04,E,62.354838709677416
2016-10-04,N,55.8258064516129
2016-10-04,T,61.4483870967742
2016-10-05,D,63.36774193548387
2016-10-05,E,62.512903225806454
2016-10-05,N,56.332258064516125
2016-10-05,T,61.95483870967742
2016-10-06,D,63.84838709677419
2016-10-06,E,62.33548387096774
2016-10-06,N,55.89677419354839
2016-10-06,T,62.26774193548387
2016-10-07,D,63.248387096774195
2016-10-07,E,62.38709677419355
2016-10-07,N,57.00645161290323
2016-10-07,T,62.07419354838709
2016-10-08,D,61.30967741935484
2016-10-08,E,62.987096774193546
2016-10-08,N,57.76451612903226
2016-10-08,T,61.13225806451613
2016-10-09,D,60.90967741935484
2016-10-09,E,61.770967741935486
2016-10-09,N,57.78709677419355
2016-10-09,T,60.42903225806452
2016-10-10,D,63.517857142857146
2016-10-10,E,62.300000000000004
2016-10-10,N,55.538709677419355
2016-10-10,T,62.089285714285715
2016-10-11,D,63.24642857142857
2016-10-11,E,62.99285714285714
2016-10-11,N,55.93571428571429
2016-10-11,T,62.04642857142857
2016-10-12,D,63.55357142857143
2016-10-12,E,62.357142857142854
2016-10-12,N,58.228571428571435
2016-10-12,T,62.44642857142857
2016-10-13,D,64.13928571428572
2016-10-13,E,62.93214285714286
2016-10-13,N,57.425000000000004
2016-10-13,T,62.625
2016-10-14,D,63.92857142857143
2016-10-14,E,63.18928571428571
2016-10-14,N,56.65714285714286
2016-10-14,T,62.67857142857143
2016-10-15,D,62.06071428571429
2016-10-15,E,62.278571428571425
2016-10-15,N,57.903571428571425
2016-10-15,T,61.18571428571429
2016-10-16,D,60.824999999999996
2016-10-16,E,61.95357142857143
2016-10-16,N,58.21071428571429
2016-10-16,T,60.45357142857143
2016-10-17,D,63.271428571428565
2016-10-17,E,62.017857142857146
2016-10-17,N,55.824999999999996
2016-10-17,T,61.699999999999996
2016-10-18,D,63.878571428571426
2016-10-18,E,62.357142857142854
2016-10-18,N,57.221428571428575
2016-10-18,T,62.36785714285714
2016-10-19,D,63.99032258064516
2016-10-19,E,62.674193548387095
2016-10-19,N,57.003571428571426
2016-10-19,T,62.49677419354838
2016-10-20,D,64.38928571428572
2016-10-20,E,63.228571428571435
2016-10-20,N,56.270967741935486
2016-10-20,T,62.81071428571429
2016-10-21,D,63.92142857142857
2016-10-21,E,63.121428571428574
2016-10-21,N,57.61851851851852
2016-10-21,T,62.58571428571429
2016-10-22,D,63.42857142857143
2016-10-22,E,63.28928571428571
2016-10-22,N,58.028571428571425
2016-10-22,T,62.35
2016-10-23,D,62.53928571428571
2016-10-23,E,63.332142857142856
2016-10-23,N,59.142857142857146
2016-10-23,T,62.035714285714285
2016-10-24,D,65.13214285714285
2016-10-24,E,62.98571428571428
2016-10-24,N,58.221428571428575
2016-10-24,T,63.54642857142857
2016-10-25,D,64.34285714285714
2016-10-25,E,62.978571428571435
2016-10-25,N,56.68928571428571
2016-10-25,T,62.80714285714286
2016-10-26,D,64.41428571428571
2016-10-26,E,63.20357142857143
2016-10-26,N,56.982142857142854
2016-10-26,T,62.92857142857143
2016-10-27,D,64.24827586206897
2016-10-27,E,62.97586206896552
2016-10-27,N,57.15714285714286
2016-10-27,T,62.824137931034485
2016-10-28,D,63.406451612903226
2016-10-28,E,62.961290322580645
2016-10-28,N,57.43103448275862
2016-10-28,T,62.18387096774194
2016-10-29,D,61.87419354838709
2016-10-29,E,62.748387096774195
2016-10-29,N,57.835483870967735
2016-10-29,T,61.225806451612904
2016-10-30,D,61.274193548387096
2016-10-30,E,61.55806451612903
2016-10-30,N,57.73548387096774
2016-10-30,T,60.541935483870965
2016-10-31,D,63.12903225806452
2016-10-31,E,63.26451612903226
2016-10-31,N,57.167741935483875
2016-10-31,T,62.067741935483866
2016-11-01,D,61.15806451612904
2016-11-01,E,61.190322580645166
2016-11-01,N,57.99677419354839
2016-11-01,T,60.458064516129035
2016-11-02,D,63.270967741935486
2016-11-02,E,62.1
2016-11-02,N,55.60967741935484
2016-11-02,T,61.696774193548386
2016-11-03,D,63.29354838709677
2016-11-03,E,62.34193548387096
2016-11-03,N,55.95161290322581
2016-11-03,T,61.78064516129032
2016-11-04,D,64.7
2016-11-04,E,63.50967741935484
2016-11-04,N,57.932258064516134
2016-11-04,T,63.26129032258064
2016-11-05,D,64.11290322580645
2016-11-05,E,62.8
2016-11-05,N,58.980645161290326
2016-11-05,T,62.78387096774193
2016-11-06,D,61.83548387096774
2016-11-06,E,61.31612903225806
2016-11-06,N,57.66451612903226
2016-11-06,T,60.84838709677419
2016-11-07,D,63.83571428571429
2016-11-07,E,61.9
2016-11-07,N,55.78387096774193
2016-11-07,T,62.06785714285714
2016-11-08,D,63.478571428571435
2016-11-08,E,61.746428571428574
2016-11-08,N,55.73571428571428
2016-11-08,T,61.917857142857144
2016-11-09,D,61.18214285714286
2016-11-09,E,60.42142857142857
2016-11-09,N,56.550000000000004
2016-11-09,T,60.082142857142856
2016-11-10,D,62.864285714285714
2016-11-10,E,62.63333333333333
2016-11-10,N,55.56071428571429
2016-11-10,T,61.25
2016-11-11,D,63.87777777777778
2016-11-11,E,62.96666666666666
2016-11-11,N,56.77777777777778
2016-11-11,T,62.51111111111111
2016-11-12,D,61.714814814814815
2016-11-12,E,61.72592592592592
2016-11-12,N,57.60740740740741
2016-11-12,T,60.93703703703704
2016-11-13,D,61.27777777777778
2016-11-13,E,61.72592592592592
2016-11-13,N,57.51851851851852
2016-11-13,T,60.65185185185185
2016-11-14,D,63.25555555555556
2016-11-14,E,62.46296296296296
2016-11-14,N,55.86666666666667
2016-11-14,T,61.75555555555556
2016-11-15,D,63.62592592592592
2016-11-15,E,62.8
2016-11-15,N,56.096296296296295
2016-11-15,T,62.25555555555556
2016-11-16,D,63.95384615384615
2016-11-16,E,62.81923076923077
2016-11-16,N,56.45
2016-11-16,T,62.45384615384615
2016-11-17,D,63.89259259259259
2016-11-17,E,62.94074074074074
2016-11-17,N,57.392307692307696
2016-11-17,T,62.548148148148144
2016-11-18,D,63.875
2016-11-18,E,63.05357142857143
2016-11-18,N,57.38928571428572
2016-11-18,T,62.53214285714286
2016-11-19,D,62.43214285714286
2016-11-19,E,62.199999999999996
2016-11-19,N,57.824999999999996
2016-11-19,T,61.535714285714285
2016-11-20,D,62.792857142857144
2016-11-20,E,63.07857142857143
2016-11-20,N,58.903571428571425
2016-11-20,T,61.94642857142857
2016-11-21,D,64.7925925925926
2016-11-21,E,62.681481481481484
2016-11-21,N,58.05714285714286
2016-11-21,T,63.18518518518518
2016-11-22,D,64.10666666666667
2016-11-22,E,62.769999999999996
2016-11-22,N,56.666666666666664
2016-11-22,T,62.64
2016-11-23,D,64.50666666666667
2016-11-23,E,62.93666666666666
2016-11-23,N,56.583333333333336
2016-11-23,T,62.82
2016-11-24,D,64.68
2016-11-24,E,63.013333333333335
2016-11-24,N,56.836666666666666
2016-11-24,T,63.00333333333333
2016-11-25,D,65.22999999999999
2016-11-25,E,64.64
2016-11-25,N,57.74333333333333
2016-11-25,T,63.80333333333333
2016-11-26,D,64.40666666666667
2016-11-26,E,63.45666666666667
2016-11-26,N,60.166666666666664
2016-11-26,T,63.35333333333333
2016-11-27,D,63.22666666666667
2016-11-27,E,63.24
2016-11-27,N,58.9
2016-11-27,T,62.26
2016-11-28,D,64.35
2016-11-28,E,63.413333333333334
2016-11-28,N,57.39666666666667
2016-11-28,T,62.89
2016-11-29,D,64.06666666666666
2016-11-29,E,63.38333333333333
2016-11-29,N,56.71
2016-11-29,T,62.63666666666666
2016-11-30,D,64.27241379310345
2016-11-30,E,63.293103448275865
2016-11-30,N,57.15333333333333
2016-11-30,T,62.817241379310346
2016-12-01,D,64.62692307692308
2016-12-01,E,63.82692307692308
2016-12-01,N,57.13103448275862
2016-12-01,T,63.21923076923077
2016-12-02,D,65.14444444444445
2016-12-02,E,63.98518518518518
2016-12-02,N,58.31153846153846
2016-12-02,T,63.76296296296296
2016-12-03,D,63.074074074074076
2016-12-03,E,63.34074074074074
2016-12-03,N,59.022222222222226
2016-12-03,T,62.3962962962963
2016-12-04,D,63.25185185185185
2016-12-04,E,62.05555555555556
2016-12-04,N,60.885185185185186
2016-12-04,T,62.51111111111111
2016-12-05,D,64.68148148148148
2016-12-05,E,63.44444444444444
2016-12-05,N,57.23703703703704
2016-12-05,T,63.170370370370364
2016-12-06,D,62.662962962962965
2016-12-06,E,62.75925925925926
2016-12-06,N,58.451851851851856
2016-12-06,T,61.903703703703705
2016-12-07,D,65.46666666666667
2016-12-07,E,64.10740740740741
2016-12-07,N,57.092592592592595
2016-12-07,T,63.833333333333336
2016-12-08,D,62.72592592592592
2016-12-08,E,63.11851851851852
2016-12-08,N,58.544444444444444
2016-12-08,T,62.01481481481482
2016-12-09,D,64.41923076923078
2016-12-09,E,64.01538461538462
2016-12-09,N,57.36666666666667
2016-12-09,T,63.146153846153844
2016-12-10,D,63.361538461538466
2016-12-10,E,63.48076923076923
2016-12-10,N,58.611538461538466
2016-12-10,T,62.599999999999994
2016-12-11,D,62.396153846153844
2016-12-11,E,62.580769230769235
2016-12-11,N,59.15384615384615
2016-12-11,T,61.75
2016-12-12,D,63.982142857142854
2016-12-12,E,62.917857142857144
2016-12-12,N,57.01538461538462
2016-12-12,T,62.6
2016-12-13,D,64.12142857142858
2016-12-13,E,63.16428571428571
2016-12-13,N,56.371428571428574
2016-12-13,T,62.614285714285714
2016-12-14,D,64.50714285714285
2016-12-14,E,63.517857142857146
2016-12-14,N,56.449999999999996
2016-12-14,T,63.103571428571435
2016-12-15,D,64.67241379310344
2016-12-15,E,63.4896551724138
2016-12-15,N,58.653571428571425
2016-12-15,T,63.23793103448276
2016-12-16,D,65.55862068965517
2016-12-16,E,64.01724137931035
2016-12-16,N,58.824137931034485
2016-12-16,T,64.10689655172413
2016-12-17,D,63.258620689655174
2016-12-17,E,63.317241379310346
2016-12-17,N,59.306896551724144
2016-12-17,T,62.43448275862069
2016-12-18,D,62.317241379310346
2016-12-18,E,62.46896551724138
2016-12-18,N,58.8551724137931
2016-12-18,T,61.59655172413793
2016-12-19,D,64.79655172413793
2016-12-19,E,62.98275862068966
2016-12-19,N,56.686206896551724
2016-12-19,T,63.1448275862069
2016-12-20,D,64.49333333333333
2016-12-20,E,63.51
2016-12-20,N,57.45862068965517
2016-12-20,T,63.14666666666667
2016-12-21,D,64.2483870967742
2016-12-21,E,64.23870967741935
2016-12-21,N,57.666666666666664
2016-12-21,T,63.20967741935484
2016-12-22,D,64.04193548387097
2016-12-22,E,64.35483870967742
2016-12-22,N,57.92258064516129
2016-12-22,T,63.119354838709675
2016-12-23,D,64.46774193548387
2016-12-23,E,63.512903225806454
2016-12-23,N,59.08709677419355
2016-12-23,T,63.24193548387097
2016-12-24,D,62.43333333333333
2016-12-24,E,61.79
2016-12-24,N,58.306451612903224
2016-12-24,T,62.156666666666666
2016-12-25,D,61.09666666666667
2016-12-25,E,63.11333333333334
2016-12-25,N,61.11666666666667
2016-12-25,T,61.75
2016-12-26,D,61.986666666666665
2016-12-26,E,63.556666666666665
2016-12-26,N,56.27333333333333
2016-12-26,T,61.40333333333333
2016-12-27,D,63.65483870967742
2016-12-27,E,62.97741935483871
2016-12-27,N,56.99666666666667
2016-12-27,T,62.28387096774193
2016-12-28,D,63.438709677419354
2016-12-28,E,63.10967741935484
2016-12-28,N,57.15161290322581
2016-12-28,T,62.4483870967742
2016-12-29,D,64.02903225806452
2016-12-29,E,63.73870967741936
2016-12-29,N,58.04838709677419
2016-12-29,T,62.99032258064516
2016-12-30,D,64.31612903225806
2016-12-30,E,63.58387096774193
2016-12-30,N,57.906451612903226
2016-12-30,T,63.05806451612903
2016-12-31,D,63.880645161290325
2016-12-31,E,64.24516129032257
2016-12-31,N,58.47741935483871
2016-12-31,T,63.17741935483871
2017-01-01,D,61.73225806451613
2017-01-01,E,62.68064516129032
2017-01-01,N,69.01612903225806
2017-01-01,T,66.49354838709678
2017-01-02,D,63.748387096774195
2017-01-02,E,62.696774193548386
2017-01-02,N,56.00322580645161
2017-01-02,T,62.36451612903225
2017-01-03,D,63.74516129032258
2017-01-03,E,62.87419354838709
2017-01-03,N,56.516129032258064
2017-01-03,T,62.354838709677416
2017-01-04,D,64.49354838709677
2017-01-04,E,63.1741935483871
2017-01-04,N,56.91935483870968
2017-01-04,T,63.019354838709674
2017-01-05,D,64.24193548387096
2017-01-05,E,63.858064516129026
2017-01-05,N,56.593548387096774
2017-01-05,T,63.03225806451613
2017-01-06,D,61.725806451612904
2017-01-06,E,62.87419354838709
2017-01-06,N,58.458064516129035
2017-01-06,T,61.406451612903226
2017-01-07,D,62.36774193548387
2017-01-07,E,63.03225806451613
2017-01-07,N,57.03548387096774
2017-01-07,T,61.57096774193548
2017-01-08,D,61.854838709677416
2017-01-08,E,61.932258064516134
2017-01-08,N,57.83870967741935
2017-01-08,T,61.0258064516129
2017-01-09,D,64.18333333333334
2017-01-09,E,62.45666666666667
2017-01-09,N,56.406666666666666
2017-01-09,T,62.513333333333335
2017-01-10,D,64.17
2017-01-10,E,62.54666666666667
2017-01-10,N,55.82666666666667
2017-01-10,T,62.56333333333334
2017-01-11,D,64.04516129032258
2017-01-11,E,62.75806451612903
2017-01-11,N,56.81612903225806
2017-01-11,T,62.50322580645161
2017-01-12,D,64.24516129032257
2017-01-12,E,62.748387096774195
2017-01-12,N,56.83870967741935
2017-01-12,T,62.66451612903226
2017-01-13,D,63.86451612903225
2017-01-13,E,62.95161290322581
2017-01-13,N,57.067741935483866
2017-01-13,T,62.46774193548387
2017-01-14,D,62.44516129032258
2017-01-14,E,62.29032258064516
2017-01-14,N,57.86451612903225
2017-01-14,T,61.44193548387097
2017-01-15,D,61.596774193548384
2017-01-15,E,61.78709677419355
2017-01-15,N,57.53548387096774
2017-01-15,T,60.81935483870968
2017-01-16,D,65.01290322580645
2017-01-16,E,63.016129032258064
2017-01-16,N,56.41612903225807
2017-01-16,T,63.4741935483871
2017-01-17,D,65.15483870967742
2017-01-17,E,62.519354838709674
2017-01-17,N,56.23548387096774
2017-01-17,T,63.44193548387097
2017-01-18,D,63.83870967741935
2017-01-18,E,62.46451612903226
2017-01-18,N,56.329032258064515
2017-01-18,T,62.38387096774194
2017-01-19,D,64.08387096774193
2017-01-19,E,63.099999999999994
2017-01-19,N,56.79354838709677
2017-01-19,T,62.6
2017-01-20,D,64.36774193548388
2017-01-20,E,63.21612903225807
2017-01-20,N,58.05806451612903
2017-01-20,T,62.961290322580645
2017-01-21,D,62.432258064516134
2017-01-21,E,62.63870967741936
2017-01-21,N,57.79032258064516
2017-01-21,T,61.52258064516129
2017-01-22,D,61.61290322580645
2017-01-22,E,61.748387096774195
2017-01-22,N,57.806451612903224
2017-01-22,T,60.851612903225806
2017-01-23,D,63.65483870967742
2017-01-23,E,62.46774193548387
2017-01-23,N,56.20645161290323
2017-01-23,T,62.116129032258065
2017-01-24,D,64.1258064516129
2017-01-24,E,62.851612903225806
2017-01-24,N,56.5
2017-01-24,T,62.62580645161291
2017-01-25,D,64.31935483870969
2017-01-25,E,62.53225806451613
2017-01-25,N,56.73870967741936
2017-01-25,T,62.693548387096776
2017-01-26,D,64.48387096774194
2017-01-26,E,62.91290322580645
2017-01-26,N,57.10322580645161
2017-01-26,T,63.00645161290323
2017-01-27,D,65.6741935483871
2017-01-27,E,63.406451612903226
2017-01-27,N,59.11612903225806
2017-01-27,T,64.06129032258065
2017-01-28,D,63.26774193548387
2017-01-28,E,62.71290322580645
2017-01-28,N,58.37419354838709
2017-01-28,T,62.39032258064517
2017-01-29,D,61.52903225806452
2017-01-29,E,62.487096774193546
2017-01-29,N,58.34516129032258
2017-01-29,T,61.0
2017-01-30,D,64.28064516129032
2017-01-30,E,62.53548387096774
2017-01-30,N,57.10645161290322
2017-01-30,T,62.60645161290322
2017-01-31,D,64.51935483870967
2017-01-31,E,63.21290322580645
2017-01-31,N,56.83870967741935
2017-01-31,T,63.064516129032256
2017-02-01,D,65.02903225806452
2017-02-01,E,62.92580645161291
2017-02-01,N,57.196774193548386
2017-02-01,T,63.351612903225806
2017-02-02,D,65.35483870967742
2017-02-02,E,63.2
2017-02-02,N,58.11612903225806
2017-02-02,T,63.66129032258065
2017-02-03,D,64.70645161290322
2017-02-03,E,63.851612903225806
2017-02-03,N,57.61612903225806
2017-02-03,T,63.306451612903224
2017-02-04,D,63.09354838709677
2017-02-04,E,63.33548387096774
2017-02-04,N,59.49354838709677
2017-02-04,T,62.31935483870968
2017-02-05,D,63.20322580645161
2017-02-05,E,61.81290322580645
2017-02-05,N,59.751612903225805
2017-02-05,T,62.18709677419355
2017-02-06,D,64.64838709677419
2017-02-06,E,62.516129032258064
2017-02-06,N,56.58064516129032
2017-02-06,T,62.94193548387097
2017-02-07,D,64.71290322580644
2017-02-07,E,62.696774193548386
2017-02-07,N,55.987096774193546
2017-02-07,T,62.94516129032258
2017-02-08,D,64.25806451612904
2017-02-08,E,62.748387096774195
2017-02-08,N,56.84838709677419
2017-02-08,T,62.641935483870974
2017-02-09,D,63.96666666666667
2017-02-09,E,62.90967741935484
2017-02-09,N,57.145161290322584
2017-02-09,T,62.49666666666667
2017-02-10,D,64.29032258064517
2017-02-10,E,64.12903225806451
2017-02-10,N,57.458064516129035
2017-02-10,T,63.067741935483866
2017-02-11,D,63.81290322580645
2017-02-11,E,63.65483870967742
2017-02-11,N,59.37419354838709
2017-02-11,T,62.806451612903224
2017-02-12,D,63.36451612903225
2017-02-12,E,63.564516129032256
2017-02-12,N,59.58709677419355
2017-02-12,T,62.61612903225806
2017-02-13,D,64.78387096774193
2017-02-13,E,62.92903225806452
2017-02-13,N,59.274193548387096
2017-02-13,T,63.36129032258064
2017-02-14,D,64.61612903225806
2017-02-14,E,62.70322580645161
2017-02-14,N,56.987096774193546
2017-02-14,T,62.961290322580645
2017-02-15,D,64.88709677419355
2017-02-15,E,63.18064516129032
2017-02-15,N,57.29032258064516
2017-02-15,T,63.229032258064514
2017-02-16,D,64.21290322580644
2017-02-16,E,63.23548387096774
2017-02-16,N,57.57419354838709
2017-02-16,T,62.97096774193548
2017-02-17,D,64.43870967741935
2017-02-17,E,63.24193548387097
2017-02-17,N,57.980645161290326
2017-02-17,T,63.099999999999994
2017-02-18,D,62.47096774193548
2017-02-18,E,62.52903225806452
2017-02-18,N,58.54838709677419
2017-02-18,T,61.61290322580645
2017-02-19,D,61.65483870967742
2017-02-19,E,61.76774193548387
2017-02-19,N,58.61612903225806
2017-02-19,T,60.935483870967744
2017-02-20,D,63.696774193548386
2017-02-20,E,62.63870967741936
2017-02-20,N,56.54516129032258
2017-02-20,T,62.20322580645161
2017-02-21,D,63.5774193548387
2017-02-21,E,62.75806451612903
2017-02-21,N,56.561290322580646
2017-02-21,T,62.18387096774194
2017-02-22,D,64.42333333333333
2017-02-22,E,63.35333333333333
2017-02-22,N,56.729032258064514
2017-02-22,T,62.873333333333335
2017-02-23,D,64.09032258064516
2017-02-23,E,63.05806451612903
2017-02-23,N,56.9483870967742
2017-02-23,T,62.62580645161291
2017-02-24,D,64.19677419354838
2017-02-24,E,63.04838709677419
2017-02-24,N,57.54838709677419
2017-02-24,T,62.76129032258064
2017-02-25,D,62.73225806451613
2017-02-25,E,62.86774193548387
2017-02-25,N,58.20967741935484
2017-02-25,T,61.89354838709678
2017-02-26,D,61.47741935483871
2017-02-26,E,61.68709677419355
2017-02-26,N,58.05806451612903
2017-02-26,T,60.774193548387096
2017-02-27,D,64.29677419354839
2017-02-27,E,62.45483870967742
2017-02-27,N,57.23548387096774
2017-02-27,T,62.63548387096775
2017-02-28,D,64.44
2017-02-28,E,62.648387096774194
2017-02-28,N,56.40967741935484
2017-02-28,T,62.86451612903225
2017-03-01,D,64.11935483870968
2017-03-01,E,62.95161290322581
2017-03-01,N,56.8
2017-03-01,T,62.751612903225805
2017-03-02,D,64.43548387096774
2017-03-02,E,62.89032258064516
2017-03-02,N,57.05483870967742
2017-03-02,T,62.91612903225807
2017-03-03,D,64.53870967741936
2017-03-03,E,63.78387096774193
2017-03-03,N,57.66129032258065
2017-03-03,T,63.15806451612904
2017-03-04,D,62.61612903225806
2017-03-04,E,62.774193548387096
2017-03-04,N,58.73225806451613
2017-03-04,T,61.86774193548386
2017-03-05,D,62.24193548387097
2017-03-05,E,61.641935483870974
2017-03-05,N,58.18064516129032
2017-03-05,T,61.248387096774195
2017-03-06,D,63.774193548387096
2017-03-06,E,62.222580645161294
2017-03-06,N,56.26774193548387
2017-03-06,T,62.17741935483871
2017-03-07,D,64.0225806451613
2017-03-07,E,62.47741935483871
2017-03-07,N,56.2
2017-03-07,T,62.42258064516129
2017-03-08,D,64.33225806451613
2017-03-08,E,62.96451612903226
2017-03-08,N,56.63225806451613
2017-03-08,T,62.89032258064516
2017-03-09,D,63.561290322580646
2017-03-09,E,63.02903225806452
2017-03-09,N,57.119354838709675
2017-03-09,T,62.21290322580645
2017-03-10,D,63.57419354838709
2017-03-10,E,62.82258064516129
2017-03-10,N,57.487096774193546
2017-03-10,T,62.248387096774195
2017-03-11,D,61.987096774193546
2017-03-11,E,62.04838709677419
2017-03-11,N,58.019354838709674
2017-03-11,T,61.119354838709675
2017-03-12,D,61.961290322580645
2017-03-12,E,61.516129032258064
2017-03-12,N,57.66129032258065
2017-03-12,T,61.099999999999994
2017-03-13,D,64.22666666666666
2017-03-13,E,62.309999999999995
2017-03-13,N,57.09666666666667
2017-03-13,T,62.54333333333333
2017-03-14,D,64.23548387096774
2017-03-14,E,62.729032258064514
2017-03-14,N,56.56666666666667
2017-03-14,T,62.54
2017-03-15,D,63.79677419354839
2017-03-15,E,62.95161290322581
2017-03-15,N,56.5
2017-03-15,T,62.351612903225806
2017-03-16,D,63.75483870967742
2017-03-16,E,62.81290322580645
2017-03-16,N,56.79354838709677
2017-03-16,T,62.33870967741935
2017-03-17,D,63.69677419354839
2017-03-17,E,62.64193548387097
2017-03-17,N,57.66129032258065
2017-03-17,T,62.358064516129026
2017-03-18,D,61.57096774193548
2017-03-18,E,61.86774193548386
2017-03-18,N,57.73548387096774
2017-03-18,T,60.803225806451614
2017-03-19,D,60.4741935483871
2017-03-19,E,61.33870967741935
2017-03-19,N,57.28709677419355
2017-03-19,T,59.980645161290326
2017-03-20,D,60.78709677419355
2017-03-20,E,61.34838709677419
2017-03-20,N,56.564516129032256
2017-03-20,T,59.92258064516129
2017-03-21,D,64.00666666666667
2017-03-21,E,62.332258064516125
2017-03-21,N,56.06333333333334
2017-03-21,T,62.26451612903226
2017-03-22,D,64.60645161290323
2017-03-22,E,63.52903225806452
2017-03-22,N,56.403225806451616
2017-03-22,T,62.99354838709677
2017-03-23,D,65.10645161290323
2017-03-23,E,62.97741935483871
2017-03-23,N,57.24193548387097
2017-03-23,T,63.38387096774194
2017-03-24,D,64.74516129032257
2017-03-24,E,63.60967741935484
2017-03-24,N,57.61612903225806
2017-03-24,T,63.306451612903224
2017-03-25,D,62.53225806451613
2017-03-25,E,62.983870967741936
2017-03-25,N,58.725806451612904
2017-03-25,T,61.82258064516129
2017-03-26,D,61.541935483870965
2017-03-26,E,62.21935483870968
2017-03-26,N,57.676
2017-03-26,T,61.36774193548387
2017-03-27,D,64.07741935483871
2017-03-27,E,62.832258064516125
2017-03-27,N,57.25806451612903
2017-03-27,T,62.567741935483866
2017-03-28,D,63.596774193548384
2017-03-28,E,62.770967741935486
2017-03-28,N,56.65483870967742
2017-03-28,T,62.15483870967742
2017-03-29,D,63.62580645161291
2017-03-29,E,62.81612903225806
2017-03-29,N,57.0
2017-03-29,T,62.23870967741936
2017-03-30,D,63.99354838709677
2017-03-30,E,63.0
2017-03-30,N,56.95161290322581
2017-03-30,T,62.52903225806452
2017-03-31,D,63.880645161290325
2017-03-31,E,63.854838709677416
2017-03-31,N,57.24516129032258
2017-03-31,T,62.73870967741936
2017-04-01,D,62.31935483870967
2017-04-01,E,62.75483870967742
2017-04-01,N,58.10645161290322
2017-04-01,T,61.519354838709674
2017-04-02,D,61.68387096774194
2017-04-02,E,62.193548387096776
2017-04-02,N,57.58064516129032
2017-04-02,T,60.97096774193548
2017-04-03,D,63.46774193548387
2017-04-03,E,62.75806451612903
2017-04-03,N,56.38709677419355
2017-04-03,T,62.10645161290322
2017-04-04,D,63.435483870967744
2017-04-04,E,62.596774193548384
2017-04-04,N,56.49354838709677
2017-04-04,T,62.02258064516129
2017-04-05,D,63.59032258064516
2017-04-05,E,62.87419354838709
2017-04-05,N,56.70967741935484
2017-04-05,T,62.16129032258065
2017-04-06,D,63.50322580645161
2017-04-06,E,62.92903225806452
2017-04-06,N,56.900000000000006
2017-04-06,T,62.21935483870968
2017-04-07,D,63.25806451612903
2017-04-07,E,63.58064516129032
2017-04-07,N,57.25483870967742
2017-04-07,T,62.34516129032258
2017-04-08,D,61.61612903225806
2017-04-08,E,61.97741935483871
2017-04-08,N,57.71290322580645
2017-04-08,T,60.809677419354834
2017-04-09,D,60.66129032258065
2017-04-09,E,61.84838709677419
2017-04-09,N,57.225806451612904
2017-04-09,T,60.248387096774195
2017-04-10,D,63.400000000000006
2017-04-10,E,62.122580645161285
2017-04-10,N,56.47741935483871
2017-04-10,T,61.94193548387097
2017-04-11,D,62.9
2017-04-11,E,62.012903225806454
2017-04-11,N,56.148387096774194
2017-04-11,T,61.512903225806454
2017-04-12,D,62.90967741935484
2017-04-12,E,62.23225806451613
2017-04-12,N,56.3258064516129
2017-04-12,T,61.777419354838706
2017-04-13,D,60.4741935483871
2017-04-13,E,60.78709677419355
2017-04-13,N,56.57096774193548
2017-04-13,T,59.729032258064514
2017-04-14,D,59.84516129032258
2017-04-14,E,60.83548387096774
2017-04-14,N,55.75806451612903
2017-04-14,T,59.16129032258065
2017-04-15,D,60.1741935483871
2017-04-15,E,61.54516129032258
2017-04-15,N,55.82258064516129
2017-04-15,T,59.63870967741936
2017-04-16,D,59.803225806451614
2017-04-16,E,61.63548387096775
2017-04-16,N,56.11290322580645
2017-04-16,T,59.52258064516129
2017-04-17,D,62.62903225806452
2017-04-17,E,62.03225806451613
2017-04-17,N,56.064516129032256
2017-04-17,T,61.274193548387096
2017-04-18,D,63.04838709677419
2017-04-18,E,62.18709677419355
2017-04-18,N,56.0516129032258
2017-04-18,T,61.70645161290323
2017-04-19,D,63.487096774193546
2017-04-19,E,62.62580645161291
2017-04-19,N,56.809677419354834
2017-04-19,T,62.061290322580646
2017-04-20,D,64.02903225806452
2017-04-20,E,62.90967741935484
2017-04-20,N,57.11290322580645
2017-04-20,T,62.512903225806454
2017-04-21,D,63.641935483870974
2017-04-21,E,63.33870967741935
2017-04-21,N,57.21290322580645
2017-04-21,T,62.722580645161294
2017-04-22,D,62.89677419354839
2017-04-22,E,62.99354838709677
2017-04-22,N,57.57741935483871
2017-04-22,T,62.122580645161285
2017-04-23,D,61.07419354838709
2017-04-23,E,61.961290322580645
2017-04-23,N,57.619354838709675
2017-04-23,T,60.65161290322581
2017-04-24,D,63.74193548387097
2017-04-24,E,62.18709677419355
2017-04-24,N,56.92903225806452
2017-04-24,T,62.21290322580645
2017-04-25,D,64.07741935483871
2017-04-25,E,62.29677419354839
2017-04-25,N,56.7
2017-04-25,T,62.55483870967742
2017-04-26,D,63.54838709677419
2017-04-26,E,62.722580645161294
2017-04-26,N,56.5258064516129
2017-04-26,T,62.11612903225806
2017-04-27,D,63.74516129032258
2017-04-27,E,62.46774193548387
2017-04-27,N,57.45483870967742
2017-04-27,T,62.31612903225806
2017-04-28,D,63.5258064516129
2017-04-28,E,62.89677419354839
2017-04-28,N,57.29354838709677
2017-04-28,T,62.18387096774194
2017-04-29,D,62.438709677419354
2017-04-29,E,62.29677419354839
2017-04-29,N,57.9741935483871
2017-04-29,T,61.599999999999994
2017-04-30,D,61.306666666666665
2017-04-30,E,61.313333333333325
2017-04-30,N,57.75
2017-04-30,T,60.54666666666667
2017-05-01,D,60.37419354838709
2017-05-01,E,61.593548387096774
2017-05-01,N,56.36774193548387
2017-05-01,T,59.858064516129026
2017-05-02,D,61.019354838709674
2017-05-02,E,61.690322580645166
2017-05-02,N,56.512903225806454
2017-05-02,T,60.34516129032258
2017-05-03,D,62.97741935483871
2017-05-03,E,62.46774193548387
2017-05-03,N,57.403225806451616
2017-05-03,T,61.97741935483871
2017-05-04,D,63.7
2017-05-04,E,62.04838709677419
2017-05-04,N,56.380645161290325
2017-05-04,T,62.10322580645161
2017-05-05,D,63.512903225806454
2017-05-05,E,63.403225806451616
2017-05-05,N,56.63548387096775
2017-05-05,T,62.31290322580645
2017-05-06,D,62.18387096774194
2017-05-06,E,62.809677419354834
2017-05-06,N,57.55483870967742
2017-05-06,T,61.48064516129032
2017-05-07,D,60.913333333333334
2017-05-07,E,62.06333333333334
2017-05-07,N,57.776666666666664
2017-05-07,T,60.47666666666667
2017-05-08,D,62.97741935483871
2017-05-08,E,61.9483870967742
2017-05-08,N,56.513333333333335
2017-05-08,T,61.55483870967742
2017-05-09,D,62.858064516129026
2017-05-09,E,62.596774193548384
2017-05-09,N,56.270967741935486
2017-05-09,T,61.59354838709677
2017-05-10,D,63.438709677419354
2017-05-10,E,63.351612903225806
2017-05-10,N,56.37096774193548
2017-05-10,T,62.32258064516129
2017-05-11,D,64.4774193548387
2017-05-11,E,63.251612903225805
2017-05-11,N,59.39354838709678
2017-05-11,T,63.05483870967742
2017-05-12,D,64.28709677419356
2017-05-12,E,63.39677419354839
2017-05-12,N,57.2
2017-05-12,T,62.89354838709678
2017-05-13,D,61.91935483870968
2017-05-13,E,62.24193548387097
2017-05-13,N,58.08387096774193
2017-05-13,T,61.093548387096774
2017-05-14,D,61.18709677419355
2017-05-14,E,62.38
2017-05-14,N,57.932258064516134
2017-05-14,T,60.71290322580645
2017-05-15,D,61.03
2017-05-15,E,62.333333333333336
2017-05-15,N,57.2
2017-05-15,T,60.5
2017-05-16,D,63.36129032258064
2017-05-16,E,62.18709677419355
2017-05-16,N,57.513333333333335
2017-05-16,T,62.251612903225805
2017-05-17,D,64.30967741935484
2017-05-17,E,62.329032258064515
2017-05-17,N,56.20967741935484
2017-05-17,T,62.66451612903226
2017-05-18,D,64.10645161290323
2017-05-18,E,62.75483870967742
2017-05-18,N,58.31935483870968
2017-05-18,T,62.73548387096774
2017-05-19,D,63.4483870967742
2017-05-19,E,62.94516129032258
2017-05-19,N,57.13870967741936
2017-05-19,T,62.24193548387097
2017-05-20,D,61.458064516129035
2017-05-20,E,62.351612903225806
2017-05-20,N,57.66129032258065
2017-05-20,T,60.91612903225807
2017-05-21,D,60.78064516129032
2017-05-21,E,62.42258064516129
2017-05-21,N,57.99354838709677
2017-05-21,T,60.65806451612904
2017-05-22,D,63.05806451612903
2017-05-22,E,62.012903225806454
2017-05-22,N,57.58387096774193
2017-05-22,T,61.78387096774193
2017-05-23,D,63.38387096774194
2017-05-23,E,62.480645161290326
2017-05-23,N,56.480645161290326
2017-05-23,T,61.9741935483871
2017-05-24,D,62.63548387096775
2017-05-24,E,62.57419354838709
2017-05-24,N,56.61612903225806
2017-05-24,T,61.54838709677419
2017-05-25,D,63.31935483870968
2017-05-25,E,62.13225806451613
2017-05-25,N,56.89677419354839
2017-05-25,T,61.84193548387096
2017-05-26,D,63.33548387096774
2017-05-26,E,63.49032258064516
2017-05-26,N,57.2
2017-05-26,T,62.39354838709678
2017-05-27,D,62.34193548387097
2017-05-27,E,62.483870967741936
2017-05-27,N,57.76129032258064
2017-05-27,T,61.58387096774193
2017-05-28,D,61.05483870967742
2017-05-28,E,61.42903225806452
2017-05-28,N,58.24193548387097
2017-05-28,T,60.37419354838709
2017-05-29,D,62.99032258064516
2017-05-29,E,61.83548387096774
2017-05-29,N,55.91935483870968
2017-05-29,T,61.4483870967742
2017-05-30,D,63.21612903225807
2017-05-30,E,62.406451612903226
2017-05-30,N,55.935483870967744
2017-05-30,T,61.829032258064515
2017-05-31,D,63.119354838709675
2017-05-31,E,62.196774193548386
2017-05-31,N,56.3258064516129
2017-05-31,T,61.70967741935484
2017-06-01,D,62.81935483870968
2017-06-01,E,62.28709677419355
2017-06-01,N,56.81935483870968
2017-06-01,T,61.59032258064516
2017-06-02,D,62.935483870967744
2017-06-02,E,63.670967741935485
2017-06-02,N,57.458064516129035
2017-06-02,T,62.2
2017-06-03,D,61.37096774193548
2017-06-03,E,62.89032258064516
2017-06-03,N,58.303225806451614
2017-06-03,T,61.42258064516129
2017-06-04,D,60.74193548387097
2017-06-04,E,62.18387096774194
2017-06-04,N,59.73870967741936
2017-06-04,T,60.74516129032258
2017-06-05,D,62.70967741935484
2017-06-05,E,61.906451612903226
2017-06-05,N,57.019354838709674
2017-06-05,T,61.354838709677416
2017-06-06,D,62.935483870967744
2017-06-06,E,62.16451612903226
2017-06-06,N,56.21290322580645
2017-06-06,T,61.541935483870965
2017-06-07,D,62.92903225806452
2017-06-07,E,62.619354838709675
2017-06-07,N,56.62580645161291
2017-06-07,T,61.78387096774193
2017-06-08,D,62.81612903225806
2017-06-08,E,62.29032258064516
2017-06-08,N,56.690322580645166
2017-06-08,T,61.5258064516129
2017-06-09,D,62.76129032258064
2017-06-09,E,62.70967741935484
2017-06-09,N,57.10322580645161
2017-06-09,T,61.63870967741936
2017-06-10,D,60.748387096774195
2017-06-10,E,61.76451612903226
2017-06-10,N,57.6741935483871
2017-06-10,T,60.270967741935486
2017-06-11,D,60.08064516129032
2017-06-11,E,61.36451612903225
2017-06-11,N,57.59032258064516
2017-06-11,T,59.81935483870968
2017-06-12,D,62.432258064516134
2017-06-12,E,62.148387096774194
2017-06-12,N,56.5
2017-06-12,T,61.20322580645161
2017-06-13,D,62.70322580645161
2017-06-13,E,62.170967741935485
2017-06-13,N,56.45161290322581
2017-06-13,T,61.480645161290326
2017-06-14,D,62.7
2017-06-14,E,62.36774193548386
2017-06-14,N,56.777419354838706
2017-06-14,T,61.47096774193548
2017-06-15,D,63.40967741935484
2017-06-15,E,63.46774193548387
2017-06-15,N,56.79032258064516
2017-06-15,T,62.277419354838706
2017-06-16,D,62.63870967741936
2017-06-16,E,62.26451612903226
2017-06-16,N,57.79677419354839
2017-06-16,T,61.49677419354839
2017-06-17,D,60.958064516129035
2017-06-17,E,61.67741935483871
2017-06-17,N,57.89032258064516
2017-06-17,T,60.58709677419355
2017-06-18,D,60.16129032258065
2017-06-18,E,61.70645161290323
2017-06-18,N,58.23548387096774
2017-06-18,T,60.061290322580646
2017-06-19,D,62.88387096774194
2017-06-19,E,62.65161290322581
2017-06-19,N,57.42258064516129
2017-06-19,T,61.722580645161294
2017-06-20,D,63.16129032258065
2017-06-20,E,62.25806451612903
2017-06-20,N,57.13548387096775
2017-06-20,T,61.84838709677419
2017-06-21,D,63.25483870967742
2017-06-21,E,62.596774193548384
2017-06-21,N,56.648387096774194
2017-06-21,T,61.903225806451616
2017-06-22,D,63.122580645161285
2017-06-22,E,62.832258064516125
2017-06-22,N,56.900000000000006
2017-06-22,T,61.92903225806452
2017-06-23,D,63.11290322580645
2017-06-23,E,62.29677419354839
2017-06-23,N,57.400000000000006
2017-06-23,T,61.86129032258064
2017-06-24,D,61.2
2017-06-24,E,61.78709677419355
2017-06-24,N,57.938709677419354
2017-06-24,T,60.593548387096774
2017-06-25,D,60.73225806451613
2017-06-25,E,62.26451612903226
2017-06-25,N,57.94516129032258
2017-06-25,T,60.516129032258064
2017-06-26,D,63.729032258064514
2017-06-26,E,62.461290322580645
2017-06-26,N,57.97096774193548
2017-06-26,T,62.487096774193546
2017-06-27,D,63.73548387096774
2017-06-27,E,62.63548387096775
2017-06-27,N,56.480645161290326
2017-06-27,T,62.27096774193548
2017-06-28,D,64.20645161290322
2017-06-28,E,63.40967741935484
2017-06-28,N,56.68064516129032
2017-06-28,T,62.94516129032258
2017-06-29,D,63.68064516129032
2017-06-29,E,63.5
2017-06-29,N,57.83548387096774
2017-06-29,T,62.65161290322581
2017-06-30,D,63.377419354838715
2017-06-30,E,63.32258064516129
2017-06-30,N,58.096774193548384
2017-06-30,T,62.65161290322581
2017-07-01,D,61.9741935483871
2017-07-01,E,63.49354838709677
2017-07-01,N,58.87419354838709
2017-07-01,T,61.983870967741936
2017-07-02,D,60.196774193548386
2017-07-02,E,61.41290322580645
2017-07-02,N,57.032
2017-07-02,T,60.622580645161285
2017-07-03,D,62.96774193548387
2017-07-03,E,61.94516129032258
2017-07-03,N,56.538709677419355
2017-07-03,T,61.58064516129032
2017-07-04,D,62.78387096774193
2017-07-04,E,62.012903225806454
2017-07-04,N,56.55483870967742
2017-07-04,T,61.47096774193548
2017-07-05,D,62.70967741935484
2017-07-05,E,62.36451612903225
2017-07-05,N,56.619354838709675
2017-07-05,T,61.435483870967744
2017-07-06,D,65.32666666666667
2017-07-06,E,64.85666666666667
2017-07-06,N,58.251612903225805
2017-07-06,T,63.97
2017-07-07,D,65.46428571428571
2017-07-07,E,61.94642857142857
2017-07-07,N,57.916666666666664
2017-07-07,T,63.699999999999996
2017-07-08,D,61.285714285714285
2017-07-08,E,61.67142857142857
2017-07-08,N,57.15714285714286
2017-07-08,T,60.56428571428571
2017-07-09,D,59.75714285714286
2017-07-09,E,61.41428571428572
2017-07-09,N,57.510714285714286
2017-07-09,T,59.675000000000004
2017-07-10,D,63.21785714285714
2017-07-10,E,62.121428571428574
2017-07-10,N,56.621428571428574
2017-07-10,T,61.975
2017-07-11,D,62.55714285714286
2017-07-11,E,62.04642857142857
2017-07-11,N,56.160714285714285
2017-07-11,T,61.31428571428571
2017-07-12,D,62.20357142857143
2017-07-12,E,61.90714285714286
2017-07-12,N,56.91428571428571
2017-07-12,T,61.17142857142857
2017-07-13,D,62.69642857142857
2017-07-13,E,62.489285714285714
2017-07-13,N,56.925000000000004
2017-07-13,T,61.65
2017-07-14,D,62.153571428571425
2017-07-14,E,62.26428571428572
2017-07-14,N,57.75
2017-07-14,T,61.31785714285714
2017-07-15,D,60.38214285714286
2017-07-15,E,61.871428571428574
2017-07-15,N,58.042857142857144
2017-07-15,T,60.31071428571429
2017-07-16,D,59.324999999999996
2017-07-16,E,61.38928571428572
2017-07-16,N,58.135714285714286
2017-07-16,T,59.875
2017-07-17,D,62.36071428571428
2017-07-17,E,61.46071428571429
2017-07-17,N,57.19642857142857
2017-07-17,T,61.33571428571429
2017-07-18,D,62.626666666666665
2017-07-18,E,62.25333333333333
2017-07-18,N,56.36296296296296
2017-07-18,T,61.53333333333333
2017-07-19,D,63.03
2017-07-19,E,61.913333333333334
2017-07-19,N,56.78
2017-07-19,T,61.60666666666667
2017-07-20,D,62.574074074074076
2017-07-20,E,61.696296296296296
2017-07-20,N,56.53
2017-07-20,T,61.22222222222222
2017-07-21,D,62.288888888888884
2017-07-21,E,61.6925925925926
2017-07-21,N,56.74444444444444
2017-07-21,T,61.148148148148145
2017-07-22,D,60.1037037037037
2017-07-22,E,60.89259259259259
2017-07-22,N,57.074074074074076
2017-07-22,T,59.577777777777776
2017-07-23,D,59.285185185185185
2017-07-23,E,60.629629629629626
2017-07-23,N,56.903703703703705
2017-07-23,T,58.98518518518518
2017-07-24,D,62.351851851851855
2017-07-24,E,61.88148148148148
2017-07-24,N,55.88148148148148
2017-07-24,T,61.092592592592595
2017-07-25,D,62.333333333333336
2017-07-25,E,61.970370370370375
2017-07-25,N,56.337037037037035
2017-07-25,T,61.17407407407408
2017-07-26,D,62.30357142857143
2017-07-26,E,61.885714285714286
2017-07-26,N,56.25185185185185
2017-07-26,T,61.067857142857136
2017-07-27,D,62.30357142857143
2017-07-27,E,61.785714285714285
2017-07-27,N,56.57857142857143
2017-07-27,T,61.042857142857144
2017-07-28,D,62.08387096774193
2017-07-28,E,61.31290322580645
2017-07-28,N,56.63928571428572
2017-07-28,T,60.90967741935484
2017-07-29,D,60.012903225806454
2017-07-29,E,60.97741935483871
2017-07-29,N,57.21935483870968
2017-07-29,T,59.57419354838709
2017-07-30,D,59.07419354838709
2017-07-30,E,60.32258064516129
2017-07-30,N,56.99677419354838
2017-07-30,T,58.84838709677419
2017-07-31,D,61.777419354838706
2017-07-31,E,61.122580645161285
2017-07-31,N,56.13548387096775
2017-07-31,T,60.50322580645161
2017-08-01,D,62.016129032258064
2017-08-01,E,61.20645161290323
2017-08-01,N,55.858064516129026
2017-08-01,T,60.68387096774194
2017-08-02,D,61.70967741935484
2017-08-02,E,61.25806451612903
2017-08-02,N,55.983870967741936
2017-08-02,T,60.50645161290323
2017-08-03,D,61.82258064516129
2017-08-03,E,61.1483870967742
2017-08-03,N,56.49032258064516
2017-08-03,T,60.60645161290322
2017-08-04,D,61.53548387096774
2017-08-04,E,61.18387096774194
2017-08-04,N,56.52903225806452
2017-08-04,T,60.438709677419354
2017-08-05,D,59.49354838709677
2017-08-05,E,60.49032258064516
2017-08-05,N,57.02903225806452
2017-08-05,T,59.08709677419355
2017-08-06,D,58.79677419354839
2017-08-06,E,60.4483870967742
2017-08-06,N,56.71290322580645
2017-08-06,T,58.73870967741936
2017-08-07,D,61.55483870967742
2017-08-07,E,61.038709677419355
2017-08-07,N,55.832258064516125
2017-08-07,T,60.31290322580645
2017-08-08,D,61.50967741935484
2017-08-08,E,60.88709677419355
2017-08-08,N,55.52258064516129
2017-08-08,T,60.222580645161294
2017-08-09,D,62.28709677419355
2017-08-09,E,61.9225806451613
2017-08-09,N,55.68387096774194
2017-08-09,T,61.07741935483871
2017-08-10,D,61.806451612903224
2017-08-10,E,61.1741935483871
2017-08-10,N,56.86774193548387
2017-08-10,T,60.648387096774194
2017-08-11,D,61.619354838709675
2017-08-11,E,61.07096774193548
2017-08-11,N,56.24516129032258
2017-08-11,T,60.54838709677419
2017-08-12,D,59.28387096774193
2017-08-12,E,60.38709677419355
2017-08-12,N,56.20322580645161
2017-08-12,T,58.858064516129026
2017-08-13,D,58.62903225806452
2017-08-13,E,60.05806451612903
2017-08-13,N,56.00645161290323
2017-08-13,T,58.36774193548387
2017-08-14,D,60.400000000000006
2017-08-14,E,60.480645161290326
2017-08-14,N,55.438709677419354
2017-08-14,T,59.38387096774194
2017-08-15,D,59.016129032258064
2017-08-15,E,60.380645161290325
2017-08-15,N,55.512903225806454
2017-08-15,T,58.57419354838709
2017-08-16,D,61.01290322580645
2017-08-16,E,60.76129032258064
2017-08-16,N,55.47096774193548
2017-08-16,T,59.88387096774194
2017-08-17,D,61.15806451612904
2017-08-17,E,61.193548387096776
2017-08-17,N,56.03225806451613
2017-08-17,T,60.26451612903226
2017-08-18,D,61.41612903225807
2017-08-18,E,60.61290322580645
2017-08-18,N,55.877419354838715
2017-08-18,T,60.24193548387097
2017-08-19,D,59.25483870967742
2017-08-19,E,60.0258064516129
2017-08-19,N,56.12903225806452
2017-08-19,T,58.68709677419355
2017-08-20,D,58.36129032258064
2017-08-20,E,60.099999999999994
2017-08-20,N,55.96451612903226
2017-08-20,T,58.18064516129032
2017-08-21,D,61.65161290322581
2017-08-21,E,60.70967741935484
2017-08-21,N,55.33870967741935
2017-08-21,T,60.3
2017-08-22,D,61.58064516129032
2017-08-22,E,60.983870967741936
2017-08-22,N,55.3
2017-08-22,T,60.34516129032258
2017-08-23,D,61.38709677419355
2017-08-23,E,61.13225806451613
2017-08-23,N,55.70967741935484
2017-08-23,T,60.270967741935486
2017-08-24,D,61.47741935483871
2017-08-24,E,61.251612903225805
2017-08-24,N,55.92258064516129
2017-08-24,T,60.38709677419355
2017-08-25,D,61.16451612903226
2017-08-25,E,61.013333333333335
2017-08-25,N,55.980645161290326
2017-08-25,T,60.0516129032258
2017-08-26,D,59.50333333333333
2017-08-26,E,60.62
2017-08-26,N,56.263333333333335
2017-08-26,T,59.04333333333333
2017-08-27,D,59.46
2017-08-27,E,60.87
2017-08-27,N,56.31333333333334
2017-08-27,T,59.1
2017-08-28,D,64.40666666666667
2017-08-28,E,62.17333333333333
2017-08-28,N,56.74
2017-08-28,T,62.65333333333333
2017-08-29,D,62.29677419354839
2017-08-29,E,61.89032258064517
2017-08-29,N,55.36333333333334
2017-08-29,T,61.01290322580645
2017-08-30,D,62.24193548387097
2017-08-30,E,62.11333333333334
2017-08-30,N,55.938709677419354
2017-08-30,T,61.03666666666666
2017-08-31,D,62.69666666666667
2017-08-31,E,62.309999999999995
2017-08-31,N,55.93
2017-08-31,T,61.43666666666666
2017-09-01,D,62.21666666666667
2017-09-01,E,62.46666666666667
2017-09-01,N,56.586666666666666
2017-09-01,T,61.2
2017-09-02,D,60.513333333333335
2017-09-02,E,61.84666666666667
2017-09-02,N,57.730000000000004
2017-09-02,T,60.269999999999996
2017-09-03,D,59.74
2017-09-03,E,61.19666666666667
2017-09-03,N,57.64333333333333
2017-09-03,T,59.580000000000005
2017-09-04,D,62.15
2017-09-04,E,62.35
2017-09-04,N,56.29666666666667
2017-09-04,T,61.083333333333336
2017-09-05,D,62.72222222222222
2017-09-05,E,62.785185185185185
2017-09-05,N,56.276666666666664
2017-09-05,T,61.574074074074076
2017-09-06,D,62.88148148148148
2017-09-06,E,62.58148148148148
2017-09-06,N,56.696296296296296
2017-09-06,T,61.629629629629626
2017-09-07,D,62.69642857142857
2017-09-07,E,62.510714285714286
2017-09-07,N,56.670370370370364
2017-09-07,T,61.56071428571429
2017-09-08,D,62.48571428571428
2017-09-08,E,62.525
2017-09-08,N,56.96071428571429
2017-09-08,T,61.550000000000004
2017-09-09,D,61.13928571428572
2017-09-09,E,61.824999999999996
2017-09-09,N,57.82857142857143
2017-09-09,T,60.510714285714286
2017-09-10,D,60.25
2017-09-10,E,61.67142857142857
2017-09-10,N,57.06071428571429
2017-09-10,T,59.94285714285714
2017-09-11,D,63.01111111111111
2017-09-11,E,62.662962962962965
2017-09-11,N,56.714285714285715
2017-09-11,T,62.12222222222222
2017-09-12,D,62.93214285714286
2017-09-12,E,62.099999999999994
2017-09-12,N,56.2925925925926
2017-09-12,T,61.40714285714286
2017-09-13,D,62.642857142857146
2017-09-13,E,62.728571428571435
2017-09-13,N,56.28846153846154
2017-09-13,T,61.589285714285715
2017-09-14,D,61.97777777777778
2017-09-14,E,61.67407407407408
2017-09-14,N,56.596296296296295
2017-09-14,T,60.7962962962963
2017-09-15,D,62.52222222222222
2017-09-15,E,62.26296296296296
2017-09-15,N,56.41481481481482
2017-09-15,T,61.45925925925926
2017-09-16,D,60.75
2017-09-16,E,61.52307692307692
2017-09-16,N,56.86666666666667
2017-09-16,T,60.103846153846156
2017-09-17,D,59.43076923076923
2017-09-17,E,60.75
2017-09-17,N,56.815384615384616
2017-09-17,T,59.34615384615385
2017-09-18,D,62.46153846153846
2017-09-18,E,61.54615384615385
2017-09-18,N,55.76923076923077
2017-09-18,T,61.26538461538461
2017-09-19,D,62.65555555555556
2017-09-19,E,61.714814814814815
2017-09-19,N,54.95769230769231
2017-09-19,T,61.18518518518518
2017-09-20,D,62.44074074074074
2017-09-20,E,61.4962962962963
2017-09-20,N,55.27777777777778
2017-09-20,T,60.98148148148148
2017-09-21,D,62.092592592592595
2017-09-21,E,61.5
2017-09-21,N,56.425925925925924
2017-09-21,T,60.88148148148148
2017-09-22,D,62.46071428571429
2017-09-22,E,62.096428571428575
2017-09-22,N,55.992592592592594
2017-09-22,T,61.332142857142856
2017-09-23,D,60.714285714285715
2017-09-23,E,61.94285714285714
2017-09-23,N,56.478571428571435
2017-09-23,T,60.167857142857144
2017-09-24,D,59.80357142857143
2017-09-24,E,61.246428571428574
2017-09-24,N,57.21785714285714
2017-09-24,T,59.503571428571426
2017-09-25,D,62.175000000000004
2017-09-25,E,61.871428571428574
2017-09-25,N,55.61785714285714
2017-09-25,T,60.94285714285714
2017-09-26,D,62.824999999999996
2017-09-26,E,61.989285714285714
2017-09-26,N,55.396428571428565
2017-09-26,T,61.53928571428572
2017-09-27,D,63.135714285714286
2017-09-27,E,61.78928571428571
2017-09-27,N,55.55714285714286
2017-09-27,T,61.753571428571426
2017-09-28,D,63.53928571428571
2017-09-28,E,62.228571428571435
2017-09-28,N,55.978571428571435
2017-09-28,T,62.19642857142857
2017-09-29,D,63.435483870967744
2017-09-29,E,62.748387096774195
2017-09-29,N,55.975
2017-09-29,T,62.36774193548387
2017-09-30,D,60.99032258064516
2017-09-30,E,62.73548387096774
2017-09-30,N,57.806451612903224
2017-09-30,T,60.748387096774195
2017-10-01,D,60.60967741935484
2017-10-01,E,61.806451612903224
2017-10-01,N,57.42580645161291
2017-10-01,T,60.306451612903224
2017-10-02,D,63.45483870967742
2017-10-02,E,61.97096774193548
2017-10-02,N,55.877419354838715
2017-10-02,T,61.92903225806452
2017-10-03,D,63.21666666666667
2017-10-03,E,62.18333333333333
2017-10-03,N,55.66
2017-10-03,T,61.70666666666667
2017-10-04,D,63.42580645161291
2017-10-04,E,62.12580645161291
2017-10-04,N,55.88
2017-10-04,T,61.906451612903226
2017-10-05,D,64.21290322580644
2017-10-05,E,62.641935483870974
2017-10-05,N,56.20645161290323
2017-10-05,T,62.66451612903226
2017-10-06,D,63.099999999999994
2017-10-06,E,63.02903225806452
2017-10-06,N,57.12903225806452
2017-10-06,T,62.148387096774194
2017-10-07,D,61.019354838709674
2017-10-07,E,62.29032258064516
2017-10-07,N,57.619354838709675
2017-10-07,T,60.55806451612903
2017-10-08,D,60.46774193548387
2017-10-08,E,61.67741935483871
2017-10-08,N,57.483870967741936
2017-10-08,T,60.12580645161291
2017-10-09,D,63.275
2017-10-09,E,62.114285714285714
2017-10-09,N,56.12903225806452
2017-10-09,T,61.839285714285715
2017-10-10,D,63.333333333333336
2017-10-10,E,62.51481481481482
2017-10-10,N,55.903571428571425
2017-10-10,T,61.91481481481482
2017-10-11,D,63.346428571428575
2017-10-11,E,63.292857142857144
2017-10-11,N,56.407407407407405
2017-10-11,T,62.275
2017-10-12,D,62.45357142857143
2017-10-12,E,62.46071428571429
2017-10-12,N,58.121428571428574
2017-10-12,T,61.767857142857146
2017-10-13,D,62.32857142857143
2017-10-13,E,63.00714285714286
2017-10-13,N,57.025
2017-10-13,T,61.55714285714286
2017-10-14,D,61.239285714285714
2017-10-14,E,62.36785714285714
2017-10-14,N,57.79642857142857
2017-10-14,T,60.95357142857143
2017-10-15,D,60.36785714285714
2017-10-15,E,61.61071428571428
2017-10-15,N,58.07142857142857
2017-10-15,T,60.1
2017-10-16,D,63.11290322580645
2017-10-16,E,62.10967741935484
2017-10-16,N,56.03214285714286
2017-10-16,T,61.79032258064516
2017-10-17,D,63.13870967741936
2017-10-17,E,62.39032258064516
2017-10-17,N,55.722580645161294
2017-10-17,T,61.751612903225805
2017-10-18,D,64.85483870967742
2017-10-18,E,63.119354838709675
2017-10-18,N,57.81935483870968
2017-10-18,T,63.28064516129032
2017-10-19,D,63.40967741935484
2017-10-19,E,62.0
2017-10-19,N,56.806451612903224
2017-10-19,T,61.774193548387096
2017-10-20,D,63.377419354838715
2017-10-20,E,63.07419354838709
2017-10-20,N,56.71666666666667
2017-10-20,T,62.25806451612903
2017-10-21,D,61.73225806451613
2017-10-21,E,61.332258064516125
2017-10-21,N,57.47741935483871
2017-10-21,T,60.777419354838706
2017-10-22,D,61.016129032258064
2017-10-22,E,61.961290322580645
2017-10-22,N,56.9483870967742
2017-10-22,T,60.39032258064516
2017-10-23,D,63.220689655172414
2017-10-23,E,62.310344827586206
2017-10-23,N,55.880645161290325
2017-10-23,T,61.758620689655174
2017-10-24,D,63.5
2017-10-24,E,62.741379310344826
2017-10-24,N,56.48275862068966
2017-10-24,T,62.07241379310344
2017-10-25,D,63.5103448275862
2017-10-25,E,62.54137931034483
2017-10-25,N,56.52068965517241
2017-10-25,T,62.07241379310344
2017-10-26,D,63.234482758620686
2017-10-26,E,62.755172413793105
2017-10-26,N,56.65172413793104
2017-10-26,T,61.89655172413793
2017-10-27,D,63.45862068965517
2017-10-27,E,62.810344827586206
2017-10-27,N,57.42068965517242
2017-10-27,T,62.148275862068964
2017-10-28,D,61.56896551724138
2017-10-28,E,62.217241379310344
2017-10-28,N,57.682758620689654
2017-10-28,T,60.83793103448276
2017-10-29,D,60.86206896551724
2017-10-29,E,61.01379310344827
2017-10-29,N,57.43448275862069
2017-10-29,T,60.182758620689654
2017-10-30,D,63.45862068965517
2017-10-30,E,61.88620689655173
2017-10-30,N,55.98275862068966
2017-10-30,T,61.813793103448276
2017-10-31,D,63.80344827586207
2017-10-31,E,63.13103448275862
2017-10-31,N,55.80344827586207
2017-10-31,T,62.48275862068966
2017-11-01,D,61.20344827586207
2017-11-01,E,61.42758620689656
2017-11-01,N,58.77241379310345
2017-11-01,T,60.63448275862069
2017-11-02,D,63.10344827586207
2017-11-02,E,62.36896551724138
2017-11-02,N,55.87931034482759
2017-11-02,T,61.689655172413794
2017-11-03,D,63.45862068965517
2017-11-03,E,62.57241379310344
2017-11-03,N,56.63793103448276
2017-11-03,T,62.05862068965517
2017-11-04,D,62.20344827586207
2017-11-04,E,62.206896551724135
2017-11-04,N,58.6551724137931
2017-11-04,T,61.44827586206897
2017-11-05,D,61.44827586206897
2017-11-05,E,61.56551724137931
2017-11-05,N,57.56551724137931
2017-11-05,T,60.682758620689654
2017-11-06,D,63.269999999999996
2017-11-06,E,61.96
2017-11-06,N,56.5
2017-11-06,T,61.70666666666667
2017-11-07,D,63.2
2017-11-07,E,61.971428571428575
2017-11-07,N,55.60967741935484
2017-11-07,T,61.538709677419355
2017-11-08,D,62.26666666666666
2017-11-08,E,61.525
2017-11-08,N,54.64166666666667
2017-11-08,T,60.78333333333333
2017-11-09,D,61.01538461538462
2017-11-09,E,60.56923076923077
2017-11-09,N,55.73076923076923
2017-11-09,T,59.90384615384615
2017-11-10,D,63.246428571428574
2017-11-10,E,62.089285714285715
2017-11-10,N,55.95357142857143
2017-11-10,T,61.760714285714286
2017-11-11,D,61.346428571428575
2017-11-11,E,61.800000000000004
2017-11-11,N,56.878571428571426
2017-11-11,T,60.69285714285714
2017-11-12,D,61.232142857142854
2017-11-12,E,60.93928571428571
2017-11-12,N,56.864285714285714
2017-11-12,T,60.496428571428574
2017-11-13,D,63.03214285714286
2017-11-13,E,61.61071428571428
2017-11-13,N,55.68571428571429
2017-11-13,T,61.43214285714286
2017-11-14,D,62.82142857142857
2017-11-14,E,61.775
2017-11-14,N,55.324999999999996
2017-11-14,T,61.28214285714286
2017-11-15,D,63.403571428571425
2017-11-15,E,62.25714285714286
2017-11-15,N,56.292857142857144
2017-11-15,T,62.0
2017-11-16,D,63.5
2017-11-16,E,62.13333333333333
2017-11-16,N,56.525
2017-11-16,T,62.05555555555556
2017-11-17,D,63.233333333333334
2017-11-17,E,63.007407407407406
2017-11-17,N,57.214814814814815
2017-11-17,T,62.029629629629625
2017-11-18,D,62.32222222222222
2017-11-18,E,61.592592592592595
2017-11-18,N,58.166666666666664
2017-11-18,T,61.43333333333334
2017-11-19,D,60.72592592592593
2017-11-19,E,61.229629629629635
2017-11-19,N,57.72592592592592
2017-11-19,T,60.13333333333333
2017-11-20,D,63.21851851851852
2017-11-20,E,62.2074074074074
2017-11-20,N,56.43333333333334
2017-11-20,T,61.733333333333334
2017-11-21,D,63.1925925925926
2017-11-21,E,62.41481481481482
2017-11-21,N,56.01111111111111
2017-11-21,T,61.73703703703704
2017-11-22,D,63.407407407407405
2017-11-22,E,62.14074074074074
2017-11-22,N,56.214814814814815
2017-11-22,T,61.903703703703705
2017-11-23,D,63.170370370370364
2017-11-23,E,62.351851851851855
2017-11-23,N,56.39259259259259
2017-11-23,T,61.7925925925926
2017-11-24,D,63.32
2017-11-24,E,61.93666666666666
2017-11-24,N,57.681481481481484
2017-11-24,T,62.07666666666667
2017-11-25,D,61.89
2017-11-25,E,61.830000000000005
2017-11-25,N,57.666666666666664
2017-11-25,T,60.96
2017-11-26,D,60.75666666666667
2017-11-26,E,61.46
2017-11-26,N,57.10666666666667
2017-11-26,T,60.27333333333333
2017-11-27,D,63.056666666666665
2017-11-27,E,62.04666666666667
2017-11-27,N,56.07333333333334
2017-11-27,T,61.54666666666667
2017-11-28,D,63.983333333333334
2017-11-28,E,62.79666666666667
2017-11-28,N,55.60333333333333
2017-11-28,T,62.38666666666666
2017-11-29,D,63.986666666666665
2017-11-29,E,62.14333333333333
2017-11-29,N,55.263999999999996
2017-11-29,T,62.419999999999995
2017-11-30,D,63.32666666666667
2017-11-30,E,62.37
2017-11-30,N,56.25666666666667
2017-11-30,T,61.833333333333336
2017-12-01,D,63.730000000000004
2017-12-01,E,62.67333333333333
2017-12-01,N,57.13333333333333
2017-12-01,T,62.29
2017-12-02,D,61.72
2017-12-02,E,61.34
2017-12-02,N,57.736666666666665
2017-12-02,T,61.1
2017-12-03,D,59.85666666666667
2017-12-03,E,60.49666666666667
2017-12-03,N,56.88
2017-12-03,T,59.45666666666667
2017-12-04,D,63.974074074074075
2017-12-04,E,62.71851851851852
2017-12-04,N,55.38
2017-12-04,T,62.36666666666667
2017-12-05,D,63.803703703703704
2017-12-05,E,63.39259259259259
2017-12-05,N,57.088888888888896
2017-12-05,T,62.529629629629625
2017-12-06,D,61.84814814814815
2017-12-06,E,62.08148148148148
2017-12-06,N,57.974074074074075
2017-12-06,T,61.07037037037038
2017-12-07,D,63.574074074074076
2017-12-07,E,63.044444444444444
2017-12-07,N,57.56666666666666
2017-12-07,T,62.32222222222222
2017-12-08,D,61.31111111111112
2017-12-08,E,61.44444444444444
2017-12-08,N,57.04074074074074
2017-12-08,T,60.44814814814814
2017-12-09,D,62.077777777777776
2017-12-09,E,63.18888888888888
2017-12-09,N,57.170370370370364
2017-12-09,T,61.588888888888896
2017-12-10,D,62.11851851851852
2017-12-10,E,62.3
2017-12-10,N,57.05185185185186
2017-12-10,T,61.36296296296296
2017-12-11,D,64.3962962962963
2017-12-11,E,62.837037037037035
2017-12-11,N,60.12222222222222
2017-12-11,T,63.3
2017-12-12,D,64.225
2017-12-12,E,63.625
2017-12-12,N,56.84074074074074
2017-12-12,T,62.98571428571428
2017-12-13,D,64.22758620689655
2017-12-13,E,62.827586206896555
2017-12-13,N,57.364285714285714
2017-12-13,T,62.713793103448275
2017-12-14,D,63.851724137931036
2017-12-14,E,63.199999999999996
2017-12-14,N,57.210344827586205
2017-12-14,T,62.55172413793103
2017-12-15,D,63.748275862068965
2017-12-15,E,63.88275862068965
2017-12-15,N,57.851724137931036
2017-12-15,T,62.88965517241379
2017-12-16,D,62.734482758620686
2017-12-16,E,63.04137931034483
2017-12-16,N,58.779310344827586
2017-12-16,T,62.106896551724134
2017-12-17,D,61.93103448275862
2017-12-17,E,61.848275862068974
2017-12-17,N,58.99655172413794
2017-12-17,T,61.26206896551724
2017-12-18,D,64.13448275862069
2017-12-18,E,62.80344827586207
2017-12-18,N,57.03448275862069
2017-12-18,T,62.59655172413793
2017-12-19,D,63.91724137931034
2017-12-19,E,62.824137931034485
2017-12-19,N,56.93448275862069
2017-12-19,T,62.4448275862069
2017-12-20,D,63.96896551724138
2017-12-20,E,63.53103448275862
2017-12-20,N,57.689655172413794
2017-12-20,T,62.789655172413795
2017-12-21,D,64.13000000000001
2017-12-21,E,63.88666666666666
2017-12-21,N,57.96206896551725
2017-12-21,T,63.123333333333335
2017-12-22,D,64.13548387096775
2017-12-22,E,64.20967741935483
2017-12-22,N,58.37
2017-12-22,T,63.358064516129026
2017-12-23,D,62.55806451612903
2017-12-23,E,63.75806451612903
2017-12-23,N,58.44193548387097
2017-12-23,T,62.23548387096774
2017-12-24,D,62.435483870967744
2017-12-24,E,62.89354838709678
2017-12-24,N,57.306451612903224
2017-12-24,T,62.00967741935484
2017-12-25,D,60.46774193548387
2017-12-25,E,61.74193548387097
2017-12-25,N,61.667741935483875
2017-12-25,T,61.79032258064516
2017-12-26,D,63.73225806451613
2017-12-26,E,63.00645161290323
2017-12-26,N,56.59032258064516
2017-12-26,T,62.46774193548387
2017-12-27,D,63.50645161290323
2017-12-27,E,61.94193548387097
2017-12-27,N,58.29032258064516
2017-12-27,T,62.13225806451613
2017-12-28,D,63.516129032258064
2017-12-28,E,62.351612903225806
2017-12-28,N,56.58709677419355
2017-12-28,T,62.07419354838709
2017-12-29,D,63.73548387096774
2017-12-29,E,63.56774193548387
2017-12-29,N,56.935483870967744
2017-12-29,T,62.75806451612903
2017-12-30,D,62.12903225806452
2017-12-30,E,63.39677419354839
2017-12-30,N,57.190322580645166
2017-12-30,T,61.65483870967742
2017-12-31,D,62.46774193548387
2017-12-31,E,65.15483870967742
2017-12-31,N,57.435483870967744
2017-12-31,T,62.94516129032258
2018-01-01,D,60.6741935483871
2018-01-01,E,62.541935483870965
2018-01-01,N,68.9
2018-01-01,T,66.11290322580645
2018-01-02,D,62.84193548387096
2018-01-02,E,62.541935483870965
2018-01-02,N,55.75806451612903
2018-01-02,T,61.55806451612903
2018-01-03,D,63.145161290322584
2018-01-03,E,62.50645161290323
2018-01-03,N,56.52903225806452
2018-01-03,T,61.91612903225807
2018-01-04,D,63.190322580645166
2018-01-04,E,62.777419354838706
2018-01-04,N,56.58709677419355
2018-01-04,T,62.0
2018-01-05,D,63.806451612903224
2018-01-05,E,64.09032258064516
2018-01-05,N,56.97741935483871
2018-01-05,T,62.81935483870968
2018-01-06,D,63.332258064516125
2018-01-06,E,63.24333333333333
2018-01-06,N,59.57096774193548
2018-01-06,T,62.41935483870968
2018-01-07,D,62.309999999999995
2018-01-07,E,62.32666666666667
2018-01-07,N,58.71333333333334
2018-01-07,T,61.473333333333336
2018-01-08,D,63.809999999999995
2018-01-08,E,62.84
2018-01-08,N,57.36333333333334
2018-01-08,T,62.38
2018-01-09,D,64.15483870967742
2018-01-09,E,63.58387096774193
2018-01-09,N,56.24333333333333
2018-01-09,T,62.722580645161294
2018-01-10,D,64.87096774193549
2018-01-10,E,62.983870967741936
2018-01-10,N,57.13225806451613
2018-01-10,T,63.23870967741936
2018-01-11,D,64.35806451612903
2018-01-11,E,62.62903225806452
2018-01-11,N,57.13225806451613
2018-01-11,T,62.725806451612904
2018-01-12,D,64.3258064516129
2018-01-12,E,62.60645161290322
2018-01-12,N,57.02258064516129
2018-01-12,T,62.770967741935486
2018-01-13,D,63.3
2018-01-13,E,63.1483870967742
2018-01-13,N,57.68709677419355
2018-01-13,T,62.15161290322581
2018-01-14,D,61.75483870967742
2018-01-14,E,61.75483870967742
2018-01-14,N,57.880645161290325
2018-01-14,T,60.92903225806452
2018-01-15,D,63.60967741935484
2018-01-15,E,62.32258064516129
2018-01-15,N,56.87096774193548
2018-01-15,T,62.07419354838709
2018-01-16,D,63.564516129032256
2018-01-16,E,61.63548387096775
2018-01-16,N,56.45483870967742
2018-01-16,T,62.00645161290323
2018-01-17,D,63.67333333333333
2018-01-17,E,62.75666666666667
2018-01-17,N,56.96333333333334
2018-01-17,T,62.27333333333333
2018-01-18,D,63.309677419354834
2018-01-18,E,62.00322580645161
2018-01-18,N,56.12903225806452
2018-01-18,T,61.84193548387096
2018-01-19,D,63.58064516129032
2018-01-19,E,62.49032258064516
2018-01-19,N,56.8258064516129
2018-01-19,T,62.15161290322581
2018-01-20,D,62.119354838709675
2018-01-20,E,62.18709677419355
2018-01-20,N,58.11612903225806
2018-01-20,T,61.29354838709677
2018-01-21,D,61.39354838709678
2018-01-21,E,61.24193548387097
2018-01-21,N,57.52903225806452
2018-01-21,T,60.53548387096774
2018-01-22,D,63.42258064516129
2018-01-22,E,62.34516129032258
2018-01-22,N,56.13870967741936
2018-01-22,T,61.86129032258064
2018-01-23,D,63.567741935483866
2018-01-23,E,62.41935483870968
2018-01-23,N,56.20967741935484
2018-01-23,T,62.02258064516129
2018-01-24,D,63.44193548387097
2018-01-24,E,62.406451612903226
2018-01-24,N,56.70967741935484
2018-01-24,T,62.00967741935484
2018-01-25,D,64.24516129032257
2018-01-25,E,63.18064516129032
2018-01-25,N,56.541935483870965
2018-01-25,T,62.670967741935485
2018-01-26,D,63.74193548387097
2018-01-26,E,62.89032258064516
2018-01-26,N,57.42258064516129
2018-01-26,T,62.36774193548386
2018-01-27,D,62.093548387096774
2018-01-27,E,62.29032258064516
2018-01-27,N,57.83870967741935
2018-01-27,T,61.20645161290323
2018-01-28,D,61.61612903225806
2018-01-28,E,61.145161290322584
2018-01-28,N,57.648387096774194
2018-01-28,T,60.641935483870974
2018-01-29,D,63.251612903225805
2018-01-29,E,62.28064516129032
2018-01-29,N,56.093548387096774
2018-01-29,T,61.725806451612904
2018-01-30,D,63.277419354838706
2018-01-30,E,62.46774193548387
2018-01-30,N,56.225806451612904
2018-01-30,T,61.86129032258064
2018-01-31,D,63.306451612903224
2018-01-31,E,62.21290322580645
2018-01-31,N,56.63548387096775
2018-01-31,T,61.84516129032258
2018-02-01,D,63.63548387096775
2018-02-01,E,62.61612903225806
2018-02-01,N,56.49032258064516
2018-02-01,T,62.141935483870974
2018-02-03,D,61.73870967741936
2018-02-03,E,62.08064516129032
2018-02-03,N,57.50645161290323
2018-02-03,T,60.95483870967742
2018-02-04,D,63.61612903225806
2018-02-04,E,63.354838709677416
2018-02-04,N,57.403225806451616
2018-02-04,T,62.44516129032258
2018-02-05,D,65.43870967741935
2018-02-05,E,63.74516129032258
2018-02-05,N,57.02903225806452
2018-02-05,T,63.68709677419355
2018-02-06,D,63.854838709677416
2018-02-06,E,62.58064516129032
2018-02-06,N,56.829032258064515
2018-02-06,T,62.33548387096774
2018-02-07,D,63.78387096774193
2018-02-07,E,62.34516129032258
2018-02-07,N,56.358064516129026
2018-02-07,T,62.21935483870968
2018-02-08,D,63.593333333333334
2018-02-08,E,62.916666666666664
2018-02-08,N,56.880645161290325
2018-02-08,T,62.26333333333333
2018-02-09,D,63.78387096774193
2018-02-09,E,62.93225806451613
2018-02-09,N,57.0516129032258
2018-02-09,T,62.41290322580645
2018-02-10,D,62.2
2018-02-10,E,62.23
2018-02-10,N,57.84666666666667
2018-02-10,T,61.27333333333333
2018-02-11,D,61.27333333333333
2018-02-11,E,61.309999999999995
2018-02-11,N,57.72666666666667
2018-02-11,T,60.53
2018-02-12,D,63.026666666666664
2018-02-12,E,61.983333333333334
2018-02-12,N,55.806666666666665
2018-02-12,T,61.51333333333333
2018-02-13,D,63.512903225806454
2018-02-13,E,62.380645161290325
2018-02-13,N,55.97666666666667
2018-02-13,T,62.00322580645161
2018-02-14,D,63.729032258064514
2018-02-14,E,63.26451612903226
2018-02-14,N,56.274193548387096
2018-02-14,T,62.54516129032258
2018-02-15,D,63.18709677419355
2018-02-15,E,62.3
2018-02-15,N,57.28064516129032
2018-02-15,T,61.79354838709677
2018-02-16,D,63.10967741935484
2018-02-16,E,62.545161290322575
2018-02-16,N,56.435483870967744
2018-02-16,T,61.76774193548387
2018-02-17,D,61.4741935483871
2018-02-17,E,61.88709677419355
2018-02-17,N,57.33870967741935
2018-02-17,T,60.696774193548386
2018-02-18,D,60.832258064516125
2018-02-18,E,60.71935483870968
2018-02-18,N,57.38709677419355
2018-02-18,T,60.038709677419355
2018-02-19,D,63.26774193548387
2018-02-19,E,61.96451612903226
2018-02-19,N,55.68064516129033
2018-02-19,T,61.6741935483871
2018-02-20,D,63.061290322580646
2018-02-20,E,61.88709677419355
2018-02-20,N,55.86129032258064
2018-02-20,T,61.516129032258064
2018-02-21,D,63.251612903225805
2018-02-21,E,61.722580645161294
2018-02-21,N,55.858064516129026
2018-02-21,T,61.63225806451613
2018-02-22,D,61.79600000000001
2018-02-22,E,62.20645161290323
2018-02-22,N,56.880645161290325
2018-02-22,T,61.541935483870965
2018-02-23,D,62.89354838709678
2018-02-23,E,62.13548387096775
2018-02-23,N,56.380645161290325
2018-02-23,T,61.599999999999994
2018-02-24,D,61.538709677419355
2018-02-24,E,61.31612903225806
2018-02-24,N,56.96774193548387
2018-02-24,T,60.55806451612903
2018-02-25,D,60.74193548387097
2018-02-25,E,61.08387096774193
2018-02-25,N,57.3
2018-02-25,T,60.02258064516129
2018-02-26,D,62.693548387096776
2018-02-26,E,61.21612903225807
2018-02-26,N,55.8
2018-02-26,T,61.11612903225806
2018-02-27,D,63.78709677419355
2018-02-27,E,63.9483870967742
2018-02-27,N,54.622580645161285
2018-02-27,T,62.435483870967744
2018-02-28,D,65.44193548387096
2018-02-28,E,64.58387096774193
2018-02-28,N,58.53225806451613
2018-02-28,T,63.95161290322581
2018-03-01,D,66.22258064516129
2018-03-01,E,64.86451612903225
2018-03-01,N,58.119354838709675
2018-03-01,T,64.58064516129032
2018-03-02,D,65.5225806451613
2018-03-02,E,64.71290322580644
2018-03-02,N,57.722580645161294
2018-03-02,T,64.01935483870967
2018-03-03,D,63.07096774193548
2018-03-03,E,63.08064516129032
2018-03-03,N,59.61290322580645
2018-03-03,T,62.28709677419355
2018-03-04,D,61.62903225806452
2018-03-04,E,61.70967741935484
2018-03-04,N,59.91935483870968
2018-03-04,T,61.225806451612904
2018-03-05,D,64.81290322580645
2018-03-05,E,62.54838709677419
2018-03-05,N,57.900000000000006
2018-03-05,T,63.145161290322584
2018-03-06,D,64.40967741935484
2018-03-06,E,62.380645161290325
2018-03-06,N,56.20322580645161
2018-03-06,T,62.65483870967742
2018-03-07,D,63.400000000000006
2018-03-07,E,61.86129032258064
2018-03-07,N,56.73225806451613
2018-03-07,T,61.81612903225806
2018-03-08,D,63.9483870967742
2018-03-08,E,62.73548387096774
2018-03-08,N,57.49677419354839
2018-03-08,T,62.561290322580646
2018-03-09,D,65.40645161290323
2018-03-09,E,64.55483870967743
2018-03-09,N,57.60322580645161
2018-03-09,T,63.906451612903226
2018-03-10,D,64.28387096774193
2018-03-10,E,62.57419354838709
2018-03-10,N,59.167741935483875
2018-03-10,T,62.89032258064516
2018-03-11,D,62.7
2018-03-11,E,62.52903225806452
2018-03-11,N,59.13548387096775
2018-03-11,T,61.935483870967744
2018-03-12,D,63.987096774193546
2018-03-12,E,62.306451612903224
2018-03-12,N,56.90967741935484
2018-03-12,T,62.37096774193548
2018-03-13,D,63.964516129032255
2018-03-13,E,62.722580645161294
2018-03-13,N,56.65483870967742
2018-03-13,T,62.519354838709674
2018-03-14,D,65.37741935483871
2018-03-14,E,65.48387096774194
2018-03-14,N,56.596774193548384
2018-03-14,T,64.03225806451613
2018-03-15,D,64.41290322580645
2018-03-15,E,62.89677419354839
2018-03-15,N,58.28387096774193
2018-03-15,T,62.88387096774194
2018-03-16,D,64.3741935483871
2018-03-16,E,62.74193548387097
2018-03-16,N,57.3
2018-03-16,T,62.79677419354839
2018-03-17,D,63.49677419354838
2018-03-17,E,61.983870967741936
2018-03-17,N,58.16129032258065
2018-03-17,T,62.10322580645161
2018-03-18,D,61.303225806451614
2018-03-18,E,60.94193548387097
2018-03-18,N,57.71290322580645
2018-03-18,T,60.50645161290323
2018-03-19,D,64.9258064516129
2018-03-19,E,62.519354838709674
2018-03-19,N,56.11612903225806
2018-03-19,T,63.13225806451613
2018-03-20,D,64.22258064516129
2018-03-20,E,62.880645161290325
2018-03-20,N,56.31935483870968
2018-03-20,T,62.62903225806452
2018-03-21,D,63.432258064516134
2018-03-21,E,62.277419354838706
2018-03-21,N,56.63225806451613
2018-03-21,T,61.92903225806452
2018-03-22,D,63.55483870967742
2018-03-22,E,62.5516129032258
2018-03-22,N,56.70322580645161
2018-03-22,T,62.18387096774194
2018-03-23,D,63.87419354838709
2018-03-23,E,63.33548387096774
2018-03-23,N,56.94193548387097
2018-03-23,T,62.645161290322584
2018-03-24,D,63.02903225806452
2018-03-24,E,61.596774193548384
2018-03-24,N,60.487096774193546
2018-03-24,T,62.20967741935484
2018-03-25,D,60.65161290322581
2018-03-25,E,61.648387096774194
2018-03-25,N,56.132
2018-03-25,T,60.41612903225807
2018-03-26,D,62.95483870967742
2018-03-26,E,62.277419354838706
2018-03-26,N,55.68709677419355
2018-03-26,T,61.6
2018-03-27,D,62.71935483870968
2018-03-27,E,62.15483870967742
2018-03-27,N,55.73548387096774
2018-03-27,T,61.34838709677419
2018-03-28,D,62.45161290322581
2018-03-28,E,61.66451612903226
2018-03-28,N,55.99354838709677
2018-03-28,T,61.08387096774193
2018-03-29,D,60.26129032258064
2018-03-29,E,61.02903225806452
2018-03-29,N,55.81935483870968
2018-03-29,T,59.50322580645161
2018-03-30,D,60.3
2018-03-30,E,61.49032258064516
2018-03-30,N,56.54516129032258
2018-03-30,T,59.877419354838715
2018-03-31,D,60.28064516129032
2018-03-31,E,61.067741935483866
2018-03-31,N,57.10322580645161
2018-03-31,T,59.65483870967742
2018-04-01,D,60.170967741935485
2018-04-01,E,61.332258064516125
2018-04-01,N,56.248387096774195
2018-04-01,T,59.62580645161291
2018-04-02,D,62.63225806451613
2018-04-02,E,61.9741935483871
2018-04-02,N,56.067741935483866
2018-04-02,T,61.248387096774195
2018-04-03,D,63.829032258064515
2018-04-03,E,62.119354838709675
2018-04-03,N,56.70322580645161
2018-04-03,T,62.29032258064516
2018-04-04,D,63.86451612903225
2018-04-04,E,62.222580645161294
2018-04-04,N,56.20967741935484
2018-04-04,T,62.21290322580645
2018-04-05,D,63.28064516129032
2018-04-05,E,62.25806451612903
2018-04-05,N,56.225806451612904
2018-04-05,T,61.83548387096774
2018-04-06,D,63.49032258064516
2018-04-06,E,63.94516129032258
2018-04-06,N,56.65806451612904
2018-04-06,T,62.34838709677419
2018-04-07,D,62.58709677419355
2018-04-07,E,62.23225806451613
2018-04-07,N,57.66451612903226
2018-04-07,T,61.567741935483866
2018-04-08,D,61.35806451612903
2018-04-08,E,61.5
2018-04-08,N,57.73548387096774
2018-04-08,T,60.55806451612903
2018-04-09,D,64.40967741935484
2018-04-09,E,62.377419354838715
2018-04-09,N,56.751612903225805
2018-04-09,T,62.70967741935484
2018-04-10,D,65.72258064516129
2018-04-10,E,64.63225806451612
2018-04-10,N,56.20645161290323
2018-04-10,T,64.0225806451613
2018-04-11,D,64.16129032258064
2018-04-11,E,62.380645161290325
2018-04-11,N,56.599999999999994
2018-04-11,T,62.49677419354839
2018-04-12,D,63.86451612903225
2018-04-12,E,63.87096774193548
2018-04-12,N,56.84838709677419
2018-04-12,T,62.696774193548386
2018-04-13,D,63.599999999999994
2018-04-13,E,62.72666666666667
2018-04-13,N,58.648387096774194
2018-04-13,T,62.351612903225806
2018-04-14,D,62.18709677419355
2018-04-14,E,62.461290322580645
2018-04-14,N,57.70666666666667
2018-04-14,T,61.358064516129026
2018-04-15,D,61.041935483870965
2018-04-15,E,61.71290322580645
2018-04-15,N,57.28064516129032
2018-04-15,T,60.487096774193546
2018-04-16,D,63.222580645161294
2018-04-16,E,61.17857142857143
2018-04-16,N,58.44193548387097
2018-04-16,T,61.829032258064515
2018-04-17,D,63.5
2018-04-17,E,62.251612903225805
2018-04-17,N,55.89354838709678
2018-04-17,T,61.932258064516134
2018-04-18,D,63.10645161290322
2018-04-18,E,62.23870967741936
2018-04-18,N,56.37419354838709
2018-04-18,T,61.66451612903226
2018-04-19,D,63.28387096774193
2018-04-19,E,61.83870967741935
2018-04-19,N,56.461290322580645
2018-04-19,T,61.8258064516129
2018-04-20,D,63.46333333333334
2018-04-20,E,62.75666666666667
2018-04-20,N,56.04516129032258
2018-04-20,T,62.03333333333333
2018-04-21,D,62.06666666666667
2018-04-21,E,62.6
2018-04-21,N,57.13103448275862
2018-04-21,T,61.41
2018-04-22,D,60.57666666666667
2018-04-22,E,61.24666666666667
2018-04-22,N,57.11333333333334
2018-04-22,T,59.93
2018-04-23,D,63.303333333333335
2018-04-23,E,61.63333333333333
2018-04-23,N,55.60666666666667
2018-04-23,T,61.68666666666666
2018-04-24,D,63.34838709677419
2018-04-24,E,61.95161290322581
2018-04-24,N,55.516666666666666
2018-04-24,T,61.83548387096774
2018-04-25,D,62.854838709677416
2018-04-25,E,61.72258064516129
2018-04-25,N,55.877419354838715
2018-04-25,T,61.49032258064516
2018-04-26,D,62.78387096774193
2018-04-26,E,62.0516129032258
2018-04-26,N,56.03225806451613
2018-04-26,T,61.45483870967742
2018-04-27,D,62.86451612903225
2018-04-27,E,62.693548387096776
2018-04-27,N,55.9741935483871
2018-04-27,T,61.65806451612904
2018-04-28,D,60.84516129032258
2018-04-28,E,61.23870967741936
2018-04-28,N,57.038709677419355
2018-04-28,T,60.03548387096774
2018-04-29,D,61.263333333333335
2018-04-29,E,61.019999999999996
2018-04-29,N,57.11333333333334
2018-04-29,T,60.35
2018-04-30,D,62.667741935483875
2018-04-30,E,61.60967741935484
2018-04-30,N,55.5
2018-04-30,T,61.18064516129032
2018-05-01,D,59.76129032258064
2018-05-01,E,60.78387096774193
2018-05-01,N,55.806451612903224
2018-05-01,T,59.20645161290323
2018-05-02,D,60.50967741935484
2018-05-02,E,61.07741935483871
2018-05-02,N,56.46774193548387
2018-05-02,T,59.693548387096776
2018-05-03,D,62.97096774193548
2018-05-03,E,62.12580645161291
2018-05-03,N,56.038709677419355
2018-05-03,T,61.82258064516129
2018-05-04,D,63.329032258064515
2018-05-04,E,63.02258064516129
2018-05-04,N,56.81612903225806
2018-05-04,T,62.23870967741936
2018-05-05,D,62.093548387096774
2018-05-05,E,62.119354838709675
2018-05-05,N,56.91935483870968
2018-05-05,T,61.20322580645161
2018-05-06,D,60.5516129032258
2018-05-06,E,61.49032258064516
2018-05-06,N,57.196774193548386
2018-05-06,T,60.041935483870965
2018-05-07,D,63.06666666666667
2018-05-07,E,63.30333333333333
2018-05-07,N,56.94666666666667
2018-05-07,T,61.97
2018-05-08,D,63.170967741935485
2018-05-08,E,61.432258064516134
2018-05-08,N,56.080000000000005
2018-05-08,T,61.648387096774194
2018-05-09,D,62.89354838709678
2018-05-09,E,61.50322580645161
2018-05-09,N,55.54516129032258
2018-05-09,T,61.351612903225806
2018-05-10,D,62.86451612903225
2018-05-10,E,62.28064516129032
2018-05-10,N,55.722580645161294
2018-05-10,T,61.5258064516129
2018-05-11,D,62.89354838709678
2018-05-11,E,62.57419354838709
2018-05-11,N,56.406451612903226
2018-05-11,T,61.62903225806452
2018-05-12,D,60.88387096774194
2018-05-12,E,61.40967741935484
2018-05-12,N,57.277419354838706
2018-05-12,T,60.20645161290322
2018-05-13,D,60.512903225806454
2018-05-13,E,61.29032258064516
2018-05-13,N,56.74516129032258
2018-05-13,T,59.84193548387097
2018-05-14,D,62.65161290322581
2018-05-14,E,62.16129032258065
2018-05-14,N,55.306451612903224
2018-05-14,T,61.31612903225806
2018-05-15,D,60.774193548387096
2018-05-15,E,61.46774193548387
2018-05-15,N,56.277419354838706
2018-05-15,T,60.03548387096774
2018-05-16,D,62.49677419354839
2018-05-16,E,61.693548387096776
2018-05-16,N,56.86451612903225
2018-05-16,T,61.47096774193548
2018-05-17,D,62.81612903225806
2018-05-17,E,61.79354838709677
2018-05-17,N,56.774193548387096
2018-05-17,T,61.47741935483871
2018-05-18,D,63.11612903225806
2018-05-18,E,62.141935483870974
2018-05-18,N,56.829032258064515
2018-05-18,T,61.75483870967742
2018-05-19,D,60.82258064516129
2018-05-19,E,61.95483870967742
2018-05-19,N,56.880645161290325
2018-05-19,T,60.20322580645161
2018-05-20,D,60.33548387096774
2018-05-20,E,61.225806451612904
2018-05-20,N,57.019354838709674
2018-05-20,T,59.777419354838706
2018-05-21,D,62.36129032258064
2018-05-21,E,63.438709677419354
2018-05-21,N,55.5
2018-05-21,T,61.42258064516129
2018-05-22,D,62.94516129032258
2018-05-22,E,62.309677419354834
2018-05-22,N,55.95161290322581
2018-05-22,T,61.55161290322581
2018-05-23,D,62.9483870967742
2018-05-23,E,62.84193548387096
2018-05-23,N,56.07096774193548
2018-05-23,T,61.62580645161291
2018-05-24,D,62.79677419354839
2018-05-24,E,62.20645161290323
2018-05-24,N,55.99677419354839
2018-05-24,T,61.42258064516129
2018-05-25,D,64.55483870967743
2018-05-25,E,63.932258064516134
2018-05-25,N,62.358064516129026
2018-05-25,T,64.14838709677419
2018-05-26,D,61.90967741935484
2018-05-26,E,63.23225806451613
2018-05-26,N,57.354838709677416
2018-05-26,T,61.80967741935484
2018-05-27,D,60.47741935483871
2018-05-27,E,61.70967741935484
2018-05-27,N,59.519354838709674
2018-05-27,T,60.5
2018-05-28,D,63.932258064516134
2018-05-28,E,62.86774193548387
2018-05-28,N,56.4741935483871
2018-05-28,T,62.49354838709677
2018-05-29,D,63.41612903225807
2018-05-29,E,62.70322580645161
2018-05-29,N,56.36129032258064
2018-05-29,T,62.038709677419355
2018-05-30,D,63.46451612903226
2018-05-30,E,62.3258064516129
2018-05-30,N,56.1741935483871
2018-05-30,T,61.99354838709677
2018-05-31,D,63.099999999999994
2018-05-31,E,62.39354838709678
2018-05-31,N,56.11290322580645
2018-05-31,T,61.690322580645166
2018-06-01,D,62.99354838709677
2018-06-01,E,63.16451612903226
2018-06-01,N,56.73225806451613
2018-06-01,T,62.00645161290323
2018-06-02,D,61.89666666666667
2018-06-02,E,64.14333333333333
2018-06-02,N,58.306666666666665
2018-06-02,T,61.66
2018-06-03,D,60.69666666666667
2018-06-03,E,61.68
2018-06-03,N,57.733333333333334
2018-06-03,T,60.223333333333336
2018-06-04,D,62.96
2018-06-04,E,62.19666666666667
2018-06-04,N,56.10333333333333
2018-06-04,T,61.53333333333333
2018-06-05,D,62.777419354838706
2018-06-05,E,61.89354838709678
2018-06-05,N,55.34193548387096
2018-06-05,T,61.29354838709677
2018-06-06,D,63.44193548387097
2018-06-06,E,62.7
2018-06-06,N,56.50967741935484
2018-06-06,T,62.167741935483875
2018-06-07,D,62.88709677419355
2018-06-07,E,62.16129032258065
2018-06-07,N,56.248387096774195
2018-06-07,T,61.483870967741936
2018-06-08,D,63.88387096774194
2018-06-08,E,63.225806451612904
2018-06-08,N,56.932258064516134
2018-06-08,T,62.60322580645161
2018-06-09,D,61.79354838709677
2018-06-09,E,61.91290322580645
2018-06-09,N,57.25806451612903
2018-06-09,T,60.94516129032258
2018-06-10,D,60.354838709677416
2018-06-10,E,61.36451612903225
2018-06-10,N,57.29032258064516
2018-06-10,T,59.86451612903225
2018-06-11,D,62.65483870967742
2018-06-11,E,61.61612903225806
2018-06-11,N,55.91290322580645
2018-06-11,T,61.18709677419355
2018-06-12,D,62.71612903225807
2018-06-12,E,62.17741935483871
2018-06-12,N,55.61290322580645
2018-06-12,T,61.358064516129026
2018-06-13,D,62.50967741935484
2018-06-13,E,62.225806451612904
2018-06-13,N,55.94516129032258
2018-06-13,T,61.222580645161294
2018-06-14,D,62.70322580645161
2018-06-14,E,62.21612903225807
2018-06-14,N,56.21290322580645
2018-06-14,T,61.41290322580645
2018-06-15,D,62.59354838709677
2018-06-15,E,62.038709677419355
2018-06-15,N,56.538709677419355
2018-06-15,T,61.33870967741935
2018-06-16,D,60.6741935483871
2018-06-16,E,61.44193548387097
2018-06-16,N,57.251612903225805
2018-06-16,T,60.11612903225806
2018-06-17,D,59.8
2018-06-17,E,61.39677419354839
2018-06-17,N,57.019354838709674
2018-06-17,T,59.541935483870965
2018-06-18,D,62.26129032258064
2018-06-18,E,61.81290322580645
2018-06-18,N,56.196774193548386
2018-06-18,T,60.96774193548387
2018-06-19,D,62.53548387096774
2018-06-19,E,61.748387096774195
2018-06-19,N,55.88387096774194
2018-06-19,T,61.122580645161285
2018-06-20,D,62.68064516129032
2018-06-20,E,61.96451612903226
2018-06-20,N,55.777419354838706
2018-06-20,T,61.32258064516129
2018-06-21,D,62.21290322580645
2018-06-21,E,61.983870967741936
2018-06-21,N,56.403225806451616
2018-06-21,T,61.00967741935484
2018-06-22,D,62.25806451612903
2018-06-22,E,62.377419354838715
2018-06-22,N,56.9483870967742
2018-06-22,T,61.23225806451613
2018-06-23,D,60.08064516129032
2018-06-23,E,60.91935483870968
2018-06-23,N,57.4483870967742
2018-06-23,T,59.61612903225806
2018-06-24,D,59.63225806451613
2018-06-24,E,60.71612903225807
2018-06-24,N,56.91290322580645
2018-06-24,T,59.3
2018-06-25,D,62.18387096774194
2018-06-25,E,61.480645161290326
2018-06-25,N,56.03225806451613
2018-06-25,T,60.854838709677416
2018-06-26,D,62.38709677419355
2018-06-26,E,61.95161290322581
2018-06-26,N,56.10645161290322
2018-06-26,T,61.07419354838709
2018-06-27,D,62.99032258064516
2018-06-27,E,61.91612903225807
2018-06-27,N,56.25483870967742
2018-06-27,T,61.63225806451614
2018-06-28,D,62.29032258064516
2018-06-28,E,61.96451612903226
2018-06-28,N,56.57741935483871
2018-06-28,T,61.14193548387097
2018-06-29,D,62.31612903225806
2018-06-29,E,62.1741935483871
2018-06-29,N,56.961290322580645
2018-06-29,T,61.196774193548386
2018-06-30,D,60.73225806451613
2018-06-30,E,61.3258064516129
2018-06-30,N,57.55483870967742
2018-06-30,T,60.1741935483871
2018-07-01,D,59.54516129032258
2018-07-01,E,61.16129032258065
2018-07-01,N,57.10645161290322
2018-07-01,T,59.329032258064515
2018-07-02,D,62.277419354838706
2018-07-02,E,61.76451612903226
2018-07-02,N,56.36129032258064
2018-07-02,T,61.019354838709674
2018-07-03,D,62.225806451612904
2018-07-03,E,61.79032258064516
2018-07-03,N,55.88387096774194
2018-07-03,T,60.954838709677425
2018-07-04,D,62.207142857142856
2018-07-04,E,62.050000000000004
2018-07-04,N,56.49032258064516
2018-07-04,T,61.089285714285715
2018-07-05,D,62.510714285714286
2018-07-05,E,62.635714285714286
2018-07-05,N,56.739285714285714
2018-07-05,T,61.68571428571429
2018-07-06,D,62.699999999999996
2018-07-06,E,62.332142857142856
2018-07-06,N,57.43928571428571
2018-07-06,T,61.771428571428565
2018-07-07,D,60.621428571428574
2018-07-07,E,62.81428571428571
2018-07-07,N,58.31785714285714
2018-07-07,T,61.23571428571428
2018-07-08,D,59.392857142857146
2018-07-08,E,60.68928571428571
2018-07-08,N,58.82857142857143
2018-07-08,T,59.92857142857143
2018-07-09,D,61.9
2018-07-09,E,61.410714285714285
2018-07-09,N,56.392857142857146
2018-07-09,T,60.67142857142857
2018-07-10,D,62.225
2018-07-10,E,61.653571428571425
2018-07-10,N,56.36071428571428
2018-07-10,T,60.971428571428575
2018-07-11,D,62.542857142857144
2018-07-11,E,61.86785714285714
2018-07-11,N,56.339285714285715
2018-07-11,T,61.31428571428571
2018-07-12,D,62.207142857142856
2018-07-12,E,62.21071428571429
2018-07-12,N,56.71785714285714
2018-07-12,T,61.142857142857146
2018-07-13,D,62.43214285714286
2018-07-13,E,62.11071428571428
2018-07-13,N,57.29642857142857
2018-07-13,T,61.36785714285714
2018-07-14,D,60.364285714285714
2018-07-14,E,61.68214285714286
2018-07-14,N,57.857142857142854
2018-07-14,T,60.18214285714286
2018-07-15,D,59.864285714285714
2018-07-15,E,61.603571428571435
2018-07-15,N,57.86071428571428
2018-07-15,T,59.86071428571428
2018-07-16,D,62.25714285714286
2018-07-16,E,61.675000000000004
2018-07-16,N,56.31071428571429
2018-07-16,T,61.07857142857143
2018-07-17,D,62.24814814814815
2018-07-17,E,61.711111111111116
2018-07-17,N,56.15714285714286
2018-07-17,T,61.007407407407406
2018-07-18,D,62.285185185185185
2018-07-18,E,61.91481481481482
2018-07-18,N,56.422222222222224
2018-07-18,T,61.28928571428571
2018-07-19,D,62.15185185185185
2018-07-19,E,61.76296296296296
2018-07-19,N,56.46666666666666
2018-07-19,T,60.911111111111104
2018-07-20,D,62.12222222222222
2018-07-20,E,62.05925925925926
2018-07-20,N,56.42307692307692
2018-07-20,T,61.088888888888896
2018-07-21,D,59.92962962962962
2018-07-21,E,61.25555555555556
2018-07-21,N,56.851851851851855
2018-07-21,T,59.56296296296296
2018-07-22,D,59.62592592592593
2018-07-22,E,60.65555555555556
2018-07-22,N,56.855555555555554
2018-07-22,T,59.17407407407408
2018-07-23,D,62.18518518518518
2018-07-23,E,61.529629629629625
2018-07-23,N,55.84444444444444
2018-07-23,T,60.86666666666667
2018-07-24,D,62.24814814814815
2018-07-24,E,61.43333333333334
2018-07-24,N,55.81481481481482
2018-07-24,T,60.8962962962963
2018-07-25,D,62.644444444444446
2018-07-25,E,61.44074074074074
2018-07-25,N,55.63703703703704
2018-07-25,T,61.22222222222222
2018-07-26,D,62.681481481481484
2018-07-26,E,61.62222222222222
2018-07-26,N,56.36666666666667
2018-07-26,T,61.35925925925926
2018-07-27,D,61.911111111111104
2018-07-27,E,61.833333333333336
2018-07-27,N,56.24444444444444
2018-07-27,T,60.837037037037035
2018-07-28,D,59.903703703703705
2018-07-28,E,60.84814814814815
2018-07-28,N,57.08148148148148
2018-07-28,T,59.470370370370375
2018-07-29,D,59.17407407407408
2018-07-29,E,60.28148148148148
2018-07-29,N,56.2962962962963
2018-07-29,T,58.75925925925926
2018-07-30,D,61.4962962962963
2018-07-30,E,60.94814814814814
2018-07-30,N,55.588888888888896
2018-07-30,T,60.25555555555556
2018-07-31,D,61.44444444444444
2018-07-31,E,60.992592592592594
2018-07-31,N,55.507407407407406
2018-07-31,T,60.214814814814815
2018-08-01,D,61.583333333333336
2018-08-01,E,61.09666666666667
2018-08-01,N,55.85925925925926
2018-08-01,T,60.526666666666664
2018-08-02,D,61.43333333333333
2018-08-02,E,61.50689655172414
2018-08-02,N,55.92333333333333
2018-08-02,T,60.37
2018-08-03,D,61.46
2018-08-03,E,61.02333333333333
2018-08-03,N,56.275862068965516
2018-08-03,T,60.38333333333333
2018-08-04,D,59.48666666666667
2018-08-04,E,60.04333333333333
2018-08-04,N,55.973333333333336
2018-08-04,T,58.84
2018-08-05,D,58.43333333333333
2018-08-05,E,59.90333333333333
2018-08-05,N,55.940000000000005
2018-08-05,T,58.266666666666666
2018-08-06,D,61.49354838709677
2018-08-06,E,61.24516129032258
2018-08-06,N,55.63333333333333
2018-08-06,T,60.34838709677419
2018-08-07,D,61.28333333333333
2018-08-07,E,60.84666666666667
2018-08-07,N,55.14
2018-08-07,T,60.04666666666666
2018-08-08,D,61.36774193548387
2018-08-08,E,60.91612903225807
2018-08-08,N,55.20645161290323
2018-08-08,T,60.13870967741936
2018-08-09,D,61.78709677419355
2018-08-09,E,60.88387096774194
2018-08-09,N,55.75483870967742
2018-08-09,T,60.54516129032258
2018-08-10,D,61.170967741935485
2018-08-10,E,61.00967741935484
2018-08-10,N,56.74193548387097
2018-08-10,T,60.309677419354834
2018-08-11,D,58.99354838709677
2018-08-11,E,60.13225806451613
2018-08-11,N,56.274193548387096
2018-08-11,T,58.648387096774194
2018-08-12,D,58.23870967741936
2018-08-12,E,59.832258064516125
2018-08-12,N,55.74516129032258
2018-08-12,T,58.03548387096774
2018-08-13,D,61.041935483870965
2018-08-13,E,60.25483870967742
2018-08-13,N,55.222580645161294
2018-08-13,T,59.73225806451613
2018-08-14,D,61.251612903225805
2018-08-14,E,60.596774193548384
2018-08-14,N,55.15806451612904
2018-08-14,T,60.096774193548384
2018-08-15,D,58.670967741935485
2018-08-15,E,59.987096774193546
2018-08-15,N,56.099999999999994
2018-08-15,T,58.438709677419354
2018-08-16,D,61.07096774193548
2018-08-16,E,60.512903225806454
2018-08-16,N,55.49354838709677
2018-08-16,T,59.89032258064517
2018-08-17,D,60.693548387096776
2018-08-17,E,60.74193548387097
2018-08-17,N,55.270967741935486
2018-08-17,T,59.66451612903226
2018-08-18,D,58.78709677419355
2018-08-18,E,60.21935483870968
2018-08-18,N,56.0
2018-08-18,T,58.47741935483871
2018-08-19,D,58.70645161290323
2018-08-19,E,60.067741935483866
2018-08-19,N,55.432258064516134
2018-08-19,T,58.45483870967742
2018-08-20,D,60.693548387096776
2018-08-20,E,60.28387096774193
2018-08-20,N,55.774193548387096
2018-08-20,T,59.54838709677419
2018-08-21,D,61.25483870967742
2018-08-21,E,60.380645161290325
2018-08-21,N,54.877419354838715
2018-08-21,T,59.88387096774194
2018-08-22,D,61.55483870967742
2018-08-22,E,60.68387096774194
2018-08-22,N,55.41935483870968
2018-08-22,T,60.21290322580645
2018-08-23,D,61.16129032258065
2018-08-23,E,60.52903225806452
2018-08-23,N,55.099999999999994
2018-08-23,T,59.87419354838709
2018-08-24,D,61.351612903225806
2018-08-24,E,60.377419354838715
2018-08-24,N,55.58709677419355
2018-08-24,T,60.064516129032256
2018-08-25,D,58.84516129032258
2018-08-25,E,59.854838709677416
2018-08-25,N,55.770967741935486
2018-08-25,T,58.37096774193548
2018-08-26,D,58.306451612903224
2018-08-26,E,60.626666666666665
2018-08-26,N,55.91290322580645
2018-08-26,T,58.329032258064515
2018-08-27,D,61.17741935483871
2018-08-27,E,60.79354838709677
2018-08-27,N,55.54
2018-08-27,T,60.00967741935484
2018-08-28,D,61.65161290322581
2018-08-28,E,61.07096774193548
2018-08-28,N,55.309677419354834
2018-08-28,T,60.329032258064515
2018-08-29,D,61.593548387096774
2018-08-29,E,60.97741935483871
2018-08-29,N,55.31290322580645
2018-08-29,T,60.28387096774193
2018-08-30,D,62.403225806451616
2018-08-30,E,61.51290322580645
2018-08-30,N,55.754838709677415
2018-08-30,T,61.067741935483866
2018-08-31,D,61.78387096774193
2018-08-31,E,61.18387096774194
2018-08-31,N,55.88387096774194
2018-08-31,T,60.54516129032258
2018-09-01,D,59.57096774193548
2018-09-01,E,60.91935483870968
2018-09-01,N,56.42903225806452
2018-09-01,T,59.248387096774195
2018-09-02,D,59.10967741935484
2018-09-02,E,60.42580645161291
2018-09-02,N,57.12580645161291
2018-09-02,T,59.351612903225806
2018-09-03,D,61.987096774193546
2018-09-03,E,61.31935483870968
2018-09-03,N,57.903225806451616
2018-09-03,T,60.79677419354839
2018-09-04,D,62.13214285714286
2018-09-04,E,61.725
2018-09-04,N,55.57096774193548
2018-09-04,T,60.82857142857143
2018-09-05,D,62.449999999999996
2018-09-05,E,61.82857142857143
2018-09-05,N,55.69285714285714
2018-09-05,T,61.107142857142854
2018-09-06,D,62.81071428571429
2018-09-06,E,62.074999999999996
2018-09-06,N,55.996428571428574
2018-09-06,T,61.417857142857144
2018-09-07,D,62.55714285714286
2018-09-07,E,62.90714285714286
2018-09-07,N,56.775
2018-09-07,T,61.732142857142854
2018-09-08,D,61.225
2018-09-08,E,61.83571428571429
2018-09-08,N,57.59285714285714
2018-09-08,T,60.903571428571425
2018-09-09,D,59.778571428571425
2018-09-09,E,61.09285714285714
2018-09-09,N,56.978571428571435
2018-09-09,T,59.596428571428575
2018-09-10,D,62.28928571428571
2018-09-10,E,61.714285714285715
2018-09-10,N,56.59285714285714
2018-09-10,T,61.292857142857144
2018-09-11,D,62.528571428571425
2018-09-11,E,61.846428571428575
2018-09-11,N,55.18571428571429
2018-09-11,T,61.121428571428574
2018-09-12,D,62.621428571428574
2018-09-12,E,62.06785714285714
2018-09-12,N,55.760714285714286
2018-09-12,T,61.278571428571425
2018-09-13,D,62.13928571428572
2018-09-13,E,61.32857142857143
2018-09-13,N,55.65
2018-09-13,T,60.85
2018-09-14,D,61.86785714285714
2018-09-14,E,61.74285714285714
2018-09-14,N,55.81071428571429
2018-09-14,T,60.767857142857146
2018-09-15,D,59.785714285714285
2018-09-15,E,61.55714285714286
2018-09-15,N,56.767857142857146
2018-09-15,T,59.67142857142857
2018-09-16,D,58.80714285714286
2018-09-16,E,60.38928571428572
2018-09-16,N,57.23571428571428
2018-09-16,T,58.721428571428575
2018-09-17,D,62.01428571428572
2018-09-17,E,61.646428571428565
2018-09-17,N,55.628571428571426
2018-09-17,T,60.975
2018-09-18,D,62.021428571428565
2018-09-18,E,61.403571428571425
2018-09-18,N,55.1
2018-09-18,T,60.6
2018-09-19,D,61.978571428571435
2018-09-19,E,61.574999999999996
2018-09-19,N,55.050000000000004
2018-09-19,T,60.70357142857143
2018-09-20,D,61.864285714285714
2018-09-20,E,61.521428571428565
2018-09-20,N,55.792857142857144
2018-09-20,T,60.57857142857143
2018-09-21,D,62.03928571428571
2018-09-21,E,62.028571428571425
2018-09-21,N,55.71785714285714
2018-09-21,T,60.93571428571429
2018-09-22,D,60.04642857142857
2018-09-22,E,61.025
2018-09-22,N,56.68571428571429
2018-09-22,T,59.521428571428565
2018-09-23,D,59.19642857142857
2018-09-23,E,60.88928571428572
2018-09-23,N,56.800000000000004
2018-09-23,T,59.017857142857146
2018-09-24,D,62.33103448275862
2018-09-24,E,61.18214285714286
2018-09-24,N,55.285714285714285
2018-09-24,T,61.05172413793103
2018-09-25,D,61.7
2018-09-25,E,61.271428571428565
2018-09-25,N,54.728571428571435
2018-09-25,T,60.36785714285714
2018-09-26,D,61.94285714285714
2018-09-26,E,61.36071428571428
2018-09-26,N,54.778571428571425
2018-09-26,T,60.525
2018-09-27,D,62.521428571428565
2018-09-27,E,61.778571428571425
2018-09-27,N,55.04642857142857
2018-09-27,T,61.06785714285714
2018-09-28,D,62.21785714285714
2018-09-28,E,62.32142857142857
2018-09-28,N,55.82857142857143
2018-09-28,T,61.278571428571425
2018-09-29,D,60.096428571428575
2018-09-29,E,61.5
2018-09-29,N,56.51428571428572
2018-09-29,T,59.68928571428571
2018-09-30,D,59.80714285714286
2018-09-30,E,61.074999999999996
2018-09-30,N,56.753571428571426
2018-09-30,T,59.56785714285714
2018-10-01,D,61.957142857142856
2018-10-01,E,61.18571428571429
2018-10-01,N,54.93571428571429
2018-10-01,T,60.475
2018-10-02,D,62.403571428571425
2018-10-02,E,61.18928571428571
2018-10-02,N,55.042857142857144
2018-10-02,T,60.878571428571426
2018-10-03,D,62.482142857142854
2018-10-03,E,61.70357142857143
2018-10-03,N,54.79642857142857
2018-10-03,T,61.13928571428572
2018-10-04,D,62.480645161290326
2018-10-04,E,62.05483870967742
2018-10-04,N,55.43214285714286
2018-10-04,T,61.277419354838706
2018-10-05,D,62.883870967741935
2018-10-05,E,62.63870967741936
2018-10-05,N,56.480645161290326
2018-10-05,T,61.70322580645161
2018-10-06,D,61.37096774193548
2018-10-06,E,62.25806451612903
2018-10-06,N,57.458064516129035
2018-10-06,T,60.81935483870968
2018-10-07,D,60.92258064516129
2018-10-07,E,61.306451612903224
2018-10-07,N,57.516129032258064
2018-10-07,T,60.29677419354839
2018-10-08,D,63.42142857142857
2018-10-08,E,61.857142857142854
2018-10-08,N,55.690000000000005
2018-10-08,T,61.84285714285714
2018-10-09,D,63.06071428571429
2018-10-09,E,64.62857142857142
2018-10-09,N,55.482142857142854
2018-10-09,T,62.375
2018-10-10,D,63.31071428571429
2018-10-10,E,62.11785714285714
2018-10-10,N,56.653571428571425
2018-10-10,T,61.81785714285714
2018-10-11,D,64.04285714285714
2018-10-11,E,62.69642857142857
2018-10-11,N,56.378571428571426
2018-10-11,T,62.521428571428565
2018-10-12,D,61.46071428571429
2018-10-12,E,61.73571428571428
2018-10-12,N,57.75
2018-10-12,T,60.753571428571426
2018-10-13,D,60.92857142857143
2018-10-13,E,62.403571428571425
2018-10-13,N,57.371428571428574
2018-10-13,T,60.69642857142857
2018-10-14,D,60.93214285714286
2018-10-14,E,61.135714285714286
2018-10-14,N,57.857142857142854
2018-10-14,T,60.246428571428574
2018-10-15,D,63.471428571428575
2018-10-15,E,61.510714285714286
2018-10-15,N,55.75714285714286
2018-10-15,T,61.728571428571435
2018-10-16,D,63.86071428571428
2018-10-16,E,61.93928571428571
2018-10-16,N,55.339285714285715
2018-10-16,T,62.232142857142854
2018-10-17,D,63.371428571428574
2018-10-17,E,62.00714285714286
2018-10-17,N,56.010714285714286
2018-10-17,T,61.846428571428575
2018-10-18,D,63.839285714285715
2018-10-18,E,62.46071428571429
2018-10-18,N,56.1
2018-10-18,T,62.457142857142856
2018-10-19,D,64.36428571428571
2018-10-19,E,63.128571428571426
2018-10-19,N,58.885714285714286
2018-10-19,T,62.957142857142856
2018-10-20,D,62.521428571428565
2018-10-20,E,62.35
2018-10-20,N,58.135714285714286
2018-10-20,T,61.603571428571435
2018-10-21,D,60.52222222222222
2018-10-21,E,61.229629629629635
2018-10-21,N,58.144444444444446
2018-10-21,T,60.07037037037038
2018-10-22,D,64.03448275862068
2018-10-22,E,62.53103448275862
2018-10-22,N,55.86071428571428
2018-10-22,T,62.6551724137931
2018-10-23,D,63.310344827586206
2018-10-23,E,62.306896551724144
2018-10-23,N,55.682758620689654
2018-10-23,T,61.782758620689656
2018-10-24,D,63.55862068965517
2018-10-24,E,62.55172413793103
2018-10-24,N,56.56206896551724
2018-10-24,T,62.0551724137931
2018-10-25,D,63.57241379310344
2018-10-25,E,62.47241379310345
2018-10-25,N,56.689655172413794
2018-10-25,T,62.08275862068966
2018-10-26,D,63.52758620689655
2018-10-26,E,62.44137931034483
2018-10-26,N,56.97586206896552
2018-10-26,T,62.10344827586207
2018-10-27,D,62.334482758620695
2018-10-27,E,62.293103448275865
2018-10-27,N,57.66206896551724
2018-10-27,T,61.3551724137931
2018-10-28,D,61.213793103448275
2018-10-28,E,60.56896551724138
2018-10-28,N,57.97241379310345
2018-10-28,T,60.38275862068965
2018-10-29,D,63.55172413793103
2018-10-29,E,61.57241379310344
2018-10-29,N,55.8448275862069
2018-10-29,T,61.83793103448276
2018-10-30,D,65.3103448275862
2018-10-30,E,63.682758620689654
2018-10-30,N,56.00344827586206
2018-10-30,T,63.61034482758621
2018-10-31,D,64.56896551724138
2018-10-31,E,62.91724137931034
2018-10-31,N,58.26896551724138
2018-10-31,T,63.04137931034483
2018-11-01,D,61.33793103448276
2018-11-01,E,61.3448275862069
2018-11-01,N,58.38275862068965
2018-11-01,T,60.6551724137931
2018-11-02,D,62.86785714285714
2018-11-02,E,62.332142857142856
2018-11-02,N,56.114285714285714
2018-11-02,T,61.51428571428571
2018-11-03,D,61.832142857142856
2018-11-03,E,61.90714285714286
2018-11-03,N,57.36071428571428
2018-11-03,T,60.96071428571429
2018-11-04,D,60.90714285714286
2018-11-04,E,60.68214285714286
2018-11-04,N,57.857142857142854
2018-11-04,T,60.128571428571426
2018-11-05,D,64.83214285714286
2018-11-05,E,62.92142857142857
2018-11-05,N,58.635714285714286
2018-11-05,T,63.285714285714285
2018-11-06,D,63.89655172413793
2018-11-06,E,62.232142857142854
2018-11-06,N,56.62068965517241
2018-11-06,T,62.09655172413793
2018-11-07,D,64.00357142857142
2018-11-07,E,61.800000000000004
2018-11-07,N,56.63214285714286
2018-11-07,T,62.32142857142857
2018-11-08,D,63.525
2018-11-08,E,63.36071428571428
2018-11-08,N,56.42142857142857
2018-11-08,T,62.246428571428574
2018-11-09,D,61.542857142857144
2018-11-09,E,61.11785714285714
2018-11-09,N,57.04642857142857
2018-11-09,T,60.482142857142854
2018-11-10,D,61.628571428571426
2018-11-10,E,61.232142857142854
2018-11-10,N,56.614285714285714
2018-11-10,T,60.54642857142857
2018-11-11,D,60.55357142857143
2018-11-11,E,60.74642857142857
2018-11-11,N,56.996428571428574
2018-11-11,T,59.85357142857142
2018-11-12,D,63.46785714285714
2018-11-12,E,61.660714285714285
2018-11-12,N,55.278571428571425
2018-11-12,T,61.75
2018-11-13,D,63.028571428571425
2018-11-13,E,61.94642857142857
2018-11-13,N,55.628571428571426
2018-11-13,T,61.464285714285715
2018-11-14,D,63.332142857142856
2018-11-14,E,62.225
2018-11-14,N,55.603571428571435
2018-11-14,T,61.80714285714286
2018-11-15,D,63.128571428571426
2018-11-15,E,62.14642857142858
2018-11-15,N,55.63214285714286
2018-11-15,T,61.61785714285714
2018-11-16,D,63.589285714285715
2018-11-16,E,62.364285714285714
2018-11-16,N,56.753571428571426
2018-11-16,T,62.17142857142857
2018-11-17,D,61.59285714285714
2018-11-17,E,61.53214285714286
2018-11-17,N,57.30714285714286
2018-11-17,T,60.65
2018-11-18,D,60.95357142857143
2018-11-18,E,63.07142857142857
2018-11-18,N,56.775
2018-11-18,T,60.61071428571428
2018-11-19,D,63.925000000000004
2018-11-19,E,61.34285714285714
2018-11-19,N,56.42142857142857
2018-11-19,T,62.17857142857143
2018-11-20,D,65.24642857142858
2018-11-20,E,62.07142857142857
2018-11-20,N,56.32857142857143
2018-11-20,T,63.425000000000004
2018-11-22,D,63.71153846153846
2018-11-22,E,61.99615384615385
2018-11-22,N,56.80384615384616
2018-11-22,T,62.07692307692308
2018-11-23,D,64.11428571428571
2018-11-23,E,62.91428571428571
2018-11-23,N,57.83076923076923
2018-11-23,T,62.824999999999996
2018-11-24,D,62.30357142857143
2018-11-24,E,62.082142857142856
2018-11-24,N,57.86071428571428
2018-11-24,T,61.346428571428575
2018-11-25,D,61.832142857142856
2018-11-25,E,62.50714285714286
2018-11-25,N,58.596428571428575
2018-11-25,T,61.346428571428575
2018-11-26,D,63.84285714285714
2018-11-26,E,62.16428571428571
2018-11-26,N,58.76428571428572
2018-11-26,T,62.41428571428571
2018-11-27,D,63.535714285714285
2018-11-27,E,62.42857142857143
2018-11-27,N,56.496428571428574
2018-11-27,T,61.982142857142854
2018-11-28,D,63.92142857142857
2018-11-28,E,62.69642857142857
2018-11-28,N,56.80357142857143
2018-11-28,T,62.392857142857146
2018-11-29,D,64.35
2018-11-29,E,62.864285714285714
2018-11-29,N,57.378571428571426
2018-11-29,T,62.896428571428565
2018-11-30,D,63.91428571428571
2018-11-30,E,63.089285714285715
2018-11-30,N,58.70357142857143
2018-11-30,T,62.70357142857143
2018-12-01,D,62.142857142857146
2018-12-01,E,62.550000000000004
2018-12-01,N,58.646428571428565
2018-12-01,T,61.51428571428572
2018-12-02,D,61.6
2018-12-02,E,61.49285714285714
2018-12-02,N,58.18571428571429
2018-12-02,T,60.917857142857144
2018-12-03,D,63.596428571428575
2018-12-03,E,62.15714285714286
2018-12-03,N,55.95357142857143
2018-12-03,T,61.982142857142854
2018-12-04,D,63.689655172413794
2018-12-04,E,62.89655172413793
2018-12-04,N,56.21785714285714
2018-12-04,T,62.33103448275862
2018-12-05,D,63.885714285714286
2018-12-05,E,63.403571428571425
2018-12-05,N,57.189655172413794
2018-12-05,T,62.582142857142856
2018-12-06,D,62.146428571428565
2018-12-06,E,62.160714285714285
2018-12-06,N,58.17142857142857
2018-12-06,T,61.30357142857143
2018-12-07,D,63.510714285714286
2018-12-07,E,62.775
2018-12-07,N,57.478571428571435
2018-12-07,T,62.214285714285715
2018-12-08,D,61.714285714285715
2018-12-08,E,62.375
2018-12-08,N,57.67142857142857
2018-12-08,T,61.017857142857146
2018-12-09,D,61.871428571428574
2018-12-09,E,61.732142857142854
2018-12-09,N,57.875
2018-12-09,T,61.06785714285714
2018-12-10,D,64.11785714285715
2018-12-10,E,63.082142857142856
2018-12-10,N,57.607142857142854
2018-12-10,T,62.69642857142857
2018-12-11,D,63.857142857142854
2018-12-11,E,62.621428571428574
2018-12-11,N,57.214285714285715
2018-12-11,T,62.357142857142854
2018-12-12,D,64.11428571428571
2018-12-12,E,62.50714285714286
2018-12-12,N,57.167857142857144
2018-12-12,T,62.56785714285714
2018-12-13,D,65.46071428571429
2018-12-13,E,63.767857142857146
2018-12-13,N,58.43928571428571
2018-12-13,T,63.957142857142856
2018-12-14,D,64.38888888888889
2018-12-14,E,63.666666666666664
2018-12-14,N,58.4
2018-12-14,T,63.114814814814814
2018-12-15,D,63.3111111111111
2018-12-15,E,63.411111111111104
2018-12-15,N,59.2074074074074
2018-12-15,T,62.67407407407408
2018-12-16,D,62.55555555555556
2018-12-16,E,62.51851851851852
2018-12-16,N,59.233333333333334
2018-12-16,T,61.94814814814814
2018-12-17,D,63.9962962962963
2018-12-17,E,63.388888888888886
2018-12-17,N,56.670370370370364
2018-12-17,T,62.62592592592593
2018-12-18,D,64.11379310344827
2018-12-18,E,62.6448275862069
2018-12-18,N,57.355555555555554
2018-12-18,T,62.62413793103448
2018-12-19,D,64.09655172413792
2018-12-19,E,62.841379310344834
2018-12-19,N,57.40689655172414
2018-12-19,T,62.641379310344824
2018-12-20,D,64.20689655172414
2018-12-20,E,63.199999999999996
2018-12-20,N,57.36551724137931
2018-12-20,T,62.813793103448276
2018-12-21,D,63.94516129032258
2018-12-21,E,62.619354838709675
2018-12-21,N,57.820689655172416
2018-12-21,T,62.71290322580645
2018-12-22,D,62.02903225806452
2018-12-22,E,62.16451612903226
2018-12-22,N,57.751612903225805
2018-12-22,T,61.380645161290325
2018-12-23,D,61.18709677419355
2018-12-23,E,62.230000000000004
2018-12-23,N,57.29354838709677
2018-12-23,T,60.903225806451616
2018-12-24,D,62.53333333333333
2018-12-24,E,62.38333333333333
2018-12-24,N,56.14333333333333
2018-12-24,T,61.7
2018-12-25,D,59.96451612903226
2018-12-25,E,62.18709677419355
2018-12-25,N,61.229032258064514
2018-12-25,T,61.541935483870965
2018-12-26,D,62.97741935483871
2018-12-26,E,62.65483870967742
2018-12-26,N,55.79677419354839
2018-12-26,T,61.63870967741936
2018-12-27,D,63.274193548387096
2018-12-27,E,62.6741935483871
2018-12-27,N,57.067741935483866
2018-12-27,T,62.10967741935484
2018-12-28,D,63.432258064516134
2018-12-28,E,62.91935483870968
2018-12-28,N,57.277419354838706
2018-12-28,T,62.54516129032258
2018-12-29,D,62.17741935483871
2018-12-29,E,62.21290322580645
2018-12-29,N,58.24193548387097
2018-12-29,T,61.377419354838715
2018-12-30,D,61.5258064516129
2018-12-30,E,63.00645161290323
2018-12-30,N,57.55161290322581
2018-12-30,T,61.3258064516129
2018-12-31,D,63.45483870967742
2018-12-31,E,63.4741935483871
2018-12-31,N,56.86774193548387
2018-12-31,T,62.57096774193548
2019-01-01,D,60.60967741935484
2019-01-01,E,62.20645161290323
2019-01-01,N,69.0
2019-01-01,T,66.56774193548387
2019-01-02,D,63.09032258064516
2019-01-02,E,63.141935483870974
2019-01-02,N,55.83548387096774
2019-01-02,T,61.96774193548387
2019-01-03,D,63.041935483870965
2019-01-03,E,62.4483870967742
2019-01-03,N,56.564516129032256
2019-01-03,T,61.76129032258064
2019-01-04,D,63.40645161290323
2019-01-04,E,63.725806451612904
2019-01-04,N,56.73870967741936
2019-01-04,T,62.49354838709677
2019-01-05,D,61.91290322580645
2019-01-05,E,62.76774193548387
2019-01-05,N,57.270967741935486
2019-01-05,T,61.251612903225805
2019-01-06,D,60.903225806451616
2019-01-06,E,61.78387096774193
2019-01-06,N,57.5258064516129
2019-01-06,T,60.53225806451613
2019-01-07,D,61.0
2019-01-07,E,60.89354838709678
2019-01-07,N,56.145161290322584
2019-01-07,T,59.96774193548387
2019-01-08,D,62.829032258064515
2019-01-08,E,61.906451612903226
2019-01-08,N,55.82
2019-01-08,T,61.406451612903226
2019-01-09,D,63.39032258064516
2019-01-09,E,62.067741935483866
2019-01-09,N,56.44516129032258
2019-01-09,T,61.9483870967742
2019-01-10,D,63.57419354838709
2019-01-10,E,61.932258064516134
2019-01-10,N,56.39354838709678
2019-01-10,T,61.94193548387097
2019-01-11,D,63.16129032258065
2019-01-11,E,62.438709677419354
2019-01-11,N,56.622580645161285
2019-01-11,T,61.829032258064515
2019-01-12,D,61.751612903225805
2019-01-12,E,62.12903225806452
2019-01-12,N,57.55806451612903
2019-01-12,T,61.02903225806452
2019-01-13,D,61.0516129032258
2019-01-13,E,60.880645161290325
2019-01-13,N,57.62580645161291
2019-01-13,T,60.23548387096774
2019-01-14,D,63.34516129032258
2019-01-14,E,61.877419354838715
2019-01-14,N,56.099999999999994
2019-01-14,T,61.748387096774195
2019-01-15,D,63.35666666666667
2019-01-15,E,62.013333333333335
2019-01-15,N,56.166666666666664
2019-01-15,T,61.76
2019-01-16,D,63.351612903225806
2019-01-16,E,61.903225806451616
2019-01-16,N,56.16451612903226
2019-01-16,T,61.76129032258064
2019-01-17,D,63.309677419354834
2019-01-17,E,61.57096774193548
2019-01-17,N,55.96451612903226
2019-01-17,T,61.73870967741936
2019-01-18,D,63.18666666666666
2019-01-18,E,62.06333333333334
2019-01-18,N,56.47741935483871
2019-01-18,T,61.78333333333333
2019-01-19,D,62.53
2019-01-19,E,63.06666666666667
2019-01-19,N,57.61666666666667
2019-01-19,T,61.64666666666667
2019-01-20,D,61.330000000000005
2019-01-20,E,61.11
2019-01-20,N,58.59666666666667
2019-01-20,T,60.693333333333335
2019-01-21,D,63.50645161290323
2019-01-21,E,61.987096774193546
2019-01-21,N,56.27333333333333
2019-01-21,T,61.91935483870968
2019-01-22,D,63.81290322580645
2019-01-22,E,62.60645161290322
2019-01-22,N,56.2
2019-01-22,T,62.33870967741935
2019-01-23,D,64.16774193548387
2019-01-23,E,62.65806451612904
2019-01-23,N,57.13548387096775
2019-01-23,T,62.57419354838709
2019-01-24,D,63.18387096774194
2019-01-24,E,62.28064516129032
2019-01-24,N,56.96774193548387
2019-01-24,T,61.88709677419355
2019-01-25,D,63.32258064516129
2019-01-25,E,62.438709677419354
2019-01-25,N,56.96774193548387
2019-01-25,T,61.92903225806452
2019-01-26,D,61.68387096774194
2019-01-26,E,61.88387096774194
2019-01-26,N,57.170967741935485
2019-01-26,T,60.832258064516125
2019-01-28,D,63.34516129032258
2019-01-28,E,61.49354838709677
2019-01-28,N,55.483870967741936
2019-01-28,T,61.61290322580645
2019-01-29,D,63.23225806451613
2019-01-29,E,61.832258064516125
2019-01-29,N,55.2
2019-01-29,T,61.58064516129032
2019-01-30,D,62.940000000000005
2019-01-30,E,62.79666666666667
2019-01-30,N,55.61
2019-01-30,T,61.68
2019-01-31,D,63.95333333333333
2019-01-31,E,62.51
2019-01-31,N,57.57333333333334
2019-01-31,T,62.45
2019-02-01,D,64.57333333333334
2019-02-01,E,62.870000000000005
2019-02-01,N,58.36333333333334
2019-02-01,T,63.08666666666667
2019-02-02,D,61.9
2019-02-02,E,61.526666666666664
2019-02-02,N,57.54
2019-02-02,T,60.830000000000005
2019-02-03,D,60.830000000000005
2019-02-03,E,60.92666666666666
2019-02-03,N,56.71333333333334
2019-02-03,T,59.95
2019-02-04,D,63.14
2019-02-04,E,61.41
2019-02-04,N,55.980000000000004
2019-02-04,T,61.49
2019-02-05,D,63.49333333333333
2019-02-05,E,61.90344827586207
2019-02-05,N,55.63
2019-02-05,T,61.84
2019-02-06,D,63.77333333333333
2019-02-06,E,61.66
2019-02-06,N,55.92413793103448
2019-02-06,T,62.09
2019-02-07,D,63.15
2019-02-07,E,62.00333333333333
2019-02-07,N,56.330000000000005
2019-02-07,T,61.656666666666666
2019-02-08,D,63.50333333333333
2019-02-08,E,62.06666666666667
2019-02-08,N,56.663333333333334
2019-02-08,T,61.97
2019-02-09,D,61.723333333333336
2019-02-09,E,61.56333333333334
2019-02-09,N,57.32
2019-02-09,T,60.769999999999996
2019-02-10,D,61.22
2019-02-10,E,61.32
2019-02-10,N,56.95666666666667
2019-02-10,T,60.38666666666667
2019-02-11,D,63.873333333333335
2019-02-11,E,61.986666666666665
2019-02-11,N,55.693333333333335
2019-02-11,T,62.20666666666667
2019-02-12,D,63.15333333333333
2019-02-12,E,61.97666666666667
2019-02-12,N,55.583333333333336
2019-02-12,T,61.62
2019-02-13,D,63.22666666666667
2019-02-13,E,62.0
2019-02-13,N,56.04666666666667
2019-02-13,T,61.74333333333333
2019-02-14,D,63.769999999999996
2019-02-14,E,62.17333333333333
2019-02-14,N,56.59
2019-02-14,T,62.263333333333335
2019-02-15,D,64.26666666666667
2019-02-15,E,62.836666666666666
2019-02-15,N,57.13666666666666
2019-02-15,T,62.973333333333336
2019-02-16,D,61.766666666666666
2019-02-16,E,61.31333333333334
2019-02-16,N,57.55333333333333
2019-02-16,T,60.85666666666667
2019-02-17,D,60.64333333333333
2019-02-17,E,60.806666666666665
2019-02-17,N,56.986666666666665
2019-02-17,T,59.913333333333334
2019-02-18,D,63.47666666666667
2019-02-18,E,61.343333333333334
2019-02-18,N,56.00666666666667
2019-02-18,T,61.79666666666667
2019-02-19,D,62.973333333333336
2019-02-19,E,61.32
2019-02-19,N,55.75
2019-02-19,T,61.35333333333333
2019-02-20,D,63.61666666666667
2019-02-20,E,61.809999999999995
2019-02-20,N,56.00666666666667
2019-02-20,T,61.96
2019-02-21,D,63.14333333333333
2019-02-21,E,62.22
2019-02-21,N,56.70666666666667
2019-02-21,T,61.766666666666666
2019-02-22,D,63.56666666666667
2019-02-22,E,62.526666666666664
2019-02-22,N,57.026666666666664
2019-02-22,T,62.276666666666664
2019-02-23,D,61.190000000000005
2019-02-23,E,61.31333333333334
2019-02-23,N,57.2
2019-02-23,T,60.34666666666667
2019-02-24,D,60.406666666666666
2019-02-24,E,60.9
2019-02-24,N,57.13
2019-02-24,T,59.74666666666667
2019-02-25,D,62.943333333333335
2019-02-25,E,61.52333333333333
2019-02-25,N,56.03
2019-02-25,T,61.39333333333333
2019-02-26,D,62.99
2019-02-26,E,61.343333333333334
2019-02-26,N,55.63333333333333
2019-02-26,T,61.406666666666666
2019-02-27,D,63.17666666666666
2019-02-27,E,61.76
2019-02-27,N,55.873333333333335
2019-02-27,T,61.74
2019-02-28,D,63.38333333333333
2019-02-28,E,62.18333333333333
2019-02-28,N,56.56666666666667
2019-02-28,T,61.96666666666667
2019-03-01,D,62.70666666666667
2019-03-01,E,62.583333333333336
2019-03-01,N,57.33666666666667
2019-03-01,T,61.69666666666667
2019-03-02,D,60.973333333333336
2019-03-02,E,61.519999999999996
2019-03-02,N,57.29666666666667
2019-03-02,T,60.276666666666664
2019-03-03,D,60.516666666666666
2019-03-03,E,60.79666666666667
2019-03-03,N,57.34
2019-03-03,T,59.906666666666666
2019-03-04,D,62.980000000000004
2019-03-04,E,61.480000000000004
2019-03-04,N,55.836666666666666
2019-03-04,T,61.37
2019-03-05,D,63.120000000000005
2019-03-05,E,61.32666666666667
2019-03-05,N,55.19666666666667
2019-03-05,T,61.46333333333334
2019-03-06,D,64.92
2019-03-06,E,62.86666666666667
2019-03-06,N,56.09666666666667
2019-03-06,T,63.17333333333333
2019-03-07,D,63.526666666666664
2019-03-07,E,61.85333333333333
2019-03-07,N,56.34666666666667
2019-03-07,T,61.913333333333334
2019-03-08,D,64.27
2019-03-08,E,62.723333333333336
2019-03-08,N,56.78
2019-03-08,T,62.96666666666667
2019-03-09,D,61.36333333333334
2019-03-09,E,61.35666666666667
2019-03-09,N,57.080000000000005
2019-03-09,T,60.42666666666666
2019-03-10,D,60.8
2019-03-10,E,60.64666666666667
2019-03-10,N,57.24333333333333
2019-03-10,T,59.96333333333334
2019-03-11,D,63.5551724137931
2019-03-11,E,61.52068965517241
2019-03-11,N,55.46206896551725
2019-03-11,T,61.95172413793103
2019-03-12,D,63.35333333333333
2019-03-12,E,61.43333333333333
2019-03-12,N,55.09310344827586
2019-03-12,T,61.74666666666666
2019-03-13,D,63.013333333333335
2019-03-13,E,61.46
2019-03-13,N,56.016666666666666
2019-03-13,T,61.46666666666667
2019-03-14,D,62.89333333333333
2019-03-14,E,61.45666666666667
2019-03-14,N,55.85
2019-03-14,T,61.34666666666667
2019-03-15,D,63.70333333333334
2019-03-15,E,62.327586206896555
2019-03-15,N,56.373333333333335
2019-03-15,T,62.309999999999995
2019-03-16,D,61.10344827586207
2019-03-16,E,61.160714285714285
2019-03-16,N,56.99655172413794
2019-03-16,T,60.293103448275865
2019-03-17,D,60.17857142857143
2019-03-17,E,60.50714285714286
2019-03-17,N,56.28214285714286
2019-03-17,T,59.40714285714286
2019-03-18,D,63.148275862068964
2019-03-18,E,60.86551724137931
2019-03-18,N,56.017857142857146
2019-03-18,T,61.58620689655172
2019-03-19,D,62.87586206896552
2019-03-19,E,61.393103448275866
2019-03-19,N,54.93448275862069
2019-03-19,T,61.23103448275862
2019-03-20,D,62.943333333333335
2019-03-20,E,60.99666666666667
2019-03-20,N,55.47241379310345
2019-03-20,T,61.309999999999995
2019-03-21,D,63.71666666666667
2019-03-21,E,61.79333333333333
2019-03-21,N,55.63333333333333
2019-03-21,T,62.063333333333325
2019-03-22,D,63.24666666666667
2019-03-22,E,61.87
2019-03-22,N,56.45
2019-03-22,T,61.763333333333335
2019-03-23,D,61.42333333333333
2019-03-23,E,61.1
2019-03-23,N,57.06333333333334
2019-03-23,T,60.5
2019-03-24,D,59.96
2019-03-24,E,60.71666666666667
2019-03-24,N,56.76
2019-03-24,T,59.486666666666665
2019-03-25,D,63.10333333333333
2019-03-25,E,61.2
2019-03-25,N,55.36
2019-03-25,T,61.413333333333334
2019-03-26,D,63.31935483870968
2019-03-26,E,61.329032258064515
2019-03-26,N,56.303225806451614
2019-03-26,T,61.79354838709677
2019-03-27,D,62.81290322580645
2019-03-27,E,61.12903225806452
2019-03-27,N,55.458064516129035
2019-03-27,T,61.18064516129032
2019-03-28,D,62.82258064516129
2019-03-28,E,61.84516129032258
2019-03-28,N,55.88387096774194
2019-03-28,T,61.454838709677425
2019-03-29,D,63.193548387096776
2019-03-29,E,62.4483870967742
2019-03-29,N,56.61290322580645
2019-03-29,T,61.91612903225807
2019-03-30,D,61.122580645161285
2019-03-30,E,61.81290322580645
2019-03-30,N,56.99032258064516
2019-03-30,T,60.49354838709677
2019-03-31,D,60.92258064516129
2019-03-31,E,60.84193548387096
2019-03-31,N,55.588
2019-03-31,T,60.28064516129032
2019-04-01,D,62.97741935483871
2019-04-01,E,61.458064516129035
2019-04-01,N,55.748387096774195
2019-04-01,T,61.380645161290325
2019-04-02,D,62.84838709677419
2019-04-02,E,61.65161290322581
2019-04-02,N,55.3
2019-04-02,T,61.3
2019-04-03,D,63.03225806451613
2019-04-03,E,61.46774193548387
2019-04-03,N,55.81935483870968
2019-04-03,T,61.432258064516134
2019-04-04,D,63.50645161290323
2019-04-04,E,61.49354838709677
2019-04-04,N,55.79032258064516
2019-04-04,T,61.806451612903224
2019-04-05,D,64.91935483870968
2019-04-05,E,62.89677419354839
2019-04-05,N,56.99032258064516
2019-04-05,T,63.24516129032258
2019-04-06,D,62.193548387096776
2019-04-06,E,62.81935483870968
2019-04-06,N,57.89032258064516
2019-04-06,T,61.41290322580645
2019-04-07,D,60.99677419354839
2019-04-07,E,62.10645161290322
2019-04-07,N,57.50322580645161
2019-04-07,T,60.59032258064516
2019-04-08,D,63.95161290322581
2019-04-08,E,61.79677419354839
2019-04-08,N,57.08064516129032
2019-04-08,T,62.377419354838715
2019-04-09,D,63.53333333333333
2019-04-09,E,62.0
2019-04-09,N,55.96333333333334
2019-04-09,T,61.89333333333333
2019-04-10,D,63.306451612903224
2019-04-10,E,62.08387096774193
2019-04-10,N,56.148387096774194
2019-04-10,T,61.809677419354834
2019-04-11,D,63.50322580645161
2019-04-11,E,62.37096774193548
2019-04-11,N,56.119354838709675
2019-04-11,T,62.0516129032258
2019-04-12,D,62.854838709677416
2019-04-12,E,62.63548387096775
2019-04-12,N,57.09032258064516
2019-04-12,T,61.83548387096774
2019-04-13,D,60.70322580645161
2019-04-13,E,61.31612903225806
2019-04-13,N,57.067741935483866
2019-04-13,T,60.093548387096774
2019-04-14,D,59.81935483870968
2019-04-14,E,60.57096774193548
2019-04-14,N,56.66129032258065
2019-04-14,T,59.31290322580645
2019-04-15,D,62.37096774193548
2019-04-15,E,62.12903225806452
2019-04-15,N,55.277419354838706
2019-04-15,T,61.10967741935484
2019-04-16,D,62.54838709677419
2019-04-16,E,61.46774193548387
2019-04-16,N,55.193548387096776
2019-04-16,T,61.03225806451613
2019-04-17,D,62.119354838709675
2019-04-17,E,61.332258064516125
2019-04-17,N,55.380645161290325
2019-04-17,T,60.75806451612903
2019-04-18,D,61.225806451612904
2019-04-18,E,61.309677419354834
2019-04-18,N,57.596774193548384
2019-04-18,T,60.403225806451616
2019-04-19,D,61.03225806451613
2019-04-19,E,61.26774193548387
2019-04-19,N,55.86129032258064
2019-04-19,T,60.041935483870965
2019-04-20,D,60.39032258064516
2019-04-20,E,60.78064516129032
2019-04-20,N,56.5258064516129
2019-04-20,T,59.63870967741936
2019-04-21,D,59.86451612903225
2019-04-21,E,60.55806451612903
2019-04-21,N,56.093548387096774
2019-04-21,T,59.229032258064514
2019-04-22,D,62.39677419354839
2019-04-22,E,61.36774193548387
2019-04-22,N,55.26451612903226
2019-04-22,T,60.95483870967742
2019-04-23,D,63.4483870967742
2019-04-23,E,62.39032258064516
2019-04-23,N,54.832258064516125
2019-04-23,T,61.86129032258064
2019-04-24,D,65.37096774193549
2019-04-24,E,64.76129032258065
2019-04-24,N,56.093548387096774
2019-04-24,T,63.84838709677419
2019-04-25,D,64.09032258064516
2019-04-25,E,62.71612903225807
2019-04-25,N,57.983870967741936
2019-04-25,T,62.62903225806452
2019-04-26,D,63.34193548387096
2019-04-26,E,62.24516129032258
2019-04-26,N,56.561290322580646
2019-04-26,T,61.94516129032258
2019-04-27,D,61.31290322580645
2019-04-27,E,62.729032258064514
2019-04-27,N,57.15806451612904
2019-04-27,T,60.84838709677419
2019-04-28,D,60.36129032258064
2019-04-28,E,61.24193548387097
2019-04-28,N,57.07096774193548
2019-04-28,T,59.79032258064516
2019-04-29,D,62.690322580645166
2019-04-29,E,61.57741935483871
2019-04-29,N,55.97741935483871
2019-04-29,T,61.303225806451614
2019-04-30,D,62.8
2019-04-30,E,62.11290322580645
2019-04-30,N,55.67741935483871
2019-04-30,T,61.50322580645161
2019-05-01,D,59.954838709677425
2019-05-01,E,60.012903225806454
2019-05-01,N,56.403225806451616
2019-05-01,T,59.15483870967742
2019-05-02,D,60.07419354838709
2019-05-02,E,60.99677419354839
2019-05-02,N,55.54516129032258
2019-05-02,T,59.75806451612903
2019-05-03,D,61.68387096774194
2019-05-03,E,61.2
2019-05-03,N,56.02903225806452
2019-05-03,T,60.38387096774194
2019-05-04,D,60.00967741935484
2019-05-04,E,61.145161290322584
2019-05-04,N,56.03548387096774
2019-05-04,T,59.46451612903226
2019-05-05,D,59.87096774193548
2019-05-05,E,60.54838709677419
2019-05-05,N,56.099999999999994
2019-05-05,T,59.23870967741936
2019-05-06,D,62.02258064516129
2019-05-06,E,61.41612903225807
2019-05-06,N,55.196774193548386
2019-05-06,T,60.648387096774194
2019-05-07,D,62.88387096774194
2019-05-07,E,61.66451612903226
2019-05-07,N,55.29032258064516
2019-05-07,T,61.31290322580645
2019-05-08,D,63.512903225806454
2019-05-08,E,61.97096774193548
2019-05-08,N,55.7
2019-05-08,T,61.87096774193548
2019-05-09,D,63.11290322580645
2019-05-09,E,62.46451612903226
2019-05-09,N,55.809677419354834
2019-05-09,T,61.722580645161294
2019-05-10,D,62.91935483870968
2019-05-10,E,62.16451612903226
2019-05-10,N,56.60322580645161
2019-05-10,T,61.60967741935484
2019-05-11,D,60.78387096774193
2019-05-11,E,61.74516129032258
2019-05-11,N,56.76129032258064
2019-05-11,T,60.18387096774194
2019-05-12,D,59.73225806451613
2019-05-12,E,60.73225806451613
2019-05-12,N,57.145161290322584
2019-05-12,T,59.29354838709677
2019-05-13,D,61.76451612903226
2019-05-13,E,61.40967741935484
2019-05-13,N,55.432258064516134
2019-05-13,T,60.5258064516129
2019-05-14,D,61.9483870967742
2019-05-14,E,60.95161290322581
2019-05-14,N,55.13225806451613
2019-05-14,T,60.75483870967742
2019-05-15,D,60.148387096774194
2019-05-15,E,60.8258064516129
2019-05-15,N,56.94193548387097
2019-05-15,T,59.541935483870965
2019-05-16,D,62.50645161290323
2019-05-16,E,62.03548387096774
2019-05-16,N,56.41935483870968
2019-05-16,T,61.70322580645161
2019-05-17,D,63.0
2019-05-17,E,61.725806451612904
2019-05-17,N,57.81935483870968
2019-05-17,T,61.60322580645161
2019-05-18,D,60.622580645161285
2019-05-18,E,61.33870967741935
2019-05-18,N,56.60967741935483
2019-05-18,T,59.94193548387097
2019-05-19,D,59.84838709677419
2019-05-19,E,60.519354838709674
2019-05-19,N,56.41935483870968
2019-05-19,T,59.24516129032258
2019-05-20,D,62.23870967741936
2019-05-20,E,61.07096774193548
2019-05-20,N,55.42258064516129
2019-05-20,T,60.774193548387096
2019-05-21,D,62.89354838709678
2019-05-21,E,61.358064516129026
2019-05-21,N,55.15161290322581
2019-05-21,T,61.34516129032258
2019-05-22,D,62.25483870967742
2019-05-22,E,61.277419354838706
2019-05-22,N,55.79032258064516
2019-05-22,T,60.83548387096774
2019-05-23,D,62.6741935483871
2019-05-23,E,61.90967741935484
2019-05-23,N,55.76774193548387
2019-05-23,T,61.34838709677419
2019-05-24,D,63.067741935483866
2019-05-24,E,62.38387096774194
2019-05-24,N,56.122580645161285
2019-05-24,T,61.75483870967742
2019-05-25,D,60.68064516129032
2019-05-25,E,61.8258064516129
2019-05-25,N,57.04516129032258
2019-05-25,T,60.13870967741936
2019-05-26,D,60.096774193548384
2019-05-26,E,60.99677419354839
2019-05-26,N,56.803225806451614
2019-05-26,T,59.538709677419355
2019-05-27,D,62.52258064516129
2019-05-27,E,61.56129032258064
2019-05-27,N,55.80967741935484
2019-05-27,T,61.13548387096775
2019-05-28,D,62.61612903225806
2019-05-28,E,62.00967741935484
2019-05-28,N,55.53548387096774
2019-05-28,T,61.26774193548387
2019-05-29,D,62.770967741935486
2019-05-29,E,61.62580645161291
2019-05-29,N,55.99354838709677
2019-05-29,T,61.277419354838706
2019-05-30,D,62.935483870967744
2019-05-30,E,61.96774193548387
2019-05-30,N,56.38387096774194
2019-05-30,T,61.62580645161291
2019-05-31,D,62.435483870967744
2019-05-31,E,61.96451612903226
2019-05-31,N,56.42903225806452
2019-05-31,T,61.24516129032258
2019-06-01,D,60.806451612903224
2019-06-01,E,61.78064516129032
2019-06-01,N,57.37419354838709
2019-06-01,T,60.400000000000006
2019-06-02,D,59.88387096774194
2019-06-02,E,60.83870967741935
2019-06-02,N,57.91290322580645
2019-06-02,T,59.5516129032258
2019-06-03,D,62.49032258064516
2019-06-03,E,61.403225806451616
2019-06-03,N,56.20322580645161
2019-06-03,T,61.18709677419355
2019-06-04,D,62.622580645161285
2019-06-04,E,62.03548387096774
2019-06-04,N,55.670967741935485
2019-06-04,T,61.309677419354834
2019-06-05,D,62.903225806451616
2019-06-05,E,61.52903225806452
2019-06-05,N,55.983870967741936
2019-06-05,T,61.406451612903226
2019-06-06,D,62.58064516129032
2019-06-06,E,62.21290322580645
2019-06-06,N,55.961290322580645
2019-06-06,T,61.28387096774193
2019-06-07,D,62.777419354838706
2019-06-07,E,62.225806451612904
2019-06-07,N,57.693548387096776
2019-06-07,T,61.71290322580645
2019-06-08,D,60.92903225806452
2019-06-08,E,61.21612903225806
2019-06-08,N,57.00322580645161
2019-06-08,T,60.13870967741936
2019-06-09,D,59.883870967741935
2019-06-09,E,61.29354838709677
2019-06-09,N,57.29677419354839
2019-06-09,T,59.65806451612904
2019-06-10,D,62.096774193548384
2019-06-10,E,61.36451612903225
2019-06-10,N,55.66451612903226
2019-06-10,T,60.777419354838706
2019-06-11,D,62.877419354838715
2019-06-11,E,61.42580645161291
2019-06-11,N,55.25806451612903
2019-06-11,T,61.28064516129032
2019-06-12,D,62.32333333333334
2019-06-12,E,61.62
2019-06-12,N,55.919999999999995
2019-06-12,T,60.983333333333334
2019-06-13,D,62.559999999999995
2019-06-13,E,61.89666666666667
2019-06-13,N,55.936666666666675
2019-06-13,T,61.24
2019-06-14,D,63.25333333333333
2019-06-14,E,63.09
2019-06-14,N,56.39
2019-06-14,T,62.126666666666665
2019-06-15,D,60.93333333333333
2019-06-15,E,61.84
2019-06-15,N,57.40333333333333
2019-06-15,T,60.39333333333333
2019-06-16,D,60.04666666666667
2019-06-16,E,61.440000000000005
2019-06-16,N,57.68
2019-06-16,T,59.92666666666666
2019-06-17,D,62.056666666666665
2019-06-17,E,61.32
2019-06-17,N,55.512903225806454
2019-06-17,T,60.74333333333333
2019-06-18,D,62.306451612903224
2019-06-18,E,61.90645161290323
2019-06-18,N,55.31612903225806
2019-06-18,T,60.97741935483871
2019-06-19,D,62.68064516129032
2019-06-19,E,62.0258064516129
2019-06-19,N,55.86774193548387
2019-06-19,T,61.31612903225806
2019-06-20,D,62.84516129032258
2019-06-20,E,62.15483870967742
2019-06-20,N,56.145161290322584
2019-06-20,T,61.50322580645161
2019-06-21,D,62.538709677419355
2019-06-21,E,62.248387096774195
2019-06-21,N,56.65161290322581
2019-06-21,T,61.39354838709678
2019-06-22,D,60.7
2019-06-22,E,61.18387096774194
2019-06-22,N,56.832258064516125
2019-06-22,T,59.99032258064516
2019-06-23,D,59.63225806451613
2019-06-23,E,60.66129032258065
2019-06-23,N,56.82258064516129
2019-06-23,T,59.222580645161294
2019-06-24,D,62.229032258064514
2019-06-24,E,61.66129032258065
2019-06-24,N,55.696774193548386
2019-06-24,T,60.91935483870968
2019-06-25,D,62.329032258064515
2019-06-25,E,61.222580645161294
2019-06-25,N,55.480645161290326
2019-06-25,T,61.02258064516129
2019-06-26,D,62.223333333333336
2019-06-26,E,61.6
2019-06-26,N,56.693333333333335
2019-06-26,T,60.99666666666667
2019-06-27,D,63.00645161290323
2019-06-27,E,62.52903225806452
2019-06-27,N,56.776666666666664
2019-06-27,T,61.78387096774193
2019-06-28,D,62.559999999999995
2019-06-28,E,62.07333333333334
2019-06-28,N,56.88709677419355
2019-06-28,T,61.37
2019-06-29,D,60.09
2019-06-29,E,60.85333333333333
2019-06-29,N,57.19666666666667
2019-06-29,T,59.57333333333334
2019-06-30,D,59.419999999999995
2019-06-30,E,60.93
2019-06-30,N,57.580000000000005
2019-06-30,T,59.56666666666667
2019-07-01,D,61.92903225806452
2019-07-01,E,61.75806451612903
2019-07-01,N,56.00666666666667
2019-07-01,T,60.76774193548387
2019-07-02,D,62.20322580645161
2019-07-02,E,61.8
2019-07-02,N,55.59032258064516
2019-07-02,T,60.95483870967742
2019-07-03,D,62.54516129032258
2019-07-03,E,61.89677419354839
2019-07-03,N,57.145161290322584
2019-07-03,T,61.28387096774193
2019-07-04,D,62.4483870967742
2019-07-04,E,62.061290322580646
2019-07-04,N,56.9741935483871
2019-07-04,T,61.37419354838709
2019-07-05,D,62.05806451612903
2019-07-05,E,61.26774193548387
2019-07-05,N,56.70322580645161
2019-07-05,T,60.84838709677419
2019-07-06,D,60.170967741935485
2019-07-06,E,61.73548387096774
2019-07-06,N,57.31290322580645
2019-07-06,T,60.354838709677416
2019-07-07,D,59.21290322580645
2019-07-07,E,60.60322580645161
2019-07-07,N,58.167741935483875
2019-07-07,T,59.693548387096776
2019-07-08,D,62.351612903225806
2019-07-08,E,62.148387096774194
2019-07-08,N,55.9225806451613
2019-07-08,T,61.10967741935484
2019-07-09,D,62.31785714285714
2019-07-09,E,61.67142857142857
2019-07-09,N,55.3
2019-07-09,T,60.949999999999996
2019-07-10,D,61.888888888888886
2019-07-10,E,61.5037037037037
2019-07-10,N,56.18214285714286
2019-07-10,T,60.71851851851852
2019-07-11,D,62.181481481481484
2019-07-11,E,61.7037037037037
2019-07-11,N,56.43703703703704
2019-07-11,T,61.025925925925925
2019-07-12,D,61.803703703703704
2019-07-12,E,61.75925925925926
2019-07-12,N,57.25185185185185
2019-07-12,T,61.01111111111111
2019-07-13,D,59.91153846153846
2019-07-13,E,61.58076923076923
2019-07-13,N,57.83846153846154
2019-07-13,T,60.04615384615385
2019-07-14,D,58.95384615384615
2019-07-14,E,61.0923076923077
2019-07-14,N,58.21923076923077
2019-07-14,T,59.43076923076923
2019-07-15,D,61.9
2019-07-15,E,61.51111111111111
2019-07-15,N,55.951851851851856
2019-07-15,T,60.974074074074075
2019-07-16,D,60.32857142857142
2019-07-16,E,60.818518518518516
2019-07-16,N,56.01851851851852
2019-07-16,T,60.44074074074074
2019-07-17,D,61.53333333333334
2019-07-17,E,61.35925925925926
2019-07-17,N,55.51111111111111
2019-07-17,T,60.37777777777778
2019-07-18,D,62.010714285714286
2019-07-18,E,61.57037037037038
2019-07-18,N,56.50769230769231
2019-07-18,T,60.94285714285714
2019-07-19,D,61.785185185185185
2019-07-19,E,60.955555555555556
2019-07-19,N,56.544444444444444
2019-07-19,T,60.507407407407406
2019-07-20,D,59.63703703703704
2019-07-20,E,60.36296296296296
2019-07-20,N,56.525925925925925
2019-07-20,T,59.025925925925925
2019-07-21,D,58.666666666666664
2019-07-21,E,61.9037037037037
2019-07-21,N,56.096296296296295
2019-07-21,T,59.01481481481482
2019-07-22,D,61.62307692307692
2019-07-22,E,60.934615384615384
2019-07-22,N,55.992592592592594
2019-07-22,T,60.26923076923077
2019-07-23,D,61.312
2019-07-23,E,62.06
2019-07-23,N,55.45384615384615
2019-07-23,T,60.388000000000005
2019-07-24,D,61.18846153846154
2019-07-24,E,60.76923076923077
2019-07-24,N,55.216
2019-07-24,T,59.94230769230769
2019-07-25,D,61.357692307692304
2019-07-25,E,61.03076923076923
2019-07-25,N,55.31153846153846
2019-07-25,T,60.12692307692308
2019-07-26,D,61.565384615384616
2019-07-26,E,61.51538461538462
2019-07-26,N,55.72692307692308
2019-07-26,T,60.534615384615385
2019-07-27,D,59.723076923076924
2019-07-27,E,60.53076923076923
2019-07-27,N,55.76538461538462
2019-07-27,T,59.142307692307696
2019-07-28,D,58.715384615384615
2019-07-28,E,59.93846153846154
2019-07-28,N,55.96923076923077
2019-07-28,T,58.40384615384615
2019-07-29,D,60.95517241379311
2019-07-29,E,60.793103448275865
2019-07-29,N,54.646153846153844
2019-07-29,T,59.8448275862069
2019-07-30,D,61.2448275862069
2019-07-30,E,60.80344827586207
2019-07-30,N,55.11724137931035
2019-07-30,T,60.0103448275862
2019-07-31,D,61.62413793103448
2019-07-31,E,61.08965517241379
2019-07-31,N,56.0
2019-07-31,T,60.38620689655173
2019-08-01,D,61.38620689655173
2019-08-01,E,60.66206896551724
2019-08-01,N,55.76896551724138
2019-08-01,T,60.165517241379305
2019-08-02,D,61.13448275862069
2019-08-02,E,60.4896551724138
2019-08-02,N,56.241379310344826
2019-08-02,T,60.12413793103448
2019-08-03,D,58.820689655172416
2019-08-03,E,59.293103448275865
2019-08-03,N,55.820689655172416
2019-08-03,T,58.224137931034484
2019-08-04,D,58.248275862068965
2019-08-04,E,59.54827586206897
2019-08-04,N,55.36206896551724
2019-08-04,T,57.88965517241379
2019-08-05,D,60.62758620689655
2019-08-05,E,60.42413793103448
2019-08-05,N,54.713793103448275
2019-08-05,T,59.45517241379311
2019-08-06,D,60.95172413793103
2019-08-06,E,60.03448275862069
2019-08-06,N,54.6551724137931
2019-08-06,T,59.56551724137931
2019-08-07,D,61.00344827586206
2019-08-07,E,60.44285714285714
2019-08-07,N,54.824137931034485
2019-08-07,T,59.57931034482758
2019-08-08,D,61.016666666666666
2019-08-08,E,60.59
2019-08-08,N,54.61724137931035
2019-08-08,T,59.830000000000005
2019-08-09,D,61.50666666666667
2019-08-09,E,60.480000000000004
2019-08-09,N,55.306666666666665
2019-08-09,T,60.13666666666666
2019-08-10,D,59.11333333333334
2019-08-10,E,59.913333333333334
2019-08-10,N,55.34666666666667
2019-08-10,T,58.480000000000004
2019-08-11,D,58.49333333333333
2019-08-11,E,59.78
2019-08-11,N,55.413333333333334
2019-08-11,T,58.14666666666667
2019-08-12,D,60.76206896551724
2019-08-12,E,60.782758620689656
2019-08-12,N,54.26896551724138
2019-08-12,T,59.713793103448275
2019-08-13,D,60.730000000000004
2019-08-13,E,60.64666666666667
2019-08-13,N,55.275862068965516
2019-08-13,T,59.71666666666667
2019-08-14,D,60.76
2019-08-14,E,60.24333333333333
2019-08-14,N,54.92333333333333
2019-08-14,T,59.559999999999995
2019-08-15,D,58.56551724137931
2019-08-15,E,59.12758620689655
2019-08-15,N,55.09
2019-08-15,T,57.88275862068965
2019-08-16,D,59.97
2019-08-16,E,59.50666666666667
2019-08-16,N,54.71935483870968
2019-08-16,T,58.87
2019-08-17,D,58.57333333333334
2019-08-17,E,59.163333333333334
2019-08-17,N,55.236666666666665
2019-08-17,T,57.97666666666667
2019-08-18,D,58.18666666666666
2019-08-18,E,59.57333333333334
2019-08-18,N,55.11
2019-08-18,T,57.86666666666667
2019-08-19,D,60.92903225806452
2019-08-19,E,60.0516129032258
2019-08-19,N,55.04666666666667
2019-08-19,T,59.648387096774194
2019-08-20,D,61.08387096774193
2019-08-20,E,60.403225806451616
2019-08-20,N,54.806451612903224
2019-08-20,T,59.81935483870968
2019-08-21,D,61.067741935483866
2019-08-21,E,62.90967741935484
2019-08-21,N,54.81612903225806
2019-08-21,T,60.79032258064516
2019-08-22,D,61.48709677419355
2019-08-22,E,60.806451612903224
2019-08-22,N,56.0516129032258
2019-08-22,T,60.34838709677419
2019-08-23,D,60.93666666666666
2019-08-23,E,60.45
2019-08-23,N,55.81666666666667
2019-08-23,T,59.81666666666667
2019-08-24,D,58.980000000000004
2019-08-24,E,59.97666666666667
2019-08-24,N,55.879999999999995
2019-08-24,T,58.5
2019-08-25,D,58.54333333333333
2019-08-25,E,60.126666666666665
2019-08-25,N,55.66
2019-08-25,T,58.333333333333336
2019-08-26,D,62.666666666666664
2019-08-26,E,66.83225806451614
2019-08-26,N,55.766666666666666
2019-08-26,T,62.89666666666667
2019-08-27,D,62.13548387096775
2019-08-27,E,61.225806451612904
2019-08-27,N,56.190322580645166
2019-08-27,T,60.81935483870968
2019-08-28,D,61.648387096774194
2019-08-28,E,61.23548387096774
2019-08-28,N,55.26774193548387
2019-08-28,T,60.461290322580645
2019-08-29,D,61.34193548387096
2019-08-29,E,61.49666666666666
2019-08-29,N,55.59032258064516
2019-08-29,T,60.23225806451613
2019-08-30,D,61.71612903225807
2019-08-30,E,64.19032258064516
2019-08-30,N,56.24333333333333
2019-08-30,T,61.62903225806452
2019-08-31,D,59.69677419354839
2019-08-31,E,61.145161290322584
2019-08-31,N,55.983870967741936
2019-08-31,T,59.274193548387096
2019-09-01,D,59.5258064516129
2019-09-01,E,60.62580645161291
2019-09-01,N,56.596774193548384
2019-09-01,T,59.13225806451613
2019-09-02,D,62.289655172413795
2019-09-02,E,61.641379310344824
2019-09-02,N,56.225806451612904
2019-09-02,T,61.00344827586206
2019-09-03,D,62.841379310344834
2019-09-03,E,61.80344827586207
2019-09-03,N,55.710344827586205
2019-09-03,T,61.36896551724138
2019-09-04,D,62.682758620689654
2019-09-04,E,61.858620689655176
2019-09-04,N,56.10344827586207
2019-09-04,T,61.36551724137931
2019-09-05,D,63.0
2019-09-05,E,62.19655172413793
2019-09-05,N,56.9896551724138
2019-09-05,T,61.665517241379305
2019-09-06,D,63.04137931034483
2019-09-06,E,62.317241379310346
2019-09-06,N,57.317241379310346
2019-09-06,T,61.95172413793103
2019-09-07,D,60.6551724137931
2019-09-07,E,61.63448275862069
2019-09-07,N,57.724137931034484
2019-09-07,T,60.22758620689655
2019-09-08,D,59.5551724137931
2019-09-08,E,61.220689655172414
2019-09-08,N,57.317241379310346
2019-09-08,T,59.5103448275862
2019-09-09,D,62.55862068965517
2019-09-09,E,61.41379310344828
2019-09-09,N,56.42413793103448
2019-09-09,T,61.62068965517241
2019-09-10,D,63.57586206896552
2019-09-10,E,62.09310344827586
2019-09-10,N,55.40344827586207
2019-09-10,T,61.96896551724138
2019-09-11,D,63.317241379310346
2019-09-11,E,62.01724137931034
2019-09-11,N,56.03103448275862
2019-09-11,T,61.755172413793105
2019-09-12,D,63.4896551724138
2019-09-12,E,62.37586206896552
2019-09-12,N,56.179310344827584
2019-09-12,T,62.0
2019-09-13,D,63.45483870967742
2019-09-13,E,61.71
2019-09-13,N,56.46206896551725
2019-09-13,T,61.89677419354839
2019-09-14,D,62.47666666666667
2019-09-14,E,61.84838709677419
2019-09-14,N,56.70666666666667
2019-09-14,T,61.400000000000006
2019-09-15,D,60.45483870967742
2019-09-15,E,61.44516129032258
2019-09-15,N,57.58387096774193
2019-09-15,T,60.012903225806454
2019-09-16,D,62.820689655172416
2019-09-16,E,61.3551724137931
2019-09-16,N,55.832258064516125
2019-09-16,T,61.57931034482758
2019-09-17,D,62.91724137931034
2019-09-17,E,61.56896551724138
2019-09-17,N,55.15172413793104
2019-09-17,T,61.393103448275866
2019-09-18,D,63.07586206896552
2019-09-18,E,61.47241379310345
2019-09-18,N,54.53793103448275
2019-09-18,T,61.5
2019-09-19,D,62.80344827586207
2019-09-19,E,61.289655172413795
2019-09-19,N,55.682758620689654
2019-09-19,T,61.293103448275865
2019-09-20,D,62.5551724137931
2019-09-20,E,63.813793103448276
2019-09-20,N,55.51724137931034
2019-09-20,T,61.827586206896555
2019-09-21,D,60.57241379310344
2019-09-21,E,60.76206896551724
2019-09-21,N,57.50689655172414
2019-09-21,T,59.88620689655173
2019-09-22,D,59.99655172413794
2019-09-22,E,60.84827586206896
2019-09-22,N,56.279310344827586
2019-09-22,T,59.38965517241379
2019-09-23,D,62.38214285714286
2019-09-23,E,61.050000000000004
2019-09-23,N,53.1
2019-09-23,T,60.832142857142856
2019-09-24,D,62.68928571428571
2019-09-24,E,61.13214285714286
2019-09-24,N,54.66428571428571
2019-09-24,T,61.05357142857143
2019-09-25,D,62.292857142857144
2019-09-25,E,61.18928571428571
2019-09-25,N,54.603571428571435
2019-09-25,T,60.800000000000004
2019-09-26,D,62.371428571428574
2019-09-26,E,61.44642857142857
2019-09-26,N,55.232142857142854
2019-09-26,T,60.93928571428571
2019-09-27,D,62.47666666666667
2019-09-27,E,62.04333333333333
2019-09-27,N,55.96071428571429
2019-09-27,T,61.37
2019-09-28,D,60.50333333333333
2019-09-28,E,61.526666666666664
2019-09-28,N,56.943333333333335
2019-09-28,T,59.986666666666665
2019-09-29,D,59.88333333333333
2019-09-29,E,61.20333333333333
2019-09-29,N,57.01
2019-09-29,T,59.519999999999996
2019-09-30,D,62.333333333333336
2019-09-30,E,61.169999999999995
2019-09-30,N,55.31666666666667
2019-09-30,T,60.84
2019-10-01,D,62.559999999999995
2019-10-01,E,61.526666666666664
2019-10-01,N,55.10666666666667
2019-10-01,T,61.09
2019-10-02,D,62.97666666666667
2019-10-02,E,61.46333333333333
2019-10-02,N,55.18
2019-10-02,T,61.35666666666667
2019-10-03,D,62.333333333333336
2019-10-03,E,61.50333333333333
2019-10-03,N,55.166666666666664
2019-10-03,T,60.93
2019-10-04,D,62.44074074074074
2019-10-04,E,62.03333333333334
2019-10-04,N,56.00333333333333
2019-10-04,T,61.21851851851852
2019-10-05,D,60.75
2019-10-05,E,61.628571428571426
2019-10-05,N,57.521428571428565
2019-10-05,T,60.28214285714286
2019-10-06,D,59.785714285714285
2019-10-06,E,61.32857142857143
2019-10-06,N,56.93214285714286
2019-10-06,T,59.67142857142857
2019-10-07,D,62.778571428571425
2019-10-07,E,60.922222222222224
2019-10-07,N,55.550000000000004
2019-10-07,T,61.1925925925926
2019-10-08,D,62.642857142857146
2019-10-08,E,61.38214285714286
2019-10-08,N,54.971428571428575
2019-10-08,T,61.11785714285714
2019-10-09,D,63.646428571428565
2019-10-09,E,61.278571428571425
2019-10-09,N,55.225
2019-10-09,T,61.9
2019-10-10,D,62.60344827586207
2019-10-10,E,62.096428571428575
2019-10-10,N,55.56428571428571
2019-10-10,T,61.49310344827586
2019-10-11,D,62.760714285714286
2019-10-11,E,62.36071428571428
2019-10-11,N,56.792857142857144
2019-10-11,T,61.75714285714286
2019-10-12,D,61.49285714285714
2019-10-12,E,63.61071428571428
2019-10-12,N,57.44285714285714
2019-10-12,T,61.503571428571426
2019-10-13,D,60.153571428571425
2019-10-13,E,61.11071428571428
2019-10-13,N,57.975
2019-10-13,T,59.917857142857144
2019-10-14,D,63.46071428571429
2019-10-14,E,61.69285714285714
2019-10-14,N,55.32857142857143
2019-10-14,T,61.800000000000004
2019-10-15,D,63.1
2019-10-15,E,61.4
2019-10-15,N,55.771428571428565
2019-10-15,T,61.63214285714286
2019-10-16,D,63.228571428571435
2019-10-16,E,60.67857142857143
2019-10-16,N,55.378571428571426
2019-10-16,T,61.53928571428571
2019-10-17,D,63.146428571428565
2019-10-17,E,60.375
2019-10-17,N,54.892857142857146
2019-10-17,T,61.324999999999996
2019-10-18,D,63.507407407407406
2019-10-18,E,61.681481481481484
2019-10-18,N,55.339285714285715
2019-10-18,T,61.922222222222224
2019-10-19,D,61.51111111111111
2019-10-19,E,63.34814814814814
2019-10-19,N,56.34074074074074
2019-10-19,T,61.12222222222222
2019-10-20,D,60.48518518518518
2019-10-20,E,60.544444444444444
2019-10-20,N,58.48888888888889
2019-10-20,T,59.94444444444444
2019-10-21,D,63.486666666666665
2019-10-21,E,61.54
2019-10-21,N,55.15185185185185
2019-10-21,T,61.9
2019-10-22,D,63.62592592592593
2019-10-22,E,62.06666666666666
2019-10-22,N,55.5
2019-10-22,T,62.05925925925926
2019-10-23,D,63.611111111111114
2019-10-23,E,61.788888888888884
2019-10-23,N,57.67407407407408
2019-10-23,T,62.12592592592593
2019-10-24,D,62.98148148148148
2019-10-24,E,61.93703703703704
2019-10-24,N,55.951851851851856
2019-10-24,T,61.7037037037037
2019-10-25,D,63.25555555555556
2019-10-25,E,62.288888888888884
2019-10-25,N,56.48148148148148
2019-10-25,T,61.81111111111112
2019-10-26,D,61.13703703703704
2019-10-26,E,62.129629629629626
2019-10-26,N,57.074074074074076
2019-10-26,T,60.58518518518518
2019-10-27,D,60.63703703703704
2019-10-27,E,60.670370370370364
2019-10-27,N,57.56666666666666
2019-10-27,T,59.98148148148148
2019-10-28,D,62.96296296296296
2019-10-28,E,60.81851851851852
2019-10-28,N,55.10740740740741
2019-10-28,T,61.24814814814815
2019-10-29,D,62.94444444444444
2019-10-29,E,61.24074074074074
2019-10-29,N,54.92962962962962
2019-10-29,T,61.31481481481482
2019-10-30,D,63.42333333333333
2019-10-30,E,61.42333333333333
2019-10-30,N,55.46296296296296
2019-10-30,T,61.9
2019-10-31,D,63.22
2019-10-31,E,62.00666666666667
2019-10-31,N,56.35
2019-10-31,T,61.77333333333333
2019-11-01,D,60.65333333333333
2019-11-01,E,60.513333333333335
2019-11-01,N,57.526666666666664
2019-11-01,T,59.876666666666665
2019-11-02,D,60.93333333333333
2019-11-02,E,60.95666666666667
2019-11-02,N,56.236666666666665
2019-11-02,T,59.99333333333333
2019-11-03,D,61.373333333333335
2019-11-03,E,60.096666666666664
2019-11-03,N,57.830000000000005
2019-11-03,T,60.336666666666666
2019-11-04,D,63.766666666666666
2019-11-04,E,63.044444444444444
2019-11-04,N,55.690000000000005
2019-11-04,T,62.270370370370365
2019-11-05,D,63.5
2019-11-05,E,62.25925925925926
2019-11-05,N,56.111111111111114
2019-11-05,T,61.91481481481482
2019-11-06,D,63.24814814814815
2019-11-06,E,62.03703703703704
2019-11-06,N,56.28148148148148
2019-11-06,T,61.76296296296296
2019-11-07,D,63.55185185185186
2019-11-07,E,62.3962962962963
2019-11-07,N,56.52222222222222
2019-11-07,T,62.044444444444444
2019-11-08,D,63.8
2019-11-08,E,62.403703703703705
2019-11-08,N,57.04074074074074
2019-11-08,T,62.31481481481482
2019-11-09,D,61.72592592592592
2019-11-09,E,61.91481481481482
2019-11-09,N,57.492592592592594
2019-11-09,T,60.86666666666667
2019-11-10,D,61.63703703703704
2019-11-10,E,60.84444444444444
2019-11-10,N,57.9
2019-11-10,T,60.662962962962965
2019-11-11,D,63.44074074074074
2019-11-11,E,61.34814814814815
2019-11-11,N,56.34444444444444
2019-11-11,T,61.88518518518518
2019-11-12,D,63.096774193548384
2019-11-12,E,61.70645161290323
2019-11-12,N,55.766666666666666
2019-11-12,T,61.66451612903226
2019-11-13,D,63.893103448275866
2019-11-13,E,61.714285714285715
2019-11-13,N,58.561290322580646
2019-11-13,T,62.47586206896552
2019-11-14,D,64.52857142857142
2019-11-14,E,62.753571428571426
2019-11-14,N,56.38928571428572
2019-11-14,T,62.824999999999996
2019-11-15,D,63.75
2019-11-15,E,61.92857142857143
2019-11-15,N,56.642857142857146
2019-11-15,T,62.142857142857146
2019-11-16,D,62.08571428571429
2019-11-16,E,61.43214285714286
2019-11-16,N,57.239285714285714
2019-11-16,T,60.982142857142854
2019-11-17,D,61.260714285714286
2019-11-17,E,62.31785714285714
2019-11-17,N,57.0
2019-11-17,T,60.603571428571435
2019-11-18,D,63.653571428571425
2019-11-18,E,61.785714285714285
2019-11-18,N,56.45357142857143
2019-11-18,T,62.028571428571425
2019-11-19,D,63.6
2019-11-19,E,61.625
2019-11-19,N,56.167857142857144
2019-11-19,T,61.96071428571429
2019-11-20,D,64.07857142857144
2019-11-20,E,63.5
2019-11-20,N,56.35
2019-11-20,T,62.67857142857143
2019-11-21,D,64.04285714285714
2019-11-21,E,62.114285714285714
2019-11-21,N,56.84285714285714
2019-11-21,T,62.510714285714286
2019-11-22,D,65.05172413793103
2019-11-22,E,63.36206896551724
2019-11-22,N,57.4448275862069
2019-11-22,T,63.48275862068966
2019-11-23,D,62.358620689655176
2019-11-23,E,61.6
2019-11-23,N,58.675862068965515
2019-11-23,T,61.38620689655173
2019-11-24,D,61.03448275862069
2019-11-24,E,60.59310344827586
2019-11-24,N,57.6551724137931
2019-11-24,T,60.165517241379305
2019-11-25,D,63.55862068965517
2019-11-25,E,61.38275862068965
2019-11-25,N,55.93103448275862
2019-11-25,T,61.87241379310345
2019-11-26,D,63.43103448275862
2019-11-26,E,63.02413793103448
2019-11-26,N,55.51379310344828
2019-11-26,T,62.07586206896552
2019-11-27,D,63.88965517241379
2019-11-27,E,61.824137931034485
2019-11-27,N,57.46551724137931
2019-11-27,T,62.27241379310345
2019-11-28,D,63.5
2019-11-28,E,61.86551724137931
2019-11-28,N,56.324137931034485
2019-11-28,T,61.91724137931034
2019-11-29,D,63.93870967741936
2019-11-29,E,62.38709677419355
2019-11-29,N,56.46551724137931
2019-11-29,T,62.47741935483871
2019-11-30,D,61.854838709677416
2019-11-30,E,63.40645161290323
2019-11-30,N,57.66129032258065
2019-11-30,T,61.42903225806452
2019-12-01,D,63.36129032258064
2019-12-01,E,64.50645161290323
2019-12-01,N,58.70967741935484
2019-12-01,T,62.67741935483871
2019-12-02,D,64.7516129032258
2019-12-02,E,62.70645161290323
2019-12-02,N,58.23870967741936
2019-12-02,T,63.08064516129032
2019-12-03,D,64.06206896551724
2019-12-03,E,62.23103448275862
2019-12-03,N,56.11290322580645
2019-12-03,T,62.41724137931034
2019-12-04,D,64.93103448275862
2019-12-04,E,62.37931034482759
2019-12-04,N,57.19655172413793
2019-12-04,T,63.220689655172414
2019-12-05,D,64.75714285714285
2019-12-05,E,63.128571428571426
2019-12-05,N,57.478571428571435
2019-12-05,T,63.278571428571425
2019-12-06,D,61.28928571428571
2019-12-06,E,61.839285714285715
2019-12-06,N,58.096428571428575
2019-12-06,T,60.65
2019-12-07,D,61.65714285714286
2019-12-07,E,61.528571428571425
2019-12-07,N,57.28214285714286
2019-12-07,T,60.714285714285715
2019-12-08,D,61.471428571428575
2019-12-08,E,61.57857142857143
2019-12-08,N,57.42142857142857
2019-12-08,T,60.614285714285714
2019-12-09,D,61.449999999999996
2019-12-09,E,61.410714285714285
2019-12-09,N,56.521428571428565
2019-12-09,T,60.43571428571429
2019-12-10,D,63.65483870967742
2019-12-10,E,62.10967741935484
2019-12-10,N,55.779310344827586
2019-12-10,T,62.07096774193548
2019-12-11,D,63.99666666666667
2019-12-11,E,62.12
2019-12-11,N,56.10645161290322
2019-12-11,T,62.28333333333333
2019-12-12,D,64.61333333333333
2019-12-12,E,63.85333333333333
2019-12-12,N,57.03
2019-12-12,T,63.163333333333334
2019-12-13,D,64.28
2019-12-13,E,62.47931034482759
2019-12-13,N,58.37
2019-12-13,T,62.88333333333333
2019-12-14,D,62.15172413793104
2019-12-14,E,62.55862068965517
2019-12-14,N,58.37931034482759
2019-12-14,T,61.4896551724138
2019-12-15,D,61.58965517241379
2019-12-15,E,60.87586206896552
2019-12-15,N,58.51379310344828
2019-12-15,T,60.779310344827586
2019-12-16,D,63.78666666666666
2019-12-16,E,61.313793103448276
2019-12-16,N,55.92413793103448
2019-12-16,T,61.95666666666667
2019-12-17,D,63.97931034482759
2019-12-17,E,61.689655172413794
2019-12-17,N,55.606896551724134
2019-12-17,T,62.234482758620686
2019-12-18,D,63.410714285714285
2019-12-18,E,61.824999999999996
2019-12-18,N,55.92758620689656
2019-12-18,T,61.785714285714285
2019-12-19,D,64.38620689655173
2019-12-19,E,64.75172413793103
2019-12-19,N,57.225
2019-12-19,T,63.3551724137931
2019-12-20,D,64.41379310344827
2019-12-20,E,64.20344827586207
2019-12-20,N,61.800000000000004
2019-12-20,T,63.713793103448275
2019-12-21,D,63.99310344827586
2019-12-21,E,63.42068965517242
2019-12-21,N,58.41379310344828
2019-12-21,T,62.893103448275866
2019-12-22,D,61.59655172413793
2019-12-22,E,61.73103448275862
2019-12-22,N,58.648275862068964
2019-12-22,T,60.94827586206897
2019-12-23,D,63.12413793103448
2019-12-23,E,62.37931034482759
2019-12-23,N,56.54482758620689
2019-12-23,T,61.8448275862069
2019-12-24,D,62.13103448275862
2019-12-24,E,61.43103448275862
2019-12-24,N,56.37931034482759
2019-12-24,T,61.1448275862069
2019-12-25,D,59.658620689655166
2019-12-25,E,60.748275862068965
2019-12-25,N,59.37586206896552
2019-12-25,T,60.1
2019-12-26,D,62.56896551724138
2019-12-26,E,61.841379310344834
2019-12-26,N,55.39655172413793
2019-12-26,T,61.141379310344824
2019-12-27,D,62.57586206896552
2019-12-27,E,62.282758620689656
2019-12-27,N,56.70344827586207
2019-12-27,T,61.33793103448276
2019-12-28,D,61.255172413793105
2019-12-28,E,61.96551724137931
2019-12-28,N,57.12413793103448
2019-12-28,T,60.58965517241379
2019-12-29,D,60.706896551724135
2019-12-29,E,61.327586206896555
2019-12-29,N,57.255172413793105
2019-12-29,T,60.11034482758621
2019-12-30,D,62.46206896551725
2019-12-30,E,62.317241379310346
2019-12-30,N,56.43448275862069
2019-12-30,T,61.50344827586206
2019-12-31,D,62.841379310344834
2019-12-31,E,63.327586206896555
2019-12-31,N,56.26896551724138
2019-12-31,T,62.334482758620695
2020-01-01,D,59.86071428571428
2020-01-01,E,61.364285714285714
2020-01-01,N,67.94137931034483
2020-01-01,T,65.42758620689655
2020-01-02,D,62.86785714285714
2020-01-02,E,61.93928571428571
2020-01-02,N,55.32142857142857
2020-01-02,T,61.36785714285714
2020-01-03,D,63.01428571428572
2020-01-03,E,62.16428571428572
2020-01-03,N,56.36785714285714
2020-01-03,T,61.76428571428572
2020-01-04,D,61.59285714285714
2020-01-04,E,62.18571428571429
2020-01-04,N,56.93214285714286
2020-01-04,T,60.96071428571429
2020-01-05,D,60.84285714285715
2020-01-05,E,62.582142857142856
2020-01-05,N,56.51428571428572
2020-01-05,T,60.68571428571429
2020-01-06,D,60.371428571428574
2020-01-06,E,61.01428571428572
2020-01-06,N,56.46785714285714
2020-01-06,T,59.625
2020-01-07,D,62.92142857142857
2020-01-07,E,61.88214285714286
2020-01-07,N,55.9
2020-01-07,T,61.42142857142857
2020-01-08,D,63.04642857142857
2020-01-08,E,61.68214285714286
2020-01-08,N,55.84285714285714
2020-01-08,T,61.5
2020-01-09,D,63.096428571428575
2020-01-09,E,61.628571428571426
2020-01-09,N,55.714285714285715
2020-01-09,T,61.478571428571435
2020-01-10,D,63.357142857142854
2020-01-10,E,61.94642857142857
2020-01-10,N,55.739285714285714
2020-01-10,T,61.817857142857136
2020-01-11,D,61.42857142857143
2020-01-11,E,62.06071428571429
2020-01-11,N,57.457142857142856
2020-01-11,T,60.76428571428572
2020-01-12,D,60.84285714285714
2020-01-12,E,60.79642857142857
2020-01-12,N,57.482142857142854
2020-01-12,T,60.221428571428575
2020-01-13,D,62.5
2020-01-13,E,60.8448275862069
2020-01-13,N,54.771428571428565
2020-01-13,T,60.875
2020-01-14,D,63.275
2020-01-14,E,61.59285714285714
2020-01-14,N,54.83103448275862
2020-01-14,T,61.625
2020-01-15,D,63.31071428571429
2020-01-15,E,61.94642857142857
2020-01-15,N,55.392857142857146
2020-01-15,T,61.74285714285714
2020-01-16,D,63.528571428571425
2020-01-16,E,61.92142857142857
2020-01-16,N,55.6
2020-01-16,T,61.971428571428575
2020-01-17,D,63.278571428571425
2020-01-17,E,62.403571428571425
2020-01-17,N,56.228571428571435
2020-01-17,T,61.92142857142857
2020-01-18,D,62.44285714285714
2020-01-18,E,62.07142857142857
2020-01-18,N,56.92857142857143
2020-01-18,T,61.31428571428571
2020-01-19,D,61.46785714285714
2020-01-19,E,60.15
2020-01-19,N,57.767857142857146
2020-01-19,T,60.471428571428575
2020-01-20,D,63.38214285714286
2020-01-20,E,61.846428571428575
2020-01-20,N,55.425000000000004
2020-01-20,T,61.760714285714286
2020-01-21,D,64.39285714285714
2020-01-21,E,62.82142857142857
2020-01-21,N,56.94285714285714
2020-01-21,T,62.792857142857144
2020-01-22,D,63.91034482758621
2020-01-22,E,62.17666666666666
2020-01-22,N,56.55357142857143
2020-01-22,T,62.255172413793105
2020-01-23,D,63.776666666666664
2020-01-23,E,62.14666666666667
2020-01-23,N,56.47666666666667
2020-01-23,T,62.16
2020-01-24,D,64.48333333333333
2020-01-24,E,62.2
2020-01-24,N,57.190000000000005
2020-01-24,T,62.776666666666664
2020-01-25,D,63.19666666666667
2020-01-25,E,62.61
2020-01-25,N,58.766666666666666
2020-01-25,T,62.20333333333333
2020-01-26,D,61.49
2020-01-26,E,60.74
2020-01-26,N,58.00333333333333
2020-01-26,T,60.55
2020-01-27,D,63.663333333333334
2020-01-27,E,61.51
2020-01-27,N,55.9
2020-01-27,T,62.016666666666666
2020-01-28,D,63.67666666666666
2020-01-28,E,61.68666666666666
2020-01-28,N,55.86666666666667
2020-01-28,T,61.93666666666666
2020-01-29,D,63.99666666666667
2020-01-29,E,61.586666666666666
2020-01-29,N,55.53666666666666
2020-01-29,T,62.193333333333335
2020-01-30,D,63.85333333333333
2020-01-30,E,61.70333333333333
2020-01-30,N,55.84666666666667
2020-01-30,T,62.166666666666664
2020-01-31,D,63.28333333333333
2020-01-31,E,62.123333333333335
2020-01-31,N,56.876666666666665
2020-01-31,T,61.92333333333333
2020-02-01,D,61.52333333333333
2020-02-01,E,61.376666666666665
2020-02-01,N,57.39
2020-02-01,T,60.593333333333334
2020-02-02,D,60.690000000000005
2020-02-02,E,60.57666666666667
2020-02-02,N,56.61
2020-02-02,T,59.80333333333333
2020-02-03,D,62.843333333333334
2020-02-03,E,61.406666666666666
2020-02-03,N,55.406666666666666
2020-02-03,T,61.263333333333335
2020-02-04,D,63.03333333333333
2020-02-04,E,61.34666666666667
2020-02-04,N,55.57666666666667
2020-02-04,T,61.39333333333333
2020-02-05,D,62.93666666666666
2020-02-05,E,61.68333333333333
2020-02-05,N,55.82
2020-02-05,T,61.43333333333333
2020-02-06,D,63.26
2020-02-06,E,62.16333333333333
2020-02-06,N,56.05333333333333
2020-02-06,T,62.04666666666666
2020-02-07,D,63.47
2020-02-07,E,62.11666666666667
2020-02-07,N,56.656666666666666
2020-02-07,T,62.19666666666667
2020-02-08,D,61.52333333333333
2020-02-08,E,61.626666666666665
2020-02-08,N,56.93
2020-02-08,T,60.63666666666666
2020-02-09,D,60.76
2020-02-09,E,60.85666666666667
2020-02-09,N,56.836666666666666
2020-02-09,T,59.91333333333333
2020-02-10,D,63.306666666666665
2020-02-10,E,61.333333333333336
2020-02-10,N,55.4
2020-02-10,T,61.61333333333334
2020-02-11,D,63.10333333333333
2020-02-11,E,61.39
2020-02-11,N,55.53
2020-02-11,T,61.45
2020-02-12,D,62.87931034482759
2020-02-12,E,61.313793103448276
2020-02-12,N,55.57666666666667
2020-02-12,T,61.15333333333333
2020-02-13,D,62.99
2020-02-13,E,61.693333333333335
2020-02-13,N,55.606896551724134
2020-02-13,T,61.480000000000004
2020-02-14,D,63.233333333333334
2020-02-14,E,62.39
2020-02-14,N,56.38333333333333
2020-02-14,T,61.88666666666666
2020-02-15,D,61.55333333333333
2020-02-15,E,61.234482758620686
2020-02-15,N,57.43666666666666
2020-02-15,T,60.60666666666667
2020-02-16,D,60.47241379310345
2020-02-16,E,60.58965517241379
2020-02-16,N,56.779310344827586
2020-02-16,T,59.720689655172414
2020-02-17,D,62.679310344827584
2020-02-17,E,60.95517241379311
2020-02-17,N,55.42413793103448
2020-02-17,T,61.02758620689655
2020-02-18,D,62.99310344827586
2020-02-18,E,61.44137931034483
2020-02-18,N,55.179310344827584
2020-02-18,T,61.42758620689656
2020-02-19,D,63.013333333333335
2020-02-19,E,62.013333333333335
2020-02-19,N,55.83793103448276
2020-02-19,T,61.556666666666665
2020-02-20,D,63.1
2020-02-20,E,61.92333333333333
2020-02-20,N,55.97
2020-02-20,T,61.593333333333334
2020-02-21,D,63.156666666666666
2020-02-21,E,61.46666666666667
2020-02-21,N,56.35333333333333
2020-02-21,T,61.730000000000004
2020-02-22,D,61.289655172413795
2020-02-22,E,61.62068965517241
2020-02-22,N,57.05862068965517
2020-02-22,T,60.45862068965517
2020-02-23,D,60.38965517241379
2020-02-23,E,60.87241379310345
2020-02-23,N,56.9
2020-02-23,T,59.744827586206895
2020-02-24,D,62.34
2020-02-24,E,61.09666666666667
2020-02-24,N,55.2
2020-02-24,T,60.84
2020-02-25,D,63.026666666666664
2020-02-25,E,61.34
2020-02-25,N,55.66
2020-02-25,T,61.38666666666666
2020-02-26,D,62.916666666666664
2020-02-26,E,61.641379310344824
2020-02-26,N,55.309999999999995
2020-02-26,T,61.42666666666666
2020-02-27,D,63.34
2020-02-27,E,61.3
2020-02-27,N,56.223333333333336
2020-02-27,T,61.68
2020-02-28,D,62.68666666666666
2020-02-28,E,61.809999999999995
2020-02-28,N,56.61
2020-02-28,T,61.413333333333334
2020-02-29,D,61.580000000000005
2020-02-29,E,61.11
2020-02-29,N,56.90333333333333
2020-02-29,T,60.473333333333336
2020-03-01,D,60.623333333333335
2020-03-01,E,60.99333333333333
2020-03-01,N,56.84666666666667
2020-03-01,T,60.13333333333333
2020-03-02,D,63.88333333333333
2020-03-02,E,61.336666666666666
2020-03-02,N,61.01
2020-03-02,T,62.80333333333333
2020-03-03,D,63.483333333333334
2020-03-03,E,61.623333333333335
2020-03-03,N,55.31333333333334
2020-03-03,T,61.74666666666667
2020-03-04,D,63.17333333333333
2020-03-04,E,61.193333333333335
2020-03-04,N,55.67666666666666
2020-03-04,T,61.55
2020-03-05,D,63.39666666666667
2020-03-05,E,61.5
2020-03-05,N,55.67333333333333
2020-03-05,T,61.70666666666667
2020-03-06,D,63.56666666666667
2020-03-06,E,61.906666666666666
2020-03-06,N,56.663333333333334
2020-03-06,T,62.093333333333334
2020-03-07,D,61.06333333333334
2020-03-07,E,61.21333333333334
2020-03-07,N,56.690000000000005
2020-03-07,T,60.193333333333335
2020-03-08,D,60.830000000000005
2020-03-08,E,60.4
2020-03-08,N,56.95333333333333
2020-03-08,T,59.99333333333333
2020-03-09,D,62.730000000000004
2020-03-09,E,61.166666666666664
2020-03-09,N,55.38333333333333
2020-03-09,T,61.093333333333334
2020-03-10,D,62.65333333333333
2020-03-10,E,61.166666666666664
2020-03-10,N,55.29333333333333
2020-03-10,T,61.07666666666667
2020-03-11,D,62.82666666666667
2020-03-11,E,61.24666666666667
2020-03-11,N,55.60333333333333
2020-03-11,T,61.27
2020-03-12,D,62.30333333333333
2020-03-12,E,60.44666666666667
2020-03-12,N,55.55333333333333
2020-03-12,T,60.68
2020-03-13,D,61.68
2020-03-13,E,60.06666666666667
2020-03-13,N,54.843333333333334
2020-03-13,T,60.13333333333333
2020-03-14,D,58.39666666666667
2020-03-14,E,57.88
2020-03-14,N,53.656666666666666
2020-03-14,T,57.233333333333334
2020-03-15,D,56.40333333333333
2020-03-15,E,58.483333333333334
2020-03-15,N,51.806666666666665
2020-03-15,T,56.24666666666667
2020-03-16,D,60.876666666666665
2020-03-16,E,58.09666666666667
2020-03-16,N,54.3
2020-03-16,T,59.10333333333333
2020-03-17,D,60.263333333333335
2020-03-17,E,57.66
2020-03-17,N,53.61666666666667
2020-03-17,T,58.72
2020-03-18,D,58.95333333333333
2020-03-18,E,57.473333333333336
2020-03-18,N,52.59666666666667
2020-03-18,T,57.526666666666664
2020-03-19,D,58.75333333333333
2020-03-19,E,56.60666666666667
2020-03-19,N,52.730000000000004
2020-03-19,T,57.330000000000005
2020-03-20,D,58.99333333333333
2020-03-20,E,57.09
2020-03-20,N,52.03666666666666
2020-03-20,T,57.473333333333336
2020-03-21,D,57.333333333333336
2020-03-21,E,56.483333333333334
2020-03-21,N,51.15
2020-03-21,T,56.083333333333336
2020-03-22,D,54.93
2020-03-22,E,56.22
2020-03-22,N,50.53
2020-03-22,T,54.41
2020-03-23,D,60.25666666666667
2020-03-23,E,56.93333333333333
2020-03-23,N,53.68
2020-03-23,T,58.51
2020-03-24,D,59.47666666666667
2020-03-24,E,56.440000000000005
2020-03-24,N,52.440000000000005
2020-03-24,T,57.71
2020-03-25,D,58.67666666666666
2020-03-25,E,56.51
2020-03-25,N,51.56333333333334
2020-03-25,T,57.059999999999995
2020-03-26,D,58.06666666666667
2020-03-26,E,56.376666666666665
2020-03-26,N,51.61
2020-03-26,T,56.59
2020-03-27,D,59.07
2020-03-27,E,56.416666666666664
2020-03-27,N,51.31666666666667
2020-03-27,T,57.306666666666665
2020-03-28,D,55.769999999999996
2020-03-28,E,56.15333333333333
2020-03-28,N,50.95333333333333
2020-03-28,T,54.943333333333335
2020-03-29,D,54.730000000000004
2020-03-29,E,55.59
2020-03-29,N,48.29583333333333
2020-03-29,T,54.18
2020-03-30,D,58.2
2020-03-30,E,56.97666666666667
2020-03-30,N,50.50666666666667
2020-03-30,T,56.70666666666667
2020-03-31,D,60.09
2020-03-31,E,58.46333333333334
2020-03-31,N,53.39666666666667
2020-03-31,T,58.54
2020-04-01,D,58.14666666666667
2020-04-01,E,56.84
2020-04-01,N,52.163333333333334
2020-04-01,T,56.68666666666666
2020-04-02,D,57.763333333333335
2020-04-02,E,57.46333333333334
2020-04-02,N,51.083333333333336
2020-04-02,T,56.52333333333333
2020-04-03,D,57.07586206896552
2020-04-03,E,56.33103448275862
2020-04-03,N,50.68333333333333
2020-04-03,T,55.793103448275865
2020-04-04,D,55.73103448275862
2020-04-04,E,56.26206896551724
2020-04-04,N,50.213793103448275
2020-04-04,T,54.90689655172414
2020-04-05,D,54.50689655172414
2020-04-05,E,55.41034482758621
2020-04-05,N,48.84827586206896
2020-04-05,T,53.686206896551724
2020-04-06,D,57.744827586206895
2020-04-06,E,56.724137931034484
2020-04-06,N,50.49310344827586
2020-04-06,T,56.43793103448276
2020-04-07,D,58.48275862068966
2020-04-07,E,57.05862068965517
2020-04-07,N,52.16896551724138
2020-04-07,T,57.00689655172414
2020-04-08,D,57.82857142857143
2020-04-08,E,56.92068965517242
2020-04-08,N,50.55714285714286
2020-04-08,T,56.56206896551724
2020-04-09,D,56.251724137931035
2020-04-09,E,57.20344827586207
2020-04-09,N,49.758620689655174
2020-04-09,T,55.38275862068965
2020-04-10,D,56.54827586206897
2020-04-10,E,56.77241379310345
2020-04-10,N,51.758620689655174
2020-04-10,T,55.758620689655174
2020-04-11,D,56.19655172413793
2020-04-11,E,57.141379310344824
2020-04-11,N,50.48275862068966
2020-04-11,T,55.46206896551725
2020-04-12,D,54.734482758620686
2020-04-12,E,55.79655172413793
2020-04-12,N,49.4
2020-04-12,T,54.06551724137931
2020-04-13,D,58.606896551724134
2020-04-13,E,57.483333333333334
2020-04-13,N,51.63448275862069
2020-04-13,T,57.148275862068964
2020-04-14,D,59.71666666666667
2020-04-14,E,57.193333333333335
2020-04-14,N,51.413333333333334
2020-04-14,T,57.943333333333335
2020-04-15,D,60.78333333333333
2020-04-15,E,59.36
2020-04-15,N,52.156666666666666
2020-04-15,T,59.65
2020-04-16,D,59.156666666666666
2020-04-16,E,59.169999999999995
2020-04-16,N,52.3
2020-04-16,T,58.09666666666667
2020-04-17,D,58.99
2020-04-17,E,58.163333333333334
2020-04-17,N,52.373333333333335
2020-04-17,T,57.71
2020-04-18,D,56.68666666666666
2020-04-18,E,56.730000000000004
2020-04-18,N,51.4
2020-04-18,T,55.78666666666666
2020-04-19,D,55.93333333333333
2020-04-19,E,56.59666666666667
2020-04-19,N,52.473333333333336
2020-04-19,T,55.34666666666667
2020-04-20,D,59.67666666666666
2020-04-20,E,57.17666666666666
2020-04-20,N,51.46333333333334
2020-04-20,T,57.99333333333333
2020-04-21,D,59.44666666666667
2020-04-21,E,57.46333333333334
2020-04-21,N,51.49333333333333
2020-04-21,T,57.94666666666667
2020-04-22,D,59.18333333333333
2020-04-22,E,56.919999999999995
2020-04-22,N,51.45
2020-04-22,T,57.67666666666666
2020-04-23,D,59.55333333333333
2020-04-23,E,57.473333333333336
2020-04-23,N,51.02333333333333
2020-04-23,T,58.026666666666664
2020-04-24,D,59.559999999999995
2020-04-24,E,57.76
2020-04-24,N,51.36
2020-04-24,T,58.026666666666664
2020-04-25,D,56.13666666666666
2020-04-25,E,56.586666666666666
2020-04-25,N,50.480000000000004
2020-04-25,T,55.22
2020-04-26,D,55.43
2020-04-26,E,55.49
2020-04-26,N,49.55
2020-04-26,T,54.376666666666665
2020-04-27,D,59.156666666666666
2020-04-27,E,56.973333333333336
2020-04-27,N,50.50666666666667
2020-04-27,T,57.39666666666667
2020-04-28,D,58.99666666666667
2020-04-28,E,57.11666666666667
2020-04-28,N,51.25
2020-04-28,T,57.35333333333333
2020-04-29,D,59.440000000000005
2020-04-29,E,57.16
2020-04-29,N,51.21
2020-04-29,T,57.69666666666667
2020-04-30,D,59.53333333333333
2020-04-30,E,57.51
2020-04-30,N,51.62
2020-04-30,T,57.84666666666667
2020-05-01,D,55.736666666666665
2020-05-01,E,55.94666666666667
2020-05-01,N,50.36
2020-05-01,T,54.67666666666666
2020-05-02,D,56.77333333333333
2020-05-02,E,57.04
2020-05-02,N,49.78
2020-05-02,T,55.78333333333333
2020-05-03,D,55.63666666666666
2020-05-03,E,56.53666666666666
2020-05-03,N,50.513333333333335
2020-05-03,T,54.9
2020-05-04,D,59.516666666666666
2020-05-04,E,57.72
2020-05-04,N,51.733333333333334
2020-05-04,T,57.86
2020-05-05,D,59.44666666666667
2020-05-05,E,57.11333333333334
2020-05-05,N,51.776666666666664
2020-05-05,T,57.70333333333333
2020-05-06,D,60.14333333333333
2020-05-06,E,57.72
2020-05-06,N,51.93333333333333
2020-05-06,T,58.41
2020-05-07,D,60.32333333333334
2020-05-07,E,57.49333333333333
2020-05-07,N,52.8
2020-05-07,T,58.67666666666666
2020-05-08,D,59.46
2020-05-08,E,57.46333333333334
2020-05-08,N,52.21333333333334
2020-05-08,T,57.86333333333334
2020-05-09,D,57.11333333333334
2020-05-09,E,57.84
2020-05-09,N,51.57
2020-05-09,T,56.35333333333333
2020-05-10,D,55.54
2020-05-10,E,56.473333333333336
2020-05-10,N,51.416666666666664
2020-05-10,T,54.843333333333334
2020-05-11,D,59.919999999999995
2020-05-11,E,58.43666666666666
2020-05-11,N,51.96666666666667
2020-05-11,T,58.41
2020-05-12,D,60.61724137931035
2020-05-12,E,59.73793103448276
2020-05-12,N,52.08275862068966
2020-05-12,T,59.08275862068966
2020-05-13,D,60.0103448275862
2020-05-13,E,58.1551724137931
2020-05-13,N,53.37241379310345
2020-05-13,T,58.43103448275862
2020-05-14,D,61.53793103448275
2020-05-14,E,58.310344827586206
2020-05-14,N,52.95517241379311
2020-05-14,T,59.58275862068966
2020-05-15,D,59.33103448275862
2020-05-15,E,57.89655172413793
2020-05-15,N,51.0551724137931
2020-05-15,T,57.77241379310345
2020-05-16,D,57.689655172413794
2020-05-16,E,57.789655172413795
2020-05-16,N,51.724137931034484
2020-05-16,T,56.62758620689655
2020-05-17,D,55.91034482758621
2020-05-17,E,56.86551724137931
2020-05-17,N,51.06206896551724
2020-05-17,T,55.224137931034484
2020-05-18,D,60.40344827586207
2020-05-18,E,58.55172413793103
2020-05-18,N,52.300000000000004
2020-05-18,T,58.88965517241379
2020-05-19,D,60.22
2020-05-19,E,58.690000000000005
2020-05-19,N,52.08275862068966
2020-05-19,T,58.730000000000004
2020-05-20,D,59.93
2020-05-20,E,59.013333333333335
2020-05-20,N,52.39333333333333
2020-05-20,T,58.55
2020-05-21,D,60.25666666666667
2020-05-21,E,58.986666666666665
2020-05-21,N,53.09
2020-05-21,T,58.96666666666667
2020-05-22,D,60.276666666666664
2020-05-22,E,59.40333333333333
2020-05-22,N,52.919999999999995
2020-05-22,T,59.01333333333333
2020-05-23,D,59.056666666666665
2020-05-23,E,58.163333333333334
2020-05-23,N,52.330000000000005
2020-05-23,T,57.89
2020-05-24,D,56.49
2020-05-24,E,58.00666666666667
2020-05-24,N,52.080000000000005
2020-05-24,T,56.123333333333335
2020-05-25,D,62.15
2020-05-25,E,61.04666666666667
2020-05-25,N,52.75666666666667
2020-05-25,T,60.663333333333334
2020-05-26,D,61.230000000000004
2020-05-26,E,60.666666666666664
2020-05-26,N,53.80333333333333
2020-05-26,T,59.97
2020-05-27,D,60.96
2020-05-27,E,60.980000000000004
2020-05-27,N,54.11333333333334
2020-05-27,T,59.82666666666667
2020-05-28,D,60.86
2020-05-28,E,60.89
2020-05-28,N,54.11333333333334
2020-05-28,T,59.75333333333333
2020-05-29,D,60.44666666666667
2020-05-29,E,61.083333333333336
2020-05-29,N,54.21666666666667
2020-05-29,T,59.61333333333334
2020-05-30,D,59.06666666666667
2020-05-30,E,60.13
2020-05-30,N,54.8
2020-05-30,T,58.440000000000005
2020-05-31,D,59.06333333333334
2020-05-31,E,63.483333333333334
2020-05-31,N,54.43
2020-05-31,T,59.64
2020-06-01,D,60.76
2020-06-01,E,60.3
2020-06-01,N,53.99666666666667
2020-06-01,T,59.519999999999996
2020-06-02,D,61.016666666666666
2020-06-02,E,60.36333333333334
2020-06-02,N,53.88666666666666
2020-06-02,T,59.71
2020-06-03,D,60.843333333333334
2020-06-03,E,61.32666666666667
2020-06-03,N,54.730000000000004
2020-06-03,T,59.86333333333334
2020-06-04,D,61.486666666666665
2020-06-04,E,61.07
2020-06-04,N,54.35666666666667
2020-06-04,T,60.236666666666665
2020-06-05,D,60.64666666666667
2020-06-05,E,61.629999999999995
2020-06-05,N,54.24333333333333
2020-06-05,T,59.86333333333334
2020-06-06,D,59.123333333333335
2020-06-06,E,60.88333333333333
2020-06-06,N,55.61666666666667
2020-06-06,T,58.8
2020-06-07,D,58.32333333333334
2020-06-07,E,59.373333333333335
2020-06-07,N,55.20333333333333
2020-06-07,T,57.766666666666666
2020-06-08,D,60.86333333333334
2020-06-08,E,60.68666666666666
2020-06-08,N,53.983333333333334
2020-06-08,T,59.64
2020-06-09,D,60.86333333333334
2020-06-09,E,60.656666666666666
2020-06-09,N,54.12
2020-06-09,T,59.586666666666666
2020-06-10,D,61.24333333333333
2020-06-10,E,61.24333333333333
2020-06-10,N,54.123333333333335
2020-06-10,T,60.07
2020-06-11,D,61.789655172413795
2020-06-11,E,61.913333333333334
2020-06-11,N,54.39333333333333
2020-06-11,T,60.58275862068966
2020-06-12,D,62.07333333333334
2020-06-12,E,62.3
2020-06-12,N,54.70333333333333
2020-06-12,T,60.919999999999995
2020-06-13,D,59.45862068965517
2020-06-13,E,60.751724137931035
2020-06-13,N,55.43333333333333
2020-06-13,T,58.91724137931034
2020-06-14,D,58.36206896551724
2020-06-14,E,59.755172413793105
2020-06-14,N,55.02758620689655
2020-06-14,T,57.90689655172414
2020-06-15,D,61.16896551724138
2020-06-15,E,61.019999999999996
2020-06-15,N,54.03448275862069
2020-06-15,T,60.1448275862069
2020-06-16,D,61.64
2020-06-16,E,61.02333333333333
2020-06-16,N,54.16
2020-06-16,T,60.236666666666665
2020-06-17,D,61.35666666666667
2020-06-17,E,61.263333333333335
2020-06-17,N,54.35
2020-06-17,T,60.13
2020-06-18,D,61.35666666666667
2020-06-18,E,61.34666666666667
2020-06-18,N,54.64
2020-06-18,T,60.14333333333333
2020-06-19,D,61.15333333333333
2020-06-19,E,62.09666666666667
2020-06-19,N,55.2
2020-06-19,T,60.53666666666666
2020-06-20,D,59.28333333333333
2020-06-20,E,60.79333333333333
2020-06-20,N,56.21333333333334
2020-06-20,T,58.96
2020-06-21,D,58.419999999999995
2020-06-21,E,59.841379310344834
2020-06-21,N,55.836666666666666
2020-06-21,T,58.10333333333333
2020-06-22,D,61.206896551724135
2020-06-22,E,60.42758620689656
2020-06-22,N,54.88965517241379
2020-06-22,T,59.86551724137931
2020-06-23,D,61.25333333333333
2020-06-23,E,60.74666666666667
2020-06-23,N,54.3
2020-06-23,T,59.89666666666666
2020-06-24,D,61.419999999999995
2020-06-24,E,61.38333333333333
2020-06-24,N,55.11
2020-06-24,T,60.24333333333333
2020-06-25,D,61.66
2020-06-25,E,61.86666666666667
2020-06-25,N,55.11333333333334
2020-06-25,T,60.583333333333336
2020-06-26,D,62.02758620689655
2020-06-26,E,61.36896551724138
2020-06-26,N,55.343333333333334
2020-06-26,T,60.706896551724135
2020-06-27,D,59.95862068965517
2020-06-27,E,60.59310344827586
2020-06-27,N,55.686206896551724
2020-06-27,T,59.19655172413793
2020-06-28,D,59.23793103448276
2020-06-28,E,60.51379310344828
2020-06-28,N,55.47586206896552
2020-06-28,T,58.775862068965516
2020-06-29,D,62.00344827586206
2020-06-29,E,61.4896551724138
2020-06-29,N,54.48571428571428
2020-06-29,T,60.710344827586205
2020-06-30,D,62.320689655172416
2020-06-30,E,61.36551724137931
2020-06-30,N,54.96551724137931
2020-06-30,T,60.90344827586207
2020-07-01,D,62.50666666666667
2020-07-01,E,61.15
2020-07-01,N,55.28666666666666
2020-07-01,T,60.980000000000004
2020-07-02,D,61.99333333333333
2020-07-02,E,61.26296296296296
2020-07-02,N,55.083333333333336
2020-07-02,T,60.49
2020-07-03,D,62.27777777777778
2020-07-03,E,60.9962962962963
2020-07-03,N,55.285185185185185
2020-07-03,T,60.8074074074074
2020-07-04,D,59.644444444444446
2020-07-04,E,60.729629629629635
2020-07-04,N,55.63703703703704
2020-07-04,T,59.06666666666666
2020-07-05,D,59.044444444444444
2020-07-05,E,60.403703703703705
2020-07-05,N,55.71851851851852
2020-07-05,T,58.666666666666664
2020-07-06,D,62.77777777777778
2020-07-06,E,61.7
2020-07-06,N,55.01481481481482
2020-07-06,T,61.46296296296296
2020-07-07,D,62.422222222222224
2020-07-07,E,61.44444444444444
2020-07-07,N,54.770370370370365
2020-07-07,T,61.02222222222222
2020-07-08,D,62.355555555555554
2020-07-08,E,62.1037037037037
2020-07-08,N,55.17777777777778
2020-07-08,T,61.1925925925926
2020-07-09,D,62.1925925925926
2020-07-09,E,61.20740740740741
2020-07-09,N,55.51481481481482
2020-07-09,T,60.89259259259259
2020-07-10,D,62.13703703703704
2020-07-10,E,61.03333333333334
2020-07-10,N,55.233333333333334
2020-07-10,T,60.7
2020-07-11,D,60.1037037037037
2020-07-11,E,60.25185185185185
2020-07-11,N,55.93333333333334
2020-07-11,T,59.32592592592592
2020-07-12,D,58.74074074074074
2020-07-12,E,59.88148148148148
2020-07-12,N,55.7925925925926
2020-07-12,T,58.329629629629636
2020-07-13,D,61.36666666666667
2020-07-13,E,60.574074074074076
2020-07-13,N,54.65185185185185
2020-07-13,T,60.0
2020-07-14,D,61.05925925925926
2020-07-14,E,60.629629629629626
2020-07-14,N,54.86296296296296
2020-07-14,T,59.86296296296296
2020-07-15,D,61.45
2020-07-15,E,60.78333333333333
2020-07-15,N,54.911111111111104
2020-07-15,T,60.24
2020-07-16,D,61.69285714285714
2020-07-16,E,61.13214285714286
2020-07-16,N,55.519999999999996
2020-07-16,T,60.392857142857146
2020-07-17,D,61.16428571428571
2020-07-17,E,60.725
2020-07-17,N,55.978571428571435
2020-07-17,T,59.957142857142856
2020-07-18,D,59.057142857142864
2020-07-18,E,59.607142857142854
2020-07-18,N,55.667857142857144
2020-07-18,T,58.371428571428574
2020-07-19,D,58.31785714285714
2020-07-19,E,59.5
2020-07-19,N,55.625
2020-07-19,T,57.92142857142857
2020-07-20,D,60.6925925925926
2020-07-20,E,60.62592592592593
2020-07-20,N,54.778571428571425
2020-07-20,T,59.507407407407406
2020-07-21,D,61.6037037037037
2020-07-21,E,60.48076923076923
2020-07-21,N,54.9962962962963
2020-07-21,T,60.114814814814814
2020-07-22,D,61.313793103448276
2020-07-22,E,60.3448275862069
2020-07-22,N,57.83461538461539
2020-07-22,T,60.47931034482759
2020-07-23,D,61.10689655172414
2020-07-23,E,60.89655172413793
2020-07-23,N,54.87586206896552
2020-07-23,T,59.92758620689656
2020-07-24,D,61.01
2020-07-24,E,60.71
2020-07-24,N,54.810344827586206
2020-07-24,T,59.85666666666667
2020-07-25,D,59.11666666666667
2020-07-25,E,59.54333333333333
2020-07-25,N,55.84
2020-07-25,T,58.473333333333336
2020-07-26,D,57.69655172413793
2020-07-26,E,59.07586206896552
2020-07-26,N,55.53103448275862
2020-07-26,T,57.641379310344824
2020-07-27,D,60.54137931034483
2020-07-27,E,59.78333333333333
2020-07-27,N,54.893103448275866
2020-07-27,T,59.193103448275856
2020-07-28,D,61.07666666666667
2020-07-28,E,60.406666666666666
2020-07-28,N,54.79
2020-07-28,T,59.80333333333333
2020-07-29,D,60.97666666666667
2020-07-29,E,60.193333333333335
2020-07-29,N,55.22
2020-07-29,T,59.68333333333333
2020-07-30,D,61.443333333333335
2020-07-30,E,60.806666666666665
2020-07-30,N,55.4
2020-07-30,T,60.25666666666667
2020-07-31,D,61.28333333333333
2020-07-31,E,60.42666666666666
2020-07-31,N,55.79333333333333
2020-07-31,T,60.059999999999995
2020-08-01,D,58.63
2020-08-01,E,59.38
2020-08-01,N,55.53
2020-08-01,T,58.1
2020-08-02,D,57.81666666666667
2020-08-02,E,59.266666666666666
2020-08-02,N,55.04
2020-08-02,T,57.46666666666667
2020-08-03,D,61.13
2020-08-03,E,59.95666666666667
2020-08-03,N,54.42666666666666
2020-08-03,T,59.77333333333333
2020-08-04,D,60.9
2020-08-04,E,60.019999999999996
2020-08-04,N,54.62
2020-08-04,T,59.63666666666666
2020-08-05,D,60.71
2020-08-05,E,60.07666666666667
2020-08-05,N,54.31666666666667
2020-08-05,T,59.406666666666666
2020-08-06,D,61.11
2020-08-06,E,59.93333333333333
2020-08-06,N,54.49333333333333
2020-08-06,T,59.71
2020-08-07,D,60.59
2020-08-07,E,59.416666666666664
2020-08-07,N,54.79
2020-08-07,T,59.269999999999996
2020-08-08,D,58.26
2020-08-08,E,59.419999999999995
2020-08-08,N,55.57
2020-08-08,T,57.88333333333333
2020-08-09,D,57.22666666666667
2020-08-09,E,58.93666666666666
2020-08-09,N,54.626666666666665
2020-08-09,T,57.01
2020-08-10,D,60.95333333333333
2020-08-10,E,59.25666666666667
2020-08-10,N,54.20666666666667
2020-08-10,T,59.50666666666667
2020-08-11,D,64.06666666666666
2020-08-11,E,61.346666666666664
2020-08-11,N,54.7
2020-08-11,T,62.126666666666665
2020-08-12,D,60.88965517241379
2020-08-12,E,60.199999999999996
2020-08-12,N,53.786206896551725
2020-08-12,T,59.55862068965517
2020-08-13,D,60.62
2020-08-13,E,59.89
2020-08-13,N,54.53448275862069
2020-08-13,T,59.39
2020-08-14,D,60.78333333333333
2020-08-14,E,59.57333333333334
2020-08-14,N,54.406666666666666
2020-08-14,T,59.443333333333335
2020-08-15,D,57.85333333333333
2020-08-15,E,59.056666666666665
2020-08-15,N,54.46333333333334
2020-08-15,T,57.38333333333333
2020-08-16,D,57.22
2020-08-16,E,59.190000000000005
2020-08-16,N,53.583333333333336
2020-08-16,T,56.906666666666666
2020-08-17,D,61.43666666666666
2020-08-17,E,59.35
2020-08-17,N,53.623333333333335
2020-08-17,T,59.85666666666667
2020-08-18,D,60.53
2020-08-18,E,59.54333333333333
2020-08-18,N,53.623333333333335
2020-08-18,T,59.14333333333333
2020-08-19,D,61.40333333333333
2020-08-19,E,59.56333333333334
2020-08-19,N,53.71
2020-08-19,T,59.906666666666666
2020-08-20,D,60.89666666666667
2020-08-20,E,59.54333333333333
2020-08-20,N,54.22
2020-08-20,T,59.519999999999996
2020-08-21,D,60.86
2020-08-21,E,59.82000000000001
2020-08-21,N,54.513333333333335
2020-08-21,T,59.61666666666667
2020-08-22,D,58.11333333333334
2020-08-22,E,59.19666666666667
2020-08-22,N,54.22666666666667
2020-08-22,T,57.62
2020-08-23,D,57.55
2020-08-23,E,59.29333333333333
2020-08-23,N,54.526666666666664
2020-08-23,T,57.31666666666667
2020-08-24,D,60.35666666666667
2020-08-24,E,59.5
2020-08-24,N,54.11666666666667
2020-08-24,T,58.983333333333334
2020-08-25,D,60.48620689655172
2020-08-25,E,59.62413793103448
2020-08-25,N,54.03666666666666
2020-08-25,T,59.186206896551724
2020-08-26,D,60.79655172413793
2020-08-26,E,60.08620689655172
2020-08-26,N,54.02068965517241
2020-08-26,T,59.51379310344827
2020-08-27,D,60.93
2020-08-27,E,59.99333333333333
2020-08-27,N,54.19655172413793
2020-08-27,T,59.583333333333336
2020-08-28,D,60.40333333333333
2020-08-28,E,60.10666666666667
2020-08-28,N,54.61333333333334
2020-08-28,T,59.313333333333325
2020-08-29,D,58.92333333333333
2020-08-29,E,60.02333333333333
2020-08-29,N,55.32
2020-08-29,T,58.34666666666667
2020-08-30,D,58.03333333333333
2020-08-30,E,60.11
2020-08-30,N,54.63333333333333
2020-08-30,T,57.943333333333335
2020-08-31,D,61.13333333333333
2020-08-31,E,60.17999999999999
2020-08-31,N,54.21333333333334
2020-08-31,T,59.663333333333334
2020-09-01,D,61.00666666666667
2020-09-01,E,60.36333333333334
2020-09-01,N,54.31666666666667
2020-09-01,T,59.64333333333333
2020-09-02,D,61.093333333333334
2020-09-02,E,60.97
2020-09-02,N,54.60333333333333
2020-09-02,T,59.88333333333333
2020-09-03,D,60.679310344827584
2020-09-03,E,60.58275862068966
2020-09-03,N,54.46333333333334
2020-09-03,T,59.44137931034483
2020-09-04,D,60.96206896551724
2020-09-04,E,60.98620689655172
2020-09-04,N,55.358620689655176
2020-09-04,T,59.93793103448276
2020-09-05,D,59.11379310344827
2020-09-05,E,60.189655172413794
2020-09-05,N,55.41034482758621
2020-09-05,T,58.52068965517241
2020-09-06,D,58.206896551724135
2020-09-06,E,60.02068965517241
2020-09-06,N,54.96551724137931
2020-09-06,T,57.91379310344828
2020-09-07,D,61.286206896551725
2020-09-07,E,60.23793103448276
2020-09-07,N,54.36896551724138
2020-09-07,T,59.820689655172416
2020-09-08,D,61.324137931034485
2020-09-08,E,60.56896551724138
2020-09-08,N,54.5103448275862
2020-09-08,T,59.91724137931034
2020-09-09,D,61.699999999999996
2020-09-09,E,60.4448275862069
2020-09-09,N,54.41034482758621
2020-09-09,T,60.193103448275856
2020-09-10,D,62.044444444444444
2020-09-10,E,61.13703703703704
2020-09-10,N,54.40689655172414
2020-09-10,T,60.58148148148148
2020-09-11,D,61.64074074074074
2020-09-11,E,61.25925925925926
2020-09-11,N,55.422222222222224
2020-09-11,T,60.47777777777778
2020-09-12,D,59.1925925925926
2020-09-12,E,61.01111111111111
2020-09-12,N,56.411111111111104
2020-09-12,T,59.048148148148144
2020-09-13,D,58.54230769230769
2020-09-13,E,59.78076923076923
2020-09-13,N,56.1925925925926
2020-09-13,T,58.20384615384615
2020-09-14,D,61.73703703703704
2020-09-14,E,60.51481481481482
2020-09-14,N,54.111538461538466
2020-09-14,T,60.211111111111116
2020-09-15,D,62.114814814814814
2020-09-15,E,61.21851851851852
2020-09-15,N,55.9
2020-09-15,T,60.833333333333336
2020-09-16,D,61.992592592592594
2020-09-16,E,61.97777777777778
2020-09-16,N,54.711111111111116
2020-09-16,T,60.85925925925926
2020-09-17,D,62.43333333333334
2020-09-17,E,62.818518518518516
2020-09-17,N,55.36296296296296
2020-09-17,T,61.32592592592592
2020-09-18,D,63.15185185185185
2020-09-18,E,61.711111111111116
2020-09-18,N,57.229629629629635
2020-09-18,T,61.64074074074074
2020-09-19,D,60.67407407407408
2020-09-19,E,60.833333333333336
2020-09-19,N,58.86666666666666
2020-09-19,T,60.27407407407408
2020-09-20,D,59.51481481481482
2020-09-20,E,61.04074074074074
2020-09-20,N,55.303703703703704
2020-09-20,T,58.98518518518518
2020-09-21,D,62.24814814814815
2020-09-21,E,61.025925925925925
2020-09-21,N,54.54074074074074
2020-09-21,T,60.78148148148148
2020-09-22,D,62.43333333333333
2020-09-22,E,60.107142857142854
2020-09-22,N,53.86666666666667
2020-09-22,T,60.74333333333333
2020-09-23,D,61.66428571428571
2020-09-23,E,60.81428571428571
2020-09-23,N,53.364285714285714
2020-09-23,T,60.167857142857144
2020-09-24,D,62.378571428571426
2020-09-24,E,60.642857142857146
2020-09-24,N,53.90714285714286
2020-09-24,T,60.63214285714286
2020-09-25,D,61.94642857142857
2020-09-25,E,60.74642857142857
2020-09-25,N,55.035714285714285
2020-09-25,T,60.46071428571429
2020-09-26,D,58.68214285714286
2020-09-26,E,59.61785714285714
2020-09-26,N,54.025
2020-09-26,T,58.15714285714286
2020-09-27,D,58.63333333333333
2020-09-27,E,59.329629629629636
2020-09-27,N,53.58571428571429
2020-09-27,T,57.818518518518516
2020-09-28,D,61.05714285714286
2020-09-28,E,59.88928571428572
2020-09-28,N,53.029629629629625
2020-09-28,T,59.503571428571426
2020-09-29,D,61.449999999999996
2020-09-29,E,59.982142857142854
2020-09-29,N,53.36785714285714
2020-09-29,T,59.82142857142857
2020-09-30,D,61.239285714285714
2020-09-30,E,59.800000000000004
2020-09-30,N,53.54642857142857
2020-09-30,T,59.596428571428575
2020-10-01,D,61.357142857142854
2020-10-01,E,60.38928571428572
2020-10-01,N,53.707142857142856
2020-10-01,T,59.84285714285714
2020-10-02,D,63.464285714285715
2020-10-02,E,61.260714285714286
2020-10-02,N,55.535714285714285
2020-10-02,T,61.75
2020-10-03,D,59.760714285714286
2020-10-03,E,59.800000000000004
2020-10-03,N,54.42142857142857
2020-10-03,T,58.63928571428572
2020-10-04,D,58.800000000000004
2020-10-04,E,58.94642857142857
2020-10-04,N,53.16428571428571
2020-10-04,T,57.69285714285714
2020-10-05,D,61.79
2020-10-05,E,60.223333333333336
2020-10-05,N,53.089285714285715
2020-10-05,T,60.18333333333333
2020-10-06,D,62.276666666666664
2020-10-06,E,60.64333333333333
2020-10-06,N,53.443333333333335
2020-10-06,T,60.54333333333333
2020-10-07,D,62.21333333333334
2020-10-07,E,61.29666666666667
2020-10-07,N,53.78
2020-10-07,T,60.63666666666666
2020-10-08,D,62.635714285714286
2020-10-08,E,60.7962962962963
2020-10-08,N,54.11
2020-10-08,T,60.971428571428575
2020-10-09,D,61.892857142857146
2020-10-09,E,61.364285714285714
2020-10-09,N,55.025
2020-10-09,T,60.574999999999996
2020-10-10,D,59.86785714285714
2020-10-10,E,61.05357142857143
2020-10-10,N,55.028571428571425
2020-10-10,T,59.16428571428571
2020-10-11,D,59.364285714285714
2020-10-11,E,60.33571428571429
2020-10-11,N,54.949999999999996
2020-10-11,T,58.574999999999996
2020-10-12,D,60.232142857142854
2020-10-12,E,59.925000000000004
2020-10-12,N,53.699999999999996
2020-10-12,T,58.989285714285714
2020-10-13,D,62.225
2020-10-13,E,60.43928571428571
2020-10-13,N,53.78928571428571
2020-10-13,T,60.496428571428574
2020-10-14,D,61.885714285714286
2020-10-14,E,60.153571428571425
2020-10-14,N,53.4
2020-10-14,T,60.135714285714286
2020-10-15,D,62.51428571428571
2020-10-15,E,60.4
2020-10-15,N,53.800000000000004
2020-10-15,T,60.76428571428572
2020-10-16,D,62.63928571428572
2020-10-16,E,61.24285714285714
2020-10-16,N,54.292857142857144
2020-10-16,T,61.03928571428571
2020-10-17,D,60.225
2020-10-17,E,60.853571428571435
2020-10-17,N,55.00714285714286
2020-10-17,T,59.31428571428571
2020-10-18,D,59.32592592592592
2020-10-18,E,59.76296296296296
2020-10-18,N,55.00714285714286
2020-10-18,T,58.422222222222224
2020-10-19,D,62.01428571428572
2020-10-19,E,60.11785714285714
2020-10-19,N,53.04642857142857
2020-10-19,T,60.23571428571428
2020-10-20,D,63.08461538461539
2020-10-20,E,61.29615384615385
2020-10-20,N,54.31428571428571
2020-10-20,T,61.42307692307692
2020-10-21,D,63.54074074074074
2020-10-21,E,60.25555555555555
2020-10-21,N,57.26923076923077
2020-10-21,T,61.98518518518518
2020-10-22,D,62.8074074074074
2020-10-22,E,62.01111111111111
2020-10-22,N,54.94444444444444
2020-10-22,T,61.36296296296296
2020-10-23,D,63.35925925925926
2020-10-23,E,62.03703703703704
2020-10-23,N,55.21923076923077
2020-10-23,T,61.81111111111112
2020-10-24,D,61.08148148148148
2020-10-24,E,60.87407407407407
2020-10-24,N,55.144444444444446
2020-10-24,T,59.95925925925926
2020-10-25,D,60.48888888888889
2020-10-25,E,61.5
2020-10-25,N,54.81481481481482
2020-10-25,T,59.82222222222222
2020-10-26,D,62.714814814814815
2020-10-26,E,60.07037037037038
2020-10-26,N,54.411111111111104
2020-10-26,T,60.82592592592592
2020-10-27,D,63.6925925925926
2020-10-27,E,60.370370370370374
2020-10-27,N,53.54074074074074
2020-10-27,T,61.8925925925926
2020-10-28,D,63.196296296296296
2020-10-28,E,60.58148148148148
2020-10-28,N,54.03703703703704
2020-10-28,T,61.329629629629636
2020-10-29,D,62.723076923076924
2020-10-29,E,61.0
2020-10-29,N,54.1
2020-10-29,T,61.22222222222222
2020-10-30,D,62.85925925925926
2020-10-30,E,62.03333333333334
2020-10-30,N,55.04074074074074
2020-10-30,T,61.3962962962963
2020-10-31,D,60.84814814814815
2020-10-31,E,61.8074074074074
2020-10-31,N,55.211111111111116
2020-10-31,T,59.94074074074074
2020-11-01,D,60.074074074074076
2020-11-01,E,60.3962962962963
2020-11-01,N,55.385185185185186
2020-11-01,T,59.214814814814815
2020-11-02,D,60.27407407407408
2020-11-02,E,59.12692307692308
2020-11-02,N,53.422222222222224
2020-11-02,T,58.72592592592592
2020-11-03,D,63.25185185185185
2020-11-03,E,60.51111111111111
2020-11-03,N,53.56923076923077
2020-11-03,T,61.26296296296296
2020-11-04,D,63.35925925925926
2020-11-04,E,61.548148148148144
2020-11-04,N,54.39259259259259
2020-11-04,T,61.64074074074074
2020-11-05,D,64.87037037037037
2020-11-05,E,61.15555555555556
2020-11-05,N,55.88148148148148
2020-11-05,T,63.003571428571426
2020-11-06,D,63.196296296296296
2020-11-06,E,60.95925925925926
2020-11-06,N,54.76296296296296
2020-11-06,T,61.3962962962963
2020-11-07,D,60.9962962962963
2020-11-07,E,60.451851851851856
2020-11-07,N,57.2037037037037
2020-11-07,T,60.06296296296296
2020-11-08,D,59.662962962962965
2020-11-08,E,59.711111111111116
2020-11-08,N,54.425925925925924
2020-11-08,T,58.6
2020-11-09,D,60.34074074074074
2020-11-09,E,59.7925925925926
2020-11-09,N,55.525925925925925
2020-11-09,T,59.18518518518518
2020-11-10,D,62.525925925925925
2020-11-10,E,60.355555555555554
2020-11-10,N,53.95925925925926
2020-11-10,T,60.7074074074074
2020-11-11,D,62.5037037037037
2020-11-11,E,60.46666666666666
2020-11-11,N,53.829629629629636
2020-11-11,T,60.718518518518515
2020-11-12,D,62.275862068965516
2020-11-12,E,60.87
2020-11-12,N,53.94814814814814
2020-11-12,T,60.916666666666664
2020-11-13,D,62.943333333333335
2020-11-13,E,61.20333333333333
2020-11-13,N,54.18666666666666
2020-11-13,T,61.336666666666666
2020-11-14,D,61.26
2020-11-14,E,60.309999999999995
2020-11-14,N,54.376666666666665
2020-11-14,T,59.81333333333334
2020-11-15,D,59.54333333333333
2020-11-15,E,59.580000000000005
2020-11-15,N,54.22
2020-11-15,T,58.4
2020-11-16,D,62.53333333333333
2020-11-16,E,60.20333333333333
2020-11-16,N,53.55
2020-11-16,T,60.67333333333333
2020-11-17,D,62.25925925925926
2020-11-17,E,60.31481481481482
2020-11-17,N,53.94666666666667
2020-11-17,T,60.53703703703704
2020-11-18,D,61.803703703703704
2020-11-18,E,60.25925925925926
2020-11-18,N,53.75555555555556
2020-11-18,T,60.11481481481482
2020-11-19,D,63.31111111111112
2020-11-19,E,60.1925925925926
2020-11-19,N,54.574074074074076
2020-11-19,T,61.425925925925924
2020-11-20,D,62.65185185185185
2020-11-20,E,61.04074074074074
2020-11-20,N,54.09615384615385
2020-11-20,T,60.974074074074075
2020-11-21,D,60.714814814814815
2020-11-21,E,60.39259259259259
2020-11-21,N,54.72592592592592
2020-11-21,T,59.574074074074076
2020-11-22,D,60.47777777777778
2020-11-22,E,59.41481481481482
2020-11-22,N,54.3962962962963
2020-11-22,T,59.048148148148144
2020-11-23,D,62.407407407407405
2020-11-23,E,60.21851851851852
2020-11-23,N,53.96296296296296
2020-11-23,T,60.6
2020-11-24,D,62.64074074074074
2020-11-24,E,60.333333333333336
2020-11-24,N,54.01111111111111
2020-11-24,T,60.833333333333336
2020-11-25,D,62.56296296296296
2020-11-25,E,60.98518518518518
2020-11-25,N,53.6
2020-11-25,T,60.85925925925926
2020-11-26,D,64.17037037037036
2020-11-26,E,60.785185185185185
2020-11-26,N,55.70740740740741
2020-11-26,T,62.13703703703704
2020-11-27,D,64.58965517241379
2020-11-27,E,62.675862068965515
2020-11-27,N,55.27407407407408
2020-11-27,T,62.93103448275862
2020-11-28,D,61.52413793103448
2020-11-28,E,60.810344827586206
2020-11-28,N,55.66206896551724
2020-11-28,T,60.189655172413794
2020-11-29,D,60.224137931034484
2020-11-29,E,60.206896551724135
2020-11-29,N,54.52068965517241
2020-11-29,T,59.05172413793103
2020-11-30,D,62.83793103448276
2020-11-30,E,61.148275862068964
2020-11-30,N,54.217241379310344
2020-11-30,T,61.141379310344824
2020-12-01,D,63.71071428571429
2020-12-01,E,61.253571428571426
2020-12-01,N,54.8
2020-12-01,T,61.910714285714285
2020-12-02,D,62.95357142857143
2020-12-02,E,61.103571428571435
2020-12-02,N,54.48571428571428
2020-12-02,T,61.18571428571429
2020-12-03,D,62.857142857142854
2020-12-03,E,61.167857142857144
2020-12-03,N,54.93928571428571
2020-12-03,T,61.160714285714285
2020-12-04,D,63.04333333333333
2020-12-04,E,61.18333333333333
2020-12-04,N,56.79642857142857
2020-12-04,T,61.60666666666667
2020-12-05,D,61.09
2020-12-05,E,60.169999999999995
2020-12-05,N,54.78
2020-12-05,T,59.72666666666667
2020-12-06,D,60.41333333333333
2020-12-06,E,60.586666666666666
2020-12-06,N,54.46333333333334
2020-12-06,T,59.330000000000005
2020-12-07,D,60.17666666666666
2020-12-07,E,60.516666666666666
2020-12-07,N,55.03333333333333
2020-12-07,T,59.22
2020-12-08,D,60.63333333333333
2020-12-08,E,59.56551724137931
2020-12-08,N,55.833333333333336
2020-12-08,T,59.37
2020-12-09,D,62.41379310344828
2020-12-09,E,60.63103448275862
2020-12-09,N,53.817241379310346
2020-12-09,T,60.672413793103445
2020-12-10,D,62.99310344827586
2020-12-10,E,61.4962962962963
2020-12-10,N,55.300000000000004
2020-12-10,T,61.66206896551724
2020-12-11,D,63.471428571428575
2020-12-11,E,61.66428571428571
2020-12-11,N,55.767857142857146
2020-12-11,T,61.82857142857143
2020-12-12,D,61.732142857142854
2020-12-12,E,60.903571428571425
2020-12-12,N,56.15
2020-12-12,T,60.510714285714286
2020-12-13,D,60.207142857142856
2020-12-13,E,60.021428571428565
2020-12-13,N,55.31071428571429
2020-12-13,T,59.042857142857144
2020-12-14,D,62.392857142857146
2020-12-14,E,62.089285714285715
2020-12-14,N,53.90714285714286
2020-12-14,T,60.99285714285714
2020-12-15,D,63.175000000000004
2020-12-15,E,61.121428571428574
2020-12-15,N,54.949999999999996
2020-12-15,T,61.42857142857143
2020-12-16,D,62.88214285714286
2020-12-16,E,61.43571428571429
2020-12-16,N,54.628571428571426
2020-12-16,T,61.17142857142857
2020-12-17,D,62.75
2020-12-17,E,61.239285714285714
2020-12-17,N,54.6
2020-12-17,T,61.07857142857143
2020-12-18,D,63.05185185185186
2020-12-18,E,61.75185185185185
2020-12-18,N,54.833333333333336
2020-12-18,T,61.574074074074076
2020-12-19,D,62.12592592592593
2020-12-19,E,61.411111111111104
2020-12-19,N,54.73703703703704
2020-12-19,T,60.696296296296296
2020-12-20,D,61.318518518518516
2020-12-20,E,60.62592592592592
2020-12-20,N,55.2037037037037
2020-12-20,T,59.96666666666666
2020-12-21,D,62.82666666666667
2020-12-21,E,60.70333333333333
2020-12-21,N,54.525925925925925
2020-12-21,T,61.126666666666665
2020-12-22,D,62.53103448275862
2020-12-22,E,60.86551724137931
2020-12-22,N,54.61724137931035
2020-12-22,T,60.8551724137931
2020-12-23,D,62.06206896551724
2020-12-23,E,60.67333333333333
2020-12-23,N,54.57931034482758
2020-12-23,T,60.46551724137931
2020-12-24,D,61.59666666666667
2020-12-24,E,59.99
2020-12-24,N,54.59666666666667
2020-12-24,T,60.440000000000005
2020-12-25,D,58.336666666666666
2020-12-25,E,60.37931034482759
2020-12-25,N,56.14333333333333
2020-12-25,T,58.6
2020-12-26,D,60.86896551724138
2020-12-26,E,61.234482758620686
2020-12-26,N,53.53448275862069
2020-12-26,T,60.03793103448275
2020-12-27,D,60.00344827586206
2020-12-27,E,60.35
2020-12-27,N,54.165517241379305
2020-12-27,T,58.925000000000004
2020-12-28,D,62.278571428571425
2020-12-28,E,60.43
2020-12-28,N,57.574999999999996
2020-12-28,T,60.98571428571428
2020-12-29,D,62.373333333333335
2020-12-29,E,61.05333333333333
2020-12-29,N,53.973333333333336
2020-12-29,T,60.74333333333333
2020-12-30,D,61.81785714285714
2020-12-30,E,60.38928571428572
2020-12-30,N,53.9448275862069
2020-12-30,T,60.18571428571429
2020-12-31,D,61.36785714285714
2020-12-31,E,62.082142857142856
2020-12-31,N,54.339285714285715
2020-12-31,T,60.778571428571425
2021-01-01,D,58.44827586206897
2021-01-01,E,59.45172413793103
2021-01-01,N,64.5
2021-01-01,T,62.748275862068965
2021-01-02,D,60.182758620689654
2021-01-02,E,59.83103448275862
2021-01-02,N,52.99310344827586
2021-01-02,T,58.90344827586207
2021-01-03,D,60.0
2021-01-03,E,59.51379310344828
2021-01-03,N,53.76896551724138
2021-01-03,T,58.682758620689654
2021-01-04,D,61.78333333333333
2021-01-04,E,60.70666666666667
2021-01-04,N,53.46206896551725
2021-01-04,T,60.20666666666667
2021-01-05,D,61.800000000000004
2021-01-05,E,61.393103448275866
2021-01-05,N,53.841379310344834
2021-01-05,T,60.4103448275862
2021-01-06,D,59.12068965517241
2021-01-06,E,59.1448275862069
2021-01-06,N,53.56551724137931
2021-01-06,T,57.96551724137931
2021-01-07,D,62.72758620689655
2021-01-07,E,60.686206896551724
2021-01-07,N,53.5103448275862
2021-01-07,T,60.893103448275866
2021-01-08,D,62.48275862068966
2021-01-08,E,54.86551724137931
2021-01-08,N,53.95517241379311
2021-01-08,T,60.12068965517241
2021-01-09,D,51.864285714285714
2021-01-09,E,50.775
2021-01-09,N,47.42857142857143
2021-01-09,T,51.285714285714285
2021-01-10,D,52.375
2021-01-10,E,52.68214285714286
2021-01-10,N,43.464285714285715
2021-01-10,T,51.28214285714286
2021-01-11,D,54.492592592592594
2021-01-11,E,53.68518518518518
2021-01-11,N,46.5
2021-01-11,T,53.18076923076923
2021-01-12,D,55.285714285714285
2021-01-12,E,55.1037037037037
2021-01-12,N,47.589285714285715
2021-01-12,T,54.01428571428572
2021-01-13,D,57.51724137931034
2021-01-13,E,55.92068965517242
2021-01-13,N,48.75185185185185
2021-01-13,T,55.97586206896552
2021-01-14,D,59.293103448275865
2021-01-14,E,57.83103448275862
2021-01-14,N,51.22758620689655
2021-01-14,T,57.95517241379311
2021-01-15,D,60.15172413793104
2021-01-15,E,59.06896551724138
2021-01-15,N,52.38965517241379
2021-01-15,T,58.76206896551724
2021-01-16,D,59.40344827586207
2021-01-16,E,59.56551724137931
2021-01-16,N,52.94137931034483
2021-01-16,T,58.320689655172416
2021-01-17,D,59.03793103448275
2021-01-17,E,58.5551724137931
2021-01-17,N,52.96206896551725
2021-01-17,T,57.786206896551725
2021-01-18,D,61.30344827586207
2021-01-18,E,60.42413793103448
2021-01-18,N,53.50344827586206
2021-01-18,T,59.748275862068965
2021-01-19,D,61.40344827586207
2021-01-19,E,59.63103448275862
2021-01-19,N,53.41379310344828
2021-01-19,T,59.76896551724138
2021-01-20,D,63.07586206896552
2021-01-20,E,61.86206896551724
2021-01-20,N,52.893103448275866
2021-01-20,T,61.37241379310345
2021-01-21,D,63.77241379310345
2021-01-21,E,62.36551724137931
2021-01-21,N,54.682758620689654
2021-01-21,T,62.04137931034483
2021-01-22,D,63.58620689655172
2021-01-22,E,61.57931034482758
2021-01-22,N,58.817241379310346
2021-01-22,T,62.23103448275862
2021-01-23,D,61.817241379310346
2021-01-23,E,62.3448275862069
2021-01-23,N,53.61379310344827
2021-01-23,T,60.658620689655166
2021-01-24,D,60.62068965517241
2021-01-24,E,60.00344827586206
2021-01-24,N,54.710344827586205
2021-01-24,T,59.258620689655174
2021-01-25,D,63.23103448275862
2021-01-25,E,60.51724137931034
2021-01-25,N,53.43103448275862
2021-01-25,T,61.23103448275862
2021-01-26,D,62.672413793103445
2021-01-26,E,60.44137931034483
2021-01-26,N,53.48275862068966
2021-01-26,T,60.793103448275865
2021-01-27,D,62.49310344827586
2021-01-27,E,60.96206896551724
2021-01-27,N,52.689655172413794
2021-01-27,T,60.72068965517241
2021-01-28,D,62.00666666666667
2021-01-28,E,60.21333333333334
2021-01-28,N,52.96896551724138
2021-01-28,T,60.2
2021-01-29,D,62.07
2021-01-29,E,60.84
2021-01-29,N,52.61666666666667
2021-01-29,T,60.343333333333334
2021-01-30,D,61.86666666666667
2021-01-30,E,60.75666666666667
2021-01-30,N,53.81333333333334
2021-01-30,T,60.32666666666667
2021-01-31,D,60.251724137931035
2021-01-31,E,59.46896551724139
2021-01-31,N,52.306666666666665
2021-01-31,T,58.758620689655174
2021-02-01,D,62.70344827586207
2021-02-01,E,60.36896551724138
2021-02-01,N,53.4448275862069
2021-02-01,T,60.800000000000004
2021-02-02,D,62.40344827586207
2021-02-02,E,60.70344827586207
2021-02-02,N,53.07586206896552
2021-02-02,T,60.651724137931026
2021-02-03,D,62.43793103448276
2021-02-03,E,60.92068965517242
2021-02-03,N,53.1
2021-02-03,T,60.73103448275862
2021-02-04,D,62.148275862068964
2021-02-04,E,60.90344827586207
2021-02-04,N,53.06551724137931
2021-02-04,T,60.46206896551725
2021-02-05,D,62.06333333333334
2021-02-05,E,62.31666666666667
2021-02-05,N,53.699999999999996
2021-02-05,T,60.79
2021-02-06,D,61.11333333333334
2021-02-06,E,60.71333333333334
2021-02-06,N,52.87
2021-02-06,T,59.66
2021-02-07,D,60.32
2021-02-07,E,60.29
2021-02-07,N,51.7
2021-02-07,T,58.980000000000004
2021-02-08,D,63.19666666666667
2021-02-08,E,60.85
2021-02-08,N,55.626666666666665
2021-02-08,T,61.40333333333333
2021-02-09,D,64.55333333333333
2021-02-09,E,62.1448275862069
2021-02-09,N,54.480000000000004
2021-02-09,T,62.416666666666664
2021-02-10,D,63.44137931034483
2021-02-10,E,61.255172413793105
2021-02-10,N,56.49655172413794
2021-02-10,T,61.744827586206895
2021-02-11,D,62.583333333333336
2021-02-11,E,60.6
2021-02-11,N,53.827586206896555
2021-02-11,T,60.81666666666667
2021-02-12,D,63.39666666666667
2021-02-12,E,61.25
2021-02-12,N,54.983333333333334
2021-02-12,T,61.61
2021-02-13,D,60.980000000000004
2021-02-13,E,60.96666666666667
2021-02-13,N,52.57333333333334
2021-02-13,T,59.586666666666666
2021-02-14,D,60.12
2021-02-14,E,60.20666666666667
2021-02-14,N,51.94666666666667
2021-02-14,T,58.74666666666667
2021-02-15,D,62.57333333333334
2021-02-15,E,60.07666666666667
2021-02-15,N,53.236666666666665
2021-02-15,T,60.690000000000005
2021-02-16,D,62.75
2021-02-16,E,60.38666666666666
2021-02-16,N,53.54666666666667
2021-02-16,T,60.90333333333333
2021-02-17,D,62.25666666666667
2021-02-17,E,60.769999999999996
2021-02-17,N,52.973333333333336
2021-02-17,T,60.56666666666667
2021-02-18,D,62.39333333333333
2021-02-18,E,60.55333333333333
2021-02-18,N,53.593333333333334
2021-02-18,T,60.66
2021-02-19,D,62.24333333333333
2021-02-19,E,61.69666666666667
2021-02-19,N,54.016666666666666
2021-02-19,T,60.81666666666667
2021-02-20,D,60.973333333333336
2021-02-20,E,60.343333333333334
2021-02-20,N,53.96
2021-02-20,T,59.60666666666667
2021-02-21,D,59.36
2021-02-21,E,62.10666666666667
2021-02-21,N,53.04333333333333
2021-02-21,T,58.99333333333333
2021-02-22,D,61.986666666666665
2021-02-22,E,60.60666666666667
2021-02-22,N,54.50333333333333
2021-02-22,T,60.38
2021-02-23,D,62.269999999999996
2021-02-23,E,60.61666666666667
2021-02-23,N,54.019999999999996
2021-02-23,T,60.56333333333334
2021-02-24,D,62.723333333333336
2021-02-24,E,60.74
2021-02-24,N,53.95333333333333
2021-02-24,T,60.92333333333333
2021-02-25,D,62.60333333333333
2021-02-25,E,60.74333333333333
2021-02-25,N,54.26
2021-02-25,T,60.88666666666666
2021-02-26,D,62.25666666666667
2021-02-26,E,61.74666666666667
2021-02-26,N,54.3
2021-02-26,T,60.876666666666665
2021-02-27,D,60.873333333333335
2021-02-27,E,61.126666666666665
2021-02-27,N,54.14333333333333
2021-02-27,T,59.68666666666666
2021-02-28,D,60.13333333333333
2021-02-28,E,59.61
2021-02-28,N,53.28666666666666
2021-02-28,T,58.656666666666666
2021-03-01,D,62.583333333333336
2021-03-01,E,59.92666666666666
2021-03-01,N,53.13
2021-03-01,T,60.62
2021-03-02,D,62.13333333333333
2021-03-02,E,60.35666666666667
2021-03-02,N,53.13333333333333
2021-03-02,T,60.36333333333334
2021-03-03,D,62.53
2021-03-03,E,60.45666666666667
2021-03-03,N,53.3
2021-03-03,T,60.68
2021-03-04,D,62.05
2021-03-04,E,60.940000000000005
2021-03-04,N,53.516666666666666
2021-03-04,T,60.41
2021-03-05,D,62.14
2021-03-05,E,61.416666666666664
2021-03-05,N,54.21666666666667
2021-03-05,T,60.74666666666667
2021-03-06,D,60.49
2021-03-06,E,60.96
2021-03-06,N,53.64333333333333
2021-03-06,T,59.34
2021-03-07,D,59.82666666666667
2021-03-07,E,59.63333333333333
2021-03-07,N,53.31666666666667
2021-03-07,T,58.519999999999996
2021-03-08,D,62.64666666666667
2021-03-08,E,60.78
2021-03-08,N,53.52333333333333
2021-03-08,T,60.85666666666667
2021-03-09,D,62.39333333333333
2021-03-09,E,60.723333333333336
2021-03-09,N,54.21
2021-03-09,T,60.68333333333333
2021-03-10,D,62.45333333333333
2021-03-10,E,60.690000000000005
2021-03-10,N,53.28
2021-03-10,T,60.67666666666666
2021-03-11,D,62.29
2021-03-11,E,60.830000000000005
2021-03-11,N,53.88333333333333
2021-03-11,T,60.63666666666666
2021-03-12,D,62.2
2021-03-12,E,61.64666666666666
2021-03-12,N,53.656666666666666
2021-03-12,T,60.74666666666667
2021-03-13,D,60.986666666666665
2021-03-13,E,60.8
2021-03-13,N,53.5
2021-03-13,T,59.6
2021-03-14,D,60.11333333333334
2021-03-14,E,60.126666666666665
2021-03-14,N,53.18333333333333
2021-03-14,T,58.806666666666665
2021-03-15,D,61.81666666666667
2021-03-15,E,60.20666666666667
2021-03-15,N,53.480000000000004
2021-03-15,T,60.06666666666667
2021-03-16,D,61.88666666666666
2021-03-16,E,60.72
2021-03-16,N,53.44666666666667
2021-03-16,T,60.24333333333333
2021-03-17,D,62.5
2021-03-17,E,60.809999999999995
2021-03-17,N,53.986666666666665
2021-03-17,T,60.78
2021-03-18,D,62.473333333333336
2021-03-18,E,61.21
2021-03-18,N,53.59
2021-03-18,T,60.843333333333334
2021-03-19,D,60.193333333333335
2021-03-19,E,60.25333333333333
2021-03-19,N,53.276666666666664
2021-03-19,T,58.92666666666666
2021-03-20,D,60.28
2021-03-20,E,60.373333333333335
2021-03-20,N,53.083333333333336
2021-03-20,T,59.013333333333335
2021-03-21,D,59.690000000000005
2021-03-21,E,59.27333333333333
2021-03-21,N,52.693333333333335
2021-03-21,T,58.343333333333334
2021-03-22,D,61.42333333333333
2021-03-22,E,60.163333333333334
2021-03-22,N,53.8
2021-03-22,T,59.85333333333333
2021-03-23,D,61.75
2021-03-23,E,60.54666666666667
2021-03-23,N,53.03666666666666
2021-03-23,T,60.11666666666667
2021-03-24,D,61.983333333333334
2021-03-24,E,60.21333333333333
2021-03-24,N,53.983333333333334
2021-03-24,T,60.31666666666667
2021-03-25,D,61.833333333333336
2021-03-25,E,61.11333333333334
2021-03-25,N,54.10333333333333
2021-03-25,T,60.419999999999995
2021-03-26,D,61.95666666666667
2021-03-26,E,61.38666666666666
2021-03-26,N,54.31666666666667
2021-03-26,T,60.59666666666667
2021-03-27,D,60.5
2021-03-27,E,60.663333333333334
2021-03-27,N,54.49666666666667
2021-03-27,T,59.47666666666667
2021-03-28,D,59.40344827586207
2021-03-28,E,60.43103448275862
2021-03-28,N,52.93478260869565
2021-03-28,T,58.83103448275862
2021-03-29,D,62.01724137931034
2021-03-29,E,60.56551724137931
2021-03-29,N,53.5551724137931
2021-03-29,T,60.341379310344834
2021-03-30,D,61.67666666666666
2021-03-30,E,60.77333333333333
2021-03-30,N,53.56551724137931
2021-03-30,T,60.11666666666667
2021-03-31,D,61.480000000000004
2021-03-31,E,60.56333333333334
2021-03-31,N,53.64333333333333
2021-03-31,T,60.14333333333333
2021-04-01,D,59.43793103448276
2021-04-01,E,60.765517241379314
2021-04-01,N,53.0
2021-04-01,T,58.54482758620689
2021-04-02,D,60.83793103448276
2021-04-02,E,60.95862068965517
2021-04-02,N,52.765517241379314
2021-04-02,T,59.58275862068966
2021-04-03,D,60.86896551724138
2021-04-03,E,61.217241379310344
2021-04-03,N,53.158620689655166
2021-04-03,T,59.6551724137931
2021-04-04,D,59.672413793103445
2021-04-04,E,60.782758620689656
2021-04-04,N,52.82857142857143
2021-04-04,T,58.72758620689655
2021-04-05,D,61.56896551724138
2021-04-05,E,60.61034482758621
2021-04-05,N,53.57241379310344
2021-04-05,T,59.93793103448276
2021-04-06,D,62.083333333333336
2021-04-06,E,60.5
2021-04-06,N,53.14
2021-04-06,T,60.47666666666667
2021-04-07,D,61.68666666666666
2021-04-07,E,61.36333333333334
2021-04-07,N,53.91
2021-04-07,T,60.35666666666667
2021-04-08,D,61.83103448275862
2021-04-08,E,60.82666666666667
2021-04-08,N,53.06551724137931
2021-04-08,T,60.206896551724135
2021-04-09,D,63.29
2021-04-09,E,62.00333333333333
2021-04-09,N,53.46333333333334
2021-04-09,T,61.65
2021-04-10,D,60.63666666666666
2021-04-10,E,62.94666666666667
2021-04-10,N,54.21333333333334
2021-04-10,T,60.223333333333336
2021-04-11,D,60.29333333333333
2021-04-11,E,60.9
2021-04-11,N,56.67333333333333
2021-04-11,T,59.45666666666667
2021-04-12,D,62.38666666666666
2021-04-12,E,60.26
2021-04-12,N,53.89666666666667
2021-04-12,T,60.57
2021-04-13,D,62.63666666666666
2021-04-13,E,60.57
2021-04-13,N,53.13
2021-04-13,T,60.836666666666666
2021-04-14,D,62.559999999999995
2021-04-14,E,60.91
2021-04-14,N,53.81666666666667
2021-04-14,T,60.88666666666666
2021-04-15,D,62.38
2021-04-15,E,60.99666666666667
2021-04-15,N,53.516666666666666
2021-04-15,T,60.766666666666666
2021-04-16,D,62.03666666666666
2021-04-16,E,62.080000000000005
2021-04-16,N,53.59
2021-04-16,T,60.723333333333336
2021-04-17,D,60.56666666666667
2021-04-17,E,60.95
2021-04-17,N,53.483333333333334
2021-04-17,T,59.42
2021-04-18,D,59.68333333333333
2021-04-18,E,60.013333333333335
2021-04-18,N,53.526666666666664
2021-04-18,T,58.49
2021-04-19,D,61.49310344827586
2021-04-19,E,60.08965517241379
2021-04-19,N,53.1551724137931
2021-04-19,T,59.775862068965516
2021-04-20,D,62.156666666666666
2021-04-20,E,60.22666666666667
2021-04-20,N,52.96333333333334
2021-04-20,T,60.35
2021-04-21,D,61.682758620689654
2021-04-21,E,60.55862068965517
2021-04-21,N,53.300000000000004
2021-04-21,T,60.05172413793103
2021-04-22,D,62.92666666666666
2021-04-22,E,60.71
2021-04-22,N,55.086666666666666
2021-04-22,T,61.156666666666666
2021-04-23,D,62.693333333333335
2021-04-23,E,62.190000000000005
2021-04-23,N,53.95333333333333
2021-04-23,T,61.24666666666667
2021-04-24,D,60.57666666666667
2021-04-24,E,61.90333333333333
2021-04-24,N,54.13333333333333
2021-04-24,T,59.85
2021-04-25,D,61.217241379310344
2021-04-25,E,61.3448275862069
2021-04-25,N,55.53103448275862
2021-04-25,T,59.93793103448276
2021-04-26,D,62.27333333333333
2021-04-26,E,60.89333333333333
2021-04-26,N,54.09310344827586
2021-04-26,T,60.63103448275862
2021-04-27,D,62.019999999999996
2021-04-27,E,62.21333333333334
2021-04-27,N,53.68
2021-04-27,T,60.846666666666664
2021-04-28,D,62.690000000000005
2021-04-28,E,61.70333333333334
2021-04-28,N,55.43
2021-04-28,T,61.22666666666667
2021-04-29,D,62.656666666666666
2021-04-29,E,61.556666666666665
2021-04-29,N,53.55
2021-04-29,T,60.99666666666667
2021-04-30,D,62.241379310344826
2021-04-30,E,62.341379310344834
2021-04-30,N,54.3448275862069
2021-04-30,T,60.99310344827586
2021-05-01,D,60.38
2021-05-01,E,60.94666666666667
2021-05-01,N,54.13448275862069
2021-05-01,T,59.31333333333334
2021-05-02,D,60.1
2021-05-02,E,60.88333333333333
2021-05-02,N,53.336666666666666
2021-05-02,T,59.00333333333333
2021-05-03,D,59.81666666666667
2021-05-03,E,60.580000000000005
2021-05-03,N,52.84
2021-05-03,T,58.72
2021-05-04,D,62.01
2021-05-04,E,60.63666666666667
2021-05-04,N,53.85
2021-05-04,T,60.373333333333335
2021-05-05,D,62.04333333333333
2021-05-05,E,60.74333333333333
2021-05-05,N,54.40333333333333
2021-05-05,T,60.50666666666667
2021-05-06,D,61.779310344827586
2021-05-06,E,61.21
2021-05-06,N,54.13666666666666
2021-05-06,T,60.317241379310346
2021-05-07,D,62.086666666666666
2021-05-07,E,62.04666666666667
2021-05-07,N,54.43333333333333
2021-05-07,T,60.830000000000005
2021-05-08,D,60.5
2021-05-08,E,61.09666666666667
2021-05-08,N,54.87
2021-05-08,T,59.526666666666664
2021-05-09,D,60.20333333333333
2021-05-09,E,61.01333333333333
2021-05-09,N,55.18666666666666
2021-05-09,T,59.330000000000005
2021-05-10,D,61.843333333333334
2021-05-10,E,61.559999999999995
2021-05-10,N,54.60333333333333
2021-05-10,T,60.440000000000005
2021-05-11,D,61.87
2021-05-11,E,60.873333333333335
2021-05-11,N,54.0
2021-05-11,T,60.30333333333333
2021-05-12,D,62.29
2021-05-12,E,60.809999999999995
2021-05-12,N,54.42666666666666
2021-05-12,T,60.72
2021-05-13,D,62.45666666666667
2021-05-13,E,61.19666666666667
2021-05-13,N,54.7
2021-05-13,T,60.92333333333333
2021-05-14,D,62.89
2021-05-14,E,61.53333333333333
2021-05-14,N,54.806666666666665
2021-05-14,T,61.42666666666666
2021-05-15,D,60.11333333333334
2021-05-15,E,60.99333333333333
2021-05-15,N,55.42666666666666
2021-05-15,T,59.336666666666666
2021-05-16,D,59.51
2021-05-16,E,60.10666666666667
2021-05-16,N,55.03333333333333
2021-05-16,T,58.65333333333333
2021-05-17,D,61.31333333333334
2021-05-17,E,60.57666666666667
2021-05-17,N,54.443333333333335
2021-05-17,T,59.81333333333334
2021-05-18,D,61.75333333333333
2021-05-18,E,60.88666666666666
2021-05-18,N,54.38333333333333
2021-05-18,T,60.28666666666666
2021-05-19,D,61.440000000000005
2021-05-19,E,61.190000000000005
2021-05-19,N,54.57
2021-05-19,T,60.126666666666665
2021-05-20,D,61.556666666666665
2021-05-20,E,60.913333333333334
2021-05-20,N,54.35666666666667
2021-05-20,T,60.14666666666667
2021-05-21,D,61.824137931034485
2021-05-21,E,61.54137931034483
2021-05-21,N,55.189655172413794
2021-05-21,T,60.61379310344827
2021-05-22,D,59.95862068965517
2021-05-22,E,61.782758620689656
2021-05-22,N,55.300000000000004
2021-05-22,T,59.648275862068964
2021-05-23,D,60.03448275862069
2021-05-23,E,60.77931034482759
2021-05-23,N,55.679310344827584
2021-05-23,T,59.199999999999996
2021-05-24,D,61.675862068965515
2021-05-24,E,60.07241379310344
2021-05-24,N,54.11034482758621
2021-05-24,T,59.99655172413792
2021-05-25,D,61.36206896551724
2021-05-25,E,60.148275862068964
2021-05-25,N,54.1
2021-05-25,T,59.806896551724144
2021-05-26,D,61.289655172413795
2021-05-26,E,60.53448275862069
2021-05-26,N,54.41724137931034
2021-05-26,T,59.87586206896552
2021-05-27,D,61.23103448275862
2021-05-27,E,61.182758620689654
2021-05-27,N,54.800000000000004
2021-05-27,T,60.00344827586206
2021-05-28,D,61.25714285714286
2021-05-28,E,60.70357142857143
2021-05-28,N,55.06551724137931
2021-05-28,T,60.03214285714286
2021-05-29,D,59.74285714285714
2021-05-29,E,60.83571428571429
2021-05-29,N,55.225
2021-05-29,T,59.135714285714286
2021-05-30,D,58.635714285714286
2021-05-30,E,59.596428571428575
2021-05-30,N,55.53214285714286
2021-05-30,T,58.042857142857144
2021-05-31,D,61.148275862068964
2021-05-31,E,61.175862068965515
2021-05-31,N,54.096428571428575
2021-05-31,T,59.94827586206897
2021-06-01,D,62.43793103448276
2021-06-01,E,60.95517241379311
2021-06-01,N,56.31428571428571
2021-06-01,T,61.06896551724138
2021-06-02,D,61.54482758620689
2021-06-02,E,60.64333333333333
2021-06-02,N,54.53448275862069
2021-06-02,T,60.10344827586207
2021-06-03,D,61.96
2021-06-03,E,61.093333333333334
2021-06-03,N,55.016666666666666
2021-06-03,T,60.57
2021-06-04,D,61.79333333333333
2021-06-04,E,61.736666666666665
2021-06-04,N,55.623333333333335
2021-06-04,T,60.76
2021-06-05,D,60.480000000000004
2021-06-05,E,61.43666666666666
2021-06-05,N,56.47
2021-06-05,T,59.75666666666667
2021-06-06,D,59.580000000000005
2021-06-06,E,61.38333333333333
2021-06-06,N,55.36666666666667
2021-06-06,T,59.18666666666666
2021-06-07,D,61.54333333333333
2021-06-07,E,60.48
2021-06-07,N,55.20666666666667
2021-06-07,T,60.086666666666666
2021-06-08,D,61.92666666666666
2021-06-08,E,60.919999999999995
2021-06-08,N,55.0
2021-06-08,T,60.64333333333333
2021-06-09,D,61.86666666666667
2021-06-09,E,60.913333333333334
2021-06-09,N,54.983333333333334
2021-06-09,T,60.47666666666667
2021-06-10,D,61.913333333333334
2021-06-10,E,60.836666666666666
2021-06-10,N,54.78333333333333
2021-06-10,T,60.443333333333335
2021-06-11,D,61.92068965517242
2021-06-11,E,62.32857142857143
2021-06-11,N,55.358620689655176
2021-06-11,T,60.817241379310346
2021-06-12,D,60.179310344827584
2021-06-12,E,61.41724137931034
2021-06-12,N,56.21071428571429
2021-06-12,T,59.744827586206895
2021-06-13,D,59.45172413793103
2021-06-13,E,60.258620689655174
2021-06-13,N,56.55862068965517
2021-06-13,T,58.834482758620695
2021-06-14,D,61.392857142857146
2021-06-14,E,60.41724137931034
2021-06-14,N,54.779310344827586
2021-06-14,T,59.982142857142854
2021-06-15,D,62.13
2021-06-15,E,60.71
2021-06-15,N,54.723333333333336
2021-06-15,T,60.60333333333333
2021-06-16,D,62.39333333333333
2021-06-16,E,65.84333333333333
2021-06-16,N,55.440000000000005
2021-06-16,T,62.45
2021-06-17,D,63.11666666666667
2021-06-17,E,61.28333333333333
2021-06-17,N,57.46666666666667
2021-06-17,T,61.68666666666666
2021-06-18,D,62.38333333333333
2021-06-18,E,61.22666666666667
2021-06-18,N,56.419999999999995
2021-06-18,T,61.00666666666667
2021-06-19,D,60.34666666666667
2021-06-19,E,60.71
2021-06-19,N,55.75666666666667
2021-06-19,T,59.513333333333335
2021-06-20,D,59.68333333333333
2021-06-20,E,60.13
2021-06-20,N,55.81666666666667
2021-06-20,T,58.88333333333333
2021-06-21,D,62.376666666666665
2021-06-21,E,60.71
2021-06-21,N,54.85666666666667
2021-06-21,T,60.75
2021-06-22,D,61.93333333333333
2021-06-22,E,60.336666666666666
2021-06-22,N,54.306666666666665
2021-06-22,T,60.306666666666665
2021-06-23,D,61.65
2021-06-23,E,60.763333333333335
2021-06-23,N,54.413333333333334
2021-06-23,T,60.169999999999995
2021-06-24,D,61.60666666666667
2021-06-24,E,61.03333333333333
2021-06-24,N,55.25666666666667
2021-06-24,T,60.31333333333334
2021-06-25,D,61.95666666666667
2021-06-25,E,61.43666666666666
2021-06-25,N,55.3
2021-06-25,T,60.69666666666667
2021-06-26,D,59.809999999999995
2021-06-26,E,60.813333333333325
2021-06-26,N,55.99
2021-06-26,T,59.24
2021-06-27,D,59.13
2021-06-27,E,60.343333333333334
2021-06-27,N,55.806666666666665
2021-06-27,T,58.63333333333333
2021-06-28,D,61.21
2021-06-28,E,60.24666666666667
2021-06-28,N,54.63
2021-06-28,T,59.730000000000004
2021-06-29,D,62.269999999999996
2021-06-29,E,61.57
2021-06-29,N,54.74
2021-06-29,T,61.169999999999995
2021-06-30,D,61.27333333333333
2021-06-30,E,60.766666666666666
2021-06-30,N,55.233333333333334
2021-06-30,T,60.019999999999996
2021-07-01,D,61.483333333333334
2021-07-01,E,61.013333333333335
2021-07-01,N,55.71333333333334
2021-07-01,T,60.26
2021-07-02,D,61.74333333333333
2021-07-02,E,60.656666666666666
2021-07-02,N,55.78333333333333
2021-07-02,T,60.556666666666665
2021-07-03,D,59.81666666666667
2021-07-03,E,60.88333333333333
2021-07-03,N,56.49666666666667
2021-07-03,T,59.36666666666667
2021-07-04,D,58.82
2021-07-04,E,60.419999999999995
2021-07-04,N,55.983333333333334
2021-07-04,T,58.57
2021-07-05,D,62.03333333333334
2021-07-05,E,61.06923076923077
2021-07-05,N,54.96896551724138
2021-07-05,T,60.648148148148145
2021-07-06,D,62.06153846153846
2021-07-06,E,60.05
2021-07-06,N,54.47692307692308
2021-07-06,T,60.41923076923077
2021-07-07,D,62.12692307692308
2021-07-07,E,60.62592592592593
2021-07-07,N,54.75769230769231
2021-07-07,T,60.61923076923077
2021-07-08,D,62.007407407407406
2021-07-08,E,60.888888888888886
2021-07-08,N,55.007407407407406
2021-07-08,T,60.714814814814815
2021-07-09,D,61.06666666666666
2021-07-09,E,60.7074074074074
2021-07-09,N,55.13333333333333
2021-07-09,T,59.974074074074075
2021-07-10,D,59.70384615384615
2021-07-10,E,59.396153846153844
2021-07-10,N,56.24074074074074
2021-07-10,T,58.896153846153844
2021-07-11,D,58.756
2021-07-11,E,59.9
2021-07-11,N,56.06399999999999
2021-07-11,T,58.372
2021-07-12,D,61.385185185185186
2021-07-12,E,60.166666666666664
2021-07-12,N,55.56153846153846
2021-07-12,T,60.36538461538461
2021-07-13,D,61.62592592592593
2021-07-13,E,60.98076923076923
2021-07-13,N,54.11538461538461
2021-07-13,T,60.229166666666664
2021-07-14,D,61.580769230769235
2021-07-14,E,60.71923076923077
2021-07-14,N,54.73076923076923
2021-07-14,T,60.18846153846154
2021-07-15,D,61.48518518518518
2021-07-15,E,61.85925925925926
2021-07-15,N,55.01481481481482
2021-07-15,T,61.01481481481482
2021-07-16,D,61.11851851851852
2021-07-16,E,60.577777777777776
2021-07-16,N,55.98148148148148
2021-07-16,T,59.98148148148148
2021-07-17,D,59.15555555555556
2021-07-17,E,59.2
2021-07-17,N,55.34074074074074
2021-07-17,T,58.333333333333336
2021-07-18,D,58.048148148148144
2021-07-18,E,59.8962962962963
2021-07-18,N,55.27407407407408
2021-07-18,T,57.911111111111104
2021-07-19,D,60.9
2021-07-19,E,60.39259259259259
2021-07-19,N,54.785185185185185
2021-07-19,T,59.6
2021-07-20,D,61.233333333333334
2021-07-20,E,60.54
2021-07-20,N,54.72592592592592
2021-07-20,T,59.87777777777778
2021-07-21,D,61.241379310344826
2021-07-21,E,60.332142857142856
2021-07-21,N,54.744827586206895
2021-07-21,T,59.97931034482759
2021-07-22,D,61.406666666666666
2021-07-22,E,60.38666666666666
2021-07-22,N,55.19642857142857
2021-07-22,T,59.760714285714286
2021-07-23,D,60.858620689655176
2021-07-23,E,60.1448275862069
2021-07-23,N,55.43666666666666
2021-07-23,T,59.658620689655166
2021-07-24,D,58.52068965517241
2021-07-24,E,59.665517241379305
2021-07-24,N,55.37931034482759
2021-07-24,T,58.13103448275862
2021-07-25,D,57.93793103448276
2021-07-25,E,59.51724137931034
2021-07-25,N,55.00689655172414
2021-07-25,T,57.734482758620686
2021-07-26,D,60.699999999999996
2021-07-26,E,59.827586206896555
2021-07-26,N,56.699999999999996
2021-07-26,T,59.61034482758621
2021-07-27,D,60.813793103448276
2021-07-27,E,60.42068965517242
2021-07-27,N,54.53793103448275
2021-07-27,T,59.58275862068966
2021-07-28,D,60.833333333333336
2021-07-28,E,60.406666666666666
2021-07-28,N,54.87586206896552
2021-07-28,T,59.60333333333333
2021-07-29,D,61.22
2021-07-29,E,60.39
2021-07-29,N,55.01
2021-07-29,T,59.876666666666665
2021-07-30,D,61.14333333333333
2021-07-30,E,60.623333333333335
2021-07-30,N,55.25333333333333
2021-07-30,T,59.91
2021-07-31,D,59.21666666666667
2021-07-31,E,60.06666666666667
2021-07-31,N,55.71
2021-07-31,T,58.583333333333336
2021-08-01,D,57.775862068965516
2021-08-01,E,59.3551724137931
2021-08-01,N,54.29655172413793
2021-08-01,T,57.393103448275866
2021-08-02,D,60.175862068965515
2021-08-02,E,59.833333333333336
2021-08-02,N,54.02758620689655
2021-08-02,T,58.90689655172414
2021-08-03,D,60.51379310344828
2021-08-03,E,59.90344827586207
2021-08-03,N,54.334482758620695
2021-08-03,T,59.1448275862069
2021-08-04,D,60.723333333333336
2021-08-04,E,59.586666666666666
2021-08-04,N,53.9896551724138
2021-08-04,T,59.34827586206896
2021-08-05,D,60.53333333333333
2021-08-05,E,59.79333333333333
2021-08-05,N,54.35
2021-08-05,T,59.233333333333334
2021-08-06,D,61.0
2021-08-06,E,60.310344827586206
2021-08-06,N,54.37
2021-08-06,T,59.8551724137931
2021-08-07,D,58.741379310344826
2021-08-07,E,59.05172413793103
2021-08-07,N,54.55172413793103
2021-08-07,T,58.0103448275862
2021-08-08,D,57.406666666666666
2021-08-08,E,59.42666666666666
2021-08-08,N,54.48620689655172
2021-08-08,T,57.3551724137931
2021-08-09,D,60.341379310344834
2021-08-09,E,60.08620689655172
2021-08-09,N,54.163333333333334
2021-08-09,T,59.255172413793105
2021-08-10,D,60.28
2021-08-10,E,59.45
2021-08-10,N,54.79655172413793
2021-08-10,T,59.03666666666666
2021-08-11,D,60.269999999999996
2021-08-11,E,59.696666666666665
2021-08-11,N,54.62
2021-08-11,T,59.03333333333333
2021-08-12,D,60.20666666666667
2021-08-12,E,59.49333333333333
2021-08-12,N,54.3
2021-08-12,T,58.96666666666667
2021-08-13,D,59.82666666666667
2021-08-13,E,59.37931034482759
2021-08-13,N,54.68666666666666
2021-08-13,T,58.744827586206895
2021-08-14,D,58.210344827586205
2021-08-14,E,58.724137931034484
2021-08-14,N,55.158620689655166
2021-08-14,T,57.62758620689655
2021-08-15,D,57.87931034482759
2021-08-15,E,58.02068965517241
2021-08-15,N,54.779310344827586
2021-08-15,T,57.19655172413793
2021-08-16,D,60.220689655172414
2021-08-16,E,59.123333333333335
2021-08-16,N,54.05862068965517
2021-08-16,T,58.87931034482759
2021-08-17,D,60.85666666666667
2021-08-17,E,59.263333333333335
2021-08-17,N,54.26
2021-08-17,T,59.446666666666665
2021-08-18,D,60.327586206896555
2021-08-18,E,59.13333333333333
2021-08-18,N,53.800000000000004
2021-08-18,T,58.93448275862069
2021-08-19,D,60.106896551724134
2021-08-19,E,59.189655172413794
2021-08-19,N,53.62758620689655
2021-08-19,T,58.720689655172414
2021-08-20,D,59.765517241379314
2021-08-20,E,59.19666666666667
2021-08-20,N,54.0103448275862
2021-08-20,T,58.52758620689655
2021-08-21,D,57.833333333333336
2021-08-21,E,58.56666666666667
2021-08-21,N,54.10333333333333
2021-08-21,T,57.230000000000004
2021-08-22,D,57.50689655172414
2021-08-22,E,59.06896551724138
2021-08-22,N,54.94827586206897
2021-08-22,T,57.282758620689656
2021-08-23,D,59.813333333333325
2021-08-23,E,58.99333333333333
2021-08-23,N,53.88275862068965
2021-08-23,T,58.440000000000005
2021-08-24,D,60.04642857142857
2021-08-24,E,59.260714285714286
2021-08-24,N,53.31071428571429
2021-08-24,T,58.71785714285714
2021-08-25,D,60.810344827586206
2021-08-25,E,59.393103448275866
2021-08-25,N,53.67142857142857
2021-08-25,T,59.38620689655173
2021-08-26,D,60.56551724137931
2021-08-26,E,59.46333333333334
2021-08-26,N,53.841379310344834
2021-08-26,T,59.186206896551724
2021-08-27,D,60.9
2021-08-27,E,60.0
2021-08-27,N,54.45172413793103
2021-08-27,T,59.79655172413793
2021-08-28,D,58.4896551724138
2021-08-28,E,59.327586206896555
2021-08-28,N,55.172413793103445
2021-08-28,T,57.96206896551725
2021-08-29,D,57.779310344827586
2021-08-29,E,59.734482758620686
2021-08-29,N,54.65172413793104
2021-08-29,T,57.55172413793103
2021-08-30,D,61.01724137931034
2021-08-30,E,59.9
2021-08-30,N,53.9896551724138
2021-08-30,T,59.56896551724138
2021-08-31,D,60.751724137931035
2021-08-31,E,60.30333333333333
2021-08-31,N,54.23793103448276
2021-08-31,T,59.51379310344828
2021-09-01,D,61.892857142857146
2021-09-01,E,59.853571428571435
2021-09-01,N,60.606896551724134
2021-09-01,T,61.34285714285714
2021-09-02,D,62.293103448275865
2021-09-02,E,60.841379310344834
2021-09-02,N,53.74285714285714
2021-09-02,T,60.48571428571428
2021-09-03,D,61.449999999999996
2021-09-03,E,61.15172413793104
2021-09-03,N,55.189655172413794
2021-09-03,T,60.29642857142857
2021-09-04,D,59.021428571428565
2021-09-04,E,60.40714285714286
2021-09-04,N,55.682758620689654
2021-09-04,T,58.63214285714286
2021-09-05,D,58.68928571428571
2021-09-05,E,60.0
2021-09-05,N,55.92857142857143
2021-09-05,T,58.332142857142856
2021-09-06,D,61.14666666666667
2021-09-06,E,60.14333333333333
2021-09-06,N,53.686206896551724
2021-09-06,T,59.69666666666667
2021-09-07,D,61.644444444444446
2021-09-07,E,60.82222222222222
2021-09-07,N,54.223333333333336
2021-09-07,T,60.303703703703704
2021-09-08,D,61.55
2021-09-08,E,60.96923076923077
2021-09-08,N,54.1037037037037
2021-09-08,T,60.176923076923075
2021-09-09,D,61.61153846153846
2021-09-09,E,61.33076923076923
2021-09-09,N,54.434615384615384
2021-09-09,T,60.29230769230769
2021-09-10,D,61.17307692307692
2021-09-10,E,61.68076923076923
2021-09-10,N,55.03846153846154
2021-09-10,T,60.25
2021-09-11,D,59.5923076923077
2021-09-11,E,60.73846153846154
2021-09-11,N,56.23846153846154
2021-09-11,T,59.48076923076923
2021-09-12,D,59.11923076923077
2021-09-12,E,60.2
2021-09-12,N,57.323076923076925
2021-09-12,T,58.98846153846154
2021-09-13,D,61.33076923076923
2021-09-13,E,60.06153846153846
2021-09-13,N,54.556000000000004
2021-09-13,T,59.668
2021-09-14,D,63.28076923076923
2021-09-14,E,63.69642857142857
2021-09-14,N,53.79230769230769
2021-09-14,T,62.01153846153846
2021-09-15,D,61.82
2021-09-15,E,59.68846153846154
2021-09-15,N,54.56071428571429
2021-09-15,T,60.076
2021-09-16,D,60.91538461538461
2021-09-16,E,60.44615384615384
2021-09-16,N,53.565384615384616
2021-09-16,T,59.53076923076923
2021-09-17,D,61.31923076923077
2021-09-17,E,61.1576923076923
2021-09-17,N,54.24615384615385
2021-09-17,T,60.07692307692308
2021-09-18,D,59.465384615384615
2021-09-18,E,60.42307692307692
2021-09-18,N,55.45
2021-09-18,T,58.81923076923077
2021-09-19,D,58.6576923076923
2021-09-19,E,59.56923076923077
2021-09-19,N,55.01538461538462
2021-09-19,T,57.99230769230769
2021-09-20,D,60.861538461538466
2021-09-20,E,60.08076923076923
2021-09-20,N,53.52307692307692
2021-09-20,T,59.565384615384616
2021-09-21,D,61.53076923076923
2021-09-21,E,59.95384615384615
2021-09-21,N,53.88076923076923
2021-09-21,T,59.91923076923077
2021-09-22,D,61.849999999999994
2021-09-22,E,60.223076923076924
2021-09-22,N,53.815384615384616
2021-09-22,T,60.26538461538461
2021-09-23,D,61.23076923076923
2021-09-23,E,61.300000000000004
2021-09-23,N,53.861538461538466
2021-09-23,T,60.184615384615384
2021-09-24,D,62.58620689655172
2021-09-24,E,62.03103448275862
2021-09-24,N,57.44827586206897
2021-09-24,T,61.40689655172414
2021-09-25,D,60.50689655172414
2021-09-25,E,61.58620689655172
2021-09-25,N,58.817241379310346
2021-09-25,T,60.39655172413793
2021-09-26,D,60.90689655172414
2021-09-26,E,60.358620689655176
2021-09-26,N,56.56206896551724
2021-09-26,T,60.07241379310344
2021-09-27,D,61.47931034482759
2021-09-27,E,60.4896551724138
2021-09-27,N,54.47241379310345
2021-09-27,T,59.98620689655172
2021-09-28,D,61.699999999999996
2021-09-28,E,60.6
2021-09-28,N,54.04827586206897
2021-09-28,T,60.210344827586205
2021-09-29,D,62.358620689655176
2021-09-29,E,61.07241379310344
2021-09-29,N,54.52758620689655
2021-09-29,T,60.810344827586206
2021-09-30,D,61.59655172413793
2021-09-30,E,61.351724137931036
2021-09-30,N,54.61379310344827
2021-09-30,T,60.34827586206896
2021-10-01,D,61.713793103448275
2021-10-01,E,61.6448275862069
2021-10-01,N,55.279310344827586
2021-10-01,T,60.52068965517241
2021-10-02,D,60.27241379310345
2021-10-02,E,60.748275862068965
2021-10-02,N,56.45862068965517
2021-10-02,T,59.58275862068965
2021-10-03,D,61.07931034482758
2021-10-03,E,59.94827586206897
2021-10-03,N,55.97241379310345
2021-10-03,T,59.8551724137931
2021-10-04,D,61.61034482758621
2021-10-04,E,60.37241379310345
2021-10-04,N,54.679310344827584
2021-10-04,T,60.06896551724138
2021-10-05,D,62.168965517241375
2021-10-05,E,60.91724137931034
2021-10-05,N,53.88620689655173
2021-10-05,T,60.6
2021-10-06,D,62.5551724137931
2021-10-06,E,61.3448275862069
2021-10-06,N,54.724137931034484
2021-10-06,T,61.06896551724138
2021-10-07,D,61.653571428571425
2021-10-07,E,60.550000000000004
2021-10-07,N,55.08965517241379
2021-10-07,T,60.214285714285715
2021-10-08,D,62.146428571428565
2021-10-08,E,61.832142857142856
2021-10-08,N,55.84285714285714
2021-10-08,T,61.06428571428571
2021-10-09,D,59.785714285714285
2021-10-09,E,61.528571428571425
2021-10-09,N,56.46785714285714
2021-10-09,T,59.48571428571428
2021-10-10,D,59.339285714285715
2021-10-10,E,60.357142857142854
2021-10-10,N,56.19285714285714
2021-10-10,T,58.910714285714285
2021-10-11,D,60.98571428571428
2021-10-11,E,60.475
2021-10-11,N,54.410714285714285
2021-10-11,T,59.71785714285714
2021-10-12,D,60.81071428571429
2021-10-12,E,60.5
2021-10-12,N,55.26428571428572
2021-10-12,T,59.76428571428572
2021-10-13,D,61.449999999999996
2021-10-13,E,60.24285714285714
2021-10-13,N,54.79642857142857
2021-10-13,T,60.03214285714286
2021-10-14,D,61.496428571428574
2021-10-14,E,60.73571428571428
2021-10-14,N,54.65
2021-10-14,T,60.05357142857143
2021-10-15,D,61.489285714285714
2021-10-15,E,61.30357142857143
2021-10-15,N,55.128571428571426
2021-10-15,T,60.364285714285714
2021-10-16,D,59.885714285714286
2021-10-16,E,60.574999999999996
2021-10-16,N,56.65
2021-10-16,T,59.271428571428565
2021-10-17,D,59.714285714285715
2021-10-17,E,59.58571428571429
2021-10-17,N,56.114285714285714
2021-10-17,T,58.917857142857144
2021-10-18,D,61.5
2021-10-18,E,60.18846153846154
2021-10-18,N,54.53214285714286
2021-10-18,T,59.94
2021-10-19,D,61.776923076923076
2021-10-19,E,60.552
2021-10-19,N,54.13461538461539
2021-10-19,T,60.26
2021-10-20,D,61.976000000000006
2021-10-20,E,60.42307692307692
2021-10-20,N,54.448
2021-10-20,T,60.4
2021-10-21,D,61.434615384615384
2021-10-21,E,60.76923076923077
2021-10-21,N,54.146153846153844
2021-10-21,T,60.04615384615385
2021-10-22,D,62.24615384615385
2021-10-22,E,61.934615384615384
2021-10-22,N,55.103846153846156
2021-10-22,T,60.96923076923077
2021-10-23,D,60.25384615384615
2021-10-23,E,60.892307692307696
2021-10-23,N,55.896153846153844
2021-10-23,T,59.51538461538461
2021-10-24,D,59.852
2021-10-24,E,60.004000000000005
2021-10-24,N,55.95769230769231
2021-10-24,T,59.12
2021-10-25,D,62.168
2021-10-25,E,60.75769230769231
2021-10-25,N,54.808
2021-10-25,T,60.70434782608696
2021-10-26,D,62.188
2021-10-26,E,60.66
2021-10-26,N,54.25769230769231
2021-10-26,T,60.552
2021-10-27,D,61.964
2021-10-27,E,60.76538461538461
2021-10-27,N,54.536
2021-10-27,T,60.44
2021-10-28,D,62.33076923076923
2021-10-28,E,61.065384615384616
2021-10-28,N,55.05
2021-10-28,T,60.8
2021-10-29,D,63.21153846153846
2021-10-29,E,63.723076923076924
2021-10-29,N,54.98846153846154
2021-10-29,T,62.099999999999994
2021-10-30,D,61.25769230769231
2021-10-30,E,60.7
2021-10-30,N,60.784615384615385
2021-10-30,T,61.05
2021-10-31,D,61.7
2021-10-31,E,61.41153846153846
2021-10-31,N,57.29230769230769
2021-10-31,T,60.94615384615384
2021-11-01,D,60.315384615384616
2021-11-01,E,59.815384615384616
2021-11-01,N,59.21538461538462
2021-11-01,T,59.74230769230769
2021-11-02,D,62.37307692307692
2021-11-02,E,61.114285714285714
2021-11-02,N,54.75
2021-11-02,T,61.0
2021-11-03,D,62.31071428571429
2021-11-03,E,60.71071428571429
2021-11-03,N,56.878571428571426
2021-11-03,T,60.80357142857143
2021-11-04,D,62.096000000000004
2021-11-04,E,60.396
2021-11-04,N,54.68214285714286
2021-11-04,T,60.472
2021-11-05,D,62.75833333333333
2021-11-05,E,61.354166666666664
2021-11-05,N,55.672
2021-11-05,T,61.25833333333333
2021-11-06,D,60.625
2021-11-06,E,60.29583333333333
2021-11-06,N,56.09166666666667
2021-11-06,T,59.62916666666666
2021-11-07,D,59.387499999999996
2021-11-07,E,59.2125
2021-11-07,N,56.05416666666667
2021-11-07,T,58.55833333333334
2021-11-08,D,61.74583333333334
2021-11-08,E,60.06666666666666
2021-11-08,N,54.80416666666667
2021-11-08,T,60.15833333333333
2021-11-09,D,60.32083333333333
2021-11-09,E,59.54583333333333
2021-11-09,N,55.104166666666664
2021-11-09,T,59.112500000000004
2021-11-10,D,62.324999999999996
2021-11-10,E,60.5375
2021-11-10,N,54.44583333333333
2021-11-10,T,60.625
2021-11-11,D,62.87083333333334
2021-11-11,E,60.9962962962963
2021-11-11,N,55.012499999999996
2021-11-11,T,61.1875
2021-11-12,D,62.2925925925926
2021-11-12,E,61.911111111111104
2021-11-12,N,55.46666666666666
2021-11-12,T,61.03703703703704
2021-11-13,D,60.91851851851852
2021-11-13,E,60.39259259259259
2021-11-13,N,56.46296296296296
2021-11-13,T,59.82962962962962
2021-11-14,D,60.403703703703705
2021-11-14,E,59.422222222222224
2021-11-14,N,56.24814814814815
2021-11-14,T,59.333333333333336
2021-11-15,D,62.34074074074074
2021-11-15,E,60.2074074074074
2021-11-15,N,54.82592592592592
2021-11-15,T,60.629629629629626
2021-11-16,D,62.426086956521736
2021-11-16,E,60.33043478260869
2021-11-16,N,54.55925925925926
2021-11-16,T,60.67391304347826
2021-11-17,D,62.5695652173913
2021-11-17,E,60.39166666666667
2021-11-17,N,54.95217391304348
2021-11-17,T,60.82608695652174
2021-11-18,D,62.958333333333336
2021-11-18,E,60.75833333333333
2021-11-18,N,55.09583333333333
2021-11-18,T,61.32083333333333
2021-11-19,D,62.63913043478261
2021-11-19,E,61.178260869565214
2021-11-19,N,55.32916666666667
2021-11-19,T,61.11304347826086
2021-11-20,D,60.334782608695654
2021-11-20,E,60.07826086956521
2021-11-20,N,56.02173913043478
2021-11-20,T,59.37826086956522
2021-11-21,D,59.873913043478254
2021-11-21,E,59.356521739130436
2021-11-21,N,55.04782608695652
2021-11-21,T,58.85217391304347
2021-11-22,D,63.665217391304346
2021-11-22,E,61.73333333333333
2021-11-22,N,54.31739130434782
2021-11-22,T,61.839130434782604
2021-11-23,D,62.85
2021-11-23,E,60.7925925925926
2021-11-23,N,55.32916666666667
2021-11-23,T,61.21666666666667
2021-11-24,D,63.23703703703704
2021-11-24,E,60.62222222222222
2021-11-24,N,55.2962962962963
2021-11-24,T,61.47777777777778
2021-11-25,D,62.55555555555556
2021-11-25,E,60.907407407407405
2021-11-25,N,55.58888888888888
2021-11-25,T,60.98148148148148
2021-11-26,D,62.86296296296296
2021-11-26,E,61.65185185185185
2021-11-26,N,55.4
2021-11-26,T,61.34444444444444
2021-11-27,D,62.17777777777778
2021-11-27,E,60.544444444444444
2021-11-27,N,56.170370370370364
2021-11-27,T,60.71851851851852
2021-11-28,D,61.5037037037037
2021-11-28,E,60.27777777777778
2021-11-28,N,56.8962962962963
2021-11-28,T,60.507407407407406
2021-11-29,D,62.51111111111111
2021-11-29,E,60.470370370370375
2021-11-29,N,56.181481481481484
2021-11-29,T,60.93703703703704
2021-11-30,D,63.25185185185185
2021-11-30,E,61.318518518518516
2021-11-30,N,55.351851851851855
2021-11-30,T,61.644444444444446
2021-12-01,D,63.47083333333333
2021-12-01,E,62.52916666666667
2021-12-01,N,55.388888888888886
2021-12-01,T,62.05416666666667
2021-12-02,D,63.574999999999996
2021-12-02,E,61.476000000000006
2021-12-02,N,56.46666666666667
2021-12-02,T,61.887499999999996
2021-12-03,D,62.80434782608695
2021-12-03,E,62.2304347826087
2021-12-03,N,56.416666666666664
2021-12-03,T,61.32727272727273
2021-12-04,D,61.97083333333333
2021-12-04,E,61.1625
2021-12-04,N,57.300000000000004
2021-12-04,T,61.03333333333333
2021-12-05,D,61.229166666666664
2021-12-05,E,60.26666666666667
2021-12-05,N,56.86666666666667
2021-12-05,T,60.083333333333336
2021-12-06,D,60.30833333333334
2021-12-06,E,60.25
2021-12-06,N,55.583333333333336
2021-12-06,T,59.35
2021-12-07,D,62.175000000000004
2021-12-07,E,61.479166666666664
2021-12-07,N,55.69166666666666
2021-12-07,T,60.875
2021-12-08,D,61.25833333333333
2021-12-08,E,60.47083333333333
2021-12-08,N,57.70416666666667
2021-12-08,T,60.275
2021-12-09,D,63.84583333333333
2021-12-09,E,61.583333333333336
2021-12-09,N,55.94583333333333
2021-12-09,T,62.11666666666667
2021-12-10,D,63.13333333333333
2021-12-10,E,61.588888888888896
2021-12-10,N,56.50833333333333
2021-12-10,T,61.75769230769231
2021-12-11,D,60.93703703703704
2021-12-11,E,61.211111111111116
2021-12-11,N,56.67777777777778
2021-12-11,T,60.199999999999996
2021-12-12,D,60.329629629629636
2021-12-12,E,60.46296296296296
2021-12-12,N,56.82592592592592
2021-12-12,T,59.54074074074074
2021-12-13,D,62.69230769230769
2021-12-13,E,60.33571428571429
2021-12-13,N,55.75185185185185
2021-12-13,T,61.12307692307692
2021-12-14,D,62.5037037037037
2021-12-14,E,61.18518518518518
2021-12-14,N,55.1
2021-12-14,T,60.974074074074075
2021-12-15,D,62.82222222222222
2021-12-15,E,61.24814814814815
2021-12-15,N,55.4
2021-12-15,T,61.25925925925926
2021-12-16,D,62.544444444444444
2021-12-16,E,61.596296296296295
2021-12-16,N,55.54074074074074
2021-12-16,T,61.2037037037037
2021-12-17,D,62.51851851851852
2021-12-17,E,62.04074074074074
2021-12-17,N,56.318518518518516
2021-12-17,T,61.32222222222222
2021-12-18,D,61.048148148148144
2021-12-18,E,60.65555555555556
2021-12-18,N,57.05185185185186
2021-12-18,T,60.144444444444446
2021-12-19,D,60.729629629629635
2021-12-19,E,60.17407407407408
2021-12-19,N,55.97777777777778
2021-12-19,T,59.63333333333333
2021-12-20,D,62.396428571428565
2021-12-20,E,60.79
2021-12-20,N,55.3962962962963
2021-12-20,T,60.957142857142856
2021-12-21,D,62.236666666666665
2021-12-21,E,60.663333333333334
2021-12-21,N,54.69666666666667
2021-12-21,T,60.6
2021-12-22,D,61.89
2021-12-22,E,61.28
2021-12-22,N,54.723333333333336
2021-12-22,T,60.63666666666666
2021-12-23,D,61.71333333333334
2021-12-23,E,63.29666666666667
2021-12-23,N,55.25
2021-12-23,T,61.12
2021-12-24,D,62.35
2021-12-24,E,60.85666666666667
2021-12-24,N,56.21
2021-12-24,T,60.97666666666667
2021-12-25,D,60.53
2021-12-25,E,60.17666666666666
2021-12-25,N,58.16
2021-12-25,T,59.919999999999995
2021-12-26,D,61.54333333333333
2021-12-26,E,61.10666666666667
2021-12-26,N,54.04
2021-12-26,T,60.17333333333333
2021-12-27,D,62.06333333333334
2021-12-27,E,60.46
2021-12-27,N,55.93
2021-12-27,T,60.56333333333334
2021-12-28,D,62.13
2021-12-28,E,60.413333333333334
2021-12-28,N,54.54333333333333
2021-12-28,T,60.563333333333325
2021-12-29,D,61.78
2021-12-29,E,60.84
2021-12-29,N,54.77333333333333
2021-12-29,T,60.54
2021-12-30,D,62.45666666666667
2021-12-30,E,61.62
2021-12-30,N,54.99666666666667
2021-12-30,T,61.21333333333334
2021-12-31,D,62.49666666666667
2021-12-31,E,61.77333333333333
2021-12-31,N,55.68333333333333
2021-12-31,T,61.45333333333333
2022-01-01,D,59.03448275862069
2022-01-01,E,60.12068965517241
2022-01-01,N,65.48
2022-01-01,T,63.199999999999996
2022-01-02,D,59.606896551724134
2022-01-02,E,60.106896551724134
2022-01-02,N,53.56551724137931
2022-01-02,T,58.59655172413793
2022-01-03,D,61.95333333333333
2022-01-03,E,60.47
2022-01-03,N,54.90689655172414
2022-01-03,T,60.182758620689654
2022-01-04,D,62.72
2022-01-04,E,61.32666666666667
2022-01-04,N,54.59
2022-01-04,T,61.093333333333334
2022-01-05,D,62.14333333333333
2022-01-05,E,62.37
2022-01-05,N,54.51724137931034
2022-01-05,T,61.059999999999995
2022-01-06,D,59.53333333333333
2022-01-06,E,59.67999999999999
2022-01-06,N,55.07333333333334
2022-01-06,T,58.690000000000005
2022-01-07,D,61.52758620689655
2022-01-07,E,61.059999999999995
2022-01-07,N,54.02333333333333
2022-01-07,T,60.42758620689656
2022-01-08,D,60.77333333333333
2022-01-08,E,60.36666666666667
2022-01-08,N,55.71666666666667
2022-01-08,T,59.70666666666667
2022-01-09,D,60.21666666666667
2022-01-09,E,59.11
2022-01-09,N,55.63666666666666
2022-01-09,T,58.99333333333333
2022-01-10,D,62.05333333333333
2022-01-10,E,59.92666666666666
2022-01-10,N,54.66
2022-01-10,T,60.35
2022-01-11,D,62.14666666666667
2022-01-11,E,60.13
2022-01-11,N,54.81666666666667
2022-01-11,T,60.45
2022-01-12,D,62.17333333333333
2022-01-12,E,60.5
2022-01-12,N,54.763333333333335
2022-01-12,T,60.57666666666667
2022-01-13,D,61.94666666666667
2022-01-13,E,60.663333333333334
2022-01-13,N,54.723333333333336
2022-01-13,T,60.43333333333333
2022-01-14,D,62.11333333333333
2022-01-14,E,60.846666666666664
2022-01-14,N,54.99
2022-01-14,T,60.556666666666665
2022-01-15,D,60.526666666666664
2022-01-15,E,60.57
2022-01-15,N,55.416666666666664
2022-01-15,T,59.50666666666667
2022-01-16,D,59.71
2022-01-16,E,59.851724137931036
2022-01-16,N,55.39666666666667
2022-01-16,T,58.809999999999995
2022-01-17,D,62.06896551724138
2022-01-17,E,60.3551724137931
2022-01-17,N,54.58965517241379
2022-01-17,T,60.44827586206897
2022-01-18,D,62.156666666666666
2022-01-18,E,60.57666666666667
2022-01-18,N,54.62758620689655
2022-01-18,T,60.580000000000005
2022-01-19,D,62.05
2022-01-19,E,60.64666666666667
2022-01-19,N,55.016666666666666
2022-01-19,T,60.5
2022-01-20,D,62.53
2022-01-20,E,60.593333333333334
2022-01-20,N,54.95333333333333
2022-01-20,T,60.84666666666667
2022-01-21,D,62.02333333333333
2022-01-21,E,60.903333333333336
2022-01-21,N,54.89333333333333
2022-01-21,T,60.556666666666665
2022-01-22,D,60.529999999999994
2022-01-22,E,60.690000000000005
2022-01-22,N,55.419999999999995
2022-01-22,T,59.60333333333333
2022-01-23,D,60.57
2022-01-23,E,59.263333333333335
2022-01-23,N,55.61
2022-01-23,T,59.29333333333333
2022-01-24,D,61.8
2022-01-24,E,59.93
2022-01-24,N,54.43
2022-01-24,T,60.126666666666665
2022-01-25,D,61.879999999999995
2022-01-25,E,60.376666666666665
2022-01-25,N,53.99333333333333
2022-01-25,T,60.266666666666666
2022-01-26,D,62.14
2022-01-26,E,60.57666666666667
2022-01-26,N,54.79666666666667
2022-01-26,T,60.53
2022-01-27,D,61.906666666666666
2022-01-27,E,60.68333333333333
2022-01-27,N,54.940000000000005
2022-01-27,T,60.376666666666665
2022-01-28,D,62.05
2022-01-28,E,61.026666666666664
2022-01-28,N,54.85666666666667
2022-01-28,T,60.626666666666665
2022-01-29,D,60.266666666666666
2022-01-29,E,60.35666666666667
2022-01-29,N,55.65
2022-01-29,T,59.29333333333333
2022-01-30,D,59.35
2022-01-30,E,59.36
2022-01-30,N,55.36333333333334
2022-01-30,T,58.49666666666667
2022-01-31,D,62.38333333333333
2022-01-31,E,59.690000000000005
2022-01-31,N,54.35333333333333
2022-01-31,T,60.586666666666666
2022-02-01,D,62.41333333333333
2022-02-01,E,60.74
2022-02-01,N,54.10333333333333
2022-02-01,T,60.68
2022-02-02,D,62.056666666666665
2022-02-02,E,60.07333333333334
2022-02-02,N,55.06666666666667
2022-02-02,T,60.48
2022-02-03,D,61.84827586206896
2022-02-03,E,60.6
2022-02-03,N,55.199999999999996
2022-02-03,T,60.38275862068965
2022-02-04,D,62.01
2022-02-04,E,60.63666666666666
2022-02-04,N,55.248275862068965
2022-02-04,T,60.519999999999996
2022-02-05,D,60.57241379310344
2022-02-05,E,60.341379310344834
2022-02-05,N,55.766666666666666
2022-02-05,T,59.51379310344828
2022-02-06,D,59.9
2022-02-06,E,60.12068965517241
2022-02-06,N,55.224137931034484
2022-02-06,T,59.06206896551724
2022-02-07,D,61.80344827586207
2022-02-07,E,59.98275862068966
2022-02-07,N,54.893103448275866
2022-02-07,T,60.193103448275856
2022-02-08,D,62.00344827586206
2022-02-08,E,60.41
2022-02-08,N,54.341379310344834
2022-02-08,T,60.33793103448276
2022-02-09,D,62.126666666666665
2022-02-09,E,60.38333333333333
2022-02-09,N,54.68333333333333
2022-02-09,T,60.49
2022-02-10,D,62.18333333333333
2022-02-10,E,60.775862068965516
2022-02-10,N,54.76
2022-02-10,T,60.61333333333334
2022-02-11,D,62.263333333333335
2022-02-11,E,61.06333333333334
2022-02-11,N,55.42666666666666
2022-02-11,T,60.86333333333334
2022-02-12,D,60.343333333333334
2022-02-12,E,59.980000000000004
2022-02-12,N,55.84666666666667
2022-02-12,T,59.27333333333333
2022-02-13,D,59.809999999999995
2022-02-13,E,59.190000000000005
2022-02-13,N,55.53333333333333
2022-02-13,T,58.79
2022-02-14,D,62.556666666666665
2022-02-14,E,60.54333333333333
2022-02-14,N,54.96333333333334
2022-02-14,T,60.88666666666666
2022-02-15,D,62.5551724137931
2022-02-15,E,60.08620689655172
2022-02-15,N,54.41379310344828
2022-02-15,T,60.92857142857143
2022-02-16,D,62.31785714285714
2022-02-16,E,60.79666666666667
2022-02-16,N,54.834482758620695
2022-02-16,T,60.721428571428575
2022-02-17,D,62.59666666666667
2022-02-17,E,61.15333333333333
2022-02-17,N,54.74
2022-02-17,T,61.026666666666664
2022-02-18,D,62.186206896551724
2022-02-18,E,61.42333333333333
2022-02-18,N,55.54827586206897
2022-02-18,T,60.858620689655176
2022-02-19,D,60.07666666666667
2022-02-19,E,60.516666666666666
2022-02-19,N,55.919999999999995
2022-02-19,T,59.330000000000005
2022-02-20,D,59.776666666666664
2022-02-20,E,59.736666666666665
2022-02-20,N,55.67333333333333
2022-02-20,T,58.836666666666666
2022-02-21,D,62.21666666666667
2022-02-21,E,60.09
2022-02-21,N,54.86
2022-02-21,T,60.52333333333333
2022-02-22,D,61.50666666666667
2022-02-22,E,60.13666666666666
2022-02-22,N,53.64
2022-02-22,T,59.92666666666666
2022-02-23,D,61.85333333333333
2022-02-23,E,60.38
2022-02-23,N,54.71666666666667
2022-02-23,T,60.29666666666667
2022-02-24,D,62.20333333333333
2022-02-24,E,60.79
2022-02-24,N,54.93666666666666
2022-02-24,T,60.66
2022-02-25,D,63.02333333333333
2022-02-25,E,61.06333333333334
2022-02-25,N,55.35
2022-02-25,T,61.34666666666667
2022-02-26,D,61.42999999999999
2022-02-26,E,60.41
2022-02-26,N,55.986666666666665
2022-02-26,T,60.11666666666667
2022-02-27,D,59.813333333333325
2022-02-27,E,60.04333333333333
2022-02-27,N,55.75
2022-02-27,T,58.92333333333333
2022-02-28,D,62.45
2022-02-28,E,60.93793103448276
2022-02-28,N,55.486666666666665
2022-02-28,T,61.08965517241379
2022-03-01,D,62.241379310344826
2022-03-01,E,60.19655172413793
2022-03-01,N,55.06551724137931
2022-03-01,T,60.53448275862069
2022-03-02,D,61.96666666666667
2022-03-02,E,61.016666666666666
2022-03-02,N,54.53448275862069
2022-03-02,T,60.648275862068964
2022-03-03,D,63.8
2022-03-03,E,62.51
2022-03-03,N,54.41
2022-03-03,T,62.123333333333335
2022-03-04,D,62.443333333333335
2022-03-04,E,61.690000000000005
2022-03-04,N,57.34
2022-03-04,T,61.24333333333333
2022-03-05,D,60.406666666666666
2022-03-05,E,60.66
2022-03-05,N,56.03333333333333
2022-03-05,T,59.62
2022-03-06,D,59.88333333333333
2022-03-06,E,59.56666666666667
2022-03-06,N,56.343333333333334
2022-03-06,T,59.02333333333333
2022-03-07,D,63.6
2022-03-07,E,60.53
2022-03-07,N,56.64666666666667
2022-03-07,T,61.82333333333334
2022-03-08,D,63.163333333333334
2022-03-08,E,61.00333333333333
2022-03-08,N,54.82666666666667
2022-03-08,T,61.64333333333333
2022-03-09,D,62.63
2022-03-09,E,60.64333333333333
2022-03-09,N,55.47
2022-03-09,T,61.10333333333333
2022-03-10,D,62.656666666666666
2022-03-10,E,60.82333333333334
2022-03-10,N,55.940000000000005
2022-03-10,T,61.10333333333333
2022-03-11,D,63.763333333333335
2022-03-11,E,63.236666666666665
2022-03-11,N,55.43666666666666
2022-03-11,T,62.39333333333333
2022-03-12,D,61.11
2022-03-12,E,61.11
2022-03-12,N,57.24666666666667
2022-03-12,T,60.266666666666666
2022-03-13,D,59.806666666666665
2022-03-13,E,59.70333333333333
2022-03-13,N,58.93333333333333
2022-03-13,T,59.67333333333333
2022-03-14,D,64.73
2022-03-14,E,60.29666666666667
2022-03-14,N,55.34666666666667
2022-03-14,T,62.583333333333336
2022-03-15,D,62.68
2022-03-15,E,60.34
2022-03-15,N,55.2
2022-03-15,T,61.026666666666664
2022-03-16,D,62.5
2022-03-16,E,60.36333333333334
2022-03-16,N,54.96333333333334
2022-03-16,T,60.95
2022-03-17,D,62.97
2022-03-17,E,60.809999999999995
2022-03-17,N,55.906666666666666
2022-03-17,T,61.419999999999995
2022-03-18,D,62.32
2022-03-18,E,61.25
2022-03-18,N,55.693333333333335
2022-03-18,T,60.913333333333334
2022-03-19,D,60.519999999999996
2022-03-19,E,60.21
2022-03-19,N,56.39
2022-03-19,T,59.580000000000005
2022-03-20,D,61.90333333333333
2022-03-20,E,60.11666666666667
2022-03-20,N,55.74
2022-03-20,T,60.59
2022-03-21,D,63.94666666666667
2022-03-21,E,62.31333333333334
2022-03-21,N,56.830000000000005
2022-03-21,T,62.32
2022-03-22,D,63.57
2022-03-22,E,61.13333333333333
2022-03-22,N,57.13666666666666
2022-03-22,T,61.97
2022-03-23,D,62.63666666666666
2022-03-23,E,60.96896551724138
2022-03-23,N,56.06666666666667
2022-03-23,T,61.01379310344828
2022-03-24,D,63.2551724137931
2022-03-24,E,62.13448275862069
2022-03-24,N,56.02758620689655
2022-03-24,T,61.83793103448276
2022-03-25,D,63.30333333333333
2022-03-25,E,63.47666666666667
2022-03-25,N,57.41724137931034
2022-03-25,T,62.343333333333334
2022-03-26,D,60.669999999999995
2022-03-26,E,60.623333333333335
2022-03-26,N,57.66
2022-03-26,T,59.916666666666664
2022-03-27,D,59.57666666666667
2022-03-27,E,59.70666666666667
2022-03-27,N,59.85
2022-03-27,T,59.04666666666667
2022-03-28,D,62.21666666666667
2022-03-28,E,60.669999999999995
2022-03-28,N,54.68333333333333
2022-03-28,T,60.65333333333333
2022-03-29,D,62.29666666666666
2022-03-29,E,60.69666666666667
2022-03-29,N,54.330000000000005
2022-03-29,T,59.78333333333333
2022-03-30,D,63.013333333333335
2022-03-30,E,61.52333333333333
2022-03-30,N,56.526666666666664
2022-03-30,T,61.690000000000005
2022-03-31,D,62.5
2022-03-31,E,60.97666666666667
2022-03-31,N,55.25666666666667
2022-03-31,T,60.96
2022-04-01,D,63.21333333333333
2022-04-01,E,61.193333333333335
2022-04-01,N,56.370000000000005
2022-04-01,T,61.730000000000004
2022-04-02,D,60.34666666666667
2022-04-02,E,59.85
2022-04-02,N,56.086666666666666
2022-04-02,T,59.556666666666665
2022-04-03,D,59.690000000000005
2022-04-03,E,59.18666666666666
2022-04-03,N,55.0
2022-04-03,T,58.71333333333334
2022-04-04,D,62.38965517241379
2022-04-04,E,60.26
2022-04-04,N,54.917857142857144
2022-04-04,T,60.720689655172414
2022-04-05,D,62.309999999999995
2022-04-05,E,60.483333333333334
2022-04-05,N,54.21666666666667
2022-04-05,T,60.663333333333334
2022-04-06,D,62.18666666666666
2022-04-06,E,60.68
2022-04-06,N,54.80333333333333
2022-04-06,T,60.63333333333333
2022-04-07,D,63.36666666666667
2022-04-07,E,61.593333333333334
2022-04-07,N,55.02068965517241
2022-04-07,T,61.813333333333325
2022-04-08,D,62.36
2022-04-08,E,61.432258064516134
2022-04-08,N,55.60666666666667
2022-04-08,T,61.019999999999996
2022-04-09,D,60.25483870967742
2022-04-09,E,60.42903225806452
2022-04-09,N,55.79032258064516
2022-04-09,T,59.44193548387097
2022-04-10,D,59.541935483870965
2022-04-10,E,60.343333333333334
2022-04-10,N,55.63225806451613
2022-04-10,T,58.97666666666667
2022-04-11,D,61.92903225806452
2022-04-11,E,60.49354838709677
2022-04-11,N,54.79666666666667
2022-04-11,T,60.50666666666667
2022-04-12,D,62.86451612903225
2022-04-12,E,60.94516129032258
2022-04-12,N,55.78387096774193
2022-04-12,T,61.3258064516129
2022-04-13,D,61.54838709677419
2022-04-13,E,60.39677419354839
2022-04-13,N,55.81290322580645
2022-04-13,T,60.07096774193548
2022-04-14,D,59.4741935483871
2022-04-14,E,59.63225806451613
2022-04-14,N,55.380645161290325
2022-04-14,T,58.70322580645161
2022-04-15,D,58.809677419354834
2022-04-15,E,59.670967741935485
2022-04-15,N,55.28064516129032
2022-04-15,T,58.303225806451614
2022-04-16,D,59.29354838709677
2022-04-16,E,59.667741935483875
2022-04-16,N,55.05806451612903
2022-04-16,T,58.49032258064516
2022-04-17,D,59.08064516129032
2022-04-17,E,59.832258064516125
2022-04-17,N,55.019354838709674
2022-04-17,T,58.40967741935484
2022-04-18,D,61.10645161290322
2022-04-18,E,60.596774193548384
2022-04-18,N,55.20645161290323
2022-04-18,T,59.8
2022-04-19,D,62.05483870967742
2022-04-19,E,60.774193548387096
2022-04-19,N,54.52258064516129
2022-04-19,T,60.667741935483875
2022-04-20,D,63.81290322580645
2022-04-20,E,61.16129032258065
2022-04-20,N,57.45483870967742
2022-04-20,T,62.13870967741936
2022-04-21,D,62.93333333333333
2022-04-21,E,60.88333333333333
2022-04-21,N,55.42666666666666
2022-04-21,T,61.32
2022-04-22,D,64.31666666666666
2022-04-22,E,64.22258064516129
2022-04-22,N,55.88666666666666
2022-04-22,T,63.03666666666666
2022-04-23,D,62.016129032258064
2022-04-23,E,61.83870967741935
2022-04-23,N,58.358064516129026
2022-04-23,T,61.18709677419355
2022-04-24,D,61.167741935483875
2022-04-24,E,60.5516129032258
2022-04-24,N,56.61290322580645
2022-04-24,T,60.251612903225805
2022-04-25,D,61.85806451612903
2022-04-25,E,60.622580645161285
2022-04-25,N,54.983870967741936
2022-04-25,T,60.374193548387105
2022-04-26,D,63.52258064516129
2022-04-26,E,62.190322580645166
2022-04-26,N,54.79032258064516
2022-04-26,T,62.02258064516129
2022-04-27,D,63.277419354838706
2022-04-27,E,61.74516129032258
2022-04-27,N,57.20645161290323
2022-04-27,T,61.86451612903225
2022-04-28,D,63.18709677419355
2022-04-28,E,61.564516129032256
2022-04-28,N,55.34516129032258
2022-04-28,T,61.564516129032256
2022-04-29,D,62.1741935483871
2022-04-29,E,61.3
2022-04-29,N,55.7
2022-04-29,T,60.86
2022-04-30,D,60.623333333333335
2022-04-30,E,61.56333333333334
2022-04-30,N,56.34
2022-04-30,T,59.95
2022-05-01,D,59.769999999999996
2022-05-01,E,60.70666666666667
2022-05-01,N,56.2
2022-05-01,T,59.263333333333335
2022-05-02,D,60.122580645161285
2022-05-02,E,59.354838709677416
2022-05-02,N,55.223333333333336
2022-05-02,T,59.34
2022-05-03,D,63.019354838709674
2022-05-03,E,61.26774193548387
2022-05-03,N,55.270967741935486
2022-05-03,T,61.38709677419355
2022-05-04,D,62.21290322580645
2022-05-04,E,60.78709677419355
2022-05-04,N,55.10645161290322
2022-05-04,T,60.8
2022-05-05,D,62.57419354838709
2022-05-05,E,60.88
2022-05-05,N,56.94516129032258
2022-05-05,T,61.11
2022-05-06,D,62.1741935483871
2022-05-06,E,62.10967741935484
2022-05-06,N,55.62580645161291
2022-05-06,T,61.067741935483866
2022-05-07,D,60.37419354838709
2022-05-07,E,61.4483870967742
2022-05-07,N,56.958064516129035
2022-05-07,T,59.935483870967744
2022-05-08,D,59.63548387096775
2022-05-08,E,60.225806451612904
2022-05-08,N,56.60645161290322
2022-05-08,T,59.122580645161285
2022-05-09,D,61.83548387096774
2022-05-09,E,60.92580645161291
2022-05-09,N,55.21290322580645
2022-05-09,T,60.42903225806452
2022-05-10,D,61.47741935483871
2022-05-10,E,60.32258064516129
2022-05-10,N,54.65806451612904
2022-05-10,T,59.97741935483871
2022-05-11,D,62.13
2022-05-11,E,60.723333333333336
2022-05-11,N,54.75483870967742
2022-05-11,T,60.64333333333333
2022-05-12,D,61.68
2022-05-12,E,60.99032258064516
2022-05-12,N,55.15333333333333
2022-05-12,T,60.35
2022-05-13,D,61.6741935483871
2022-05-13,E,61.44516129032258
2022-05-13,N,55.39354838709678
2022-05-13,T,60.54838709677419
2022-05-14,D,59.88709677419355
2022-05-14,E,60.81935483870968
2022-05-14,N,56.29677419354839
2022-05-14,T,59.28064516129032
2022-05-15,D,59.29354838709677
2022-05-15,E,60.306451612903224
2022-05-15,N,56.20322580645161
2022-05-15,T,58.806451612903224
2022-05-16,D,59.42258064516129
2022-05-16,E,60.61290322580645
2022-05-16,N,55.63225806451613
2022-05-16,T,59.229032258064514
2022-05-17,D,62.2
2022-05-17,E,60.803225806451614
2022-05-17,N,54.725806451612904
2022-05-17,T,60.68709677419355
2022-05-18,D,62.05806451612903
2022-05-18,E,60.58709677419355
2022-05-18,N,54.958064516129035
2022-05-18,T,60.593548387096774
2022-05-19,D,62.33870967741935
2022-05-19,E,61.56774193548387
2022-05-19,N,55.62580645161291
2022-05-19,T,61.08387096774193
2022-05-20,D,61.903225806451616
2022-05-20,E,61.66451612903226
2022-05-20,N,55.88387096774194
2022-05-20,T,60.8258064516129
2022-05-21,D,59.94516129032258
2022-05-21,E,61.064516129032256
2022-05-21,N,56.73548387096774
2022-05-21,T,59.45161290322581
2022-05-22,D,59.57741935483871
2022-05-22,E,60.55483870967742
2022-05-22,N,56.12903225806452
2022-05-22,T,59.00967741935484
2022-05-23,D,61.78064516129032
2022-05-23,E,60.34193548387096
2022-05-23,N,54.75483870967742
2022-05-23,T,60.25483870967742
2022-05-24,D,61.900000000000006
2022-05-24,E,60.66129032258065
2022-05-24,N,54.722580645161294
2022-05-24,T,60.42258064516129
2022-05-25,D,62.06333333333334
2022-05-25,E,60.88
2022-05-25,N,54.99354838709677
2022-05-25,T,60.60333333333333
2022-05-26,D,62.513333333333335
2022-05-26,E,60.84193548387096
2022-05-26,N,55.556666666666665
2022-05-26,T,61.03666666666666
2022-05-27,D,62.66451612903226
2022-05-27,E,61.980645161290326
2022-05-27,N,56.53548387096774
2022-05-27,T,61.68709677419355
2022-05-28,D,60.06774193548387
2022-05-28,E,61.15161290322581
2022-05-28,N,56.900000000000006
2022-05-28,T,59.88387096774194
2022-05-29,D,59.39354838709678
2022-05-29,E,60.96451612903226
2022-05-29,N,59.729032258064514
2022-05-29,T,60.08387096774193
2022-05-30,D,62.45483870967742
2022-05-30,E,60.49677419354839
2022-05-30,N,55.15161290322581
2022-05-30,T,60.87096774193548
2022-05-31,D,62.00967741935484
2022-05-31,E,60.70967741935484
2022-05-31,N,54.619354838709675
2022-05-31,T,60.454838709677425
2022-06-01,D,61.94193548387097
2022-06-01,E,60.751612903225805
2022-06-01,N,54.932258064516134
2022-06-01,T,60.45483870967742
2022-06-02,D,61.75666666666667
2022-06-02,E,61.88333333333333
2022-06-02,N,55.248387096774195
2022-06-02,T,60.87
2022-06-03,D,62.32666666666667
2022-06-03,E,61.70333333333333
2022-06-03,N,55.769999999999996
2022-06-03,T,61.193103448275856
2022-06-04,D,60.32
2022-06-04,E,61.480000000000004
2022-06-04,N,56.39666666666667
2022-06-04,T,59.78
2022-06-05,D,59.41
2022-06-05,E,60.17333333333333
2022-06-05,N,56.22
2022-06-05,T,58.85
2022-06-06,D,61.61666666666667
2022-06-06,E,60.40333333333333
2022-06-06,N,55.05333333333333
2022-06-06,T,60.20344827586207
2022-06-07,D,62.293103448275865
2022-06-07,E,61.15333333333333
2022-06-07,N,55.4
2022-06-07,T,60.800000000000004
2022-06-08,D,62.37
2022-06-08,E,60.97741935483871
2022-06-08,N,55.04666666666667
2022-06-08,T,60.82333333333334
2022-06-09,D,62.21666666666667
2022-06-09,E,61.39333333333333
2022-06-09,N,55.42580645161291
2022-06-09,T,60.8
2022-06-10,D,61.55333333333333
2022-06-10,E,61.86666666666667
2022-06-10,N,56.276666666666664
2022-06-10,T,60.65
2022-06-11,D,59.85333333333333
2022-06-11,E,60.906666666666666
2022-06-11,N,57.1
2022-06-11,T,59.43
2022-06-12,D,59.309999999999995
2022-06-12,E,60.43
2022-06-12,N,56.89666666666667
2022-06-12,T,59.093333333333334
2022-06-13,D,61.55172413793103
2022-06-13,E,60.83103448275862
2022-06-13,N,55.67333333333333
2022-06-13,T,60.33103448275862
2022-06-14,D,61.56206896551724
2022-06-14,E,60.73103448275862
2022-06-14,N,55.43448275862069
2022-06-14,T,60.148275862068964
2022-06-15,D,61.69655172413793
2022-06-15,E,61.12068965517241
2022-06-15,N,55.47586206896552
2022-06-15,T,60.36206896551724
2022-06-16,D,62.279310344827586
2022-06-16,E,61.324137931034485
2022-06-16,N,55.80344827586207
2022-06-16,T,60.98275862068966
2022-06-17,D,61.95517241379311
2022-06-17,E,61.30344827586207
2022-06-17,N,56.179310344827584
2022-06-17,T,60.744827586206895
2022-06-18,D,60.25
2022-06-18,E,60.73793103448276
2022-06-18,N,56.86666666666667
2022-06-18,T,59.736666666666665
2022-06-19,D,59.53666666666667
2022-06-19,E,60.79666666666667
2022-06-19,N,57.11
2022-06-19,T,59.30333333333333
2022-06-20,D,62.57586206896552
2022-06-20,E,61.016666666666666
2022-06-20,N,55.68666666666666
2022-06-20,T,61.179310344827584
2022-06-21,D,62.193103448275856
2022-06-21,E,61.16206896551724
2022-06-21,N,55.38620689655173
2022-06-21,T,60.744827586206895
2022-06-22,D,62.47586206896552
2022-06-22,E,61.6
2022-06-22,N,55.672413793103445
2022-06-22,T,61.258620689655174
2022-06-23,D,62.56333333333334
2022-06-23,E,61.42333333333333
2022-06-23,N,55.736666666666665
2022-06-23,T,61.09
2022-06-24,D,62.09666666666667
2022-06-24,E,61.36
2022-06-24,N,55.61666666666667
2022-06-24,T,60.78666666666666
2022-06-25,D,60.196666666666665
2022-06-25,E,61.236666666666665
2022-06-25,N,56.336666666666666
2022-06-25,T,59.666666666666664
2022-06-26,D,59.38333333333333
2022-06-26,E,60.11
2022-06-26,N,56.45333333333333
2022-06-26,T,58.82333333333334
2022-06-27,D,61.93333333333333
2022-06-27,E,60.83
2022-06-27,N,55.01
2022-06-27,T,60.5
2022-06-28,D,61.224
2022-06-28,E,60.608000000000004
2022-06-28,N,55.18666666666666
2022-06-28,T,59.83599999999999
2022-06-29,D,61.69655172413793
2022-06-29,E,61.15333333333333
2022-06-29,N,55.224137931034484
2022-06-29,T,60.37241379310345
2022-06-30,D,61.74
2022-06-30,E,61.080000000000005
2022-06-30,N,55.49333333333333
2022-06-30,T,60.406666666666666
2022-07-01,D,61.763333333333335
2022-07-01,E,61.03666666666666
2022-07-01,N,56.093333333333334
2022-07-01,T,60.55333333333333
2022-07-02,D,60.04
2022-07-02,E,60.69666666666667
2022-07-02,N,56.82333333333334
2022-07-02,T,59.45666666666667
2022-07-03,D,59.18333333333333
2022-07-03,E,60.54666666666667
2022-07-03,N,56.61333333333334
2022-07-03,T,58.95666666666667
2022-07-04,D,61.95333333333333
2022-07-04,E,61.026666666666664
2022-07-04,N,55.669999999999995
2022-07-04,T,60.6
2022-07-05,D,62.08965517241379
2022-07-05,E,61.03448275862069
2022-07-05,N,55.34666666666667
2022-07-05,T,60.744827586206895
2022-07-06,D,62.52758620689655
2022-07-06,E,61.580000000000005
2022-07-06,N,56.69655172413793
2022-07-06,T,61.158620689655166
2022-07-07,D,62.586666666666666
2022-07-07,E,62.223333333333336
2022-07-07,N,56.79666666666667
2022-07-07,T,61.61333333333333
2022-07-08,D,61.8
2022-07-08,E,62.24
2022-07-08,N,57.40333333333333
2022-07-08,T,61.19666666666667
2022-07-09,D,60.156666666666666
2022-07-09,E,62.309999999999995
2022-07-09,N,57.78666666666666
2022-07-09,T,60.78
2022-07-10,D,59.46
2022-07-10,E,61.21333333333334
2022-07-10,N,58.31666666666667
2022-07-10,T,60.056666666666665
2022-07-11,D,61.5
2022-07-11,E,60.556666666666665
2022-07-11,N,56.88333333333333
2022-07-11,T,60.413333333333334
2022-07-12,D,61.92333333333333
2022-07-12,E,60.89333333333333
2022-07-12,N,55.65333333333333
2022-07-12,T,60.580000000000005
2022-07-13,D,62.11333333333334
2022-07-13,E,60.88333333333333
2022-07-13,N,55.876666666666665
2022-07-13,T,60.72
2022-07-14,D,62.04
2022-07-14,E,60.693333333333335
2022-07-14,N,56.17333333333333
2022-07-14,T,60.67333333333333
2022-07-15,D,61.73103448275862
2022-07-15,E,60.61666666666667
2022-07-15,N,56.06333333333334
2022-07-15,T,60.47586206896552
2022-07-16,D,59.309999999999995
2022-07-16,E,59.751724137931035
2022-07-16,N,56.59666666666667
2022-07-16,T,58.741379310344826
2022-07-17,D,58.62413793103448
2022-07-17,E,59.734482758620686
2022-07-17,N,56.06206896551724
2022-07-17,T,58.29655172413793
2022-07-18,D,60.986666666666665
2022-07-18,E,60.68333333333333
2022-07-18,N,55.720689655172414
2022-07-18,T,59.824137931034485
2022-07-19,D,61.38333333333333
2022-07-19,E,60.22
2022-07-19,N,55.64333333333333
2022-07-19,T,60.03666666666666
2022-07-20,D,61.6
2022-07-20,E,60.980000000000004
2022-07-20,N,56.01
2022-07-20,T,60.406666666666666
2022-07-21,D,61.20333333333333
2022-07-21,E,61.00666666666667
2022-07-21,N,55.763333333333335
2022-07-21,T,60.083333333333336
2022-07-22,D,61.29666666666667
2022-07-22,E,61.03666666666666
2022-07-22,N,55.986666666666665
2022-07-22,T,60.25333333333333
2022-07-23,D,59.080000000000005
2022-07-23,E,59.156666666666666
2022-07-23,N,55.876666666666665
2022-07-23,T,58.45
2022-07-24,D,58.60333333333333
2022-07-24,E,59.776666666666664
2022-07-24,N,56.11666666666667
2022-07-24,T,58.25666666666667
2022-07-25,D,58.47666666666667
2022-07-25,E,59.65
2022-07-25,N,54.86
2022-07-25,T,57.97
2022-07-26,D,61.14
2022-07-26,E,60.36
2022-07-26,N,54.74333333333333
2022-07-26,T,59.809999999999995
2022-07-27,D,61.22
2022-07-27,E,60.61
2022-07-27,N,55.59666666666667
2022-07-27,T,59.95333333333334
2022-07-28,D,61.50666666666667
2022-07-28,E,61.36
2022-07-28,N,55.29666666666667
2022-07-28,T,60.419999999999995
2022-07-29,D,61.473333333333336
2022-07-29,E,60.81666666666667
2022-07-29,N,55.99666666666667
2022-07-29,T,60.306666666666665
2022-07-30,D,59.666666666666664
2022-07-30,E,60.20333333333333
2022-07-30,N,56.81666666666667
2022-07-30,T,59.193333333333335
2022-07-31,D,58.76
2022-07-31,E,60.03333333333333
2022-07-31,N,55.86333333333334
2022-07-31,T,58.42333333333333
2022-08-01,D,61.13333333333333
2022-08-01,E,59.93666666666666
2022-08-01,N,55.75
2022-08-01,T,59.89666666666667
2022-08-02,D,61.47931034482759
2022-08-02,E,61.019999999999996
2022-08-02,N,55.358620689655176
2022-08-02,T,60.37931034482759
2022-08-03,D,61.41379310344828
2022-08-03,E,60.300000000000004
2022-08-03,N,55.92333333333333
2022-08-03,T,60.23103448275862
2022-08-04,D,61.300000000000004
2022-08-04,E,60.94827586206897
2022-08-04,N,55.13448275862069
2022-08-04,T,60.148275862068964
2022-08-05,D,60.86206896551724
2022-08-05,E,60.480000000000004
2022-08-05,N,55.8551724137931
2022-08-05,T,59.806896551724144
2022-08-06,D,58.763333333333335
2022-08-06,E,59.39333333333333
2022-08-06,N,55.60333333333333
2022-08-06,T,58.20333333333333
2022-08-07,D,58.43333333333333
2022-08-07,E,59.14666666666667
2022-08-07,N,55.63333333333333
2022-08-07,T,58.02333333333333
2022-08-08,D,60.65333333333333
2022-08-08,E,59.96666666666667
2022-08-08,N,54.96
2022-08-08,T,59.46
2022-08-09,D,60.440000000000005
2022-08-09,E,60.07
2022-08-09,N,54.8
2022-08-09,T,59.31333333333334
2022-08-10,D,60.56666666666667
2022-08-10,E,60.13666666666666
2022-08-10,N,54.82666666666667
2022-08-10,T,59.41
2022-08-11,D,60.59310344827586
2022-08-11,E,59.96206896551725
2022-08-11,N,55.13
2022-08-11,T,59.38620689655173
2022-08-12,D,60.49655172413794
2022-08-12,E,60.01379310344828
2022-08-12,N,55.45862068965517
2022-08-12,T,59.48275862068966
2022-08-13,D,58.820689655172416
2022-08-13,E,59.36896551724138
2022-08-13,N,55.275862068965516
2022-08-13,T,58.1551724137931
2022-08-14,D,58.175862068965515
2022-08-14,E,59.57586206896552
2022-08-14,N,54.37241379310345
2022-08-14,T,57.800000000000004
2022-08-15,D,58.1551724137931
2022-08-15,E,59.40689655172414
2022-08-15,N,54.55172413793103
2022-08-15,T,57.751724137931035
2022-08-16,D,60.672413793103445
2022-08-16,E,59.40333333333333
2022-08-16,N,54.46896551724138
2022-08-16,T,59.32333333333334
2022-08-17,D,61.14
2022-08-17,E,59.843333333333334
2022-08-17,N,54.666666666666664
2022-08-17,T,59.67333333333333
2022-08-18,D,60.7
2022-08-18,E,60.310344827586206
2022-08-18,N,54.67333333333333
2022-08-18,T,59.47666666666667
2022-08-19,D,60.81666666666667
2022-08-19,E,60.24666666666667
2022-08-19,N,54.717241379310344
2022-08-19,T,59.70666666666667
2022-08-20,D,59.06666666666667
2022-08-20,E,59.74333333333333
2022-08-20,N,55.193333333333335
2022-08-20,T,58.440000000000005
2022-08-21,D,58.107142857142854
2022-08-21,E,59.29642857142857
2022-08-21,N,55.06551724137931
2022-08-21,T,57.746428571428574
2022-08-22,D,60.983333333333334
2022-08-22,E,59.830000000000005
2022-08-22,N,54.86071428571428
2022-08-22,T,59.78666666666666
2022-08-23,D,61.019999999999996
2022-08-23,E,59.80333333333333
2022-08-23,N,54.65333333333333
2022-08-23,T,59.666666666666664
2022-08-24,D,61.01
2022-08-24,E,60.21
2022-08-24,N,54.96333333333334
2022-08-24,T,59.723333333333336
2022-08-25,D,60.876666666666665
2022-08-25,E,60.279310344827586
2022-08-25,N,54.61333333333334
2022-08-25,T,59.559999999999995
2022-08-26,D,60.60967741935484
2022-08-26,E,60.41290322580645
2022-08-26,N,54.67666666666666
2022-08-26,T,59.47741935483871
2022-08-27,D,58.68709677419355
2022-08-27,E,59.593548387096774
2022-08-27,N,55.0516129032258
2022-08-27,T,58.13225806451613
2022-08-28,D,58.32258064516129
2022-08-28,E,60.00967741935484
2022-08-28,N,55.145161290322584
2022-08-28,T,58.08387096774193
2022-08-29,D,61.593548387096774
2022-08-29,E,60.37419354838709
2022-08-29,N,55.10645161290322
2022-08-29,T,60.13548387096775
2022-08-30,D,61.78387096774193
2022-08-30,E,60.619354838709675
2022-08-30,N,54.648387096774194
2022-08-30,T,60.32258064516129
2022-08-31,D,61.49032258064516
2022-08-31,E,60.512903225806454
2022-08-31,N,54.71935483870968
2022-08-31,T,60.10967741935484
2022-09-01,D,61.84193548387096
2022-09-01,E,61.277419354838706
2022-09-01,N,55.380645161290325
2022-09-01,T,60.57741935483871
2022-09-02,D,61.65483870967742
2022-09-02,E,60.9483870967742
2022-09-02,N,55.23548387096774
2022-09-02,T,60.406451612903226
2022-09-03,D,59.667741935483875
2022-09-03,E,60.78709677419355
2022-09-03,N,55.74516129032258
2022-09-03,T,59.11290322580645
2022-09-04,D,59.41290322580645
2022-09-04,E,60.29354838709677
2022-09-04,N,56.03548387096774
2022-09-04,T,59.019354838709674
2022-09-05,D,62.08709677419355
2022-09-05,E,61.041935483870965
2022-09-05,N,54.903225806451616
2022-09-05,T,60.696774193548386
2022-09-06,D,62.7
2022-09-06,E,61.099999999999994
2022-09-06,N,54.480645161290326
2022-09-06,T,61.13870967741936
2022-09-07,D,61.76451612903226
2022-09-07,E,60.83548387096774
2022-09-07,N,54.9741935483871
2022-09-07,T,60.31935483870968
2022-09-08,D,62.454838709677425
2022-09-08,E,60.89
2022-09-08,N,54.851612903225806
2022-09-08,T,60.9483870967742
2022-09-09,D,62.39677419354839
2022-09-09,E,61.306451612903224
2022-09-09,N,55.07666666666667
2022-09-09,T,61.02903225806451
2022-09-10,D,60.15161290322581
2022-09-10,E,60.97741935483871
2022-09-10,N,56.44516129032258
2022-09-10,T,59.564516129032256
2022-09-11,D,59.07096774193548
2022-09-11,E,60.54516129032258
2022-09-11,N,56.47741935483871
2022-09-11,T,58.99354838709677
2022-09-12,D,62.403225806451616
2022-09-12,E,60.619354838709675
2022-09-12,N,56.55483870967742
2022-09-12,T,61.23225806451613
2022-09-13,D,63.74516129032258
2022-09-13,E,61.02258064516129
2022-09-13,N,58.96451612903226
2022-09-13,T,62.39032258064516
2022-09-14,D,62.564516129032256
2022-09-14,E,60.7
2022-09-14,N,54.690322580645166
2022-09-14,T,60.90967741935484
2022-09-15,D,63.093548387096774
2022-09-15,E,61.170967741935485
2022-09-15,N,55.20967741935484
2022-09-15,T,61.461290322580645
2022-09-16,D,62.66451612903226
2022-09-16,E,61.599999999999994
2022-09-16,N,55.487096774193546
2022-09-16,T,61.28064516129032
2022-09-17,D,60.596774193548384
2022-09-17,E,60.932258064516134
2022-09-17,N,56.538709677419355
2022-09-17,T,60.07741935483871
2022-09-18,D,59.49032258064516
2022-09-18,E,60.46774193548387
2022-09-18,N,57.21935483870968
2022-09-18,T,59.25806451612903
2022-09-19,D,62.73548387096774
2022-09-19,E,60.78064516129032
2022-09-19,N,55.25483870967742
2022-09-19,T,61.26451612903226
2022-09-20,D,62.66129032258065
2022-09-20,E,61.464516129032255
2022-09-20,N,58.44193548387097
2022-09-20,T,61.57096774193548
2022-09-21,D,62.35
2022-09-21,E,61.14333333333333
2022-09-21,N,55.0516129032258
2022-09-21,T,60.91
2022-09-22,D,62.46
2022-09-22,E,61.22
2022-09-22,N,55.086666666666666
2022-09-22,T,61.02333333333333
2022-09-23,D,62.406666666666666
2022-09-23,E,61.40333333333333
2022-09-23,N,55.63666666666666
2022-09-23,T,61.13333333333333
2022-09-24,D,60.269999999999996
2022-09-24,E,61.32
2022-09-24,N,56.56333333333334
2022-09-24,T,59.723333333333336
2022-09-25,D,59.480000000000004
2022-09-25,E,60.53
2022-09-25,N,56.39333333333333
2022-09-25,T,59.07333333333334
2022-09-26,D,62.13333333333333
2022-09-26,E,60.42333333333333
2022-09-26,N,55.28666666666666
2022-09-26,T,60.669999999999995
2022-09-27,D,62.38
2022-09-27,E,60.6551724137931
2022-09-27,N,54.45
2022-09-27,T,60.74
2022-09-28,D,62.830000000000005
2022-09-28,E,60.90333333333333
2022-09-28,N,54.95862068965517
2022-09-28,T,61.31666666666667
2022-09-29,D,62.940000000000005
2022-09-29,E,61.026666666666664
2022-09-29,N,55.45
2022-09-29,T,61.32333333333334
2022-09-30,D,63.79
2022-09-30,E,61.89
2022-09-30,N,55.69666666666667
2022-09-30,T,62.336666666666666
2022-10-01,D,60.12903225806452
2022-10-01,E,62.166666666666664
2022-10-01,N,56.94193548387097
2022-10-01,T,59.95161290322581
2022-10-02,D,59.940000000000005
2022-10-02,E,61.37
2022-10-02,N,56.730000000000004
2022-10-02,T,59.78333333333333
2022-10-03,D,62.483870967741936
2022-10-03,E,61.13870967741936
2022-10-03,N,55.093333333333334
2022-10-03,T,61.08387096774193
2022-10-04,D,62.593548387096774
2022-10-04,E,61.23225806451613
2022-10-04,N,54.74516129032258
2022-10-04,T,61.09032258064516
2022-10-05,D,63.21290322580645
2022-10-05,E,61.34193548387096
2022-10-05,N,55.07096774193548
2022-10-05,T,61.57419354838709
2022-10-06,D,62.76129032258064
2022-10-06,E,61.309677419354834
2022-10-06,N,55.36451612903225
2022-10-06,T,61.306451612903224
2022-10-07,D,62.693548387096776
2022-10-07,E,62.92580645161291
2022-10-07,N,55.777419354838706
2022-10-07,T,62.00967741935484
2022-10-08,D,60.516129032258064
2022-10-08,E,62.1741935483871
2022-10-08,N,57.119354838709675
2022-10-08,T,60.33548387096774
2022-10-09,D,59.81612903225806
2022-10-09,E,61.13548387096775
2022-10-09,N,56.3
2022-10-09,T,59.42580645161291
2022-10-10,D,63.541935483870965
2022-10-10,E,60.78387096774193
2022-10-10,N,55.099999999999994
2022-10-10,T,61.79354838709678
2022-10-11,D,62.983870967741936
2022-10-11,E,62.02903225806452
2022-10-11,N,54.40967741935484
2022-10-11,T,61.73225806451613
2022-10-12,D,62.09032258064516
2022-10-12,E,61.170967741935485
2022-10-12,N,56.50967741935484
2022-10-12,T,61.13870967741936
2022-10-13,D,63.20967741935484
2022-10-13,E,61.196774193548386
2022-10-13,N,54.99677419354839
2022-10-13,T,61.61290322580645
2022-10-14,D,62.31935483870968
2022-10-14,E,62.0
2022-10-14,N,55.067741935483866
2022-10-14,T,61.12903225806452
2022-10-15,D,60.487096774193546
2022-10-15,E,61.432258064516134
2022-10-15,N,56.329032258064515
2022-10-15,T,59.877419354838715
2022-10-16,D,59.52258064516129
2022-10-16,E,60.099999999999994
2022-10-16,N,56.21935483870968
2022-10-16,T,58.89677419354839
2022-10-17,D,62.648387096774194
2022-10-17,E,60.74516129032258
2022-10-17,N,54.99354838709677
2022-10-17,T,61.02258064516129
2022-10-18,D,62.29032258064516
2022-10-18,E,60.774193548387096
2022-10-18,N,54.36451612903225
2022-10-18,T,60.667741935483875
2022-10-19,D,62.57419354838709
2022-10-19,E,62.041935483870965
2022-10-19,N,55.225806451612904
2022-10-19,T,61.21935483870968
2022-10-20,D,64.0516129032258
2022-10-20,E,61.906451612903226
2022-10-20,N,54.900000000000006
2022-10-20,T,62.3
2022-10-21,D,62.89032258064516
2022-10-21,E,61.36666666666667
2022-10-21,N,57.41612903225807
2022-10-21,T,61.80322580645161
2022-10-22,D,60.88666666666666
2022-10-22,E,63.03333333333333
2022-10-22,N,58.233333333333334
2022-10-22,T,60.86333333333334
2022-10-23,D,60.37
2022-10-23,E,60.11333333333334
2022-10-23,N,57.013333333333335
2022-10-23,T,59.53666666666666
2022-10-24,D,62.97096774193548
2022-10-24,E,60.60322580645161
2022-10-24,N,55.03333333333333
2022-10-24,T,61.31290322580645
2022-10-25,D,62.39354838709678
2022-10-25,E,61.04838709677419
2022-10-25,N,54.57096774193548
2022-10-25,T,60.751612903225805
2022-10-26,D,62.63548387096775
2022-10-26,E,61.13225806451613
2022-10-26,N,54.696774193548386
2022-10-26,T,61.09032258064516
2022-10-27,D,62.593548387096774
2022-10-27,E,60.987096774193546
2022-10-27,N,55.564516129032256
2022-10-27,T,61.064516129032256
2022-10-28,D,62.12580645161291
2022-10-28,E,61.42258064516129
2022-10-28,N,55.68387096774194
2022-10-28,T,60.79354838709677
2022-10-29,D,60.248387096774195
2022-10-29,E,60.487096774193546
2022-10-29,N,56.141935483870974
2022-10-29,T,59.41935483870968
2022-10-30,D,59.86129032258064
2022-10-30,E,59.84838709677419
2022-10-30,N,55.86451612903225
2022-10-30,T,59.0
2022-10-31,D,61.622580645161285
2022-10-31,E,61.12903225806452
2022-10-31,N,54.483870967741936
2022-10-31,T,60.31935483870968
2022-11-01,D,60.099999999999994
2022-11-01,E,59.432258064516134
2022-11-01,N,56.458064516129035
2022-11-01,T,59.096774193548384
2022-11-02,D,62.270967741935486
2022-11-02,E,60.89032258064516
2022-11-02,N,54.71935483870968
2022-11-02,T,60.729032258064514
2022-11-03,D,63.07096774193548
2022-11-03,E,60.980645161290326
2022-11-03,N,54.71935483870968
2022-11-03,T,61.34516129032258
2022-11-04,D,62.66451612903226
2022-11-04,E,61.42258064516129
2022-11-04,N,55.81935483870968
2022-11-04,T,61.31612903225806
2022-11-05,D,60.71290322580645
2022-11-05,E,60.983870967741936
2022-11-05,N,56.538709677419355
2022-11-05,T,59.932258064516134
2022-11-06,D,59.91935483870968
2022-11-06,E,59.62903225806452
2022-11-06,N,56.37096774193548
2022-11-06,T,59.041935483870965
2022-11-07,D,62.696774193548386
2022-11-07,E,60.15161290322581
2022-11-07,N,54.83870967741935
2022-11-07,T,60.96451612903226
2022-11-08,D,63.019354838709674
2022-11-08,E,61.00322580645161
2022-11-08,N,54.79677419354839
2022-11-08,T,61.47096774193548
2022-11-09,D,61.96451612903226
2022-11-09,E,60.20967741935484
2022-11-09,N,56.829032258064515
2022-11-09,T,60.564516129032256
2022-11-10,D,62.94193548387097
2022-11-10,E,61.277419354838706
2022-11-10,N,55.29354838709677
2022-11-10,T,61.34838709677419
2022-11-11,D,62.71935483870968
2022-11-11,E,61.225806451612904
2022-11-11,N,55.97741935483871
2022-11-11,T,61.20967741935484
2022-11-12,D,62.09032258064516
2022-11-12,E,61.96451612903226
2022-11-12,N,57.12903225806452
2022-11-12,T,61.15483870967742
2022-11-13,D,60.919999999999995
2022-11-13,E,60.14
2022-11-13,N,57.04666666666667
2022-11-13,T,59.940000000000005
2022-11-14,D,63.236666666666665
2022-11-14,E,61.32333333333334
2022-11-14,N,54.54666666666667
2022-11-14,T,61.56666666666667
2022-11-15,D,63.78064516129032
2022-11-15,E,62.49032258064516
2022-11-15,N,55.193333333333335
2022-11-15,T,62.39032258064516
2022-11-16,D,64.11612903225806
2022-11-16,E,61.9483870967742
2022-11-16,N,56.599999999999994
2022-11-16,T,62.39677419354839
2022-11-17,D,63.63548387096775
2022-11-17,E,60.932258064516134
2022-11-17,N,56.36774193548387
2022-11-17,T,61.858064516129026
2022-11-18,D,63.696774193548386
2022-11-18,E,61.670967741935485
2022-11-18,N,55.58387096774193
2022-11-18,T,62.07741935483871
2022-11-19,D,61.13870967741936
2022-11-19,E,60.906451612903226
2022-11-19,N,56.854838709677416
2022-11-19,T,60.225806451612904
2022-11-20,D,60.68064516129032
2022-11-20,E,60.18709677419355
2022-11-20,N,56.229032258064514
2022-11-20,T,59.68064516129032
2022-11-21,D,64.14193548387097
2022-11-21,E,61.92258064516129
2022-11-21,N,55.28387096774193
2022-11-21,T,62.332258064516125
2022-11-22,D,64.09032258064516
2022-11-22,E,62.11290322580645
2022-11-22,N,55.599999999999994
2022-11-22,T,62.39677419354839
2022-11-23,D,63.81935483870968
2022-11-23,E,61.229032258064514
2022-11-23,N,57.12580645161291
2022-11-23,T,62.26451612903226
2022-11-24,D,63.03548387096774
2022-11-24,E,62.78709677419355
2022-11-24,N,55.07096774193548
2022-11-24,T,61.78709677419354
2022-11-25,D,63.622580645161285
2022-11-25,E,61.9483870967742
2022-11-25,N,57.91612903225807
2022-11-25,T,62.25806451612903
2022-11-26,D,62.39032258064516
2022-11-26,E,61.4225806451613
2022-11-26,N,56.96774193548387
2022-11-26,T,61.222580645161294
2022-11-27,D,60.8258064516129
2022-11-27,E,59.938709677419354
2022-11-27,N,56.70322580645161
2022-11-27,T,59.829032258064515
2022-11-28,D,63.770967741935486
2022-11-28,E,60.79354838709677
2022-11-28,N,57.13225806451613
2022-11-28,T,62.17741935483871
2022-11-29,D,63.81612903225806
2022-11-29,E,60.70322580645161
2022-11-29,N,55.03548387096774
2022-11-29,T,62.00645161290323
2022-11-30,D,64.20322580645161
2022-11-30,E,60.806451612903224
2022-11-30,N,55.04838709677419
2022-11-30,T,62.44193548387097
2022-12-01,D,63.599999999999994
2022-12-01,E,61.18064516129032
2022-12-01,N,55.37096774193548
2022-12-01,T,61.86774193548387
2022-12-02,D,63.16451612903226
2022-12-02,E,61.38387096774194
2022-12-02,N,55.58709677419355
2022-12-02,T,61.641935483870974
2022-12-03,D,61.13548387096775
2022-12-03,E,61.619354838709675
2022-12-03,N,56.483870967741936
2022-12-03,T,60.34193548387096
2022-12-04,D,60.8
2022-12-04,E,61.167741935483875
2022-12-04,N,56.7
2022-12-04,T,60.07096774193548
2022-12-05,D,64.37741935483871
2022-12-05,E,63.119354838709675
2022-12-05,N,55.696774193548386
2022-12-05,T,62.71935483870968
2022-12-06,D,61.3
2022-12-06,E,60.806451612903224
2022-12-06,N,56.5258064516129
2022-12-06,T,60.21290322580645
2022-12-07,D,62.63225806451613
2022-12-07,E,61.351612903225806
2022-12-07,N,55.167741935483875
2022-12-07,T,61.148387096774194
2022-12-08,D,63.012903225806454
2022-12-08,E,61.34516129032258
2022-12-08,N,56.47096774193548
2022-12-08,T,61.483870967741936
2022-12-09,D,64.53225806451613
2022-12-09,E,62.148387096774194
2022-12-09,N,56.57419354838709
2022-12-09,T,62.777419354838706
2022-12-10,D,61.170967741935485
2022-12-10,E,60.99032258064516
2022-12-10,N,57.061290322580646
2022-12-10,T,60.25483870967742
2022-12-11,D,61.73870967741936
2022-12-11,E,60.483870967741936
2022-12-11,N,58.803225806451614
2022-12-11,T,60.88387096774194
2022-12-12,D,64.76129032258065
2022-12-12,E,62.23548387096774
2022-12-12,N,55.71612903225807
2022-12-12,T,62.86774193548387
2022-12-13,D,65.57741935483871
2022-12-13,E,62.47096774193548
2022-12-13,N,57.229032258064514
2022-12-13,T,63.68709677419355
2022-12-14,D,64.5225806451613
2022-12-14,E,63.59032258064516
2022-12-14,N,56.906451612903226
2022-12-14,T,63.04516129032258
2022-12-15,D,63.25806451612903
2022-12-15,E,61.593548387096774
2022-12-15,N,57.690322580645166
2022-12-15,T,61.832258064516125
2022-12-16,D,63.49032258064516
2022-12-16,E,62.23225806451613
2022-12-16,N,56.619354838709675
2022-12-16,T,62.061290322580646
2022-12-17,D,61.84193548387096
2022-12-17,E,61.332258064516125
2022-12-17,N,57.40967741935484
2022-12-17,T,60.79032258064516
2022-12-18,D,61.0
2022-12-18,E,61.13870967741936
2022-12-18,N,57.15806451612904
2022-12-18,T,60.229032258064514
2022-12-19,D,63.07741935483871
2022-12-19,E,61.03225806451613
2022-12-19,N,55.91612903225807
2022-12-19,T,61.432258064516134
2022-12-20,D,64.69354838709677
2022-12-20,E,63.32258064516129
2022-12-20,N,55.52258064516129
2022-12-20,T,63.04838709677419
2022-12-21,D,63.45483870967742
2022-12-21,E,62.141935483870974
2022-12-21,N,56.641935483870974
2022-12-21,T,62.02903225806451
2022-12-22,D,63.012903225806454
2022-12-22,E,61.37096774193548
2022-12-22,N,56.270967741935486
2022-12-22,T,61.5
2022-12-23,D,62.641935483870974
2022-12-23,E,61.58709677419355
2022-12-23,N,56.52903225806452
2022-12-23,T,61.3
2022-12-24,D,61.329032258064515
2022-12-24,E,60.016129032258064
2022-12-24,N,56.38387096774194
2022-12-24,T,60.31290322580645
2022-12-25,D,59.25806451612903
2022-12-25,E,60.37419354838709
2022-12-25,N,57.73548387096774
2022-12-25,T,59.28064516129032
2022-12-26,D,60.622580645161285
2022-12-26,E,61.12903225806452
2022-12-26,N,55.483870967741936
2022-12-26,T,59.65161290322581
2022-12-27,D,62.39032258064516
2022-12-27,E,61.16129032258065
2022-12-27,N,55.7
2022-12-27,T,60.95161290322581
2022-12-28,D,62.03225806451613
2022-12-28,E,61.03
2022-12-28,N,55.86451612903225
2022-12-28,T,60.656666666666666
2022-12-29,D,62.5
2022-12-29,E,61.74193548387097
2022-12-29,N,55.583333333333336
2022-12-29,T,61.21333333333334
2022-12-30,D,61.97096774193548
2022-12-30,E,61.76774193548387
2022-12-30,N,56.038709677419355
2022-12-30,T,61.03548387096774
2022-12-31,D,61.73225806451613
2022-12-31,E,62.42903225806452
2022-12-31,N,56.39032258064516
2022-12-31,T,61.42903225806452
2023-01-01,D,59.11290322580645
2023-01-01,E,59.71612903225807
2023-01-01,N,66.00322580645162
2023-01-01,T,63.55806451612903
2023-01-02,D,61.564516129032256
2023-01-02,E,60.80967741935484
2023-01-02,N,54.900000000000006
2023-01-02,T,60.400000000000006
2023-01-03,D,62.58387096774193
2023-01-03,E,61.829032258064515
2023-01-03,N,54.809677419354834
2023-01-03,T,61.38709677419355
2023-01-04,D,62.52903225806451
2023-01-04,E,61.88709677419355
2023-01-04,N,55.332258064516125
2023-01-04,T,61.23225806451613
2023-01-05,D,62.512903225806454
2023-01-05,E,63.08064516129032
2023-01-05,N,55.829032258064515
2023-01-05,T,61.60322580645161
2023-01-06,D,60.148387096774194
2023-01-06,E,60.645161290322584
2023-01-06,N,55.983870967741936
2023-01-06,T,59.73548387096774
2023-01-07,D,60.60967741935484
2023-01-07,E,61.18709677419355
2023-01-07,N,56.20967741935484
2023-01-07,T,59.91290322580645
2023-01-08,D,62.16451612903226
2023-01-08,E,62.49032258064516
2023-01-08,N,58.54838709677419
2023-01-08,T,61.38387096774194
2023-01-09,D,62.65806451612904
2023-01-09,E,60.86129032258064
2023-01-09,N,56.23225806451613
2023-01-09,T,61.11290322580645
2023-01-10,D,62.82258064516129
2023-01-10,E,61.067741935483866
2023-01-10,N,55.36129032258064
2023-01-10,T,61.21612903225807
2023-01-11,D,62.62580645161291
2023-01-11,E,61.0516129032258
2023-01-11,N,54.20967741935484
2023-01-11,T,60.99354838709677
2023-01-12,D,62.78
2023-01-12,E,60.63333333333333
2023-01-12,N,55.57666666666667
2023-01-12,T,61.09666666666667
2023-01-13,D,62.78
2023-01-13,E,61.1
2023-01-13,N,54.806666666666665
2023-01-13,T,61.193333333333335
2023-01-14,D,61.4896551724138
2023-01-14,E,61.220689655172414
2023-01-14,N,56.17999999999999
2023-01-14,T,60.53448275862069
2023-01-15,D,60.08965517241379
2023-01-15,E,59.641379310344824
2023-01-15,N,56.4
2023-01-15,T,59.15172413793104
2023-01-16,D,62.892307692307696
2023-01-16,E,61.07692307692308
2023-01-16,N,54.53666666666666
2023-01-16,T,61.25769230769231
2023-01-17,D,63.13461538461539
2023-01-17,E,60.65384615384615
2023-01-17,N,57.24615384615385
2023-01-17,T,61.603846153846156
2023-01-18,D,62.19615384615384
2023-01-18,E,60.73461538461538
2023-01-18,N,54.900000000000006
2023-01-18,T,60.62307692307692
2023-01-19,D,62.830769230769235
2023-01-19,E,61.565384615384616
2023-01-19,N,54.86538461538461
2023-01-19,T,61.26923076923077
2023-01-20,D,62.39
2023-01-20,E,60.89333333333333
2023-01-20,N,55.388461538461534
2023-01-20,T,60.892307692307696
2023-01-21,D,61.00666666666667
2023-01-21,E,60.43333333333333
2023-01-21,N,56.156666666666666
2023-01-21,T,59.95
2023-01-22,D,60.10333333333333
2023-01-22,E,59.04
2023-01-22,N,55.42666666666666
2023-01-22,T,58.92666666666666
2023-01-23,D,61.766666666666666
2023-01-23,E,59.973333333333336
2023-01-23,N,54.79
2023-01-23,T,60.156666666666666
2023-01-24,D,62.019999999999996
2023-01-24,E,60.809999999999995
2023-01-24,N,54.46333333333334
2023-01-24,T,60.50666666666667
2023-01-25,D,62.29
2023-01-25,E,60.54666666666667
2023-01-25,N,54.666666666666664
2023-01-25,T,60.68333333333333
2023-01-26,D,62.25333333333333
2023-01-26,E,61.00666666666667
2023-01-26,N,55.156666666666666
2023-01-26,T,60.82333333333334
2023-01-27,D,62.19666666666667
2023-01-27,E,60.76
2023-01-27,N,55.85
2023-01-27,T,60.71333333333334
2023-01-28,D,60.97
2023-01-28,E,60.27333333333333
2023-01-28,N,56.01
2023-01-28,T,59.86666666666667
2023-01-29,D,59.85666666666667
2023-01-29,E,59.35333333333333
2023-01-29,N,55.919999999999995
2023-01-29,T,58.919999999999995
2023-01-30,D,61.42962962962962
2023-01-30,E,59.91481481481482
2023-01-30,N,54.67666666666666
2023-01-30,T,59.833333333333336
2023-01-31,D,61.91481481481482
2023-01-31,E,60.12592592592593
2023-01-31,N,54.4962962962963
2023-01-31,T,60.285185185185185
2023-02-01,D,61.63333333333333
2023-02-01,E,60.170370370370364
2023-02-01,N,54.34444444444444
2023-02-01,T,60.03333333333334
2023-02-02,D,61.7037037037037
2023-02-02,E,60.37777777777778
2023-02-02,N,54.67407407407408
2023-02-02,T,60.2074074074074
2023-02-03,D,62.266666666666666
2023-02-03,E,61.49666666666667
2023-02-03,N,55.088888888888896
2023-02-03,T,61.04137931034483
2023-02-04,D,60.66206896551724
2023-02-04,E,60.300000000000004
2023-02-04,N,56.37931034482759
2023-02-04,T,59.63448275862069
2023-02-05,D,59.72758620689655
2023-02-05,E,60.42758620689656
2023-02-05,N,56.08620689655172
2023-02-05,T,59.189655172413794
2023-02-06,D,62.12068965517241
2023-02-06,E,59.66896551724138
2023-02-06,N,54.679310344827584
2023-02-06,T,60.3448275862069
2023-02-07,D,62.220689655172414
2023-02-07,E,61.72
2023-02-07,N,54.175862068965515
2023-02-07,T,60.86896551724138
2023-02-08,D,62.063333333333325
2023-02-08,E,60.3
2023-02-08,N,55.13
2023-02-08,T,60.43333333333333
2023-02-09,D,62.696296296296296
2023-02-09,E,60.888888888888886
2023-02-09,N,54.57
2023-02-09,T,61.05185185185186
2023-02-10,D,62.31111111111112
2023-02-10,E,61.45925925925926
2023-02-10,N,55.574074074074076
2023-02-10,T,60.93703703703704
2023-02-11,D,61.24444444444444
2023-02-11,E,60.7037037037037
2023-02-11,N,56.68888888888888
2023-02-11,T,60.18518518518518
2023-02-12,D,60.4962962962963
2023-02-12,E,59.53703703703704
2023-02-12,N,56.388888888888886
2023-02-12,T,59.38148148148148
2023-02-13,D,62.25185185185185
2023-02-13,E,60.337037037037035
2023-02-13,N,54.98888888888889
2023-02-13,T,60.60740740740741
2023-02-14,D,62.72592592592593
2023-02-14,E,60.729629629629635
2023-02-14,N,54.818518518518516
2023-02-14,T,60.9962962962963
2023-02-15,D,62.02333333333333
2023-02-15,E,60.41
2023-02-15,N,55.02222222222222
2023-02-15,T,60.658620689655166
2023-02-16,D,62.50666666666667
2023-02-16,E,60.47
2023-02-16,N,55.18666666666666
2023-02-16,T,60.85666666666667
2023-02-17,D,62.730000000000004
2023-02-17,E,60.72666666666667
2023-02-17,N,54.99666666666667
2023-02-17,T,61.126666666666665
2023-02-18,D,60.09
2023-02-18,E,60.13333333333333
2023-02-18,N,56.07666666666667
2023-02-18,T,59.24333333333333
2023-02-19,D,60.09
2023-02-19,E,59.45
2023-02-19,N,55.980000000000004
2023-02-19,T,59.16
2023-02-20,D,62.285714285714285
2023-02-20,E,59.324999999999996
2023-02-20,N,54.60666666666667
2023-02-20,T,60.593333333333334
2023-02-21,D,61.80714285714286
2023-02-21,E,59.378571428571426
2023-02-21,N,53.746428571428574
2023-02-21,T,60.028571428571425
2023-02-22,D,61.95357142857143
2023-02-22,E,59.878571428571426
2023-02-22,N,54.175000000000004
2023-02-22,T,60.25714285714286
2023-02-23,D,62.54666666666667
2023-02-23,E,60.35
2023-02-23,N,54.021428571428565
2023-02-23,T,60.63928571428572
2023-02-24,D,61.88
2023-02-24,E,60.55333333333333
2023-02-24,N,55.236666666666665
2023-02-24,T,60.443333333333335
2023-02-25,D,60.36666666666667
2023-02-25,E,60.36666666666667
2023-02-25,N,55.583333333333336
2023-02-25,T,59.38
2023-02-26,D,59.81666666666667
2023-02-26,E,59.31333333333334
2023-02-26,N,55.733333333333334
2023-02-26,T,58.8
2023-02-27,D,61.626666666666665
2023-02-27,E,59.60666666666667
2023-02-27,N,54.52333333333333
2023-02-27,T,59.983333333333334
2023-02-28,D,62.266666666666666
2023-02-28,E,60.370370370370374
2023-02-28,N,54.27333333333333
2023-02-28,T,60.56666666666666
2023-03-01,D,62.766666666666666
2023-03-01,E,60.63333333333333
2023-03-01,N,54.65555555555556
2023-03-01,T,61.092592592592595
2023-03-02,D,62.51851851851852
2023-03-02,E,60.77407407407408
2023-03-02,N,55.385185185185186
2023-03-02,T,60.911111111111104
2023-03-03,D,62.46296296296296
2023-03-03,E,61.403703703703705
2023-03-03,N,55.87777777777778
2023-03-03,T,61.048148148148144
2023-03-04,D,61.02222222222222
2023-03-04,E,60.98518518518518
2023-03-04,N,56.75185185185185
2023-03-04,T,60.111111111111114
2023-03-05,D,60.55555555555556
2023-03-05,E,61.422222222222224
2023-03-05,N,56.74444444444444
2023-03-05,T,59.97777777777778
2023-03-06,D,62.28
2023-03-06,E,59.86333333333334
2023-03-06,N,55.84074074074074
2023-03-06,T,60.623333333333335
2023-03-07,D,62.45
2023-03-07,E,60.31666666666667
2023-03-07,N,54.71666666666667
2023-03-07,T,60.71333333333334
2023-03-08,D,63.41481481481482
2023-03-08,E,61.90714285714286
2023-03-08,N,55.71
2023-03-08,T,61.473333333333336
2023-03-09,D,64.31785714285715
2023-03-09,E,61.51428571428572
2023-03-09,N,57.760714285714286
2023-03-09,T,62.65
2023-03-10,D,62.753571428571426
2023-03-10,E,62.324999999999996
2023-03-10,N,56.160714285714285
2023-03-10,T,61.44285714285714
2023-03-11,D,61.31785714285714
2023-03-11,E,61.21785714285714
2023-03-11,N,57.01428571428572
2023-03-11,T,60.375
2023-03-12,D,61.074999999999996
2023-03-12,E,60.324999999999996
2023-03-12,N,56.614285714285714
2023-03-12,T,60.05
2023-03-13,D,63.103571428571435
2023-03-13,E,61.36071428571428
2023-03-13,N,55.30714285714286
2023-03-13,T,61.489285714285714
2023-03-14,D,62.614285714285714
2023-03-14,E,60.728571428571435
2023-03-14,N,55.050000000000004
2023-03-14,T,60.93571428571429
2023-03-15,D,62.50714285714286
2023-03-15,E,61.1
2023-03-15,N,55.38214285714286
2023-03-15,T,61.017857142857146
2023-03-16,D,62.246428571428574
2023-03-16,E,61.09285714285714
2023-03-16,N,56.271428571428565
2023-03-16,T,60.824999999999996
2023-03-17,D,62.24516129032258
2023-03-17,E,60.78709677419355
2023-03-17,N,55.385714285714286
2023-03-17,T,60.93
2023-03-18,D,60.309677419354834
2023-03-18,E,60.403225806451616
2023-03-18,N,56.035483870967745
2023-03-18,T,59.380645161290325
2023-03-19,D,59.53225806451613
2023-03-19,E,59.670967741935485
2023-03-19,N,55.50322580645161
2023-03-19,T,58.777419354838706
2023-03-20,D,59.92580645161291
2023-03-20,E,59.65483870967742
2023-03-20,N,54.73225806451613
2023-03-20,T,58.803225806451614
2023-03-21,D,62.00967741935484
2023-03-21,E,60.29677419354839
2023-03-21,N,54.31612903225806
2023-03-21,T,60.354838709677416
2023-03-22,D,62.45483870967742
2023-03-22,E,60.167741935483875
2023-03-22,N,54.61290322580645
2023-03-22,T,60.696774193548386
2023-03-23,D,62.487096774193546
2023-03-23,E,60.5
2023-03-23,N,54.96333333333333
2023-03-23,T,60.87096774193548
2023-03-24,D,62.20322580645161
2023-03-24,E,61.41290322580645
2023-03-24,N,55.11290322580645
2023-03-24,T,60.78709677419355
2023-03-25,D,60.57096774193548
2023-03-25,E,60.935483870967744
2023-03-25,N,55.76451612903226
2023-03-25,T,59.70322580645161
2023-03-26,D,60.10967741935484
2023-03-26,E,60.2
2023-03-26,N,55.880645161290325
2023-03-26,T,59.33870967741935
2023-03-27,D,61.95483870967742
2023-03-27,E,60.119354838709675
2023-03-27,N,54.68709677419355
2023-03-27,T,60.38709677419355
2023-03-28,D,62.089285714285715
2023-03-28,E,60.542857142857144
2023-03-28,N,54.36774193548387
2023-03-28,T,60.49677419354839
2023-03-29,D,62.42142857142857
2023-03-29,E,61.285714285714285
2023-03-29,N,54.535714285714285
2023-03-29,T,60.875
2023-03-30,D,62.68571428571429
2023-03-30,E,61.42142857142857
2023-03-30,N,54.81785714285714
2023-03-30,T,61.125
2023-03-31,D,62.21785714285714
2023-03-31,E,61.42857142857143
2023-03-31,N,55.56071428571429
2023-03-31,T,60.85
2023-04-01,D,60.53214285714286
2023-04-01,E,60.471428571428575
2023-04-01,N,56.199999999999996
2023-04-01,T,59.67142857142857
2023-04-02,D,59.56785714285714
2023-04-02,E,59.824999999999996
2023-04-02,N,55.57857142857143
2023-04-02,T,58.81785714285714
2023-04-03,D,61.277419354838706
2023-04-03,E,60.37096774193548
2023-04-03,N,53.99285714285714
2023-04-03,T,59.943333333333335
2023-04-04,D,61.07419354838709
2023-04-04,E,59.377419354838715
2023-04-04,N,53.777419354838706
2023-04-04,T,59.438709677419354
2023-04-05,D,60.36451612903225
2023-04-05,E,59.34838709677419
2023-04-05,N,53.880645161290325
2023-04-05,T,58.96774193548387
2023-04-06,D,58.28709677419355
2023-04-06,E,59.37419354838709
2023-04-06,N,53.65161290322581
2023-04-06,T,57.63225806451613
2023-04-07,D,57.96451612903226
2023-04-07,E,59.400000000000006
2023-04-07,N,53.84838709677419
2023-04-07,T,57.42580645161291
2023-04-08,D,58.33548387096774
2023-04-08,E,59.358064516129026
2023-04-08,N,54.38387096774194
2023-04-08,T,57.78387096774193
2023-04-09,D,58.57741935483871
2023-04-09,E,59.92258064516129
2023-04-09,N,55.5258064516129
2023-04-09,T,58.21935483870968
2023-04-10,D,61.425000000000004
2023-04-10,E,60.94285714285714
2023-04-10,N,54.41612903225807
2023-04-10,T,60.142857142857146
2023-04-11,D,62.253571428571426
2023-04-11,E,60.92142857142857
2023-04-11,N,54.07142857142857
2023-04-11,T,60.675000000000004
2023-04-12,D,62.45357142857143
2023-04-12,E,61.364285714285714
2023-04-12,N,54.478571428571435
2023-04-12,T,60.925000000000004
2023-04-13,D,62.732142857142854
2023-04-13,E,60.65806451612904
2023-04-13,N,55.550000000000004
2023-04-13,T,61.089285714285715
2023-04-14,D,62.39354838709678
2023-04-14,E,61.60322580645161
2023-04-14,N,55.31290322580645
2023-04-14,T,61.03548387096774
2023-04-15,D,60.900000000000006
2023-04-15,E,61.47741935483871
2023-04-15,N,56.87096774193548
2023-04-15,T,60.24193548387097
2023-04-16,D,59.73548387096774
2023-04-16,E,60.248387096774195
2023-04-16,N,56.935483870967744
2023-04-16,T,59.21612903225807
2023-04-17,D,61.303225806451614
2023-04-17,E,60.519354838709674
2023-04-17,N,54.141935483870974
2023-04-17,T,59.900000000000006
2023-04-18,D,62.0516129032258
2023-04-18,E,60.516129032258064
2023-04-18,N,54.45161290322581
2023-04-18,T,60.458064516129035
2023-04-19,D,61.87419354838709
2023-04-19,E,61.596774193548384
2023-04-19,N,54.65161290322581
2023-04-19,T,60.57741935483871
2023-04-20,D,62.36451612903225
2023-04-20,E,60.55483870967742
2023-04-20,N,54.79354838709677
2023-04-20,T,60.74193548387097
2023-04-21,D,62.20322580645161
2023-04-21,E,61.49032258064516
2023-04-21,N,55.25483870967742
2023-04-21,T,60.86129032258064
2023-04-22,D,61.122580645161285
2023-04-22,E,60.958064516129035
2023-04-22,N,56.70645161290323
2023-04-22,T,60.20322580645161
2023-04-23,D,60.906451612903226
2023-04-23,E,60.08387096774193
2023-04-23,N,56.26129032258065
2023-04-23,T,59.94193548387097
2023-04-24,D,61.81428571428571
2023-04-24,E,60.80714285714286
2023-04-24,N,54.645161290322584
2023-04-24,T,60.364285714285714
2023-04-25,D,62.146428571428565
2023-04-25,E,60.93571428571429
2023-04-25,N,54.75714285714286
2023-04-25,T,60.603571428571435
2023-04-26,D,61.975
2023-04-26,E,61.025
2023-04-26,N,54.971428571428575
2023-04-26,T,60.582142857142856
2023-04-27,D,62.267857142857146
2023-04-27,E,61.607142857142854
2023-04-27,N,55.91428571428571
2023-04-27,T,60.964285714285715
2023-04-28,D,61.40967741935484
2023-04-28,E,61.15806451612904
2023-04-28,N,55.589285714285715
2023-04-28,T,60.417857142857144
2023-04-29,D,59.89677419354839
2023-04-29,E,60.42258064516129
2023-04-29,N,55.79032258064516
2023-04-29,T,59.20645161290323
2023-04-30,D,58.99032258064516
2023-04-30,E,59.95483870967742
2023-04-30,N,55.47741935483871
2023-04-30,T,58.49032258064516
2023-05-01,D,58.854838709677416
2023-05-01,E,59.47096774193548
2023-05-01,N,55.17741935483871
2023-05-01,T,58.229032258064514
2023-05-02,D,59.1741935483871
2023-05-02,E,59.88387096774194
2023-05-02,N,55.42903225806452
2023-05-02,T,58.938709677419354
2023-05-03,D,61.70322580645161
2023-05-03,E,60.65161290322581
2023-05-03,N,55.564516129032256
2023-05-03,T,60.274193548387096
2023-05-04,D,61.829032258064515
2023-05-04,E,60.91935483870968
2023-05-04,N,54.82258064516129
2023-05-04,T,60.39032258064516
2023-05-05,D,62.306451612903224
2023-05-05,E,61.84838709677419
2023-05-05,N,55.39354838709678
2023-05-05,T,61.02258064516129
2023-05-06,D,60.31935483870968
2023-05-06,E,60.99354838709677
2023-05-06,N,56.380645161290325
2023-05-06,T,59.622580645161285
2023-05-07,D,59.95161290322581
2023-05-07,E,60.73548387096774
2023-05-07,N,56.46451612903226
2023-05-07,T,59.403225806451616
2023-05-08,D,61.63225806451613
2023-05-08,E,60.52903225806452
2023-05-08,N,54.645161290322584
2023-05-08,T,60.141935483870974
2023-05-09,D,62.00967741935484
2023-05-09,E,61.064516129032256
2023-05-09,N,54.52903225806452
2023-05-09,T,60.63225806451613
2023-05-10,D,61.900000000000006
2023-05-10,E,61.15161290322581
2023-05-10,N,55.7
2023-05-10,T,60.564516129032256
2023-05-11,D,61.877419354838715
2023-05-11,E,61.21290322580645
2023-05-11,N,55.53225806451613
2023-05-11,T,60.58064516129032
2023-05-12,D,62.70322580645161
2023-05-12,E,61.593548387096774
2023-05-12,N,55.458064516129035
2023-05-12,T,61.380645161290325
2023-05-13,D,60.32258064516129
2023-05-13,E,60.66129032258065
2023-05-13,N,56.806451612903224
2023-05-13,T,59.645161290322584
2023-05-14,D,60.24516129032258
2023-05-14,E,60.358064516129026
2023-05-14,N,56.60645161290322
2023-05-14,T,59.567741935483866
2023-05-15,D,59.938709677419354
2023-05-15,E,60.458064516129035
2023-05-15,N,55.599999999999994
2023-05-15,T,59.38709677419355
2023-05-16,D,61.86129032258064
2023-05-16,E,60.480645161290326
2023-05-16,N,55.46451612903226
2023-05-16,T,60.400000000000006
2023-05-17,D,62.148387096774194
2023-05-17,E,61.061290322580646
2023-05-17,N,55.564516129032256
2023-05-17,T,60.78064516129032
2023-05-18,D,61.89354838709678
2023-05-18,E,60.45357142857143
2023-05-18,N,56.05483870967742
2023-05-18,T,60.34193548387096
2023-05-19,D,61.78214285714286
2023-05-19,E,61.29642857142857
2023-05-19,N,55.48571428571428
2023-05-19,T,60.574999999999996
2023-05-20,D,59.857142857142854
2023-05-20,E,60.824999999999996
2023-05-20,N,55.875
2023-05-20,T,59.253571428571426
2023-05-21,D,59.90714285714286
2023-05-21,E,59.699999999999996
2023-05-21,N,56.275
2023-05-21,T,59.035714285714285
2023-05-22,D,62.12758620689655
2023-05-22,E,60.57096774193548
2023-05-22,N,54.43571428571429
2023-05-22,T,60.6
2023-05-23,D,63.08064516129032
2023-05-23,E,62.3258064516129
2023-05-23,N,54.96451612903226
2023-05-23,T,61.65483870967742
2023-05-24,D,62.90967741935484
2023-05-24,E,60.854838709677416
2023-05-24,N,55.90967741935484
2023-05-24,T,61.31612903225806
2023-05-25,D,63.567741935483866
2023-05-25,E,61.65483870967742
2023-05-25,N,55.57096774193548
2023-05-25,T,61.9741935483871
2023-05-26,D,63.122580645161285
2023-05-26,E,63.29032258064516
2023-05-26,N,58.86451612903225
2023-05-26,T,62.29354838709677
2023-05-27,D,60.86129032258064
2023-05-27,E,61.07419354838709
2023-05-27,N,57.55806451612903
2023-05-27,T,61.20645161290322
2023-05-28,D,60.599999999999994
2023-05-28,E,61.46451612903226
2023-05-28,N,61.23870967741936
2023-05-28,T,60.28064516129032
2023-05-29,D,63.880645161290325
2023-05-29,E,63.40967741935484
2023-05-29,N,55.358064516129026
2023-05-29,T,62.596774193548384
2023-05-30,D,62.36774193548387
2023-05-30,E,62.26129032258064
2023-05-30,N,54.99677419354839
2023-05-30,T,61.12580645161291
2023-05-31,D,62.26129032258064
2023-05-31,E,61.31935483870968
2023-05-31,N,55.28709677419355
2023-05-31,T,60.81290322580645
2023-06-01,D,63.045161290322575
2023-06-01,E,61.79354838709677
2023-06-01,N,55.170967741935485
2023-06-01,T,61.458064516129035
2023-06-02,D,63.49354838709677
2023-06-02,E,61.90967741935484
2023-06-02,N,55.89677419354839
2023-06-02,T,62.167741935483875
2023-06-03,D,60.91935483870968
2023-06-03,E,62.15806451612904
2023-06-03,N,56.61612903225806
2023-06-03,T,60.5
2023-06-04,D,59.50322580645161
2023-06-04,E,60.71612903225807
2023-06-04,N,56.26451612903226
2023-06-04,T,59.02903225806452
2023-06-05,D,62.58709677419355
2023-06-05,E,60.78064516129032
2023-06-05,N,54.92580645161291
2023-06-05,T,61.019354838709674
2023-06-06,D,62.00645161290323
2023-06-06,E,61.31290322580645
2023-06-06,N,54.76451612903226
2023-06-06,T,60.693548387096776
2023-06-07,D,63.44516129032258
2023-06-07,E,61.50967741935484
2023-06-07,N,55.432258064516134
2023-06-07,T,61.76129032258064
2023-06-08,D,63.645161290322584
2023-06-08,E,61.31612903225806
2023-06-08,N,55.45161290322581
2023-06-08,T,61.97096774193548
2023-06-09,D,63.39677419354839
2023-06-09,E,62.119354838709675
2023-06-09,N,55.55483870967742
2023-06-09,T,62.170967741935485
2023-06-10,D,60.50322580645161
2023-06-10,E,61.31290322580645
2023-06-10,N,56.40967741935484
2023-06-10,T,59.91290322580645
2023-06-11,D,59.064516129032256
2023-06-11,E,60.0258064516129
2023-06-11,N,56.32258064516129
2023-06-11,T,58.65161290322581
2023-06-12,D,62.12580645161291
2023-06-12,E,60.46774193548387
2023-06-12,N,54.78064516129032
2023-06-12,T,60.60645161290322
2023-06-13,D,62.335483870967735
2023-06-13,E,60.49677419354839
2023-06-13,N,54.903225806451616
2023-06-13,T,60.71612903225807
2023-06-14,D,61.76451612903226
2023-06-14,E,60.55483870967742
2023-06-14,N,54.65483870967742
2023-06-14,T,60.31935483870968
2023-06-15,D,62.20967741935484
2023-06-15,E,61.0
2023-06-15,N,55.03225806451613
2023-06-15,T,60.75483870967742
2023-06-16,D,62.222580645161294
2023-06-16,E,61.516129032258064
2023-06-16,N,55.693548387096776
2023-06-16,T,61.10967741935484
2023-06-17,D,60.18709677419355
2023-06-17,E,61.39354838709678
2023-06-17,N,56.41290322580645
2023-06-17,T,60.02903225806452
2023-06-18,D,59.96774193548387
2023-06-18,E,60.74193548387097
2023-06-18,N,57.58709677419355
2023-06-18,T,59.49354838709677
2023-06-19,D,62.39354838709678
2023-06-19,E,61.18064516129033
2023-06-19,N,56.58709677419355
2023-06-19,T,61.13870967741936
2023-06-20,D,62.70967741935484
2023-06-20,E,61.067741935483866
2023-06-20,N,54.65806451612904
2023-06-20,T,61.141935483870974
2023-06-21,D,62.36129032258064
2023-06-21,E,62.641935483870974
2023-06-21,N,55.2
2023-06-21,T,61.29677419354839
2023-06-22,D,62.39032258064516
2023-06-22,E,61.567741935483866
2023-06-22,N,56.04838709677419
2023-06-22,T,61.08387096774193
2023-06-23,D,62.354838709677416
2023-06-23,E,61.55806451612903
2023-06-23,N,56.28709677419355
2023-06-23,T,61.061290322580646
2023-06-24,D,60.122580645161285
2023-06-24,E,60.74193548387097
2023-06-24,N,56.725806451612904
2023-06-24,T,59.58387096774193
2023-06-25,D,59.46774193548387
2023-06-25,E,60.119354838709675
2023-06-25,N,56.7
2023-06-25,T,59.041935483870965
2023-06-26,D,61.53548387096774
2023-06-26,E,60.725806451612904
2023-06-26,N,54.83548387096774
2023-06-26,T,60.167741935483875
2023-06-27,D,61.46774193548387
2023-06-27,E,61.10967741935484
2023-06-27,N,55.00322580645161
2023-06-27,T,60.20645161290323
2023-06-28,D,61.9483870967742
2023-06-28,E,61.49032258064516
2023-06-28,N,55.270967741935486
2023-06-28,T,60.70645161290323
2023-06-29,D,62.11290322580645
2023-06-29,E,62.87419354838709
2023-06-29,N,55.83548387096774
2023-06-29,T,61.50645161290323
2023-06-30,D,62.270967741935486
2023-06-30,E,62.222580645161294
2023-06-30,N,57.76774193548387
2023-06-30,T,61.622580645161285
2023-07-01,D,60.829032258064515
2023-07-01,E,62.5258064516129
2023-07-01,N,57.99032258064516
2023-07-01,T,61.141935483870974
2023-07-02,D,59.66129032258065
2023-07-02,E,60.66129032258065
2023-07-02,N,58.119354838709675
2023-07-02,T,59.66129032258065
2023-07-03,D,62.11612903225806
2023-07-03,E,61.061290322580646
2023-07-03,N,56.00645161290323
2023-07-03,T,60.97096774193549
2023-07-04,D,61.87419354838709
2023-07-04,E,60.83548387096774
2023-07-04,N,55.28709677419355
2023-07-04,T,60.49677419354839
2023-07-05,D,61.78064516129032
2023-07-05,E,61.3258064516129
2023-07-05,N,55.377419354838715
2023-07-05,T,60.516129032258064
2023-07-06,D,61.83548387096774
2023-07-06,E,61.33870967741935
2023-07-06,N,55.34193548387096
2023-07-06,T,60.56129032258064
2023-07-07,D,61.68387096774194
2023-07-07,E,61.248387096774195
2023-07-07,N,56.167741935483875
2023-07-07,T,60.58387096774193
2023-07-08,D,59.5258064516129
2023-07-08,E,60.63548387096775
2023-07-08,N,56.354838709677416
2023-07-08,T,59.13870967741936
2023-07-09,D,59.167741935483875
2023-07-09,E,59.980645161290326
2023-07-09,N,56.222580645161294
2023-07-09,T,58.8
2023-07-10,D,61.68709677419355
2023-07-10,E,60.76451612903226
2023-07-10,N,55.354838709677416
2023-07-10,T,60.29677419354839
2023-07-11,D,62.18709677419355
2023-07-11,E,60.63225806451613
2023-07-11,N,55.05483870967742
2023-07-11,T,60.593548387096774
2023-07-12,D,61.67741935483871
2023-07-12,E,61.222580645161294
2023-07-12,N,55.39677419354839
2023-07-12,T,60.44193548387097
2023-07-13,D,61.980645161290326
2023-07-13,E,61.141935483870974
2023-07-13,N,55.82258064516129
2023-07-13,T,60.67741935483871
2023-07-14,D,61.83548387096774
2023-07-14,E,61.40967741935484
2023-07-14,N,56.29032258064516
2023-07-14,T,60.7
2023-07-15,D,60.5
2023-07-15,E,61.122580645161285
2023-07-15,N,56.167741935483875
2023-07-15,T,59.96774193548387
2023-07-16,D,58.84516129032258
2023-07-16,E,60.07419354838709
2023-07-16,N,56.26129032258064
2023-07-16,T,58.512903225806454
2023-07-17,D,62.170967741935485
2023-07-17,E,60.745161290322585
2023-07-17,N,55.17741935483871
2023-07-17,T,60.81612903225806
2023-07-18,D,61.6741935483871
2023-07-18,E,60.777419354838706
2023-07-18,N,55.28064516129032
2023-07-18,T,60.377419354838715
2023-07-19,D,61.83870967741935
2023-07-19,E,60.980645161290326
2023-07-19,N,55.854838709677416
2023-07-19,T,60.55806451612903
2023-07-20,D,61.406451612903226
2023-07-20,E,60.78064516129032
2023-07-20,N,55.31935483870968
2023-07-20,T,60.119354838709675
2023-07-21,D,61.52903225806452
2023-07-21,E,60.84193548387096
2023-07-21,N,55.77096774193548
2023-07-21,T,60.329032258064515
2023-07-22,D,59.480645161290326
2023-07-22,E,60.32258064516129
2023-07-22,N,56.061290322580646
2023-07-22,T,58.91612903225807
2023-07-23,D,59.76774193548387
2023-07-23,E,60.696774193548386
2023-07-23,N,56.05483870967742
2023-07-23,T,59.25806451612903
2023-07-24,D,61.00967741935484
2023-07-24,E,60.148387096774194
2023-07-24,N,54.95483870967742
2023-07-24,T,59.65806451612904
2023-07-25,D,60.91935483870968
2023-07-25,E,60.60967741935484
2023-07-25,N,54.70645161290323
2023-07-25,T,59.729032258064514
2023-07-26,D,61.38387096774194
2023-07-26,E,60.512903225806454
2023-07-26,N,55.52903225806452
2023-07-26,T,60.10645161290322
2023-07-27,D,61.10322580645161
2023-07-27,E,60.87419354838709
2023-07-27,N,55.093548387096774
2023-07-27,T,59.903225806451616
2023-07-28,D,61.05483870967742
2023-07-28,E,60.34193548387096
2023-07-28,N,55.50967741935484
2023-07-28,T,59.809677419354834
2023-07-29,D,59.23548387096774
2023-07-29,E,60.05483870967742
2023-07-29,N,55.512903225806454
2023-07-29,T,58.63225806451613
2023-07-30,D,58.32258064516129
2023-07-30,E,60.07741935483871
2023-07-30,N,55.46451612903226
2023-07-30,T,58.13870967741936
2023-07-31,D,60.648387096774194
2023-07-31,E,59.92580645161291
2023-07-31,N,54.89032258064516
2023-07-31,T,59.37419354838709
2023-08-01,D,60.84516129032258
2023-08-01,E,60.099999999999994
2023-08-01,N,54.61290322580645
2023-08-01,T,59.60645161290322
2023-08-02,D,61.07419354838709
2023-08-02,E,60.416666666666664
2023-08-02,N,54.900000000000006
2023-08-02,T,59.91290322580645
2023-08-03,D,60.64666666666667
2023-08-03,E,60.153333333333336
2023-08-03,N,54.56333333333334
2023-08-03,T,59.41
2023-08-04,D,60.67333333333333
2023-08-04,E,60.19666666666667
2023-08-04,N,55.269999999999996
2023-08-04,T,59.559999999999995
2023-08-05,D,58.473333333333336
2023-08-05,E,59.14
2023-08-05,N,55.22
2023-08-05,T,57.919999999999995
2023-08-06,D,57.833333333333336
2023-08-06,E,58.5
2023-08-06,N,55.01
2023-08-06,T,57.35
2023-08-07,D,60.38
2023-08-07,E,59.7
2023-08-07,N,54.60666666666667
2023-08-07,T,59.19666666666667
2023-08-08,D,60.47
2023-08-08,E,59.68333333333333
2023-08-08,N,54.01
2023-08-08,T,59.15
2023-08-09,D,60.49666666666667
2023-08-09,E,59.419999999999995
2023-08-09,N,54.82333333333334
2023-08-09,T,59.20666666666667
2023-08-10,D,61.21
2023-08-10,E,59.49666666666667
2023-08-10,N,54.830000000000005
2023-08-10,T,59.75333333333333
2023-08-11,D,60.53666666666666
2023-08-11,E,59.85666666666667
2023-08-11,N,54.343333333333334
2023-08-11,T,59.413333333333334
2023-08-12,D,58.53333333333333
2023-08-12,E,59.46666666666667
2023-08-12,N,55.1
2023-08-12,T,57.986666666666665
2023-08-13,D,57.60333333333333
2023-08-13,E,58.59
2023-08-13,N,54.413333333333334
2023-08-13,T,57.13
2023-08-14,D,59.97666666666667
2023-08-14,E,59.19666666666667
2023-08-14,N,54.019999999999996
2023-08-14,T,58.690000000000005
2023-08-15,D,58.14
2023-08-15,E,59.080000000000005
2023-08-15,N,54.29
2023-08-15,T,57.67333333333333
2023-08-16,D,60.3258064516129
2023-08-16,E,59.70645161290323
2023-08-16,N,54.519999999999996
2023-08-16,T,59.18709677419355
2023-08-17,D,60.70967741935484
2023-08-17,E,59.8
2023-08-17,N,54.36451612903225
2023-08-17,T,59.38387096774194
2023-08-18,D,60.358064516129026
2023-08-18,E,59.561290322580646
2023-08-18,N,54.29354838709677
2023-08-18,T,59.10322580645161
2023-08-19,D,59.07096774193548
2023-08-19,E,59.29677419354839
2023-08-19,N,54.8258064516129
2023-08-19,T,58.39677419354839
2023-08-20,D,58.20967741935484
2023-08-20,E,59.04838709677419
2023-08-20,N,54.86451612903225
2023-08-20,T,57.722580645161294
2023-08-21,D,60.99032258064516
2023-08-21,E,59.26451612903226
2023-08-21,N,54.26129032258064
2023-08-21,T,59.52903225806452
2023-08-22,D,60.31935483870968
2023-08-22,E,59.7
2023-08-22,N,54.16129032258065
2023-08-22,T,59.016129032258064
2023-08-23,D,60.66451612903226
2023-08-23,E,60.099999999999994
2023-08-23,N,54.229032258064514
2023-08-23,T,59.49354838709677
2023-08-24,D,61.18387096774194
2023-08-24,E,59.851612903225806
2023-08-24,N,54.670967741935485
2023-08-24,T,59.851612903225806
2023-08-25,D,60.987096774193546
2023-08-25,E,60.019354838709674
2023-08-25,N,54.61290322580645
2023-08-25,T,59.645161290322584
2023-08-26,D,59.8258064516129
2023-08-26,E,60.39677419354839
2023-08-26,N,54.71612903225807
2023-08-26,T,58.961290322580645
2023-08-27,D,58.63225806451613
2023-08-27,E,59.79032258064516
2023-08-27,N,55.0258064516129
2023-08-27,T,58.13225806451613
2023-08-28,D,60.97096774193548
2023-08-28,E,60.52903225806452
2023-08-28,N,54.66129032258065
2023-08-28,T,59.774193548387096
2023-08-29,D,61.480645161290326
2023-08-29,E,60.377419354838715
2023-08-29,N,54.31935483870968
2023-08-29,T,60.12903225806452
2023-08-30,D,61.07741935483871
2023-08-30,E,60.306451612903224
2023-08-30,N,54.567741935483866
2023-08-30,T,59.82258064516129
2023-08-31,D,61.541935483870965
2023-08-31,E,60.81935483870968
2023-08-31,N,54.71612903225807
2023-08-31,T,60.23225806451613
2023-09-01,D,61.44516129032258
2023-09-01,E,60.7
2023-09-01,N,55.193548387096776
2023-09-01,T,60.11612903225806
2023-09-02,D,59.83548387096774
2023-09-02,E,62.96451612903226
2023-09-02,N,56.16129032258065
2023-09-02,T,60.061290322580646
2023-09-03,D,62.303225806451614
2023-09-03,E,59.42903225806452
2023-09-03,N,59.480645161290326
2023-09-03,T,61.145161290322584
2023-09-04,D,63.751612903225805
2023-09-04,E,60.90967741935484
2023-09-04,N,60.148387096774194
2023-09-04,T,62.619354838709675
2023-09-05,D,61.95666666666667
2023-09-05,E,61.37419354838709
2023-09-05,N,55.29333333333333
2023-09-05,T,60.67666666666666
2023-09-06,D,61.880645161290325
2023-09-06,E,60.96451612903226
2023-09-06,N,56.07419354838709
2023-09-06,T,60.59032258064516
2023-09-07,D,61.42580645161291
2023-09-07,E,60.81612903225806
2023-09-07,N,55.15806451612904
2023-09-07,T,60.122580645161285
2023-09-08,D,61.81612903225806
2023-09-08,E,61.55806451612903
2023-09-08,N,55.23870967741936
2023-09-08,T,60.81290322580645
2023-09-09,D,60.461290322580645
2023-09-09,E,62.02258064516129
2023-09-09,N,57.9483870967742
2023-09-09,T,60.24516129032258
2023-09-10,D,59.47096774193548
2023-09-10,E,61.84193548387096
2023-09-10,N,58.47741935483871
2023-09-10,T,60.09354838709677
2023-09-11,D,62.02903225806452
2023-09-11,E,60.667741935483875
2023-09-11,N,59.23225806451613
2023-09-11,T,61.49032258064516
2023-09-12,D,61.829032258064515
2023-09-12,E,60.70645161290323
2023-09-12,N,54.26129032258064
2023-09-12,T,60.277419354838706
2023-09-13,D,62.170967741935485
2023-09-13,E,61.07096774193548
2023-09-13,N,54.358064516129026
2023-09-13,T,60.690322580645166
2023-09-14,D,62.0
2023-09-14,E,61.3258064516129
2023-09-14,N,54.983870967741936
2023-09-14,T,60.66129032258065
2023-09-15,D,62.148387096774194
2023-09-15,E,63.61612903225806
2023-09-15,N,59.32258064516129
2023-09-15,T,62.02903225806452
2023-09-16,D,60.39032258064517
2023-09-16,E,60.74516129032258
2023-09-16,N,57.07419354838709
2023-09-16,T,59.88709677419355
2023-09-17,D,61.432258064516134
2023-09-17,E,60.31612903225806
2023-09-17,N,57.270967741935486
2023-09-17,T,60.645161290322584
2023-09-18,D,62.21612903225807
2023-09-18,E,60.435483870967744
2023-09-18,N,55.45161290322581
2023-09-18,T,60.5516129032258
2023-09-19,D,62.20967741935484
2023-09-19,E,61.26774193548387
2023-09-19,N,54.26129032258064
2023-09-19,T,60.68709677419355
2023-09-20,D,62.36451612903225
2023-09-20,E,61.21935483870968
2023-09-20,N,54.79354838709677
2023-09-20,T,60.877419354838715
2023-09-21,D,62.516129032258064
2023-09-21,E,60.9483870967742
2023-09-21,N,54.86774193548387
2023-09-21,T,60.88387096774194
2023-09-22,D,62.19677419354839
2023-09-22,E,61.76129032258064
2023-09-22,N,55.196774193548386
2023-09-22,T,61.02258064516129
2023-09-23,D,60.13870967741936
2023-09-23,E,61.18387096774194
2023-09-23,N,56.983870967741936
2023-09-23,T,59.770967741935486
2023-09-24,D,59.748387096774195
2023-09-24,E,60.519354838709674
2023-09-24,N,57.02903225806451
2023-09-24,T,59.36451612903225
2023-09-25,D,61.41290322580645
2023-09-25,E,61.20967741935484
2023-09-25,N,55.12903225806452
2023-09-25,T,60.25806451612903
2023-09-26,D,62.13870967741936
2023-09-26,E,61.55806451612903
2023-09-26,N,54.84193548387096
2023-09-26,T,60.81612903225806
2023-09-27,D,62.36451612903225
2023-09-27,E,61.28333333333333
2023-09-27,N,54.68709677419355
2023-09-27,T,60.832258064516125
2023-09-28,D,62.223333333333336
2023-09-28,E,61.656666666666666
2023-09-28,N,54.86666666666667
2023-09-28,T,60.84666666666667
2023-09-29,D,62.416666666666664
2023-09-29,E,61.93333333333333
2023-09-29,N,55.836666666666666
2023-09-29,T,61.35
2023-09-30,D,60.57
2023-09-30,E,61.3
2023-09-30,N,56.943333333333335
2023-09-30,T,59.96
2023-10-01,D,60.09
2023-10-01,E,61.12
2023-10-01,N,56.71
2023-10-01,T,59.769999999999996
2023-10-02,D,61.723333333333336
2023-10-02,E,60.82333333333334
2023-10-02,N,55.11333333333334
2023-10-02,T,60.28666666666666
2023-10-03,D,62.35
2023-10-03,E,61.45333333333334
2023-10-03,N,54.53333333333333
2023-10-03,T,60.94666666666667
2023-10-04,D,63.2
2023-10-04,E,61.236666666666665
2023-10-04,N,55.16333333333333
2023-10-04,T,61.54
2023-10-05,D,62.126666666666665
2023-10-05,E,61.63666666666666
2023-10-05,N,55.29
2023-10-05,T,60.81666666666667
2023-10-06,D,62.05333333333333
2023-10-06,E,62.13
2023-10-06,N,55.89666666666667
2023-10-06,T,60.96333333333334
2023-10-07,D,60.6
2023-10-07,E,61.92333333333333
2023-10-07,N,56.45666666666667
2023-10-07,T,60.09666666666667
2023-10-08,D,59.93666666666666
2023-10-08,E,60.68333333333333
2023-10-08,N,56.39666666666667
2023-10-08,T,59.29
2023-10-09,D,61.833333333333336
2023-10-09,E,60.85333333333333
2023-10-09,N,54.74333333333333
2023-10-09,T,60.379999999999995
2023-10-10,D,62.03
2023-10-10,E,61.32666666666667
2023-10-10,N,54.309999999999995
2023-10-10,T,60.59
2023-10-11,D,62.15
2023-10-11,E,62.0
2023-10-11,N,54.940000000000005
2023-10-11,T,61.166666666666664
2023-10-12,D,63.06666666666667
2023-10-12,E,62.04
2023-10-12,N,56.88
2023-10-12,T,61.92666666666666
2023-10-13,D,61.49666666666667
2023-10-13,E,61.43333333333333
2023-10-13,N,55.7
2023-10-13,T,60.45666666666667
2023-10-14,D,60.333333333333336
2023-10-14,E,60.88333333333333
2023-10-14,N,56.75
2023-10-14,T,59.88666666666666
2023-10-15,D,60.123333333333335
2023-10-15,E,60.32666666666667
2023-10-15,N,56.35
2023-10-15,T,59.57666666666667
2023-10-16,D,61.873333333333335
2023-10-16,E,60.943333333333335
2023-10-16,N,55.4
2023-10-16,T,60.54333333333333
2023-10-17,D,62.763333333333335
2023-10-17,E,61.559999999999995
2023-10-17,N,54.94666666666667
2023-10-17,T,61.26
2023-10-18,D,62.593333333333334
2023-10-18,E,61.12
2023-10-18,N,55.61
2023-10-18,T,61.00666666666667
2023-10-19,D,66.56666666666666
2023-10-19,E,63.35666666666667
2023-10-19,N,56.24666666666667
2023-10-19,T,64.56666666666666
2023-10-20,D,63.666666666666664
2023-10-20,E,61.29666666666667
2023-10-20,N,58.126666666666665
2023-10-20,T,62.12
2023-10-21,D,61.06666666666667
2023-10-21,E,60.99
2023-10-21,N,56.486666666666665
2023-10-21,T,60.14
2023-10-22,D,60.21333333333334
2023-10-22,E,64.12333333333333
2023-10-22,N,56.19666666666667
2023-10-22,T,60.78333333333333
2023-10-23,D,62.82
2023-10-23,E,61.99333333333333
2023-10-23,N,58.913333333333334
2023-10-23,T,61.60666666666667
2023-10-24,D,63.623333333333335
2023-10-24,E,62.45
2023-10-24,N,55.28666666666667
2023-10-24,T,62.086666666666666
2023-10-25,D,62.99
2023-10-25,E,61.126666666666665
2023-10-25,N,56.276666666666664
2023-10-25,T,61.376666666666665
2023-10-26,D,64.74333333333333
2023-10-26,E,62.06333333333334
2023-10-26,N,55.60333333333333
2023-10-26,T,62.95666666666667
2023-10-27,D,63.51
2023-10-27,E,61.516666666666666
2023-10-27,N,56.28666666666666
2023-10-27,T,61.89666666666667
2023-10-28,D,60.88666666666666
2023-10-28,E,60.86
2023-10-28,N,56.65
2023-10-28,T,60.0
2023-10-29,D,60.443333333333335
2023-10-29,E,60.419999999999995
2023-10-29,N,57.43333333333333
2023-10-29,T,59.78333333333333
2023-10-30,D,63.35666666666667
2023-10-30,E,60.95333333333333
2023-10-30,N,57.14
2023-10-30,T,61.75333333333333
2023-10-31,D,63.24
2023-10-31,E,62.00333333333333
2023-10-31,N,55.20666666666667
2023-10-31,T,61.906666666666666
2023-11-01,D,60.71333333333334
2023-11-01,E,61.233333333333334
2023-11-01,N,57.90333333333333
2023-11-01,T,60.156666666666666
2023-11-02,D,65.80666666666667
2023-11-02,E,61.586666666666666
2023-11-02,N,58.980000000000004
2023-11-02,T,63.940000000000005
2023-11-03,D,63.730000000000004
2023-11-03,E,61.79
2023-11-03,N,55.72
2023-11-03,T,62.17333333333333
2023-11-04,D,63.36333333333334
2023-11-04,E,61.626666666666665
2023-11-04,N,56.82333333333334
2023-11-04,T,61.876666666666665
2023-11-05,D,60.61333333333334
2023-11-05,E,60.123333333333335
2023-11-05,N,57.22666666666667
2023-11-05,T,59.766666666666666
2023-11-06,D,63.41
2023-11-06,E,61.04333333333333
2023-11-06,N,55.54333333333333
2023-11-06,T,61.78666666666666
2023-11-07,D,64.16333333333334
2023-11-07,E,61.70333333333333
2023-11-07,N,55.43666666666666
2023-11-07,T,62.60666666666667
2023-11-08,D,63.376666666666665
2023-11-08,E,61.769999999999996
2023-11-08,N,55.3
2023-11-08,T,61.9
2023-11-09,D,61.17333333333333
2023-11-09,E,60.480000000000004
2023-11-09,N,56.833333333333336
2023-11-09,T,60.15
2023-11-10,D,62.79333333333333
2023-11-10,E,62.07
2023-11-10,N,55.11666666666667
2023-11-10,T,61.483333333333334
2023-11-11,D,61.77333333333333
2023-11-11,E,60.730000000000004
2023-11-11,N,58.18666666666666
2023-11-11,T,60.80333333333333
2023-11-12,D,60.309999999999995
2023-11-12,E,60.07333333333334
2023-11-12,N,56.236666666666665
2023-11-12,T,59.4
2023-11-13,D,62.723333333333336
2023-11-13,E,60.723333333333336
2023-11-13,N,54.769999999999996
2023-11-13,T,61.06666666666667
2023-11-14,D,62.46
2023-11-14,E,61.309999999999995
2023-11-14,N,54.65333333333333
2023-11-14,T,60.913333333333334
2023-11-15,D,62.919999999999995
2023-11-15,E,61.21666666666667
2023-11-15,N,54.56333333333334
2023-11-15,T,61.32666666666667
2023-11-16,D,63.406666666666666
2023-11-16,E,60.91
2023-11-16,N,55.14
2023-11-16,T,61.71333333333333
2023-11-17,D,62.519999999999996
2023-11-17,E,61.60666666666667
2023-11-17,N,55.18666666666666
2023-11-17,T,61.13333333333333
2023-11-18,D,61.31666666666667
2023-11-18,E,61.163333333333334
2023-11-18,N,56.38333333333333
2023-11-18,T,60.35333333333333
2023-11-19,D,60.62
2023-11-19,E,60.35
2023-11-19,N,56.376666666666665
2023-11-19,T,59.64
2023-11-20,D,62.71
2023-11-20,E,60.61
2023-11-20,N,54.99333333333333
2023-11-20,T,61.06666666666667
2023-11-21,D,62.769999999999996
2023-11-21,E,61.336666666666666
2023-11-21,N,54.97
2023-11-21,T,61.22
2023-11-22,D,62.8
2023-11-22,E,61.223333333333336
2023-11-22,N,55.15
2023-11-22,T,61.24666666666667
2023-11-23,D,62.63333333333333
2023-11-23,E,62.16206896551724
2023-11-23,N,55.586666666666666
2023-11-23,T,61.18666666666666
2023-11-24,D,63.07241379310345
2023-11-24,E,62.56896551724138
2023-11-24,N,56.47931034482759
2023-11-24,T,61.793103448275865
2023-11-25,D,61.85
2023-11-25,E,61.37
2023-11-25,N,57.52413793103448
2023-11-25,T,60.843333333333334
2023-11-26,D,60.79
2023-11-26,E,60.04333333333333
2023-11-26,N,56.82
2023-11-26,T,59.75
2023-11-27,D,63.080000000000005
2023-11-27,E,61.05333333333333
2023-11-27,N,54.99333333333333
2023-11-27,T,61.43
2023-11-28,D,62.77333333333333
2023-11-28,E,61.13666666666666
2023-11-28,N,54.68666666666666
2023-11-28,T,61.2
2023-11-29,D,62.65
2023-11-29,E,60.93
2023-11-29,N,54.723333333333336
2023-11-29,T,61.013333333333335
2023-11-30,D,64.61
2023-11-30,E,64.74666666666667
2023-11-30,N,55.84666666666667
2023-11-30,T,63.34666666666667
2023-12-01,D,63.45666666666667
2023-12-01,E,61.876666666666665
2023-12-01,N,60.74333333333333
2023-12-01,T,62.47
2023-12-02,D,61.34666666666667
2023-12-02,E,61.473333333333336
2023-12-02,N,57.11666666666667
2023-12-02,T,60.526666666666664
2023-12-03,D,60.88
2023-12-03,E,59.940000000000005
2023-12-03,N,57.4
2023-12-03,T,59.89666666666667
2023-12-04,D,62.79
2023-12-04,E,60.96
2023-12-04,N,56.11
2023-12-04,T,61.21
2023-12-05,D,63.016666666666666
2023-12-05,E,61.263333333333335
2023-12-05,N,55.473333333333336
2023-12-05,T,61.42
2023-12-06,D,60.59
2023-12-06,E,60.730000000000004
2023-12-06,N,55.736666666666665
2023-12-06,T,59.65
2023-12-07,D,63.22666666666667
2023-12-07,E,63.46333333333334
2023-12-07,N,55.559999999999995
2023-12-07,T,61.95666666666667
2023-12-08,D,61.11
2023-12-08,E,60.736666666666665
2023-12-08,N,57.080000000000005
2023-12-08,T,60.15
2023-12-09,D,60.82333333333334
2023-12-09,E,60.65333333333333
2023-12-09,N,55.90333333333333
2023-12-09,T,59.78666666666666
2023-12-10,D,60.263333333333335
2023-12-10,E,59.776666666666664
2023-12-10,N,55.919999999999995
2023-12-10,T,59.266666666666666
2023-12-11,D,62.230000000000004
2023-12-11,E,60.67666666666666
2023-12-11,N,55.016666666666666
2023-12-11,T,60.61333333333334
2023-12-12,D,62.70666666666667
2023-12-12,E,62.056666666666665
2023-12-12,N,55.09666666666667
2023-12-12,T,61.29666666666667
2023-12-13,D,62.93333333333333
2023-12-13,E,61.54666666666667
2023-12-13,N,56.74666666666667
2023-12-13,T,61.46333333333334
2023-12-14,D,62.8
2023-12-14,E,62.07666666666667
2023-12-14,N,56.40333333333333
2023-12-14,T,61.45333333333333
2023-12-15,D,63.559999999999995
2023-12-15,E,61.973333333333336
2023-12-15,N,57.336666666666666
2023-12-15,T,62.11666666666667
2023-12-16,D,61.74333333333333
2023-12-16,E,61.96333333333334
2023-12-16,N,58.00333333333333
2023-12-16,T,60.99
2023-12-17,D,61.14666666666667
2023-12-17,E,60.92333333333333
2023-12-17,N,57.68666666666666
2023-12-17,T,60.34
2023-12-18,D,63.086666666666666
2023-12-18,E,61.24333333333333
2023-12-18,N,55.980000000000004
2023-12-18,T,61.45666666666667
2023-12-19,D,63.123333333333335
2023-12-19,E,61.7
2023-12-19,N,55.93
2023-12-19,T,61.559999999999995
2023-12-20,D,63.53666666666666
2023-12-20,E,61.416666666666664
2023-12-20,N,56.05333333333333
2023-12-20,T,61.78666666666666
2023-12-21,D,63.18
2023-12-21,E,62.126666666666665
2023-12-21,N,56.473333333333336
2023-12-21,T,61.76
2023-12-22,D,62.8
2023-12-22,E,62.016666666666666
2023-12-22,N,57.623333333333335
2023-12-22,T,61.57666666666667
2023-12-23,D,61.49
2023-12-23,E,61.42333333333333
2023-12-23,N,57.67666666666666
2023-12-23,T,60.63
2023-12-24,D,60.90333333333333
2023-12-24,E,61.336666666666666
2023-12-24,N,56.21333333333334
2023-12-24,T,60.263333333333335
2023-12-25,D,59.14
2023-12-25,E,61.20666666666667
2023-12-25,N,58.70666666666667
2023-12-25,T,59.72666666666667
2023-12-26,D,62.583333333333336
2023-12-26,E,61.73
2023-12-26,N,55.00333333333333
2023-12-26,T,61.11333333333334
2023-12-27,D,62.14666666666667
2023-12-27,E,61.41
2023-12-27,N,55.769999999999996
2023-12-27,T,60.79
2023-12-28,D,62.4
2023-12-28,E,61.480000000000004
2023-12-28,N,55.86
2023-12-28,T,61.00333333333333
2023-12-29,D,62.06333333333334
2023-12-29,E,61.30333333333333
2023-12-29,N,55.71333333333334
2023-12-29,T,60.71666666666667
2023-12-30,D,61.14
2023-12-30,E,61.74666666666667
2023-12-30,N,56.52333333333333
2023-12-30,T,60.60333333333333
2023-12-31,D,60.416666666666664
2023-12-31,E,61.59666666666667
2023-12-31,N,55.85333333333333
2023-12-31,T,60.14
2024-01-01,D,59.76
2024-01-01,E,60.019999999999996
2024-01-01,N,65.94666666666666
2024-01-01,T,63.85333333333333
2024-01-02,D,61.7
2024-01-02,E,60.50666666666667
2024-01-02,N,54.873333333333335
2024-01-02,T,60.18666666666666
2024-01-03,D,63.16
2024-01-03,E,61.09
2024-01-03,N,55.266666666666666
2024-01-03,T,61.43333333333333
2024-01-04,D,64.00333333333333
2024-01-04,E,63.276666666666664
2024-01-04,N,55.65
2024-01-04,T,62.57
2024-01-05,D,63.04333333333333
2024-01-05,E,62.21333333333334
2024-01-05,N,57.13666666666666
2024-01-05,T,61.769999999999996
2024-01-06,D,60.193333333333335
2024-01-06,E,60.25333333333333
2024-01-06,N,56.13666666666666
2024-01-06,T,59.28666666666666
2024-01-07,D,60.61
2024-01-07,E,60.72
2024-01-07,N,55.79
2024-01-07,T,59.61666666666667
2024-01-08,D,62.40333333333333
2024-01-08,E,60.669999999999995
2024-01-08,N,55.46
2024-01-08,T,60.85
2024-01-09,D,62.669999999999995
2024-01-09,E,60.843333333333334
2024-01-09,N,54.63666666666667
2024-01-09,T,60.973333333333336
2024-01-10,D,62.7
2024-01-10,E,61.14666666666667
2024-01-10,N,54.669999999999995
2024-01-10,T,61.04
2024-01-11,D,62.556666666666665
2024-01-11,E,61.056666666666665
2024-01-11,N,55.96666666666667
2024-01-11,T,60.99666666666666
2024-01-12,D,62.67666666666666
2024-01-12,E,61.76
2024-01-12,N,55.763333333333335
2024-01-12,T,61.25
2024-01-13,D,61.156666666666666
2024-01-13,E,60.97
2024-01-13,N,56.736666666666665
2024-01-13,T,60.15
2024-01-14,D,61.7
2024-01-14,E,61.17666666666666
2024-01-14,N,56.37
2024-01-14,T,60.519999999999996
2024-01-15,D,63.916666666666664
2024-01-15,E,62.25185185185185
2024-01-15,N,56.63333333333333
2024-01-15,T,62.17333333333333
2024-01-16,D,63.28148148148148
2024-01-16,E,60.885185185185186
2024-01-16,N,56.44444444444444
2024-01-16,T,61.559259259259264
2024-01-17,D,63.95333333333333
2024-01-17,E,62.51724137931034
2024-01-17,N,57.3925925925926
2024-01-17,T,62.717241379310344
2024-01-18,D,62.88333333333333
2024-01-18,E,60.88
2024-01-18,N,56.52758620689655
2024-01-18,T,61.306666666666665
2024-01-19,D,65.49333333333333
2024-01-19,E,62.080000000000005
2024-01-19,N,58.39666666666667
2024-01-19,T,63.690000000000005
2024-01-20,D,61.42333333333333
2024-01-20,E,60.99333333333333
2024-01-20,N,57.25333333333333
2024-01-20,T,60.419999999999995
2024-01-21,D,60.38
2024-01-21,E,60.669999999999995
2024-01-21,N,56.20333333333333
2024-01-21,T,59.53
2024-01-22,D,62.95666666666667
2024-01-22,E,60.71666666666667
2024-01-22,N,55.14
2024-01-22,T,61.193333333333335
2024-01-23,D,62.86666666666667
2024-01-23,E,61.88333333333333
2024-01-23,N,55.309999999999995
2024-01-23,T,61.416666666666664
2024-01-24,D,62.769999999999996
2024-01-24,E,61.49
2024-01-24,N,55.833333333333336
2024-01-24,T,61.24333333333333
2024-01-25,D,62.81666666666667
2024-01-25,E,61.373333333333335
2024-01-25,N,56.056666666666665
2024-01-25,T,61.3
2024-01-26,D,63.056666666666665
2024-01-26,E,61.74666666666667
2024-01-26,N,56.54333333333333
2024-01-26,T,61.663333333333334
2024-01-27,D,61.330000000000005
2024-01-27,E,61.24333333333333
2024-01-27,N,57.07
2024-01-27,T,60.42666666666666
2024-01-28,D,60.836666666666666
2024-01-28,E,60.3
2024-01-28,N,56.37
2024-01-28,T,59.833333333333336
2024-01-29,D,61.714814814814815
2024-01-29,E,59.92142857142857
2024-01-29,N,55.126666666666665
2024-01-29,T,60.06666666666666
2024-01-30,D,61.75714285714286
2024-01-30,E,60.76428571428572
2024-01-30,N,54.48571428571428
2024-01-30,T,60.3
2024-01-31,D,62.59032258064516
2024-01-31,E,60.8258064516129
2024-01-31,N,55.175000000000004
2024-01-31,T,61.27333333333333
2024-02-01,D,62.435483870967744
2024-02-01,E,61.3
2024-02-01,N,56.067741935483866
2024-02-01,T,60.99677419354839
2024-02-02,D,62.68709677419355
2024-02-02,E,62.08064516129032
2024-02-02,N,56.25806451612903
2024-02-02,T,61.354838709677416
2024-02-03,D,61.099999999999994
2024-02-03,E,61.39677419354839
2024-02-03,N,57.09032258064516
2024-02-03,T,60.31935483870968
2024-02-04,D,60.351612903225806
2024-02-04,E,60.08709677419355
2024-02-04,N,57.04516129032258
2024-02-04,T,59.59032258064516
2024-02-05,D,62.332258064516125
2024-02-05,E,60.78064516129032
2024-02-05,N,55.729032258064514
2024-02-05,T,60.751612903225805
2024-02-06,D,62.17741935483871
2024-02-06,E,60.78709677419354
2024-02-06,N,54.58387096774193
2024-02-06,T,60.54838709677419
2024-02-07,D,62.81071428571429
2024-02-07,E,61.285714285714285
2024-02-07,N,54.961290322580645
2024-02-07,T,61.225
2024-02-08,D,62.839285714285715
2024-02-08,E,61.767857142857146
2024-02-08,N,55.771428571428565
2024-02-08,T,61.4
2024-02-09,D,64.99642857142858
2024-02-09,E,62.746428571428574
2024-02-09,N,58.81785714285714
2024-02-09,T,63.449999999999996
2024-02-10,D,61.824999999999996
2024-02-10,E,61.385714285714286
2024-02-10,N,59.160714285714285
2024-02-10,T,61.06071428571429
2024-02-11,D,60.550000000000004
2024-02-11,E,60.36785714285714
2024-02-11,N,57.11785714285714
2024-02-11,T,59.73571428571428
2024-02-12,D,62.71612903225807
2024-02-12,E,60.54516129032258
2024-02-12,N,55.767857142857146
2024-02-12,T,61.07419354838709
2024-02-13,D,62.353571428571435
2024-02-13,E,60.18571428571429
2024-02-13,N,54.87096774193548
2024-02-13,T,60.68214285714286
2024-02-14,D,61.625
2024-02-14,E,60.775
2024-02-14,N,54.778571428571425
2024-02-14,T,60.24285714285714
2024-02-15,D,62.94285714285714
2024-02-15,E,61.31071428571429
2024-02-15,N,55.582142857142856
2024-02-15,T,61.36785714285714
2024-02-16,D,62.34193548387096
2024-02-16,E,61.622580645161285
2024-02-16,N,56.025
2024-02-16,T,61.190322580645166
2024-02-17,D,61.05483870967742
2024-02-17,E,61.07741935483871
2024-02-17,N,57.20322580645161
2024-02-17,T,60.24193548387097
2024-02-18,D,60.40967741935484
2024-02-18,E,60.23548387096774
2024-02-18,N,56.66129032258065
2024-02-18,T,59.54516129032258
2024-02-19,D,62.11290322580645
2024-02-19,E,60.88709677419355
2024-02-19,N,55.26451612903226
2024-02-19,T,60.619354838709675
2024-02-20,D,62.55806451612903
2024-02-20,E,60.932258064516134
2024-02-20,N,55.358064516129026
2024-02-20,T,60.961290322580645
2024-02-21,D,63.03225806451613
2024-02-21,E,61.52258064516129
2024-02-21,N,55.309677419354834
2024-02-21,T,61.46774193548387
2024-02-22,D,62.88709677419355
2024-02-22,E,62.71290322580645
2024-02-22,N,55.196774193548386
2024-02-22,T,61.599999999999994
2024-02-23,D,62.5
2024-02-23,E,61.225806451612904
2024-02-23,N,56.63870967741936
2024-02-23,T,61.061290322580646
2024-02-24,D,61.02903225806452
2024-02-24,E,60.65161290322581
2024-02-24,N,56.593548387096774
2024-02-24,T,60.016129032258064
2024-02-25,D,61.47741935483871
2024-02-25,E,60.851612903225806
2024-02-25,N,56.70645161290323
2024-02-25,T,60.487096774193546
2024-02-26,D,63.732142857142854
2024-02-26,E,60.550000000000004
2024-02-26,N,56.23548387096774
2024-02-26,T,61.31935483870968
2024-02-27,D,63.43214285714286
2024-02-27,E,60.903571428571425
2024-02-27,N,55.36785714285714
2024-02-27,T,61.67857142857143
2024-02-28,D,63.01428571428572
2024-02-28,E,61.271428571428565
2024-02-28,N,55.457142857142856
2024-02-28,T,61.378571428571426
2024-02-29,D,62.622580645161285
2024-02-29,E,61.225806451612904
2024-02-29,N,55.875
2024-02-29,T,61.13225806451613
2024-03-01,D,62.66129032258065
2024-03-01,E,61.4741935483871
2024-03-01,N,55.67741935483871
2024-03-01,T,61.16129032258065
2024-03-02,D,62.70645161290323
2024-03-02,E,62.251612903225805
2024-03-02,N,56.725806451612904
2024-03-02,T,61.519354838709674
2024-03-03,D,60.83870967741935
2024-03-03,E,60.019354838709674
2024-03-03,N,57.58064516129032
2024-03-03,T,59.89354838709678
2024-03-04,D,62.777419354838706
2024-03-04,E,60.62580645161291
2024-03-04,N,55.093548387096774
2024-03-04,T,61.016129032258064
2024-03-05,D,62.748387096774195
2024-03-05,E,60.70322580645161
2024-03-05,N,54.961290322580645
2024-03-05,T,61.016129032258064
2024-03-06,D,62.775
2024-03-06,E,61.271428571428565
2024-03-06,N,55.37419354838709
2024-03-06,T,61.199999999999996
2024-03-07,D,63.97857142857142
2024-03-07,E,63.19677419354839
2024-03-07,N,56.175000000000004
2024-03-07,T,62.646428571428565
2024-03-08,D,64.0516129032258
2024-03-08,E,63.16129032258065
2024-03-08,N,58.012903225806454
2024-03-08,T,62.89354838709678
2024-03-09,D,62.274193548387096
2024-03-09,E,61.23225806451613
2024-03-09,N,60.20967741935484
2024-03-09,T,61.50645161290323
2024-03-10,D,62.00322580645161
2024-03-10,E,61.012903225806454
2024-03-10,N,57.74193548387097
2024-03-10,T,61.03548387096774
2024-03-11,D,62.309677419354834
2024-03-11,E,60.57096774193548
2024-03-11,N,55.36451612903225
2024-03-11,T,60.68709677419355
2024-03-12,D,63.07096774193548
2024-03-12,E,61.34666666666667
2024-03-12,N,55.41935483870968
2024-03-12,T,61.54838709677419
2024-03-13,D,62.28709677419355
2024-03-13,E,61.096774193548384
2024-03-13,N,55.79333333333333
2024-03-13,T,60.84193548387096
2024-03-14,D,63.13225806451613
2024-03-14,E,61.38709677419355
2024-03-14,N,55.81290322580645
2024-03-14,T,61.541935483870965
2024-03-15,D,62.57096774193548
2024-03-15,E,61.54516129032258
2024-03-15,N,55.62580645161291
2024-03-15,T,61.15483870967742
2024-03-16,D,61.329032258064515
2024-03-16,E,61.15806451612904
2024-03-16,N,56.4483870967742
2024-03-16,T,60.248387096774195
2024-03-17,D,61.65806451612904
2024-03-17,E,59.900000000000006
2024-03-17,N,56.877419354838715
2024-03-17,T,60.41612903225807
2024-03-18,D,61.961290322580645
2024-03-18,E,60.248387096774195
2024-03-18,N,55.038709677419355
2024-03-18,T,60.332258064516125
2024-03-19,D,62.016129032258064
2024-03-19,E,60.83870967741935
2024-03-19,N,54.722580645161294
2024-03-19,T,60.49677419354839
2024-03-20,D,61.9
2024-03-20,E,60.982142857142854
2024-03-20,N,55.2
2024-03-20,T,60.46071428571429
2024-03-21,D,62.21612903225807
2024-03-21,E,61.53225806451613
2024-03-21,N,55.125
2024-03-21,T,60.94193548387097
2024-03-22,D,61.854838709677416
2024-03-22,E,61.65806451612904
2024-03-22,N,55.87419354838709
2024-03-22,T,60.8258064516129
2024-03-23,D,60.34516129032258
2024-03-23,E,61.02258064516129
2024-03-23,N,56.438709677419354
2024-03-23,T,59.61612903225806
2024-03-24,D,59.89032258064516
2024-03-24,E,59.63548387096775
2024-03-24,N,55.91290322580645
2024-03-24,T,58.94193548387097
2024-03-25,D,61.938709677419354
2024-03-25,E,60.23548387096774
2024-03-25,N,55.16451612903226
2024-03-25,T,60.37096774193548
2024-03-26,D,61.79032258064516
2024-03-26,E,61.400000000000006
2024-03-26,N,54.63870967741936
2024-03-26,T,60.5516129032258
2024-03-27,D,62.940000000000005
2024-03-27,E,62.03333333333333
2024-03-27,N,56.94516129032258
2024-03-27,T,61.56666666666667
2024-03-28,D,60.12903225806452
2024-03-28,E,61.73225806451613
2024-03-28,N,56.52333333333333
2024-03-28,T,59.70666666666667
2024-03-29,D,61.15806451612904
2024-03-29,E,59.854838709677416
2024-03-29,N,57.141935483870974
2024-03-29,T,59.96451612903226
2024-03-30,D,60.83870967741935
2024-03-30,E,60.96451612903226
2024-03-30,N,56.377419354838715
2024-03-30,T,60.07741935483871
2024-03-31,D,61.45483870967742
2024-03-31,E,60.832258064516125
2024-03-31,N,58.751612903225805
2024-03-31,T,60.667741935483875
2024-04-01,D,62.68064516129032
2024-04-01,E,61.24193548387097
2024-04-01,N,55.73870967741936
2024-04-01,T,61.07419354838709
2024-04-02,D,63.300000000000004
2024-04-02,E,61.364285714285714
2024-04-02,N,55.02258064516129
2024-04-02,T,61.61071428571428
2024-04-03,D,63.26428571428572
2024-04-03,E,61.225
2024-04-03,N,54.93571428571429
2024-04-03,T,61.57857142857143
2024-04-04,D,62.69285714285714
2024-04-04,E,61.603571428571435
2024-04-04,N,55.56428571428571
2024-04-04,T,61.25714285714286
2024-04-05,D,63.016666666666666
2024-04-05,E,61.74333333333333
2024-04-05,N,56.142857142857146
2024-04-05,T,61.61
2024-04-06,D,60.59
2024-04-06,E,61.92333333333333
2024-04-06,N,56.85
2024-04-06,T,60.09
2024-04-07,D,60.440000000000005
2024-04-07,E,61.10666666666667
2024-04-07,N,56.59666666666667
2024-04-07,T,59.70333333333333
2024-04-08,D,62.37096774193548
2024-04-08,E,61.03548387096774
2024-04-08,N,54.67666666666666
2024-04-08,T,60.79032258064516
2024-04-09,D,62.18387096774194
2024-04-09,E,61.29677419354839
2024-04-09,N,54.6741935483871
2024-04-09,T,60.854838709677416
2024-04-10,D,62.8
2024-04-10,E,61.18387096774194
2024-04-10,N,55.57096774193548
2024-04-10,T,61.23548387096774
2024-04-11,D,63.07741935483871
2024-04-11,E,61.29677419354839
2024-04-11,N,55.34516129032258
2024-04-11,T,61.4741935483871
2024-04-12,D,62.5
2024-04-12,E,62.10645161290322
2024-04-12,N,55.68387096774194
2024-04-12,T,61.33870967741935
2024-04-13,D,61.193548387096776
2024-04-13,E,61.95483870967742
2024-04-13,N,57.141935483870974
2024-04-13,T,60.49677419354839
2024-04-14,D,59.84516129032258
2024-04-14,E,60.68064516129032
2024-04-14,N,56.722580645161294
2024-04-14,T,59.403225806451616
2024-04-15,D,62.08709677419355
2024-04-15,E,60.57741935483871
2024-04-15,N,54.71612903225807
2024-04-15,T,60.55483870967742
2024-04-16,D,62.148387096774194
2024-04-16,E,60.63225806451613
2024-04-16,N,54.722580645161294
2024-04-16,T,60.645161290322584
2024-04-17,D,62.519354838709674
2024-04-17,E,60.906451612903226
2024-04-17,N,54.667741935483875
2024-04-17,T,61.145161290322584
2024-04-18,D,62.380645161290325
2024-04-18,E,61.270967741935486
2024-04-18,N,56.34193548387096
2024-04-18,T,61.041935483870965
2024-04-19,D,62.358064516129026
2024-04-19,E,61.65161290322581
2024-04-19,N,55.15483870967742
2024-04-19,T,61.019354838709674
2024-04-20,D,60.274193548387096
2024-04-20,E,60.97741935483871
2024-04-20,N,56.309677419354834
2024-04-20,T,59.6741935483871
2024-04-21,D,59.79032258064516
2024-04-21,E,60.24516129032258
2024-04-21,N,56.4741935483871
2024-04-21,T,59.36129032258064
2024-04-22,D,62.267857142857146
2024-04-22,E,60.607142857142854
2024-04-22,N,56.03225806451613
2024-04-22,T,60.728571428571435
2024-04-23,D,62.199999999999996
2024-04-23,E,60.69285714285714
2024-04-23,N,54.56428571428571
2024-04-23,T,60.59285714285714
2024-04-24,D,62.11785714285714
2024-04-24,E,60.87419354838709
2024-04-24,N,55.214285714285715
2024-04-24,T,60.628571428571426
2024-04-25,D,62.21290322580646
2024-04-25,E,61.400000000000006
2024-04-25,N,54.71935483870968
2024-04-25,T,60.809677419354834
2024-04-26,D,62.9741935483871
2024-04-26,E,61.645161290322584
2024-04-26,N,55.28064516129032
2024-04-26,T,61.541935483870965
2024-04-27,D,61.82258064516129
2024-04-27,E,61.26129032258064
2024-04-27,N,57.403225806451616
2024-04-27,T,60.81290322580645
2024-04-28,D,60.46774193548387
2024-04-28,E,60.541935483870965
2024-04-28,N,56.58064516129032
2024-04-28,T,59.65161290322581
2024-04-29,D,62.08387096774193
2024-04-29,E,60.45161290322581
2024-04-29,N,55.13870967741936
2024-04-29,T,60.53548387096774
2024-04-30,D,62.193548387096776
2024-04-30,E,61.16451612903226
2024-04-30,N,54.31935483870968
2024-04-30,T,60.696774193548386
2024-05-01,D,59.89354838709678
2024-05-01,E,60.25806451612903
2024-05-01,N,55.71290322580645
2024-05-01,T,59.019354838709674
2024-05-02,D,60.041935483870965
2024-05-02,E,60.096774193548384
2024-05-02,N,55.3
2024-05-02,T,59.49032258064516
2024-05-03,D,61.067741935483866
2024-05-03,E,60.983870967741936
2024-05-03,N,55.458064516129035
2024-05-03,T,60.20322580645161
2024-05-04,D,60.21935483870968
2024-05-04,E,60.935483870967744
2024-05-04,N,55.438709677419354
2024-05-04,T,59.432258064516134
2024-05-05,D,59.854838709677416
2024-05-05,E,60.9741935483871
2024-05-05,N,55.3258064516129
2024-05-05,T,59.32258064516129
2024-05-06,D,62.306451612903224
2024-05-06,E,60.78709677419355
2024-05-06,N,56.61612903225806
2024-05-06,T,60.88709677419355
2024-05-07,D,62.20645161290323
2024-05-07,E,61.45161290322581
2024-05-07,N,54.938709677419354
2024-05-07,T,60.86774193548387
2024-05-08,D,62.50967741935484
2024-05-08,E,61.02258064516129
2024-05-08,N,55.696774193548386
2024-05-08,T,61.193548387096776
2024-05-09,D,62.15806451612904
2024-05-09,E,61.145161290322584
2024-05-09,N,56.68709677419355
2024-05-09,T,60.76451612903226
2024-05-10,D,62.08387096774193
2024-05-10,E,61.8
2024-05-10,N,55.60645161290322
2024-05-10,T,60.83548387096774
2024-05-11,D,60.3258064516129
2024-05-11,E,61.400000000000006
2024-05-11,N,56.44516129032258
2024-05-11,T,59.809677419354834
2024-05-12,D,59.89032258064516
2024-05-12,E,60.57741935483871
2024-05-12,N,57.03225806451613
2024-05-12,T,59.38709677419355
2024-05-13,D,61.622580645161285
2024-05-13,E,61.25483870967742
2024-05-13,N,55.12903225806452
2024-05-13,T,60.403225806451616
2024-05-14,D,61.279999999999994
2024-05-14,E,61.07741935483871
2024-05-14,N,55.29354838709677
2024-05-14,T,60.167741935483875
2024-05-15,D,59.73548387096774
2024-05-15,E,60.400000000000006
2024-05-15,N,55.958064516129035
2024-05-15,T,58.99677419354839
2024-05-16,D,61.95357142857143
2024-05-16,E,60.478571428571435
2024-05-16,N,55.57741935483871
2024-05-16,T,60.739285714285714
2024-05-17,D,61.964285714285715
2024-05-17,E,60.885714285714286
2024-05-17,N,54.971428571428575
2024-05-17,T,60.517857142857146
2024-05-18,D,59.96071428571429
2024-05-18,E,60.767857142857146
2024-05-18,N,55.621428571428574
2024-05-18,T,59.207142857142856
2024-05-19,D,59.800000000000004
2024-05-19,E,59.707142857142856
2024-05-19,N,55.871428571428574
2024-05-19,T,58.957142857142856
2024-05-20,D,61.96071428571429
2024-05-20,E,60.13928571428572
2024-05-20,N,54.160714285714285
2024-05-20,T,60.364285714285714
2024-05-21,D,62.18214285714286
2024-05-21,E,61.13225806451613
2024-05-21,N,53.892857142857146
2024-05-21,T,60.54642857142857
2024-05-22,D,62.222580645161294
2024-05-22,E,60.94516129032258
2024-05-22,N,55.15806451612904
2024-05-22,T,60.722580645161294
2024-05-23,D,62.622580645161285
2024-05-23,E,61.25806451612903
2024-05-23,N,55.096774193548384
2024-05-23,T,61.15483870967742
2024-05-24,D,62.54516129032258
2024-05-24,E,61.63225806451613
2024-05-24,N,55.96774193548387
2024-05-24,T,61.193548387096776
2024-05-25,D,60.28387096774193
2024-05-25,E,60.76774193548387
2024-05-25,N,56.39032258064516
2024-05-25,T,59.58709677419355
2024-05-26,D,59.70645161290323
2024-05-26,E,60.42903225806452
2024-05-26,N,57.00645161290323
2024-05-26,T,59.17741935483871
2024-05-27,D,61.932258064516134
2024-05-27,E,60.23870967741936
2024-05-27,N,54.46774193548387
2024-05-27,T,60.38709677419355
2024-05-28,D,62.148387096774194
2024-05-28,E,60.90645161290323
2024-05-28,N,55.10322580645161
2024-05-28,T,60.71612903225807
2024-05-29,D,61.81612903225806
2024-05-29,E,60.70967741935484
2024-05-29,N,55.11612903225806
2024-05-29,T,60.38709677419355
2024-05-30,D,62.10322580645161
2024-05-30,E,61.63870967741936
2024-05-30,N,55.25806451612903
2024-05-30,T,60.87419354838709
2024-05-31,D,62.16451612903226
2024-05-31,E,62.16129032258065
2024-05-31,N,56.3258064516129
2024-05-31,T,61.20322580645161
2024-06-01,D,60.516129032258064
2024-06-01,E,61.65806451612904
2024-06-01,N,56.770967741935486
2024-06-01,T,60.46451612903226
2024-06-02,D,60.20645161290323
2024-06-02,E,60.58064516129032
2024-06-02,N,60.061290322580646
2024-06-02,T,60.3258064516129
2024-06-03,D,62.05806451612903
2024-06-03,E,60.900000000000006
2024-06-03,N,55.30967741935484
2024-06-03,T,60.66129032258065
2024-06-04,D,62.329032258064515
2024-06-04,E,61.096774193548384
2024-06-04,N,54.858064516129026
2024-06-04,T,60.79354838709677
2024-06-05,D,62.07419354838709
2024-06-05,E,61.722580645161294
2024-06-05,N,55.10645161290322
2024-06-05,T,60.89354838709678
2024-06-06,D,62.08387096774194
2024-06-06,E,63.47741935483871
2024-06-06,N,55.50967741935484
2024-06-06,T,61.31290322580645
2024-06-07,D,61.900000000000006
2024-06-07,E,62.16129032258065
2024-06-07,N,56.29677419354839
2024-06-07,T,61.00645161290323
2024-06-08,D,60.89354838709678
2024-06-08,E,61.016129032258064
2024-06-08,N,56.516129032258064
2024-06-08,T,60.019354838709674
2024-06-09,D,59.95483870967742
2024-06-09,E,61.10322580645161
2024-06-09,N,56.87096774193548
2024-06-09,T,59.70322580645161
2024-06-10,D,64.13548387096775
2024-06-10,E,60.858064516129026
2024-06-10,N,55.47096774193548
2024-06-10,T,62.23870967741936
2024-06-11,D,62.303225806451614
2024-06-11,E,61.277419354838706
2024-06-11,N,55.21290322580645
2024-06-11,T,60.95161290322581
2024-06-12,D,62.380645161290325
2024-06-12,E,61.15806451612904
2024-06-12,N,55.73225806451613
2024-06-12,T,60.99032258064516
2024-06-13,D,62.722580645161294
2024-06-13,E,61.55806451612903
2024-06-13,N,55.5
2024-06-13,T,61.29032258064516
2024-06-14,D,62.067741935483866
2024-06-14,E,61.63225806451613
2024-06-14,N,56.24193548387097
2024-06-14,T,61.00322580645161
2024-06-15,D,60.25483870967742
2024-06-15,E,61.62580645161291
2024-06-15,N,56.983870967741936
2024-06-15,T,59.92580645161291
2024-06-16,D,59.983870967741936
2024-06-16,E,61.07741935483871
2024-06-16,N,56.541935483870965
2024-06-16,T,59.56774193548387
2024-06-17,D,61.619354838709675
2024-06-17,E,60.83870967741935
2024-06-17,N,55.461290322580645
2024-06-17,T,60.23225806451613
2024-06-18,D,62.567741935483866
2024-06-18,E,61.58064516129032
2024-06-18,N,54.73870967741936
2024-06-18,T,61.067741935483866
2024-06-19,D,62.380645161290325
2024-06-19,E,61.79677419354839
2024-06-19,N,55.05483870967742
2024-06-19,T,61.01290322580645
2024-06-20,D,63.47096774193548
2024-06-20,E,61.42258064516129
2024-06-20,N,55.980645161290326
2024-06-20,T,61.87096774193548
2024-06-21,D,62.18064516129032
2024-06-21,E,61.806451612903224
2024-06-21,N,56.380645161290325
2024-06-21,T,61.01935483870968
2024-06-22,D,60.15483870967742
2024-06-22,E,61.20322580645161
2024-06-22,N,56.60645161290322
2024-06-22,T,59.690322580645166
2024-06-23,D,59.251612903225805
2024-06-23,E,60.18064516129032
2024-06-23,N,56.63548387096775
2024-06-23,T,58.90967741935484
2024-06-24,D,62.0258064516129
2024-06-24,E,61.274193548387096
2024-06-24,N,55.00645161290323
2024-06-24,T,60.70967741935484
2024-06-25,D,61.97741935483871
2024-06-25,E,62.91612903225807
2024-06-25,N,55.093548387096774
2024-06-25,T,61.193548387096776
2024-06-26,D,61.88387096774194
2024-06-26,E,61.57741935483871
2024-06-26,N,55.46451612903226
2024-06-26,T,60.751612903225805
2024-06-27,D,61.99354838709677
2024-06-27,E,61.5
2024-06-27,N,55.49677419354839
2024-06-27,T,60.74516129032258
2024-06-28,D,61.63870967741936
2024-06-28,E,61.400000000000006
2024-06-28,N,56.44516129032258
2024-06-28,T,60.593548387096774
2024-06-29,D,60.6741935483871
2024-06-29,E,61.29677419354839
2024-06-29,N,57.08064516129032
2024-06-29,T,60.05483870967742
2024-06-30,D,59.538709677419355
2024-06-30,E,60.0516129032258
2024-06-30,N,56.980645161290326
2024-06-30,T,59.16451612903226
2024-07-01,D,62.061290322580646
2024-07-01,E,60.8258064516129
2024-07-01,N,55.57096774193548
2024-07-01,T,60.73225806451613
2024-07-02,D,61.90967741935484
2024-07-02,E,60.983870967741936
2024-07-02,N,55.438709677419354
2024-07-02,T,60.519354838709674
2024-07-03,D,62.50322580645161
2024-07-03,E,61.36129032258064
2024-07-03,N,55.39032258064516
2024-07-03,T,61.18709677419355
2024-07-04,D,62.60967741935484
2024-07-04,E,61.99354838709677
2024-07-04,N,55.53225806451613
2024-07-04,T,61.38387096774194
2024-07-05,D,62.53548387096774
2024-07-05,E,61.5
2024-07-05,N,56.42258064516129
2024-07-05,T,61.358064516129026
2024-07-06,D,60.21612903225807
2024-07-06,E,62.829032258064515
2024-07-06,N,57.016129032258064
2024-07-06,T,60.95161290322581
2024-07-07,D,59.47741935483871
2024-07-07,E,60.78387096774193
2024-07-07,N,57.722580645161294
2024-07-07,T,59.483870967741936
2024-07-08,D,61.81612903225806
2024-07-08,E,60.58709677419355
2024-07-08,N,56.41612903225807
2024-07-08,T,60.58064516129032
2024-07-09,D,62.21290322580645
2024-07-09,E,60.519354838709674
2024-07-09,N,54.858064516129026
2024-07-09,T,60.62903225806452
2024-07-10,D,62.145161290322584
2024-07-10,E,60.851612903225806
2024-07-10,N,55.774193548387096
2024-07-10,T,60.71290322580645
2024-07-11,D,62.05806451612903
2024-07-11,E,60.961290322580645
2024-07-11,N,55.49354838709677
2024-07-11,T,60.63548387096775
2024-07-12,D,61.667741935483875
2024-07-12,E,61.096774193548384
2024-07-12,N,55.73870967741936
2024-07-12,T,60.487096774193546
2024-07-13,D,59.65161290322581
2024-07-13,E,60.91935483870968
2024-07-13,N,56.141935483870974
2024-07-13,T,59.438709677419354
2024-07-14,D,59.11290322580645
2024-07-14,E,60.190322580645166
2024-07-14,N,56.170967741935485
2024-07-14,T,59.21612903225807
2024-07-15,D,62.42258064516129
2024-07-15,E,61.07419354838709
2024-07-15,N,58.84838709677419
2024-07-15,T,61.512903225806454
2024-07-16,D,61.66129032258065
2024-07-16,E,60.016129032258064
2024-07-16,N,55.71290322580645
2024-07-16,T,60.23870967741936
2024-07-17,D,61.938709677419354
2024-07-17,E,60.84838709677419
2024-07-17,N,55.13548387096775
2024-07-17,T,60.63870967741936
2024-07-18,D,61.71612903225807
2024-07-18,E,60.58709677419355
2024-07-18,N,55.248387096774195
2024-07-18,T,60.406451612903226
2024-07-19,D,62.13225806451613
2024-07-19,E,60.45483870967742
2024-07-19,N,55.9483870967742
2024-07-19,T,60.70967741935484
2024-07-20,D,59.60645161290322
2024-07-20,E,60.880645161290325
2024-07-20,N,55.8
2024-07-20,T,59.225806451612904
2024-07-21,D,58.935483870967744
2024-07-21,E,60.09032258064516
2024-07-21,N,56.167741935483875
2024-07-21,T,58.57096774193548
2024-07-22,D,61.24193548387097
2024-07-22,E,60.6741935483871
2024-07-22,N,55.78387096774193
2024-07-22,T,60.23870967741935
2024-07-23,D,61.754838709677415
2024-07-23,E,60.99032258064516
2024-07-23,N,55.34838709677419
2024-07-23,T,60.5
2024-07-24,D,61.19677419354839
2024-07-24,E,60.84838709677419
2024-07-24,N,55.71612903225807
2024-07-24,T,60.07741935483871
2024-07-25,D,59.39032258064516
2024-07-25,E,59.541935483870965
2024-07-25,N,55.45161290322581
2024-07-25,T,58.62903225806452
2024-07-26,D,60.729032258064514
2024-07-26,E,60.33870967741935
2024-07-26,N,55.2
2024-07-26,T,59.57419354838709
2024-07-27,D,59.20645161290323
2024-07-27,E,59.92903225806452
2024-07-27,N,55.62903225806452
2024-07-27,T,58.57096774193548
2024-07-28,D,58.519354838709674
2024-07-28,E,60.170967741935485
2024-07-28,N,55.5
2024-07-28,T,58.274193548387096
2024-07-29,D,61.40967741935484
2024-07-29,E,60.79354838709677
2024-07-29,N,55.18709677419355
2024-07-29,T,60.25483870967742
2024-07-30,D,61.81612903225806
2024-07-30,E,60.66129032258065
2024-07-30,N,55.45161290322581
2024-07-30,T,60.54838709677419
2024-07-31,D,61.70322580645161
2024-07-31,E,60.87096774193548
2024-07-31,N,55.4741935483871
2024-07-31,T,60.53548387096774
2024-08-01,D,62.23548387096774
2024-08-01,E,60.483870967741936
2024-08-01,N,54.96774193548387
2024-08-01,T,60.72258064516129
2024-08-02,D,62.87419354838709
2024-08-02,E,60.21612903225807
2024-08-02,N,55.038709677419355
2024-08-02,T,61.23870967741936
2024-08-03,D,58.90967741935484
2024-08-03,E,60.016129032258064
2024-08-03,N,55.79032258064516
2024-08-03,T,58.47096774193548
2024-08-04,D,58.10645161290322
2024-08-04,E,59.97096774193548
2024-08-04,N,55.08387096774193
2024-08-04,T,57.94516129032258
2024-08-05,D,61.31612903225806
2024-08-05,E,60.119354838709675
2024-08-05,N,54.44193548387097
2024-08-05,T,59.92903225806452
2024-08-06,D,61.16451612903226
2024-08-06,E,59.92580645161291
2024-08-06,N,54.39677419354839
2024-08-06,T,59.806451612903224
2024-08-07,D,60.89354838709678
2024-08-07,E,59.851612903225806
2024-08-07,N,54.42258064516129
2024-08-07,T,59.564516129032256
2024-08-08,D,60.593548387096774
2024-08-08,E,59.770967741935486
2024-08-08,N,54.648387096774194
2024-08-08,T,59.309677419354834
2024-08-09,D,60.435483870967744
2024-08-09,E,59.92903225806452
2024-08-09,N,54.90967741935484
2024-08-09,T,59.40967741935484
2024-08-10,D,58.47741935483871
2024-08-10,E,59.15483870967742
2024-08-10,N,55.53548387096774
2024-08-10,T,57.92580645161291
2024-08-11,D,58.099999999999994
2024-08-11,E,59.45161290322581
2024-08-11,N,55.2
2024-08-11,T,57.95483870967742
2024-08-12,D,60.44516129032258
2024-08-12,E,59.44193548387097
2024-08-12,N,54.39354838709678
2024-08-12,T,59.10645161290322
2024-08-13,D,60.32258064516129
2024-08-13,E,59.73870967741936
2024-08-13,N,54.041935483870965
2024-08-13,T,59.03225806451613
2024-08-14,D,60.20967741935484
2024-08-14,E,59.7
2024-08-14,N,54.36129032258064
2024-08-14,T,59.0516129032258
2024-08-15,D,58.17741935483871
2024-08-15,E,59.351612903225806
2024-08-15,N,54.487096774193546
2024-08-15,T,57.67741935483871
2024-08-16,D,59.1741935483871
2024-08-16,E,59.809677419354834
2024-08-16,N,54.24516129032258
2024-08-16,T,58.461290322580645
2024-08-17,D,58.0258064516129
2024-08-17,E,59.49677419354839
2024-08-17,N,54.78064516129032
2024-08-17,T,57.777419354838706
2024-08-18,D,57.96451612903226
2024-08-18,E,59.47741935483871
2024-08-18,N,54.28709677419355
2024-08-18,T,57.596774193548384
2024-08-19,D,60.245161290322585
2024-08-19,E,59.55806451612903
2024-08-19,N,54.20967741935484
2024-08-19,T,59.04838709677419
2024-08-20,D,60.880645161290325
2024-08-20,E,59.56774193548387
2024-08-20,N,53.81290322580645
2024-08-20,T,59.567741935483866
2024-08-21,D,60.34838709677419
2024-08-21,E,59.67741935483871
2024-08-21,N,54.938709677419354
2024-08-21,T,59.10645161290322
2024-08-22,D,60.616129032258065
2024-08-22,E,59.619354838709675
2024-08-22,N,53.961290322580645
2024-08-22,T,59.25806451612903
2024-08-23,D,60.76129032258064
2024-08-23,E,60.15806451612903
2024-08-23,N,54.36774193548387
2024-08-23,T,59.512903225806454
2024-08-24,D,58.876666666666665
2024-08-24,E,59.28333333333333
2024-08-24,N,54.59032258064516
2024-08-24,T,57.62580645161291
2024-08-25,D,58.29333333333333
2024-08-25,E,60.019999999999996
2024-08-25,N,55.25666666666667
2024-08-25,T,58.013333333333335
2024-08-26,D,61.15483870967742
2024-08-26,E,59.59032258064516
2024-08-26,N,54.31666666666667
2024-08-26,T,59.748387096774195
2024-08-27,D,61.487096774193546
2024-08-27,E,60.28387096774193
2024-08-27,N,53.854838709677416
2024-08-27,T,60.141935483870974
2024-08-28,D,61.335483870967735
2024-08-28,E,60.190322580645166
2024-08-28,N,54.39677419354839
2024-08-28,T,59.89354838709678
2024-08-29,D,62.68064516129032
2024-08-29,E,60.480645161290326
2024-08-29,N,56.74193548387097
2024-08-29,T,61.34516129032258
2024-08-30,D,61.538709677419355
2024-08-30,E,61.487096774193546
2024-08-30,N,55.29354838709677
2024-08-30,T,60.55483870967742
2024-08-31,D,59.89354838709678
2024-08-31,E,60.42903225806452
2024-08-31,N,56.58709677419355
2024-08-31,T,59.28387096774193
2024-09-01,D,58.84193548387096
2024-09-01,E,59.86129032258064
2024-09-01,N,56.2
2024-09-01,T,58.596774193548384
2024-09-02,D,61.938709677419354
2024-09-02,E,60.28387096774193
2024-09-02,N,55.148387096774194
2024-09-02,T,60.458064516129035
2024-09-03,D,62.093548387096774
2024-09-03,E,61.18709677419355
2024-09-03,N,54.63870967741936
2024-09-03,T,60.751612903225805
2024-09-04,D,62.33548387096774
2024-09-04,E,60.76451612903226
2024-09-04,N,54.81935483870968
2024-09-04,T,60.777419354838706
2024-09-05,D,62.670967741935485
2024-09-05,E,60.89354838709678
2024-09-05,N,55.222580645161294
2024-09-05,T,61.13225806451613
2024-09-06,D,62.24516129032258
2024-09-06,E,61.02258064516129
2024-09-06,N,55.5258064516129
2024-09-06,T,60.97741935483871
2024-09-07,D,60.25483870967742
2024-09-07,E,61.012903225806454
2024-09-07,N,55.96774193548387
2024-09-07,T,59.83548387096774
2024-09-08,D,58.961290322580645
2024-09-08,E,59.900000000000006
2024-09-08,N,56.61290322580645
2024-09-08,T,58.78709677419355
2024-09-09,D,61.81935483870968
2024-09-09,E,60.432258064516134
2024-09-09,N,55.61612903225806
2024-09-09,T,60.71935483870968
2024-09-10,D,62.02903225806452
2024-09-10,E,60.86774193548387
2024-09-10,N,54.57096774193548
2024-09-10,T,60.55483870967742
2024-09-11,D,62.44516129032258
2024-09-11,E,60.619354838709675
2024-09-11,N,54.66451612903226
2024-09-11,T,60.88709677419355
2024-09-12,D,62.63225806451613
2024-09-12,E,61.5258064516129
2024-09-12,N,54.74193548387097
2024-09-12,T,61.251612903225805
2024-09-13,D,62.08064516129032
2024-09-13,E,61.42580645161291
2024-09-13,N,55.81290322580645
2024-09-13,T,60.78064516129032
2024-09-14,D,59.690322580645166
2024-09-14,E,60.74193548387097
2024-09-14,N,56.599999999999994
2024-09-14,T,59.480645161290326
2024-09-15,D,58.987096774193546
2024-09-15,E,60.65483870967742
2024-09-15,N,57.038709677419355
2024-09-15,T,59.15161290322581
2024-09-16,D,61.76129032258064
2024-09-16,E,60.84838709677419
2024-09-16,N,54.854838709677416
2024-09-16,T,60.309677419354834
2024-09-17,D,62.358064516129026
2024-09-17,E,60.68064516129032
2024-09-17,N,55.196774193548386
2024-09-17,T,60.79354838709677
2024-09-18,D,62.44193548387097
2024-09-18,E,60.71612903225807
2024-09-18,N,54.87419354838709
2024-09-18,T,60.89354838709678
2024-09-19,D,63.47741935483871
2024-09-19,E,62.06774193548387
2024-09-19,N,54.58709677419355
2024-09-19,T,61.829032258064515
2024-09-20,D,62.29032258064516
2024-09-20,E,61.774193548387096
2024-09-20,N,55.73225806451613
2024-09-20,T,61.0516129032258
2024-09-21,D,60.89677419354839
2024-09-21,E,61.31290322580645
2024-09-21,N,56.83548387096774
2024-09-21,T,60.23548387096774
2024-09-22,D,59.774193548387096
2024-09-22,E,60.751612903225805
2024-09-22,N,56.83870967741935
2024-09-22,T,59.309677419354834
2024-09-23,D,62.593548387096774
2024-09-23,E,60.670967741935485
2024-09-23,N,54.31612903225806
2024-09-23,T,60.92903225806452
2024-09-24,D,62.903225806451616
2024-09-24,E,60.78064516129032
2024-09-24,N,54.50967741935484
2024-09-24,T,61.26129032258065
2024-09-25,D,62.696774193548386
2024-09-25,E,61.403225806451616
2024-09-25,N,54.696774193548386
2024-09-25,T,61.13548387096775
2024-09-26,D,64.10645161290323
2024-09-26,E,61.148387096774194
2024-09-26,N,55.770967741935486
2024-09-26,T,62.31612903225806
2024-09-27,D,62.70645161290323
2024-09-27,E,61.76451612903226
2024-09-27,N,55.29677419354839
2024-09-27,T,61.34193548387096
2024-09-28,D,60.65806451612904
2024-09-28,E,61.40967741935484
2024-09-28,N,56.88709677419355
2024-09-28,T,60.0258064516129
2024-09-29,D,59.58387096774193
2024-09-29,E,60.5258064516129
2024-09-29,N,56.81290322580645
2024-09-29,T,59.23548387096774
2024-09-30,D,62.329032258064515
2024-09-30,E,60.645161290322584
2024-09-30,N,55.10967741935484
2024-09-30,T,60.71612903225807
2024-10-01,D,63.619354838709675
2024-10-01,E,61.20967741935484
2024-10-01,N,54.49032258064516
2024-10-01,T,61.903225806451616
2024-10-02,D,63.306451612903224
2024-10-02,E,60.690322580645166
2024-10-02,N,54.34193548387096
2024-10-02,T,61.541935483870965
2024-10-03,D,63.10645161290322
2024-10-03,E,60.79677419354839
2024-10-03,N,54.97741935483871
2024-10-03,T,61.46774193548387
2024-10-04,D,62.248387096774195
2024-10-04,E,61.599999999999994
2024-10-04,N,55.019354838709674
2024-10-04,T,60.903225806451616
2024-10-05,D,60.94193548387097
2024-10-05,E,61.148387096774194
2024-10-05,N,56.41612903225807
2024-10-05,T,60.145161290322584
2024-10-06,D,59.832258064516125
2024-10-06,E,60.26451612903226
2024-10-06,N,56.65483870967742
2024-10-06,T,59.18709677419355
2024-10-07,D,63.53548387096774
2024-10-07,E,61.480645161290326
2024-10-07,N,54.270967741935486
2024-10-07,T,61.803225806451614
2024-10-08,D,63.63225806451613
2024-10-08,E,60.90967741935484
2024-10-08,N,54.96774193548387
2024-10-08,T,61.83870967741935
2024-10-09,D,64.35806451612903
2024-10-09,E,61.73225806451613
2024-10-09,N,55.093548387096774
2024-10-09,T,62.432258064516134
2024-10-10,D,63.84838709677419
2024-10-10,E,61.380645161290325
2024-10-10,N,55.34516129032258
2024-10-10,T,62.125806451612895
2024-10-11,D,62.825806451612905
2024-10-11,E,61.97741935483871
2024-10-11,N,55.99677419354839
2024-10-11,T,61.645161290322584
2024-10-12,D,62.42580645161291
2024-10-12,E,61.42580645161291
2024-10-12,N,58.34193548387096
2024-10-12,T,61.55806451612903
2024-10-13,D,60.44193548387097
2024-10-13,E,60.68387096774194
2024-10-13,N,57.061290322580646
2024-10-13,T,59.79032258064516
2024-10-14,D,63.403225806451616
2024-10-14,E,60.564516129032256
2024-10-14,N,55.17741935483871
2024-10-14,T,61.619354838709675
2024-10-15,D,62.906451612903226
2024-10-15,E,60.68709677419355
2024-10-15,N,54.561290322580646
2024-10-15,T,61.13548387096775
2024-10-16,D,64.11290322580645
2024-10-16,E,61.01935483870968
2024-10-16,N,57.41612903225807
2024-10-16,T,62.36451612903225
2024-10-17,D,64.26129032258065
2024-10-17,E,60.94516129032258
2024-10-17,N,57.05806451612903
2024-10-17,T,62.46451612903226
2024-10-18,D,63.329032258064515
2024-10-18,E,61.18387096774194
2024-10-18,N,55.88709677419355
2024-10-18,T,61.76129032258064
2024-10-19,D,61.29354838709677
2024-10-19,E,61.50322580645161
2024-10-19,N,56.33548387096774
2024-10-19,T,60.33548387096774
2024-10-20,D,59.987096774193546
2024-10-20,E,60.13870967741936
2024-10-20,N,56.11612903225806
2024-10-20,T,59.141935483870974
2024-10-21,D,62.958064516129035
2024-10-21,E,61.21612903225807
2024-10-21,N,55.17741935483871
2024-10-21,T,61.435483870967744
2024-10-22,D,62.95161290322581
2024-10-22,E,60.99032258064516
2024-10-22,N,54.65161290322581
2024-10-22,T,61.34516129032258
2024-10-23,D,62.67741935483871
2024-10-23,E,60.932258064516134
2024-10-23,N,55.29677419354839
2024-10-23,T,61.08709677419355
2024-10-24,D,62.54516129032258
2024-10-24,E,60.89032258064516
2024-10-24,N,54.90967741935484
2024-10-24,T,60.92258064516129
2024-10-25,D,62.24193548387097
2024-10-25,E,60.961290322580645
2024-10-25,N,55.50645161290323
2024-10-25,T,60.74516129032258
2024-10-26,D,61.225806451612904
2024-10-26,E,60.770967741935486
2024-10-26,N,56.42258064516129
2024-10-26,T,60.20322580645161
2024-10-27,D,60.58387096774193
2024-10-27,E,61.1741935483871
2024-10-27,N,56.79677419354839
2024-10-27,T,59.92903225806452
2024-10-28,D,62.645161290322584
2024-10-28,E,60.593548387096774
2024-10-28,N,56.12903225806452
2024-10-28,T,61.04516129032258
2024-10-29,D,64.54838709677419
2024-10-29,E,64.36774193548388
2024-10-29,N,55.23870967741936
2024-10-29,T,63.274193548387096
2024-10-30,D,63.41935483870968
2024-10-30,E,60.854838709677416
2024-10-30,N,59.41935483870968
2024-10-30,T,61.961290322580645
2024-10-31,D,62.78709677419355
2024-10-31,E,61.332258064516125
2024-10-31,N,55.34838709677419
2024-10-31,T,61.28387096774193
2024-11-01,D,60.63548387096775
2024-11-01,E,60.50967741935484
2024-11-01,N,59.37419354838709
2024-11-01,T,60.39354838709678
2024-11-02,D,60.58387096774193
2024-11-02,E,60.774193548387096
2024-11-02,N,55.458064516129035
2024-11-02,T,59.599999999999994
2024-11-03,D,60.00967741935484
2024-11-03,E,60.4483870967742
2024-11-03,N,55.9741935483871
2024-11-03,T,59.31612903225806
2024-11-04,D,62.41612903225807
2024-11-04,E,60.061290322580646
2024-11-04,N,54.87419354838709
2024-11-04,T,60.65806451612904
2024-11-05,D,62.770967741935486
2024-11-05,E,61.167741935483875
2024-11-05,N,54.84516129032258
2024-11-05,T,61.23225806451613
2024-11-06,D,62.81290322580645
2024-11-06,E,61.18387096774194
2024-11-06,N,55.49032258064516
2024-11-06,T,61.23225806451613
2024-11-07,D,62.65161290322581
2024-11-07,E,61.406451612903226
2024-11-07,N,55.596774193548384
2024-11-07,T,61.122580645161285
2024-11-08,D,62.79677419354839
2024-11-08,E,61.76451612903226
2024-11-08,N,55.903225806451616
2024-11-08,T,61.40967741935484
2024-11-09,D,61.26129032258064
2024-11-09,E,61.277419354838706
2024-11-09,N,56.55483870967742
2024-11-09,T,60.354838709677416
2024-11-10,D,60.25806451612903
2024-11-10,E,59.91290322580645
2024-11-10,N,56.596774193548384
2024-11-10,T,59.3258064516129
2024-11-11,D,63.03225806451613
2024-11-11,E,60.58064516129032
2024-11-11,N,55.099999999999994
2024-11-11,T,61.26451612903226
2024-11-12,D,62.68387096774194
2024-11-12,E,60.63548387096775
2024-11-12,N,54.980645161290326
2024-11-12,T,60.96774193548387
2024-11-13,D,64.16129032258064
2024-11-13,E,61.54838709677419
2024-11-13,N,55.22903225806452
2024-11-13,T,62.26129032258064
2024-11-14,D,63.10967741935484
2024-11-14,E,61.016129032258064
2024-11-14,N,55.37096774193548
2024-11-14,T,61.435483870967744
2024-11-15,D,63.4741935483871
2024-11-15,E,61.55483870967742
2024-11-15,N,55.62903225806452
2024-11-15,T,61.9741935483871
2024-11-16,D,61.05483870967742
2024-11-16,E,61.3258064516129
2024-11-16,N,56.770967741935486
2024-11-16,T,60.21290322580645
2024-11-17,D,61.019354838709674
2024-11-17,E,60.12580645161291
2024-11-17,N,56.87096774193548
2024-11-17,T,60.00645161290323
2024-11-18,D,62.45483870967742
2024-11-18,E,60.68387096774194
2024-11-18,N,55.33870967741935
2024-11-18,T,60.86774193548387
2024-11-19,D,62.88709677419355
2024-11-19,E,60.50322580645161
2024-11-19,N,55.31935483870968
2024-11-19,T,61.16129032258065
2024-11-20,D,62.81612903225806
2024-11-20,E,60.66451612903226
2024-11-20,N,55.04838709677419
2024-11-20,T,61.08387096774193
2024-11-21,D,63.26451612903226
2024-11-21,E,61.770967741935486
2024-11-21,N,55.34838709677419
2024-11-21,T,61.774193548387096
2024-11-22,D,62.8
2024-11-22,E,61.516129032258064
2024-11-22,N,56.39032258064516
2024-11-22,T,61.37419354838709
2024-11-23,D,61.45161290322581
2024-11-23,E,61.461290322580645
2024-11-23,N,56.75806451612903
2024-11-23,T,60.487096774193546
2024-11-24,D,60.851612903225806
2024-11-24,E,60.08709677419355
2024-11-24,N,56.806451612903224
2024-11-24,T,59.806451612903224
2024-11-25,D,63.31612903225806
2024-11-25,E,60.73548387096774
2024-11-25,N,55.248387096774195
2024-11-25,T,61.49354838709677
2024-11-26,D,63.274193548387096
2024-11-26,E,61.26129032258064
2024-11-26,N,55.39354838709678
2024-11-26,T,61.645161290322584
2024-11-27,D,62.99354838709677
2024-11-27,E,61.28387096774193
2024-11-27,N,55.79354838709677
2024-11-27,T,61.39032258064516
2024-11-28,D,63.08064516129032
2024-11-28,E,62.12903225806452
2024-11-28,N,56.17741935483871
2024-11-28,T,61.71612903225807
2024-11-29,D,62.89354838709678
2024-11-29,E,62.15806451612904
2024-11-29,N,56.748387096774195
2024-11-29,T,61.5774193548387
2024-11-30,D,61.49354838709677
2024-11-30,E,62.222580645161294
2024-11-30,N,57.277419354838706
2024-11-30,T,60.76451612903226
2024-12-01,D,61.08387096774193
2024-12-01,E,60.50967741935484
2024-12-01,N,57.31935483870968
2024-12-01,T,60.099999999999994
2024-12-02,D,62.54838709677419
2024-12-02,E,61.0258064516129
2024-12-02,N,55.02258064516129
2024-12-02,T,60.90967741935484
2024-12-03,D,62.961290322580645
2024-12-03,E,61.63870967741936
2024-12-03,N,55.49032258064516
2024-12-03,T,61.44193548387097
2024-12-04,D,62.725806451612904
2024-12-04,E,61.15806451612904
2024-12-04,N,55.73548387096774
2024-12-04,T,61.16129032258065
2024-12-05,D,62.89032258064516
2024-12-05,E,61.91935483870968
2024-12-05,N,55.751612903225805
2024-12-05,T,61.483870967741936
2024-12-06,D,60.68387096774194
2024-12-06,E,61.067741935483866
2024-12-06,N,56.29032258064516
2024-12-06,T,59.82258064516129
2024-12-07,D,61.309677419354834
2024-12-07,E,60.8
2024-12-07,N,55.961290322580645
2024-12-07,T,60.190322580645166
2024-12-08,D,60.21935483870968
2024-12-08,E,59.76774193548387
2024-12-08,N,56.519354838709674
2024-12-08,T,59.38387096774194
2024-12-09,D,62.229032258064514
2024-12-09,E,60.52903225806452
2024-12-09,N,54.94193548387097
2024-12-09,T,60.593548387096774
2024-12-10,D,62.877419354838715
2024-12-10,E,60.61612903225806
2024-12-10,N,55.145161290322584
2024-12-10,T,61.145161290322584
2024-12-11,D,63.380645161290325
2024-12-11,E,60.86129032258064
2024-12-11,N,55.16451612903226
2024-12-11,T,61.60322580645161
2024-12-12,D,62.91612903225807
2024-12-12,E,61.20967741935484
2024-12-12,N,55.66451612903226
2024-12-12,T,61.3
2024-12-13,D,63.641935483870974
2024-12-13,E,62.42258064516129
2024-12-13,N,56.75483870967742
2024-12-13,T,62.222580645161294
2024-12-14,D,61.774193548387096
2024-12-14,E,62.25806451612903
2024-12-14,N,57.90967741935484
2024-12-14,T,61.064516129032256
2024-12-15,D,61.648387096774194
2024-12-15,E,61.193548387096776
2024-12-15,N,57.95161290322581
2024-12-15,T,60.84838709677419
2024-12-16,D,63.50645161290323
2024-12-16,E,61.4741935483871
2024-12-16,N,55.61612903225806
2024-12-16,T,61.95483870967742
2024-12-17,D,63.79032258064516
2024-12-17,E,61.432258064516134
2024-12-17,N,55.7
2024-12-17,T,62.096774193548384
2024-12-18,D,63.354838709677416
2024-12-18,E,62.03548387096774
2024-12-18,N,56.13870967741936
2024-12-18,T,61.87096774193548
2024-12-19,D,63.04516129032258
2024-12-19,E,61.696774193548386
2024-12-19,N,56.23548387096774
2024-12-19,T,61.541935483870965
2024-12-20,D,63.248387096774195
2024-12-20,E,61.82258064516129
2024-12-20,N,57.00967741935484
2024-12-20,T,61.880645161290325
2024-12-21,D,61.751612903225805
2024-12-21,E,62.07419354838709
2024-12-21,N,57.832258064516125
2024-12-21,T,60.92903225806452
2024-12-22,D,61.222580645161294
2024-12-22,E,60.94193548387097
2024-12-22,N,57.32258064516129
2024-12-22,T,60.461290322580645
2024-12-23,D,62.39032258064516
2024-12-23,E,61.10645161290322
2024-12-23,N,55.46451612903226
2024-12-23,T,60.851612903225806
2024-12-24,D,61.89677419354839
2024-12-24,E,61.1
2024-12-24,N,55.596774193548384
2024-12-24,T,61.1741935483871
2024-12-25,D,59.13870967741936
2024-12-25,E,61.13870967741936
2024-12-25,N,58.858064516129026
2024-12-25,T,59.65806451612904
2024-12-26,D,62.512903225806454
2024-12-26,E,61.229032258064514
2024-12-26,N,55.0516129032258
2024-12-26,T,60.99354838709677
2024-12-27,D,61.92258064516129
2024-12-27,E,61.458064516129035
2024-12-27,N,55.770967741935486
2024-12-27,T,60.648387096774194
2024-12-28,D,61.145161290322584
2024-12-28,E,61.54838709677419
2024-12-28,N,56.648387096774194
2024-12-28,T,60.28709677419355
2024-12-29,D,60.39032258064516
2024-12-29,E,61.170967741935485
2024-12-29,N,56.59032258064516
2024-12-29,T,59.73225806451613
2024-12-30,D,62.31935483870967
2024-12-30,E,61.5516129032258
2024-12-30,N,55.70322580645161
2024-12-30,T,60.987096774193546
2024-12-31,D,61.55806451612903
2024-12-31,E,61.87096774193548
2024-12-31,N,55.89354838709678
2024-12-31,T,60.90967741935484
2025-01-01,D,59.21935483870968
2025-01-01,E,59.983870967741936
2025-01-01,N,65.58709677419355
2025-01-01,T,63.170967741935485
2025-01-02,D,62.16451612903226
2025-01-02,E,61.39032258064516
2025-01-02,N,54.980645161290326
2025-01-02,T,60.73548387096774
2025-01-03,D,62.37419354838709
2025-01-03,E,61.96451612903226
2025-01-03,N,55.722580645161294
2025-01-03,T,61.148387096774194
2025-01-04,D,61.44516129032258
2025-01-04,E,61.61290322580645
2025-01-04,N,56.03548387096774
2025-01-04,T,60.46774193548387
2025-01-05,D,61.690322580645166
2025-01-05,E,61.17741935483871
2025-01-05,N,55.56774193548387
2025-01-05,T,60.51290322580645
2025-01-06,D,61.26129032258064
2025-01-06,E,60.019354838709674
2025-01-06,N,56.7
2025-01-06,T,60.190322580645166
2025-01-07,D,62.21290322580645
2025-01-07,E,60.95161290322581
2025-01-07,N,55.18387096774194
2025-01-07,T,60.68709677419355
2025-01-08,D,63.270967741935486
2025-01-08,E,62.309677419354834
2025-01-08,N,54.809677419354834
2025-01-08,T,61.748387096774195
2025-01-09,D,63.31935483870968
2025-01-09,E,61.39677419354839
2025-01-09,N,55.983870967741936
2025-01-09,T,61.71290322580645
2025-01-10,D,62.274193548387096
2025-01-10,E,61.24516129032258
2025-01-10,N,55.541935483870965
2025-01-10,T,60.883870967741935
2025-01-11,D,61.277419354838706
2025-01-11,E,61.038709677419355
2025-01-11,N,56.619354838709675
2025-01-11,T,60.277419354838706
2025-01-12,D,60.61290322580645
2025-01-12,E,60.06129032258064
2025-01-12,N,56.28064516129032
2025-01-12,T,59.57419354838709
2025-01-13,D,62.87407407407407
2025-01-13,E,60.38148148148148
2025-01-13,N,55.25806451612903
2025-01-13,T,61.13103448275862
2025-01-14,D,62.2037037037037
2025-01-14,E,60.714814814814815
2025-01-14,N,54.22592592592592
2025-01-14,T,60.56296296296296
2025-01-15,D,62.65185185185185
2025-01-15,E,61.337037037037035
2025-01-15,N,55.214814814814815
2025-01-15,T,61.13703703703704
2025-01-16,D,62.65714285714286
2025-01-16,E,60.99032258064516
2025-01-16,N,55.78148148148148
2025-01-16,T,60.8962962962963
2025-01-17,D,63.383870967741935
2025-01-17,E,61.10333333333333
2025-01-17,N,56.02903225806452
2025-01-17,T,61.832258064516125
2025-01-18,D,61.04666666666667
2025-01-18,E,60.96666666666667
2025-01-18,N,56.666666666666664
2025-01-18,T,60.09
2025-01-19,D,60.39666666666667
2025-01-19,E,59.836666666666666
2025-01-19,N,56.5
2025-01-19,T,59.38
2025-01-20,D,64.0
2025-01-20,E,62.0258064516129
2025-01-20,N,55.38666666666666
2025-01-20,T,62.274193548387096
2025-01-21,D,64.71612903225807
2025-01-21,E,62.777419354838706
2025-01-21,N,57.067741935483866
2025-01-21,T,63.03548387096774
2025-01-22,D,64.40645161290323
2025-01-22,E,62.26774193548387
2025-01-22,N,56.961290322580645
2025-01-22,T,62.78387096774193
2025-01-23,D,64.04193548387097
2025-01-23,E,61.26129032258064
2025-01-23,N,58.36451612903225
2025-01-23,T,62.37419354838709
2025-01-24,D,63.196774193548386
2025-01-24,E,62.041935483870965
2025-01-24,N,56.10645161290322
2025-01-24,T,61.82258064516129
2025-01-25,D,61.97096774193548
2025-01-25,E,61.3516129032258
2025-01-25,N,56.71935483870968
2025-01-25,T,60.83548387096774
2025-01-26,D,60.91612903225807
2025-01-26,E,61.829032258064515
2025-01-26,N,56.92258064516129
2025-01-26,T,60.34838709677419
2025-01-27,D,64.33548387096775
2025-01-27,E,61.73548387096774
2025-01-27,N,57.593548387096774
2025-01-27,T,62.58064516129032
2025-01-28,D,63.18928571428571
2025-01-28,E,60.38928571428572
2025-01-28,N,56.0516129032258
2025-01-28,T,61.353571428571435
2025-01-29,D,64.26428571428572
2025-01-29,E,61.903571428571425
2025-01-29,N,54.542857142857144
2025-01-29,T,62.371428571428574
2025-01-30,D,62.857142857142854
2025-01-30,E,60.667857142857144
2025-01-30,N,55.98571428571428
2025-01-30,T,61.19642857142857
2025-01-31,D,62.589285714285715
2025-01-31,E,61.239285714285714
2025-01-31,N,55.489285714285714
2025-01-31,T,61.06071428571429
2025-02-01,D,61.30357142857143
2025-02-01,E,60.614285714285714
2025-02-01,N,56.38928571428572
2025-02-01,T,60.128571428571426
2025-02-02,D,60.30357142857143
2025-02-02,E,59.68214285714286
2025-02-02,N,56.417857142857144
2025-02-02,T,59.346428571428575
2025-02-03,D,62.6
2025-02-03,E,60.660714285714285
2025-02-03,N,54.85
2025-02-03,T,61.017857142857146
2025-02-04,D,62.44285714285714
2025-02-04,E,61.19642857142857
2025-02-04,N,54.82857142857143
2025-02-04,T,60.721428571428575
2025-02-05,D,63.03928571428571
2025-02-05,E,61.232142857142854
2025-02-05,N,55.982142857142854
2025-02-05,T,61.43571428571429
2025-02-06,D,63.29642857142857
2025-02-06,E,61.66428571428571
2025-02-06,N,56.107142857142854
2025-02-06,T,61.69285714285714
2025-02-07,D,64.64285714285714
2025-02-07,E,62.607142857142854
2025-02-07,N,56.28928571428571
2025-02-07,T,62.95
2025-02-08,D,62.50714285714286
2025-02-08,E,62.017857142857146
2025-02-08,N,58.4
2025-02-08,T,61.61785714285714
2025-02-09,D,61.46071428571429
2025-02-09,E,60.667857142857144
2025-02-09,N,57.892857142857146
2025-02-09,T,60.46071428571429
2025-02-10,D,63.61071428571428
2025-02-10,E,60.896428571428565
2025-02-10,N,55.59285714285714
2025-02-10,T,61.81428571428571
2025-02-11,D,63.01935483870968
2025-02-11,E,62.55806451612903
2025-02-11,N,55.53928571428571
2025-02-11,T,61.94516129032258
2025-02-12,D,63.24285714285714
2025-02-12,E,60.114285714285714
2025-02-12,N,57.70967741935484
2025-02-12,T,61.52142857142858
2025-02-13,D,62.646428571428565
2025-02-13,E,60.42142857142857
2025-02-13,N,55.175000000000004
2025-02-13,T,60.96785714285714
2025-02-14,D,62.89354838709678
2025-02-14,E,61.62903225806452
2025-02-14,N,55.285714285714285
2025-02-14,T,60.93928571428571
2025-02-15,D,60.89354838709678
2025-02-15,E,61.25483870967742
2025-02-15,N,57.08387096774193
2025-02-15,T,60.164516129032265
2025-02-16,D,60.148387096774194
2025-02-16,E,60.461290322580645
2025-02-16,N,56.54516129032258
2025-02-16,T,59.49677419354839
2025-02-17,D,62.777419354838706
2025-02-17,E,60.5258064516129
2025-02-17,N,54.74193548387097
2025-02-17,T,61.03225806451613
2025-02-18,D,62.88387096774194
2025-02-18,E,60.616129032258065
2025-02-18,N,55.016129032258064
2025-02-18,T,61.167741935483875
2025-02-19,D,62.458064516129035
2025-02-19,E,60.78709677419355
2025-02-19,N,54.803225806451614
2025-02-19,T,60.88709677419355
2025-02-20,D,62.86129032258064
2025-02-20,E,60.906451612903226
2025-02-20,N,56.2
2025-02-20,T,61.277419354838706
2025-02-21,D,62.70322580645161
2025-02-21,E,61.34193548387096
2025-02-21,N,55.99032258064516
2025-02-21,T,61.29354838709677
2025-02-22,D,61.309677419354834
2025-02-22,E,60.745161290322585
2025-02-22,N,57.622580645161285
2025-02-22,T,60.36774193548387
2025-02-23,D,60.36451612903225
2025-02-23,E,60.13548387096775
2025-02-23,N,56.4483870967742
2025-02-23,T,59.4483870967742
2025-02-24,D,62.73571428571428
2025-02-24,E,60.41428571428572
2025-02-24,N,54.858064516129026
2025-02-24,T,60.978571428571435
2025-02-25,D,63.18214285714286
2025-02-25,E,61.34074074074074
2025-02-25,N,55.29642857142857
2025-02-25,T,61.542857142857144
2025-02-26,D,62.42903225806452
2025-02-26,E,60.96451612903226
2025-02-26,N,55.285185185185185
2025-02-26,T,61.214814814814815
2025-02-27,D,63.38709677419355
2025-02-27,E,61.458064516129035
2025-02-27,N,55.148387096774194
2025-02-27,T,61.68387096774194
2025-02-28,D,62.593548387096774
2025-02-28,E,61.02903225806452
2025-02-28,N,56.400000000000006
2025-02-28,T,61.08709677419355
2025-03-01,D,62.599999999999994
2025-03-01,E,63.33548387096774
2025-03-01,N,57.17741935483871
2025-03-01,T,61.75806451612903
2025-03-02,D,62.90333333333333
2025-03-02,E,62.21290322580645
2025-03-02,N,58.829032258064515
2025-03-02,T,61.81935483870968
2025-03-03,D,63.9483870967742
2025-03-03,E,62.0258064516129
2025-03-03,N,57.58064516129032
2025-03-03,T,62.34838709677419
2025-03-04,D,63.58387096774193
2025-03-04,E,61.78387096774193
2025-03-04,N,57.519354838709674
2025-03-04,T,62.10967741935484
2025-03-05,D,63.76428571428572
2025-03-05,E,62.18571428571429
2025-03-05,N,57.64666666666667
2025-03-05,T,62.30714285714286
2025-03-06,D,64.73214285714286
2025-03-06,E,64.06428571428572
2025-03-06,N,58.232142857142854
2025-03-06,T,63.42142857142857
2025-03-07,D,65.46785714285714
2025-03-07,E,63.528571428571425
2025-03-07,N,57.31428571428571
2025-03-07,T,63.75
2025-03-08,D,64.425
2025-03-08,E,63.52142857142858
2025-03-08,N,59.521428571428565
2025-03-08,T,63.278571428571425
2025-03-09,D,61.878571428571426
2025-03-09,E,62.36785714285714
2025-03-09,N,58.625
2025-03-09,T,61.142857142857146
2025-03-10,D,63.7
2025-03-10,E,64.0741935483871
2025-03-10,N,56.73571428571428
2025-03-10,T,62.76206896551724
2025-03-11,D,64.86129032258064
2025-03-11,E,61.377419354838715
2025-03-11,N,57.561290322580646
2025-03-11,T,62.99354838709677
2025-03-12,D,63.21290322580645
2025-03-12,E,60.89677419354839
2025-03-12,N,55.92580645161291
2025-03-12,T,61.57419354838709
2025-03-13,D,63.24193548387097
2025-03-13,E,63.23870967741936
2025-03-13,N,56.17741935483871
2025-03-13,T,62.08064516129032
2025-03-14,D,63.02903225806452
2025-03-14,E,61.358064516129026
2025-03-14,N,57.725806451612904
2025-03-14,T,61.58709677419355
2025-03-15,D,61.62580645161291
2025-03-15,E,60.39354838709678
2025-03-15,N,56.68387096774194
2025-03-15,T,60.44193548387097
2025-03-16,D,60.88709677419355
2025-03-16,E,60.119354838709675
2025-03-16,N,57.33548387096774
2025-03-16,T,60.096774193548384
2025-03-17,D,63.84285714285714
2025-03-17,E,61.396428571428565
2025-03-17,N,55.18064516129032
2025-03-17,T,62.03214285714286
2025-03-18,D,65.475
2025-03-18,E,62.00714285714286
2025-03-18,N,58.050000000000004
2025-03-18,T,63.55357142857143
2025-03-19,D,63.160714285714285
2025-03-19,E,61.30714285714286
2025-03-19,N,55.83571428571429
2025-03-19,T,61.5
2025-03-20,D,63.31071428571429
2025-03-20,E,65.05357142857143
2025-03-20,N,55.721428571428575
2025-03-20,T,62.635714285714286
2025-03-21,D,64.36071428571428
2025-03-21,E,63.621428571428574
2025-03-21,N,58.28214285714286
2025-03-21,T,63.082142857142856
2025-03-22,D,62.225
2025-03-22,E,61.728571428571435
2025-03-22,N,58.69285714285714
2025-03-22,T,61.25714285714286
2025-03-23,D,60.93214285714286
2025-03-23,E,59.978571428571435
2025-03-23,N,57.84285714285714
2025-03-23,T,60.074999999999996
2025-03-24,D,63.096428571428575
2025-03-24,E,62.87
2025-03-24,N,55.232142857142854
2025-03-24,T,61.614285714285714
2025-03-25,D,63.09
2025-03-25,E,61.123333333333335
2025-03-25,N,56.06333333333334
2025-03-25,T,61.443333333333335
2025-03-26,D,63.376666666666665
2025-03-26,E,60.68333333333333
2025-03-26,N,55.34
2025-03-26,T,61.35333333333333
2025-03-27,D,62.73103448275862
2025-03-27,E,61.37931034482759
2025-03-27,N,55.59
2025-03-27,T,61.206896551724135
2025-03-28,D,62.690000000000005
2025-03-28,E,61.832258064516125
2025-03-28,N,56.19655172413793
2025-03-28,T,61.46666666666667
2025-03-29,D,61.038709677419355
2025-03-29,E,61.5774193548387
2025-03-29,N,56.729032258064514
2025-03-29,T,60.329032258064515
2025-03-30,D,59.91290322580645
2025-03-30,E,60.53225806451613
2025-03-30,N,56.62903225806452
2025-03-30,T,59.39032258064516
2025-03-31,D,62.08571428571429
2025-03-31,E,61.08571428571429
2025-03-31,N,55.23548387096774
2025-03-31,T,60.603571428571435
2025-04-01,D,62.32857142857143
2025-04-01,E,61.625
2025-04-01,N,54.92142857142857
2025-04-01,T,60.878571428571426
2025-04-02,D,62.10645161290322
2025-04-02,E,61.20967741935484
2025-04-02,N,55.021428571428565
2025-04-02,T,60.73548387096774
2025-04-03,D,65.65483870967742
2025-04-03,E,62.30967741935484
2025-04-03,N,58.487096774193546
2025-04-03,T,63.79677419354839
2025-04-04,D,64.2
2025-04-04,E,61.94193548387097
2025-04-04,N,56.690322580645166
2025-04-04,T,62.50645161290323
2025-04-05,D,61.403225806451616
2025-04-05,E,61.332258064516125
2025-04-05,N,58.63548387096775
2025-04-05,T,60.670967741935485
2025-04-06,D,61.067741935483866
2025-04-06,E,60.512903225806454
2025-04-06,N,56.65806451612904
2025-04-06,T,60.08064516129032
2025-04-07,D,62.23548387096774
2025-04-07,E,61.2
2025-04-07,N,55.13225806451613
2025-04-07,T,60.79354838709677
2025-04-08,D,62.68709677419355
2025-04-08,E,61.34193548387096
2025-04-08,N,55.02258064516129
2025-04-08,T,61.141935483870974
2025-04-09,D,62.541935483870965
2025-04-09,E,61.00322580645161
2025-04-09,N,55.36774193548387
2025-04-09,T,60.95161290322581
2025-04-10,D,62.74516129032258
2025-04-10,E,61.9483870967742
2025-04-10,N,55.190322580645166
2025-04-10,T,61.29677419354839
2025-04-11,D,63.17741935483871
2025-04-11,E,61.65806451612904
2025-04-11,N,55.809677419354834
2025-04-11,T,61.57419354838709
2025-04-12,D,61.20322580645161
2025-04-12,E,61.00645161290323
2025-04-12,N,57.29677419354839
2025-04-12,T,60.31290322580645
2025-04-13,D,60.167741935483875
2025-04-13,E,60.122580645161285
2025-04-13,N,56.061290322580646
2025-04-13,T,59.28387096774193
2025-04-14,D,62.70967741935484
2025-04-14,E,61.170967741935485
2025-04-14,N,54.6741935483871
2025-04-14,T,61.148387096774194
2025-04-15,D,62.432258064516134
2025-04-15,E,60.932258064516134
2025-04-15,N,56.40967741935484
2025-04-15,T,60.99677419354839
2025-04-16,D,61.75806451612903
2025-04-16,E,61.68064516129032
2025-04-16,N,55.2
2025-04-16,T,60.65806451612904
2025-04-17,D,59.75806451612903
2025-04-17,E,59.81935483870968
2025-04-17,N,56.75483870967742
2025-04-17,T,59.016129032258064
2025-04-18,D,59.29677419354839
2025-04-18,E,62.190322580645166
2025-04-18,N,54.20322580645161
2025-04-18,T,59.10967741935484
2025-04-19,D,60.270967741935486
2025-04-19,E,60.351612903225806
2025-04-19,N,56.24193548387097
2025-04-19,T,59.44193548387097
2025-04-20,D,59.39677419354839
2025-04-20,E,60.2
2025-04-20,N,55.961290322580645
2025-04-20,T,58.79677419354839
2025-04-21,D,61.550000000000004
2025-04-21,E,60.775
2025-04-21,N,55.28387096774193
2025-04-21,T,60.16428571428571
2025-04-22,D,62.239285714285714
2025-04-22,E,61.55555555555556
2025-04-22,N,55.300000000000004
2025-04-22,T,60.785714285714285
2025-04-23,D,62.25925925925926
2025-04-23,E,61.992592592592594
2025-04-23,N,55.718518518518515
2025-04-23,T,60.992592592592594
2025-04-24,D,63.13703703703704
2025-04-24,E,62.12592592592593
2025-04-24,N,56.02222222222222
2025-04-24,T,61.733333333333334
2025-04-25,D,62.769999999999996
2025-04-25,E,62.16129032258065
2025-04-25,N,56.339285714285715
2025-04-25,T,61.707142857142856
2025-04-26,D,60.729032258064514
2025-04-26,E,61.07741935483871
2025-04-26,N,56.751612903225805
2025-04-26,T,59.92903225806452
2025-04-27,D,61.777419354838706
2025-04-27,E,60.96774193548387
2025-04-27,N,56.57419354838709
2025-04-27,T,60.75806451612903
2025-04-28,D,63.763333333333335
2025-04-28,E,61.676923076923075
2025-04-28,N,54.932258064516134
2025-04-28,T,61.932258064516134
2025-04-29,D,63.2
2025-04-29,E,61.31612903225806
2025-04-29,N,55.833333333333336
2025-04-29,T,61.644
2025-04-30,D,62.33870967741935
2025-04-30,E,62.122580645161285
2025-04-30,N,55.55806451612903
2025-04-30,T,61.18387096774194
2025-05-01,D,60.20645161290323
2025-05-01,E,60.45483870967742
2025-05-01,N,57.73225806451613
2025-05-01,T,59.60645161290322
2025-05-02,D,63.70967741935484
2025-05-02,E,61.66129032258065
2025-05-02,N,60.84193548387096
2025-05-02,T,63.25806451612903
2025-05-03,D,59.877419354838715
2025-05-03,E,60.87419354838709
2025-05-03,N,57.196774193548386
2025-05-03,T,59.37419354838709
2025-05-04,D,60.50645161290323
2025-05-04,E,60.12903225806452
2025-05-04,N,55.73548387096774
2025-05-04,T,59.45483870967742
2025-05-05,D,63.035483870967745
2025-05-05,E,61.65483870967742
2025-05-05,N,54.983870967741936
2025-05-05,T,61.483870967741936
2025-05-06,D,62.483870967741936
2025-05-06,E,61.21333333333333
2025-05-06,N,55.28709677419355
2025-05-06,T,60.9741935483871
2025-05-07,D,62.58709677419355
2025-05-07,E,61.351612903225806
2025-05-07,N,55.68333333333333
2025-05-07,T,61.18709677419355
2025-05-08,D,62.593548387096774
2025-05-08,E,61.44516129032258
2025-05-08,N,55.08709677419355
2025-05-08,T,61.07419354838709
2025-05-09,D,63.02903225806451
2025-05-09,E,62.248387096774195
2025-05-09,N,55.38387096774194
2025-05-09,T,61.71290322580645
2025-05-10,D,61.73225806451613
2025-05-10,E,61.6741935483871
2025-05-10,N,57.07096774193548
2025-05-10,T,60.86451612903225
2025-05-11,D,60.4483870967742
2025-05-11,E,60.46451612903226
2025-05-11,N,57.33870967741935
2025-05-11,T,59.73225806451613
2025-05-12,D,62.38214285714286
2025-05-12,E,60.346428571428575
2025-05-12,N,54.99354838709677
2025-05-12,T,60.78
2025-05-13,D,62.46785714285715
2025-05-13,E,60.982142857142854
2025-05-13,N,54.725
2025-05-13,T,61.05714285714286
2025-05-14,D,62.81071428571429
2025-05-14,E,62.975
2025-05-14,N,55.00714285714286
2025-05-14,T,61.78214285714286
2025-05-15,D,61.096428571428575
2025-05-15,E,61.346428571428575
2025-05-15,N,56.771428571428565
2025-05-15,T,60.324999999999996
2025-05-16,D,62.09
2025-05-16,E,61.36451612903225
2025-05-16,N,56.753571428571426
2025-05-16,T,61.36
2025-05-17,D,60.49677419354839
2025-05-17,E,61.18387096774194
2025-05-17,N,56.964516129032255
2025-05-17,T,60.016129032258064
2025-05-18,D,60.02903225806452
2025-05-18,E,60.07096774193548
2025-05-18,N,56.34838709677419
2025-05-18,T,59.20322580645161
2025-05-19,D,62.480645161290326
2025-05-19,E,60.89032258064516
2025-05-19,N,54.42580645161291
2025-05-19,T,60.858064516129026
2025-05-20,D,63.15483870967742
2025-05-20,E,60.99677419354839
2025-05-20,N,55.57419354838709
2025-05-20,T,61.71612903225807
2025-05-21,D,63.041935483870965
2025-05-21,E,61.03225806451613
2025-05-21,N,55.62580645161291
2025-05-21,T,61.42258064516129
2025-05-22,D,62.167741935483875
2025-05-22,E,61.141935483870974
2025-05-22,N,55.748387096774195
2025-05-22,T,60.99677419354839
2025-05-23,D,62.44516129032258
2025-05-23,E,61.74516129032258
2025-05-23,N,56.28709677419355
2025-05-23,T,61.39354838709678
2025-05-24,D,61.019354838709674
2025-05-24,E,61.50645161290323
2025-05-24,N,56.480645161290326
2025-05-24,T,60.31290322580645
2025-05-25,D,60.00645161290323
2025-05-25,E,60.04516129032258
2025-05-25,N,56.512903225806454
2025-05-25,T,59.15806451612904
2025-05-26,D,61.76451612903226
2025-05-26,E,60.519354838709674
2025-05-26,N,54.99032258064516
2025-05-26,T,60.306451612903224
2025-05-27,D,62.28064516129032
2025-05-27,E,61.016129032258064
2025-05-27,N,55.08387096774193
2025-05-27,T,60.76451612903226
2025-05-28,D,62.16451612903226
2025-05-28,E,61.225806451612904
2025-05-28,N,55.380645161290325
2025-05-28,T,60.81935483870968
2025-05-29,D,62.690322580645166
2025-05-29,E,61.29354838709677
2025-05-29,N,55.47741935483871
2025-05-29,T,61.248387096774195
2025-05-30,D,62.0258064516129
2025-05-30,E,61.858064516129026
2025-05-30,N,56.71290322580645
2025-05-30,T,60.961290322580645
2025-05-31,D,60.58064516129032
2025-05-31,E,61.44516129032258
2025-05-31,N,57.099999999999994
2025-05-31,T,60.145161290322584
2025-06-01,D,59.60322580645161
2025-06-01,E,60.461290322580645
2025-06-01,N,56.81612903225806
2025-06-01,T,59.096774193548384
2025-06-02,D,61.79354838709677
2025-06-02,E,60.806451612903224
2025-06-02,N,55.42580645161291
2025-06-02,T,60.487096774193546
2025-06-03,D,62.50645161290323
2025-06-03,E,61.41935483870968
2025-06-03,N,55.39032258064516
2025-06-03,T,61.21935483870968
2025-06-04,D,62.12903225806452
2025-06-04,E,61.2
2025-06-04,N,55.251612903225805
2025-06-04,T,60.70322580645161
2025-06-05,D,61.774193548387096
2025-06-05,E,61.36129032258064
2025-06-05,N,55.251612903225805
2025-06-05,T,60.49677419354839
2025-06-06,D,62.42903225806452
2025-06-06,E,61.50322580645161
2025-06-06,N,55.91612903225807
2025-06-06,T,61.10645161290322
2025-06-07,D,60.164516129032265
2025-06-07,E,61.65483870967742
2025-06-07,N,56.696774193548386
2025-06-07,T,60.012903225806454
2025-06-08,D,59.987096774193546
2025-06-08,E,60.277419354838706
2025-06-08,N,57.58064516129032
2025-06-08,T,59.60322580645161
2025-06-09,D,61.65806451612903
2025-06-09,E,60.92903225806452
2025-06-09,N,55.18709677419355
2025-06-09,T,60.31290322580645
2025-06-10,D,62.067741935483866
2025-06-10,E,60.84838709677419
2025-06-10,N,54.880645161290325
2025-06-10,T,60.63548387096775
2025-06-11,D,63.0258064516129
2025-06-11,E,63.08064516129032
2025-06-11,N,55.42258064516129
2025-06-11,T,61.75806451612903
2025-06-12,D,62.32258064516129
2025-06-12,E,61.50645161290323
2025-06-12,N,55.91290322580645
2025-06-12,T,61.0
2025-06-13,D,62.13870967741936
2025-06-13,E,61.65806451612904
2025-06-13,N,56.34838709677419
2025-06-13,T,60.958064516129035
2025-06-14,D,60.851612903225806
2025-06-14,E,61.225806451612904
2025-06-14,N,57.24193548387097
2025-06-14,T,60.26451612903226
2025-06-15,D,59.39354838709678
2025-06-15,E,60.79354838709677
2025-06-15,N,56.97741935483871
2025-06-15,T,59.24516129032258
2025-06-16,D,62.04838709677419
2025-06-16,E,61.483870967741936
2025-06-16,N,55.76129032258064
2025-06-16,T,60.79354838709677
2025-06-17,D,62.4483870967742
2025-06-17,E,61.170967741935485
2025-06-17,N,55.512903225806454
2025-06-17,T,60.958064516129035
2025-06-18,D,62.148387096774194
2025-06-18,E,61.42258064516129
2025-06-18,N,55.84193548387096
2025-06-18,T,60.81612903225806
2025-06-19,D,62.34516129032258
2025-06-19,E,61.92903225806452
2025-06-19,N,55.67741935483871
2025-06-19,T,61.1741935483871
2025-06-20,D,62.23548387096774
2025-06-20,E,62.03548387096774
2025-06-20,N,56.46774193548387
2025-06-20,T,61.167741935483875
2025-06-21,D,60.093548387096774
2025-06-21,E,62.17741935483871
2025-06-21,N,57.16451612903226
2025-06-21,T,60.04516129032258
2025-06-22,D,59.33548387096774
2025-06-22,E,60.932258064516134
2025-06-22,N,57.2
2025-06-22,T,59.196774193548386
2025-06-23,D,61.92258064516129
2025-06-23,E,61.24516129032258
2025-06-23,N,55.02903225806452
2025-06-23,T,60.54838709677419
2025-06-24,D,62.25483870967742
2025-06-24,E,61.96451612903226
2025-06-24,N,55.50322580645161
2025-06-24,T,60.99354838709677
2025-06-25,D,62.23548387096774
2025-06-25,E,61.667741935483875
2025-06-25,N,55.74516129032258
2025-06-25,T,60.97096774193548
2025-06-26,D,62.67741935483871
2025-06-26,E,61.89677419354839
2025-06-26,N,56.20645161290323
2025-06-26,T,61.351612903225806
2025-06-27,D,61.92258064516129
2025-06-27,E,61.60967741935484
2025-06-27,N,56.65483870967742
2025-06-27,T,60.854838709677416
2025-06-28,D,60.23548387096774
2025-06-28,E,61.38387096774194
2025-06-28,N,57.248387096774195
2025-06-28,T,59.89354838709678
2025-06-29,D,59.729032258064514
2025-06-29,E,61.34516129032258
2025-06-29,N,57.04838709677419
2025-06-29,T,59.52903225806452
2025-06-30,D,62.58709677419355
2025-06-30,E,61.50645161290323
2025-06-30,N,56.02903225806452
2025-06-30,T,61.18064516129032
2025-07-01,D,63.016129032258064
2025-07-01,E,61.60967741935484
2025-07-01,N,55.81612903225806
2025-07-01,T,61.538709677419355
2025-07-02,D,62.648387096774194
2025-07-02,E,62.751612903225805
2025-07-02,N,56.04838709677419
2025-07-02,T,61.65161290322581
2025-07-03,D,63.25483870967742
2025-07-03,E,62.96451612903226
2025-07-03,N,56.487096774193546
2025-07-03,T,62.1741935483871
2025-07-04,D,63.81935483870968
2025-07-04,E,62.483870967741936
2025-07-04,N,58.26451612903226
2025-07-04,T,62.645161290322584
2025-07-05,D,61.25806451612903
2025-07-05,E,62.480645161290326
2025-07-05,N,58.36774193548386
2025-07-05,T,61.46774193548387
2025-07-06,D,60.39032258064516
2025-07-06,E,61.487096774193546
2025-07-06,N,58.406451612903226
2025-07-06,T,60.303225806451614
2025-07-07,D,62.167741935483875
2025-07-07,E,61.38387096774194
2025-07-07,N,55.751612903225805
2025-07-07,T,60.83548387096774
2025-07-08,D,62.670967741935485
2025-07-08,E,61.622580645161285
2025-07-08,N,56.599999999999994
2025-07-08,T,61.306451612903224
2025-07-09,D,62.45483870967742
2025-07-09,E,61.622580645161285
2025-07-09,N,55.461290322580645
2025-07-09,T,61.016129032258064
2025-07-10,D,62.53548387096774
2025-07-10,E,61.432258064516134
2025-07-10,N,55.874193548387105
2025-07-10,T,61.20322580645161
2025-07-11,D,62.145161290322584
2025-07-11,E,60.81935483870968
2025-07-11,N,56.36774193548387
2025-07-11,T,60.81612903225806
2025-07-12,D,59.84838709677419
2025-07-12,E,60.599999999999994
2025-07-12,N,56.222580645161294
2025-07-12,T,59.270967741935486
2025-07-13,D,59.74193548387097
2025-07-13,E,60.05161290322581
2025-07-13,N,55.987096774193546
2025-07-13,T,59.05483870967742
2025-07-14,D,61.964516129032255
2025-07-14,E,60.858064516129026
2025-07-14,N,55.170967741935485
2025-07-14,T,60.564516129032256
2025-07-15,D,63.04838709677419
2025-07-15,E,61.26774193548387
2025-07-15,N,55.16451612903226
2025-07-15,T,61.58064516129032
2025-07-16,D,62.193548387096776
2025-07-16,E,61.167741935483875
2025-07-16,N,55.57419354838709
2025-07-16,T,60.829032258064515
2025-07-17,D,62.438709677419354
2025-07-17,E,60.91612903225807
2025-07-17,N,55.81935483870968
2025-07-17,T,60.935483870967744
2025-07-18,D,62.03548387096774
2025-07-18,E,60.932258064516134
2025-07-18,N,55.777419354838706
2025-07-18,T,60.75806451612903
2025-07-19,D,59.84838709677419
2025-07-19,E,60.4483870967742
2025-07-19,N,55.79677419354839
2025-07-19,T,59.28387096774193
2025-07-20,D,59.26129032258064
2025-07-20,E,60.81612903225806
2025-07-20,N,56.064516129032256
2025-07-20,T,58.980645161290326
2025-07-21,D,61.65483870967742
2025-07-21,E,60.89032258064516
2025-07-21,N,55.1741935483871
2025-07-21,T,60.438709677419354
2025-07-22,D,62.21290322580645
2025-07-22,E,60.53225806451613
2025-07-22,N,54.774193548387096
2025-07-22,T,60.70967741935484
2025-07-23,D,62.12580645161291
2025-07-23,E,60.938709677419354
2025-07-23,N,55.190322580645166
2025-07-23,T,60.73225806451613
2025-07-24,D,62.222580645161294
2025-07-24,E,61.12580645161291
2025-07-24,N,56.15806451612904
2025-07-24,T,60.935483870967744
2025-07-25,D,59.08387096774193
2025-07-25,E,60.277419354838706
2025-07-25,N,55.9741935483871
2025-07-25,T,58.6741935483871
2025-07-26,D,58.71935483870968
2025-07-26,E,59.89032258064516
2025-07-26,N,55.36451612903225
2025-07-26,T,58.31612903225806
2025-07-27,D,58.39677419354839
2025-07-27,E,59.79677419354839
2025-07-27,N,55.10967741935484
2025-07-27,T,58.016129032258064
2025-07-28,D,61.10645161290322
2025-07-28,E,61.07096774193548
2025-07-28,N,55.196774193548386
2025-07-28,T,60.05483870967742
2025-07-29,D,61.516129032258064
2025-07-29,E,60.567741935483866
2025-07-29,N,55.70322580645161
2025-07-29,T,60.18709677419355
2025-07-30,D,61.31612903225806
2025-07-30,E,60.78709677419355
2025-07-30,N,55.54516129032258
2025-07-30,T,60.07096774193548
2025-07-31,D,61.619354838709675
2025-07-31,E,60.81935483870968
2025-07-31,N,55.49032258064516
2025-07-31,T,60.34838709677419
2025-08-01,D,61.28387096774193
2025-08-01,E,60.487096774193546
2025-08-01,N,55.809677419354834
2025-08-01,T,60.05806451612903
2025-08-02,D,59.061290322580646
2025-08-02,E,59.57419354838709
2025-08-02,N,55.541935483870965
2025-08-02,T,58.34516129032258
2025-08-03,D,58.36129032258064
2025-08-03,E,59.79677419354839
2025-08-03,N,55.31935483870968
2025-08-03,T,58.016129032258064
2025-08-04,D,60.78387096774193
2025-08-04,E,59.79354838709677
2025-08-04,N,54.46451612903226
2025-08-04,T,59.36451612903225
2025-08-05,D,61.05806451612903
2025-08-05,E,60.145161290322584
2025-08-05,N,54.52903225806452
2025-08-05,T,59.693548387096776
2025-08-06,D,60.88387096774194
2025-08-06,E,59.97741935483871
2025-08-06,N,54.73225806451613
2025-08-06,T,59.58709677419355
2025-08-07,D,61.08709677419355
2025-08-07,E,60.067741935483866
2025-08-07,N,54.774193548387096
2025-08-07,T,59.73870967741936
2025-08-08,D,60.670967741935485
2025-08-08,E,59.96451612903226
2025-08-08,N,54.932258064516134
2025-08-08,T,59.49354838709677
2025-08-09,D,58.809677419354834
2025-08-09,E,59.58709677419355
2025-08-09,N,55.012903225806454
2025-08-09,T,58.248387096774195
2025-08-10,D,58.193548387096776
2025-08-10,E,59.400000000000006
2025-08-10,N,54.92903225806452
2025-08-10,T,57.777419354838706
2025-08-11,D,60.63870967741936
2025-08-11,E,60.016129032258064
2025-08-11,N,54.18387096774194
2025-08-11,T,59.33548387096774
2025-08-12,D,60.938709677419354
2025-08-12,E,59.75483870967742
2025-08-12,N,54.15161290322581
2025-08-12,T,59.4741935483871
2025-08-13,D,60.858064516129026
2025-08-13,E,59.564516129032256
2025-08-13,N,54.18709677419355
2025-08-13,T,59.403225806451616
2025-08-14,D,60.851612903225806
2025-08-14,E,59.81612903225806
2025-08-14,N,54.332258064516125
2025-08-14,T,59.47096774193548
2025-08-15,D,58.29354838709677
2025-08-15,E,59.34193548387096
2025-08-15,N,54.34193548387096
2025-08-15,T,57.770967741935486
2025-08-16,D,58.45483870967742
2025-08-16,E,59.248387096774195
2025-08-16,N,54.8258064516129
2025-08-16,T,57.83870967741935
2025-08-17,D,58.038709677419355
2025-08-17,E,58.980645161290326
2025-08-17,N,54.21612903225807
2025-08-17,T,57.44516129032258
2025-08-18,D,60.274193548387096
2025-08-18,E,59.12580645161291
2025-08-18,N,54.403225806451616
2025-08-18,T,58.906451612903226
2025-08-19,D,60.68709677419355
2025-08-19,E,59.648387096774194
2025-08-19,N,54.00967741935484
2025-08-19,T,59.306451612903224
2025-08-20,D,60.57419354838709
2025-08-20,E,59.81290322580645
2025-08-20,N,54.57419354838709
2025-08-20,T,59.32258064516129
2025-08-21,D,60.83548387096774
2025-08-21,E,59.66451612903226
2025-08-21,N,54.690322580645166
2025-08-21,T,59.519354838709674
2025-08-22,D,60.480645161290326
2025-08-22,E,60.061290322580646
2025-08-22,N,55.25483870967742
2025-08-22,T,59.403225806451616
2025-08-23,D,58.561290322580646
2025-08-23,E,59.8
2025-08-23,N,54.81290322580645
2025-08-23,T,58.07096774193548
2025-08-24,D,57.89032258064516
2025-08-24,E,59.274193548387096
2025-08-24,N,55.03548387096774
2025-08-24,T,57.61612903225806
2025-08-25,D,60.803225806451614
2025-08-25,E,59.89677419354839
2025-08-25,N,54.74193548387097
2025-08-25,T,59.512903225806454
2025-08-26,D,61.13225806451613
2025-08-26,E,59.99032258064516
2025-08-26,N,54.65483870967742
2025-08-26,T,59.693548387096776
2025-08-27,D,61.751612903225805
2025-08-27,E,60.04516129032258
2025-08-27,N,54.483870967741936
2025-08-27,T,60.28064516129032
2025-08-28,D,61.26129032258065
2025-08-28,E,60.39354838709678
2025-08-28,N,54.57096774193548
2025-08-28,T,59.958064516129035
2025-08-29,D,61.5516129032258
2025-08-29,E,60.58387096774193
2025-08-29,N,55.354838709677416
2025-08-29,T,60.251612903225805
2025-08-30,D,59.067741935483866
2025-08-30,E,60.519354838709674
2025-08-30,N,55.23225806451613
2025-08-30,T,58.71290322580645
2025-08-31,D,59.24193548387097
2025-08-31,E,60.31612903225806
2025-08-31,N,55.84838709677419
2025-08-31,T,58.76129032258064
2025-09-01,D,61.28387096774193
2025-09-01,E,61.02903225806452
2025-09-01,N,54.79677419354839
2025-09-01,T,60.03548387096774
2025-09-02,D,62.53225806451613
2025-09-02,E,60.75806451612903
2025-09-02,N,55.067741935483866
2025-09-02,T,61.02258064516129
2025-09-03,D,61.87419354838709
2025-09-03,E,61.00967741935484
2025-09-03,N,55.16129032258065
2025-09-03,T,60.52258064516129
2025-09-04,D,62.08709677419355
2025-09-04,E,61.038709677419355
2025-09-04,N,55.42580645161291
2025-09-04,T,60.70322580645161
2025-09-05,D,62.248387096774195
2025-09-05,E,60.932258064516134
2025-09-05,N,55.935483870967744
2025-09-05,T,60.906451612903226
2025-09-06,D,60.07419354838709
2025-09-06,E,60.961290322580645
2025-09-06,N,56.66451612903226
2025-09-06,T,59.599999999999994
2025-09-07,D,59.40967741935484
2025-09-07,E,60.04516129032258
2025-09-07,N,56.770967741935486
2025-09-07,T,58.983870967741936
2025-09-08,D,62.12580645161291
2025-09-08,E,60.122580645161285
2025-09-08,N,55.41612903225807
2025-09-08,T,60.95483870967742
2025-09-09,D,62.90967741935484
2025-09-09,E,60.670967741935485
2025-09-09,N,54.622580645161285
2025-09-09,T,61.26129032258064
2025-09-10,D,62.86774193548386
2025-09-10,E,60.538709677419355
2025-09-10,N,54.854838709677416
2025-09-10,T,61.15806451612904
2025-09-11,D,62.619354838709675
2025-09-11,E,61.26129032258064
2025-09-11,N,55.1483870967742
2025-09-11,T,61.20322580645161
2025-09-12,D,62.5258064516129
2025-09-12,E,61.222580645161294
2025-09-12,N,55.76774193548387
2025-09-12,T,61.18387096774194
2025-09-13,D,60.329032258064515
2025-09-13,E,60.34838709677419
2025-09-13,N,56.49677419354839
2025-09-13,T,59.60967741935483
2025-09-14,D,59.274193548387096
2025-09-14,E,60.63225806451613
2025-09-14,N,56.73548387096774
2025-09-14,T,59.33870967741935
2025-09-15,D,62.29677419354839
2025-09-15,E,61.019354838709674
2025-09-15,N,55.170967741935485
2025-09-15,T,60.76129032258064
2025-09-16,D,62.65483870967742
2025-09-16,E,60.96451612903226
2025-09-16,N,54.725806451612904
2025-09-16,T,61.07741935483871
2025-09-17,D,62.093548387096774
2025-09-17,E,60.97096774193548
2025-09-17,N,55.18709677419355
2025-09-17,T,60.648387096774194
2025-09-18,D,62.55161290322581
2025-09-18,E,61.329032258064515
2025-09-18,N,55.49032258064516
2025-09-18,T,61.10645161290322
2025-09-19,D,62.78709677419355
2025-09-19,E,61.596774193548384
2025-09-19,N,55.76129032258064
2025-09-19,T,61.49032258064516
2025-09-20,D,60.00645161290323
2025-09-20,E,60.593548387096774
2025-09-20,N,56.458064516129035
2025-09-20,T,59.36129032258064
2025-09-21,D,59.55483870967742
2025-09-21,E,60.26129032258064
2025-09-21,N,56.20967741935484
2025-09-21,T,59.0
2025-09-22,D,62.29032258064516
2025-09-22,E,60.47096774193548
2025-09-22,N,54.599999999999994
2025-09-22,T,60.79032258064516
2025-09-23,D,62.935483870967744
2025-09-23,E,60.47096774193548
2025-09-23,N,54.86774193548387
2025-09-23,T,61.332258064516125
2025-09-24,D,62.86451612903225
2025-09-24,E,60.40967741935484
2025-09-24,N,55.0516129032258
2025-09-24,T,61.193548387096776
2025-09-25,D,62.903225806451616
2025-09-25,E,61.00322580645161
2025-09-25,N,55.31612903225806
2025-09-25,T,61.377419354838715
2025-09-26,D,62.55806451612903
2025-09-26,E,61.75483870967742
2025-09-26,N,55.62580645161291
2025-09-26,T,61.248387096774195
2025-09-27,D,60.66129032258065
2025-09-27,E,60.722580645161294
2025-09-27,N,57.28387096774193
2025-09-27,T,60.05483870967742
2025-09-28,D,59.57096774193548
2025-09-28,E,60.13548387096775
2025-09-28,N,56.622580645161285
2025-09-28,T,59.00967741935484
2025-09-29,D,62.906451612903226
2025-09-29,E,61.46451612903226
2025-09-29,N,55.03225806451613
2025-09-29,T,61.31290322580645
2025-09-30,D,62.90967741935484
2025-09-30,E,60.91290322580645
2025-09-30,N,54.91290322580645
2025-09-30,T,61.28709677419355
2025-10-01,D,63.438709677419354
2025-10-01,E,61.12903225806452
2025-10-01,N,55.29032258064516
2025-10-01,T,61.71290322580645
2025-10-02,D,62.84516129032258
2025-10-02,E,61.63225806451613
2025-10-02,N,55.8258064516129
2025-10-02,T,61.46774193548387
2025-10-03,D,62.5516129032258
2025-10-03,E,61.3
2025-10-03,N,55.86129032258064
2025-10-03,T,61.13225806451613
2025-10-04,D,60.690322580645166
2025-10-04,E,61.88709677419355
2025-10-04,N,56.8
2025-10-04,T,60.21612903225807
2025-10-05,D,60.596774193548384
2025-10-05,E,61.32258064516129
2025-10-05,N,56.74193548387097
2025-10-05,T,59.99354838709677
2025-10-06,D,63.3258064516129
2025-10-06,E,60.961290322580645
2025-10-06,N,55.3
2025-10-06,T,61.65161290322581
2025-10-07,D,64.49354838709677
2025-10-07,E,60.832258064516125
2025-10-07,N,55.38387096774194
2025-10-07,T,62.60967741935484
2025-10-08,D,63.622580645161285
2025-10-08,E,61.71935483870968
2025-10-08,N,55.354838709677416
2025-10-08,T,62.13870967741936
2025-10-09,D,63.86129032258064
2025-10-09,E,61.78333333333333
2025-10-09,N,55.55483870967742
2025-10-09,T,62.36774193548387
2025-10-10,D,63.50322580645161
2025-10-10,E,62.87419354838709
2025-10-10,N,56.21333333333334
2025-10-10,T,62.593548387096774
2025-10-11,D,61.403225806451616
2025-10-11,E,62.193548387096776
2025-10-11,N,57.16129032258065
2025-10-11,T,60.86451612903225
2025-10-12,D,61.809677419354834
2025-10-12,E,61.66129032258065
2025-10-12,N,57.538709677419355
2025-10-12,T,61.125806451612895
2025-10-13,D,62.21935483870968
2025-10-13,E,60.55806451612903
2025-10-13,N,54.90967741935484
2025-10-13,T,60.63870967741936
2025-10-14,D,63.02903225806451
2025-10-14,E,61.13225806451613
2025-10-14,N,55.016129032258064
2025-10-14,T,61.44516129032258
2025-10-15,D,62.803225806451614
2025-10-15,E,61.851612903225806
2025-10-15,N,55.1741935483871
2025-10-15,T,61.49032258064516
2025-10-16,D,62.7
2025-10-16,E,60.94193548387097
2025-10-16,N,55.432258064516134
2025-10-16,T,61.193548387096776
2025-10-17,D,62.906451612903226
2025-10-17,E,61.92903225806452
2025-10-17,N,55.86129032258064
2025-10-17,T,61.593548387096774
2025-10-18,D,60.641935483870974
2025-10-18,E,61.354838709677416
2025-10-18,N,56.87096774193548
2025-10-18,T,60.019354838709674
2025-10-19,D,60.12580645161291
2025-10-19,E,59.670967741935485
2025-10-19,N,56.480645161290326
2025-10-19,T,59.193548387096776
2025-10-20,D,63.18709677419355
2025-10-20,E,60.78064516129032
2025-10-20,N,55.37419354838709
2025-10-20,T,61.561290322580646
2025-10-21,D,63.73870967741936
2025-10-21,E,61.76451612903226
2025-10-21,N,55.538709677419355
2025-10-21,T,62.093548387096774
2025-10-22,D,62.932258064516134
2025-10-22,E,61.32258064516129
2025-10-22,N,55.11612903225806
2025-10-22,T,61.32258064516129
2025-10-23,D,63.4483870967742
2025-10-23,E,61.13870967741936
2025-10-23,N,56.8
2025-10-23,T,61.877419354838715
2025-10-24,D,62.63870967741936
2025-10-24,E,61.84193548387096
2025-10-24,N,55.44516129032258
2025-10-24,T,61.33870967741935
2025-10-25,D,60.68709677419355
2025-10-25,E,61.08064516129032
2025-10-25,N,56.76451612903226
2025-10-25,T,59.92258064516129
2025-10-26,D,60.49677419354839
2025-10-26,E,61.24
2025-10-26,N,57.09
2025-10-26,T,59.92258064516129
2025-10-27,D,62.851612903225806
2025-10-27,E,61.49032258064516
2025-10-27,N,55.17741935483871
2025-10-27,T,61.306451612903224
2025-10-28,D,63.26451612903226
2025-10-28,E,61.42258064516129
2025-10-28,N,55.75483870967742
2025-10-28,T,61.68064516129032
2025-10-29,D,64.3741935483871
2025-10-29,E,61.78387096774193
2025-10-29,N,58.806451612903224
2025-10-29,T,63.17741935483871
2025-10-30,D,63.50645161290323
2025-10-30,E,61.02258064516129
2025-10-30,N,56.61612903225806
2025-10-30,T,62.23548387096774
2025-10-31,D,62.79032258064516
2025-10-31,E,62.832258064516125
2025-10-31,N,56.858064516129026
2025-10-31,T,62.019354838709674
2025-11-01,D,60.696774193548386
2025-11-01,E,60.33548387096774
2025-11-01,N,57.380645161290325
2025-11-01,T,59.91935483870968
2025-11-02,D,60.12903225806452
2025-11-02,E,60.31612903225806
2025-11-02,N,56.05806451612903
2025-11-02,T,59.34838709677419
2025-11-03,D,62.92903225806452
2025-11-03,E,61.351612903225806
2025-11-03,N,55.73548387096774
2025-11-03,T,61.47096774193548
2025-11-04,D,63.53548387096774
2025-11-04,E,61.02903225806452
2025-11-04,N,55.62903225806452
2025-11-04,T,61.777419354838706
2025-11-05,D,63.92580645161291
2025-11-05,E,62.961290322580645
2025-11-05,N,55.76774193548387
2025-11-05,T,62.483870967741936
2025-11-06,D,63.74193548387097
2025-11-06,E,61.28709677419355
2025-11-06,N,57.29677419354839
2025-11-06,T,62.2
2025-11-07,D,64.0225806451613
2025-11-07,E,62.18387096774194
2025-11-07,N,56.26774193548387
2025-11-07,T,62.432258064516134
2025-11-08,D,61.2
2025-11-08,E,61.13870967741936
2025-11-08,N,57.44193548387097
2025-11-08,T,60.31612903225806
2025-11-09,D,60.23225806451613
2025-11-09,E,60.31935483870968
2025-11-09,N,56.71612903225807
2025-11-09,T,59.519354838709674
2025-11-10,D,60.725806451612904
2025-11-10,E,60.064516129032256
2025-11-10,N,55.141935483870974
2025-11-10,T,59.4741935483871
2025-11-11,D,63.63225806451614
2025-11-11,E,60.70967741935484
2025-11-11,N,54.86129032258064
2025-11-11,T,61.83548387096774
2025-11-12,D,63.21612903225807
2025-11-12,E,61.31290322580645
2025-11-12,N,55.89032258064516
2025-11-12,T,61.599999999999994
2025-11-13,D,64.88709677419355
2025-11-13,E,62.83548387096774
2025-11-13,N,55.86774193548387
2025-11-13,T,63.18064516129032
2025-11-14,D,64.91612903225807
2025-11-14,E,62.70967741935484
2025-11-14,N,59.60322580645161
2025-11-14,T,63.55806451612903
2025-11-15,D,63.88709677419355
2025-11-15,E,62.351612903225806
2025-11-15,N,58.91290322580645
2025-11-15,T,62.62903225806452
2025-11-16,D,61.31935483870968
2025-11-16,E,60.26774193548387
2025-11-16,N,57.093548387096774
2025-11-16,T,60.21935483870968
2025-11-17,D,63.693548387096776
2025-11-17,E,60.980645161290326
2025-11-17,N,55.42258064516129
2025-11-17,T,61.961290322580645
2025-11-18,D,64.10967741935484
2025-11-18,E,61.093548387096774
2025-11-18,N,55.86129032258064
2025-11-18,T,62.377419354838715
2025-11-19,D,64.00645161290323
2025-11-19,E,61.5258064516129
2025-11-19,N,56.03225806451613
2025-11-19,T,62.306451612903224
2025-11-20,D,63.47741935483871
2025-11-20,E,61.438709677419354
2025-11-20,N,56.23225806451613
2025-11-20,T,61.92258064516129
2025-11-21,D,63.76774193548387
2025-11-21,E,61.354838709677416
2025-11-21,N,56.57419354838709
2025-11-21,T,62.17741935483871
2025-11-22,D,61.5516129032258
2025-11-22,E,61.18709677419355
2025-11-22,N,57.21935483870968
2025-11-22,T,60.60645161290322
2025-11-23,D,60.516129032258064
2025-11-23,E,59.99677419354838
2025-11-23,N,56.67741935483871
2025-11-23,T,59.63225806451613
2025-11-24,D,64.16451612903226
2025-11-24,E,62.10322580645161
2025-11-24,N,55.84193548387096
2025-11-24,T,62.45483870967742
2025-11-25,D,63.854838709677416
2025-11-25,E,61.274193548387096
2025-11-25,N,56.44193548387097
2025-11-25,T,62.20645161290323
2025-11-26,D,64.13870967741936
2025-11-26,E,61.458064516129035
2025-11-26,N,56.099999999999994
2025-11-26,T,62.50322580645161
2025-11-27,D,63.61612903225806
2025-11-27,E,61.55483870967742
2025-11-27,N,56.593548387096774
2025-11-27,T,62.04838709677419
2025-11-28,D,63.65161290322581
2025-11-28,E,62.25483870967742
2025-11-28,N,56.71935483870968
2025-11-28,T,62.20322580645161
2025-11-29,D,61.74516129032258
2025-11-29,E,61.23870967741936
2025-11-29,N,57.8258064516129
2025-11-29,T,60.81290322580645
2025-11-30,D,61.34838709677419
2025-11-30,E,60.91935483870968
2025-11-30,N,58.18387096774194
2025-11-30,T,60.65161290322581
2025-12-01,D,63.648387096774194
2025-12-01,E,60.987096774193546
2025-12-01,N,55.88387096774194
2025-12-01,T,61.91290322580645
2025-12-02,D,64.29354838709678
2025-12-02,E,61.1741935483871
2025-12-02,N,56.21612903225807
2025-12-02,T,62.458064516129035
2025-12-03,D,64.04516129032258
2025-12-03,E,61.70967741935484
2025-12-03,N,56.74516129032258
2025-12-03,T,62.42258064516129
2025-12-04,D,63.71290322580645
2025-12-04,E,61.23548387096774
2025-12-04,N,56.40967741935484
2025-12-04,T,62.02903225806452
2025-12-05,D,63.380645161290325
2025-12-05,E,61.07419354838709
2025-12-05,N,56.435483870967744
2025-12-05,T,61.803225806451614
2025-12-06,D,60.5516129032258
2025-12-06,E,60.674193548387095
2025-12-06,N,56.309677419354834
2025-12-06,T,59.696774193548386
2025-12-07,D,59.806451612903224
2025-12-07,E,60.38709677419355
2025-12-07,N,55.851612903225806
2025-12-07,T,59.145161290322584
2025-12-08,D,60.11290322580645
2025-12-08,E,59.983870967741936
2025-12-08,N,56.13548387096775
2025-12-08,T,59.170967741935485
2025-12-09,D,63.57741935483871
2025-12-09,E,61.67741935483871
2025-12-09,N,55.438709677419354
2025-12-09,T,62.04838709677419
2025-12-10,D,64.50967741935484
2025-12-10,E,61.87419354838709
2025-12-10,N,58.03548387096774
2025-12-10,T,62.935483870967744
2025-12-11,D,63.88709677419355
2025-12-11,E,61.854838709677416
2025-12-11,N,56.96774193548387
2025-12-11,T,62.306451612903224
2025-12-12,D,63.57741935483871
2025-12-12,E,62.04838709677419
2025-12-12,N,57.08387096774193
2025-12-12,T,62.148387096774194
2025-12-13,D,62.20645161290323
2025-12-13,E,61.38709677419355
2025-12-13,N,57.75483870967742
2025-12-13,T,61.18709677419355
2025-12-14,D,61.23548387096774
2025-12-14,E,60.938709677419354
2025-12-14,N,57.38709677419355
2025-12-14,T,60.42580645161291
2025-12-15,D,63.29677419354839
2025-12-15,E,61.877419354838715
2025-12-15,N,55.24193548387097
2025-12-15,T,61.938709677419354
2025-12-16,D,64.65483870967742
2025-12-16,E,62.190322580645166
2025-12-16,N,58.61290322580645
2025-12-16,T,63.096774193548384
2025-12-17,D,63.667741935483875
2025-12-17,E,62.18387096774194
2025-12-17,N,56.9741935483871
2025-12-17,T,62.229032258064514
2025-12-18,D,63.599999999999994
2025-12-18,E,62.064516129032256
2025-12-18,N,56.23870967741936
2025-12-18,T,62.122580645161285
2025-12-19,D,63.3258064516129
2025-12-19,E,61.806451612903224
2025-12-19,N,56.84516129032258
2025-12-19,T,61.983870967741936
2025-12-20,D,62.5
2025-12-20,E,62.13548387096775
2025-12-20,N,57.619354838709675
2025-12-20,T,61.57096774193548
2025-12-21,D,62.71935483870968
2025-12-21,E,61.29677419354839
2025-12-21,N,59.512903225806454
2025-12-21,T,61.82258064516129
2025-12-22,D,63.225806451612904
2025-12-22,E,61.403225806451616
2025-12-22,N,56.42258064516129
2025-12-22,T,61.7
2025-12-23,D,63.483870967741936
2025-12-23,E,61.42903225806452
2025-12-23,N,56.351612903225806
2025-12-23,T,61.92580645161291
2025-12-24,D,61.71612903225807
2025-12-24,E,60.725806451612904
2025-12-24,N,56.07741935483871
2025-12-24,T,60.854838709677416
2025-12-25,D,59.13548387096775
2025-12-25,E,60.99032258064516
2025-12-25,N,59.08387096774193
2025-12-25,T,59.88709677419355
2025-12-26,D,62.064516129032256
2025-12-26,E,62.012903225806454
2025-12-26,N,55.29677419354839
2025-12-26,T,61.093548387096774
2025-12-27,D,61.23548387096774
2025-12-27,E,61.041935483870965
2025-12-27,N,57.067741935483866
2025-12-27,T,60.34838709677419
2025-12-28,D,60.57741935483871
2025-12-28,E,61.49677419354839
2025-12-28,N,56.16129032258065
2025-12-28,T,60.20967741935484
2025-12-29,D,62.50967741935484
2025-12-29,E,61.40967741935484
2025-12-29,N,55.70645161290323
2025-12-29,T,61.07741935483871
2025-12-30,D,62.84516129032258
2025-12-30,E,61.82258064516129
2025-12-30,N,56.57741935483871
2025-12-30,T,61.50322580645161
2025-12-31,D,62.248387096774195
2025-12-31,E,62.851612903225806
2025-12-31,N,56.519354838709674
2025-12-31,T,61.58709677419355
2026-01-01,D,59.667741935483875
2026-01-01,E,59.89677419354839
2026-01-01,N,67.06451612903226
2026-01-01,T,64.43548387096774
2026-01-02,D,62.012903225806454
2026-01-02,E,62.190322580645166
2026-01-02,N,54.593548387096774
2026-01-02,T,60.8258064516129
2026-01-03,D,60.86774193548386
2026-01-03,E,60.983870967741936
2026-01-03,N,57.10645161290322
2026-01-03,T,60.02903225806452
2026-01-04,D,60.73870967741935
2026-01-04,E,62.10645161290322
2026-01-04,N,56.1741935483871
2026-01-04,T,60.39677419354839
2026-01-05,D,63.29354838709678
2026-01-05,E,61.55806451612903
2026-01-05,N,57.65483870967742
2026-01-05,T,61.95161290322581
2026-01-06,D,60.5774193548387
2026-01-06,E,60.13870967741936
2026-01-06,N,55.87096774193548
2026-01-06,T,59.50645161290323
2026-01-07,D,63.54516129032258
2026-01-07,E,60.983870967741936
2026-01-07,N,55.851612903225806
2026-01-07,T,61.89677419354839
2026-01-08,D,63.458064516129035
2026-01-08,E,60.81290322580645
2026-01-08,N,55.41935483870968
2026-01-08,T,61.7
2026-01-09,D,63.23870967741936
2026-01-09,E,61.33870967741935
2026-01-09,N,56.351612903225806
2026-01-09,T,61.748387096774195
2026-01-10,D,61.30967741935484
2026-01-10,E,61.38387096774194
2026-01-10,N,56.84516129032258
2026-01-10,T,60.60645161290322
2026-01-11,D,60.690322580645166
2026-01-11,E,60.251612903225805
2026-01-11,N,57.00322580645161
2026-01-11,T,59.78064516129032
2026-01-12,D,63.5037037037037
2026-01-12,E,60.837037037037035
2026-01-12,N,55.432258064516134
2026-01-12,T,61.65925925925926
2026-01-13,D,63.38148148148148
2026-01-13,E,61.818518518518516
2026-01-13,N,55.666666666666664
2026-01-13,T,61.86296296296296
2026-01-14,D,63.41481481481482
2026-01-14,E,61.36666666666667
2026-01-14,N,56.411111111111104
2026-01-14,T,61.82222222222222
2026-01-15,D,63.711111111111116
2026-01-15,E,63.53333333333334
2026-01-15,N,55.74814814814815
2026-01-15,T,62.474074074074075
2026-01-16,D,64.2074074074074
2026-01-16,E,61.544444444444444
2026-01-16,N,57.544444444444444
2026-01-16,T,62.56296296296296
2026-01-17,D,63.47777777777778
2026-01-17,E,61.89259259259259
2026-01-17,N,58.548148148148144
2026-01-17,T,62.17407407407408
2026-01-18,D,61.18888888888888
2026-01-18,E,60.55925925925926
2026-01-18,N,56.68518518518518
2026-01-18,T,60.1037037037037
2026-01-19,D,63.214814814814815
2026-01-19,E,60.71290322580645
2026-01-19,N,55.87777777777778
2026-01-19,T,61.51111111111111
2026-01-20,D,63.52258064516129
2026-01-20,E,61.41612903225807
2026-01-20,N,56.122580645161285
2026-01-20,T,61.958064516129035
2026-01-21,D,64.59032258064516
2026-01-21,E,63.84193548387096
2026-01-21,N,56.380645161290325
2026-01-21,T,63.18064516129032
2026-01-22,D,63.66451612903226
2026-01-22,E,63.538709677419355
2026-01-22,N,57.31935483870968
2026-01-22,T,62.50967741935484
2026-01-23,D,64.2516129032258
2026-01-23,E,63.0
2026-01-23,N,58.29677419354839
2026-01-23,T,63.0
2026-01-24,D,62.15806451612904
2026-01-24,E,61.309677419354834
2026-01-24,N,58.70967741935484
2026-01-24,T,61.270967741935486
2026-01-25,D,61.65161290322581
2026-01-25,E,60.599999999999994
2026-01-25,N,57.50322580645161
2026-01-25,T,60.60645161290322
2026-01-26,D,64.53870967741936
2026-01-26,E,61.93214285714286
2026-01-26,N,55.645161290322584
2026-01-26,T,62.74193548387097
2026-01-27,D,64.83928571428571
2026-01-27,E,61.76428571428571
2026-01-27,N,57.528571428571425
2026-01-27,T,63.050000000000004
2026-01-28,D,64.38571428571429
2026-01-28,E,60.975
2026-01-28,N,56.43928571428571
2026-01-28,T,62.489285714285714
2026-01-29,D,64.53703703703704
2026-01-29,E,61.69642857142857
2026-01-29,N,57.56666666666666
2026-01-29,T,62.32142857142857
2026-01-30,D,64.00714285714285
2026-01-30,E,62.332142857142856
2026-01-30,N,56.207142857142856
2026-01-30,T,62.525
2026-01-31,D,61.15714285714286
2026-01-31,E,60.824999999999996
2026-01-31,N,57.56428571428571
2026-01-31,T,60.28928571428572
2026-02-01,D,61.68214285714286
2026-02-01,E,61.56071428571429
2026-02-01,N,56.5
2026-02-01,T,60.63928571428572
2026-02-02,D,64.95666666666666
2026-02-02,E,61.983333333333334
2026-02-02,N,57.778571428571425
2026-02-02,T,62.92068965517242
2026-02-03,D,64.29666666666667
2026-02-03,E,62.03928571428571
2026-02-03,N,56.78333333333333
2026-02-03,T,62.645161290322584
2026-02-04,D,64.47857142857143
2026-02-04,E,61.96785714285714
2026-02-04,N,58.699999999999996
2026-02-04,T,62.996428571428574
2026-02-05,D,66.49285714285715
2026-02-05,E,63.67142857142857
2026-02-05,N,58.582142857142856
2026-02-05,T,64.78571428571429
2026-02-06,D,65.03214285714286
2026-02-06,E,62.63214285714286
2026-02-06,N,58.18571428571429
2026-02-06,T,63.392857142857146
2026-02-07,D,64.14285714285714
2026-02-07,E,64.14285714285714
2026-02-07,N,57.982142857142854
2026-02-07,T,63.12857142857143
2026-02-08,D,61.68571428571429
2026-02-08,E,60.746428571428574
2026-02-08,N,60.375
2026-02-08,T,61.228571428571435
2026-02-09,D,65.025
2026-02-09,E,62.17857142857143
2026-02-09,N,57.975
2026-02-09,T,63.36071428571428
2026-02-10,D,65.00357142857143
2026-02-10,E,63.853571428571435
2026-02-10,N,56.68214285714286
2026-02-10,T,63.48571428571428
2026-02-11,D,66.21428571428571
2026-02-11,E,63.53333333333333
2026-02-11,N,57.13928571428572
2026-02-11,T,64.53571428571429
2026-02-12,D,63.62413793103448
2026-02-12,E,61.228571428571435
2026-02-12,N,56.99333333333333
2026-02-12,T,62.25
2026-02-13,D,64.25357142857142
2026-02-13,E,62.31071428571429
2026-02-13,N,58.364285714285714
2026-02-13,T,62.92142857142857
2026-02-14,D,61.91428571428571
2026-02-14,E,60.33571428571429
2026-02-14,N,57.625
2026-02-14,T,60.767857142857146
2026-02-15,D,60.69285714285714
2026-02-15,E,59.925000000000004
2026-02-15,N,56.53214285714286
2026-02-15,T,59.73571428571428
2026-02-16,D,62.82857142857143
2026-02-16,E,60.128571428571426
2026-02-16,N,55.17142857142857
2026-02-16,T,61.13214285714286
2026-02-17,D,63.36666666666667
2026-02-17,E,61.400000000000006
2026-02-17,N,55.410714285714285
2026-02-17,T,61.689655172413794
2026-02-18,D,63.9483870967742
2026-02-18,E,62.277419354838706
2026-02-18,N,55.91935483870968
2026-02-18,T,62.44193548387097
2026-02-19,D,63.34838709677419
2026-02-19,E,61.748387096774195
2026-02-19,N,56.567741935483866
2026-02-19,T,61.80322580645161
2026-02-20,D,63.332258064516125
2026-02-20,E,61.729032258064514
2026-02-20,N,56.68709677419355
2026-02-20,T,61.99354838709677
2026-02-21,D,61.88387096774194
2026-02-21,E,61.2
2026-02-21,N,57.122580645161285
2026-02-21,T,60.903225806451616
2026-02-22,D,60.90967741935484
2026-02-22,E,61.00645161290323
2026-02-22,N,56.75483870967742
2026-02-22,T,60.12903225806452
2026-02-23,D,63.15483870967742
2026-02-23,E,60.97096774193548
2026-02-23,N,56.02903225806452
2026-02-23,T,61.561290322580646
2026-02-24,D,63.107142857142854
2026-02-24,E,61.275
2026-02-24,N,55.97096774193549
2026-02-24,T,61.614285714285714
2026-02-25,D,63.82142857142857
2026-02-25,E,61.478571428571435
2026-02-25,N,56.475
2026-02-25,T,62.20357142857143
2026-02-26,D,64.10714285714286
2026-02-26,E,62.17857142857143
2026-02-26,N,56.892857142857146
2026-02-26,T,62.607142857142854
2026-02-27,D,63.95517241379311
2026-02-27,E,62.24
2026-02-27,N,56.732142857142854
2026-02-27,T,62.510714285714286
2026-02-28,D,61.94666666666667
2026-02-28,E,61.416666666666664
2026-02-28,N,57.15333333333333
2026-02-28,T,60.86
2026-03-01,D,61.11034482758621
2026-03-01,E,60.5551724137931
2026-03-01,N,56.21333333333334
2026-03-01,T,60.06551724137931
2026-03-02,D,63.834482758620695
2026-03-02,E,60.64666666666667
2026-03-02,N,55.79655172413793
2026-03-02,T,62.15172413793104
2026-03-03,D,63.14333333333333
2026-03-03,E,61.32
2026-03-03,N,55.35666666666667
2026-03-03,T,61.53333333333333
2026-03-04,D,62.964516129032255
2026-03-04,E,60.693548387096776
2026-03-04,N,55.376666666666665
2026-03-04,T,61.31666666666667
2026-03-05,D,63.95517241379311
2026-03-05,E,64.10357142857143
2026-03-05,N,55.84193548387097
2026-03-05,T,62.593333333333334
