secciones,periodo,municipio_codigo,municipio_nombre,renta_media
"2800401001 Álamo, El sección 01001",2018,28004,"Álamo, El",11.75
"2800401001 Álamo, El sección 01001",2019,28004,"Álamo, El",14.0
"2800401001 Álamo, El sección 01001",2020,28004,"Álamo, El",11.4
"2800401001 Álamo, El sección 01001",2021,28004,"Álamo, El",22.8
"2800401001 Álamo, El sección 01001",2022,28004,"Álamo, El",20.9
"2800401001 Álamo, El sección 01001",2023,28004,"Álamo, El",17.666666666666668
"2800401002 Álamo, El sección 01002",2015,28004,"Álamo, El",18.333333333333332
"2800401002 Álamo, El sección 01002",2016,28004,"Álamo, El",18.333333333333332
"2800401002 Álamo, El sección 01002",2017,28004,"Álamo, El",24.0
"2800401002 Álamo, El sección 01002",2018,28004,"Álamo, El",18.25
"2800401002 Álamo, El sección 01002",2019,28004,"Álamo, El",13.0
"2800401002 Álamo, El sección 01002",2020,28004,"Álamo, El",20.5
"2800401002 Álamo, El sección 01002",2021,28004,"Álamo, El",14.444444444444445
"2800401002 Álamo, El sección 01002",2022,28004,"Álamo, El",20.714285714285715
"2800401002 Álamo, El sección 01002",2023,28004,"Álamo, El",17.6
2800502008 Alcalá de Henares sección 02008,2019,28005,Alcalá de Henares,16.2
2800502008 Alcalá de Henares sección 02008,2020,28005,Alcalá de Henares,19.166666666666668
2800502008 Alcalá de Henares sección 02008,2021,28005,Alcalá de Henares,17.833333333333332
2800502038 Alcalá de Henares sección 02038,2022,28005,Alcalá de Henares,42.0
2800502038 Alcalá de Henares sección 02038,2023,28005,Alcalá de Henares,25.75
2800503014 Alcalá de Henares sección 03014,2015,28005,Alcalá de Henares,15.9
2800503014 Alcalá de Henares sección 03014,2016,28005,Alcalá de Henares,17.75
2800503014 Alcalá de Henares sección 03014,2017,28005,Alcalá de Henares,7.0
2800503014 Alcalá de Henares sección 03014,2018,28005,Alcalá de Henares,21.8
2800503014 Alcalá de Henares sección 03014,2019,28005,Alcalá de Henares,10.4
2800503014 Alcalá de Henares sección 03014,2020,28005,Alcalá de Henares,21.0
2800503014 Alcalá de Henares sección 03014,2021,28005,Alcalá de Henares,22.5
2800503018 Alcalá de Henares sección 03018,2023,28005,Alcalá de Henares,36.0
2800504001 Alcalá de Henares sección 04001,2016,28005,Alcalá de Henares,33.8
2800504001 Alcalá de Henares sección 04001,2017,28005,Alcalá de Henares,7.0
2800504001 Alcalá de Henares sección 04001,2018,28005,Alcalá de Henares,38.77777777777778
2800504001 Alcalá de Henares sección 04001,2019,28005,Alcalá de Henares,56.0
2800504001 Alcalá de Henares sección 04001,2020,28005,Alcalá de Henares,28.2
2800504001 Alcalá de Henares sección 04001,2021,28005,Alcalá de Henares,5.0
2800504007 Alcalá de Henares sección 04007,2017,28005,Alcalá de Henares,6.0
2800504007 Alcalá de Henares sección 04007,2018,28005,Alcalá de Henares,25.0
2800504007 Alcalá de Henares sección 04007,2019,28005,Alcalá de Henares,27.5
2800504007 Alcalá de Henares sección 04007,2020,28005,Alcalá de Henares,28.25
2800504007 Alcalá de Henares sección 04007,2021,28005,Alcalá de Henares,31.714285714285715
2800504017 Alcalá de Henares sección 04017,2015,28005,Alcalá de Henares,25.666666666666668
2800504017 Alcalá de Henares sección 04017,2016,28005,Alcalá de Henares,19.0
2800504017 Alcalá de Henares sección 04017,2017,28005,Alcalá de Henares,4.5
2800504017 Alcalá de Henares sección 04017,2021,28005,Alcalá de Henares,21.0
2800504017 Alcalá de Henares sección 04017,2022,28005,Alcalá de Henares,17.9
2800504017 Alcalá de Henares sección 04017,2023,28005,Alcalá de Henares,20.88888888888889
2800504018 Alcalá de Henares sección 04018,2019,28005,Alcalá de Henares,1.0
2800504018 Alcalá de Henares sección 04018,2020,28005,Alcalá de Henares,10.25
2800504018 Alcalá de Henares sección 04018,2021,28005,Alcalá de Henares,11.0
2800601002 Alcobendas sección 01002,2018,28006,Alcobendas,23.5
2800601002 Alcobendas sección 01002,2019,28006,Alcobendas,16.25
2800601002 Alcobendas sección 01002,2020,28006,Alcobendas,12.4
2800601002 Alcobendas sección 01002,2021,28006,Alcobendas,14.8
2800601002 Alcobendas sección 01002,2022,28006,Alcobendas,14.857142857142858
2800601002 Alcobendas sección 01002,2023,28006,Alcobendas,17.4
2800601004 Alcobendas sección 01004,2015,28006,Alcobendas,7.0
2800601004 Alcobendas sección 01004,2016,28006,Alcobendas,14.0
2800601004 Alcobendas sección 01004,2017,28006,Alcobendas,25.5
2800601004 Alcobendas sección 01004,2018,28006,Alcobendas,15.75
2800601004 Alcobendas sección 01004,2019,28006,Alcobendas,23.4
2800601004 Alcobendas sección 01004,2020,28006,Alcobendas,16.272727272727273
2800601004 Alcobendas sección 01004,2021,28006,Alcobendas,20.5
2800601004 Alcobendas sección 01004,2022,28006,Alcobendas,12.7
2800601004 Alcobendas sección 01004,2023,28006,Alcobendas,18.857142857142858
2800601009 Alcobendas sección 01009,2016,28006,Alcobendas,10.666666666666666
2800601009 Alcobendas sección 01009,2017,28006,Alcobendas,42.666666666666664
2800601009 Alcobendas sección 01009,2018,28006,Alcobendas,16.0
2800601009 Alcobendas sección 01009,2019,28006,Alcobendas,16.0
2800601009 Alcobendas sección 01009,2020,28006,Alcobendas,18.555555555555557
2800601009 Alcobendas sección 01009,2021,28006,Alcobendas,12.25
2800601009 Alcobendas sección 01009,2022,28006,Alcobendas,16.5
2800601009 Alcobendas sección 01009,2023,28006,Alcobendas,17.571428571428573
2800601036 Alcobendas sección 01036,2022,28006,Alcobendas,75.0
2800601037 Alcobendas sección 01037,2015,28006,Alcobendas,29.5
2800601037 Alcobendas sección 01037,2016,28006,Alcobendas,49.5
2800601039 Alcobendas sección 01039,2015,28006,Alcobendas,47.333333333333336
2800601039 Alcobendas sección 01039,2016,28006,Alcobendas,46.4
2800601039 Alcobendas sección 01039,2018,28006,Alcobendas,19.4
2800601039 Alcobendas sección 01039,2019,28006,Alcobendas,14.8
2800601039 Alcobendas sección 01039,2020,28006,Alcobendas,50.5
2800601039 Alcobendas sección 01039,2021,28006,Alcobendas,57.0
2800601039 Alcobendas sección 01039,2022,28006,Alcobendas,23.5
2800601039 Alcobendas sección 01039,2023,28006,Alcobendas,26.333333333333332
2800601059 Alcobendas sección 01059,2015,28006,Alcobendas,39.125
2800601059 Alcobendas sección 01059,2016,28006,Alcobendas,54.333333333333336
2800601059 Alcobendas sección 01059,2017,28006,Alcobendas,7.4
2800601059 Alcobendas sección 01059,2018,28006,Alcobendas,35.25
2800601059 Alcobendas sección 01059,2019,28006,Alcobendas,26.8
2800601059 Alcobendas sección 01059,2020,28006,Alcobendas,7.0
2800601059 Alcobendas sección 01059,2021,28006,Alcobendas,47.916666666666664
2800601059 Alcobendas sección 01059,2022,28006,Alcobendas,39.333333333333336
2800601059 Alcobendas sección 01059,2023,28006,Alcobendas,46.666666666666664
2800601063 Alcobendas sección 01063,2022,28006,Alcobendas,14.125
2800601063 Alcobendas sección 01063,2023,28006,Alcobendas,23.5
2800601066 Alcobendas sección 01066,2020,28006,Alcobendas,12.5
2800601066 Alcobendas sección 01066,2021,28006,Alcobendas,24.272727272727273
2800601066 Alcobendas sección 01066,2022,28006,Alcobendas,27.0
2800601066 Alcobendas sección 01066,2023,28006,Alcobendas,29.75
2800701016 Alcorcón sección 01016,2015,28007,Alcorcón,26.0
2800701016 Alcorcón sección 01016,2016,28007,Alcorcón,36.4
2800701016 Alcorcón sección 01016,2017,28007,Alcorcón,7.6
2800701016 Alcorcón sección 01016,2018,28007,Alcorcón,26.25
2800701016 Alcorcón sección 01016,2019,28007,Alcorcón,31.333333333333332
2800701016 Alcorcón sección 01016,2020,28007,Alcorcón,19.666666666666668
2800701016 Alcorcón sección 01016,2021,28007,Alcorcón,17.0
2800701016 Alcorcón sección 01016,2022,28007,Alcorcón,16.875
2800701016 Alcorcón sección 01016,2023,28007,Alcorcón,23.125
2800701020 Alcorcón sección 01020,2015,28007,Alcorcón,33.2
2800701020 Alcorcón sección 01020,2016,28007,Alcorcón,16.25
2800701020 Alcorcón sección 01020,2017,28007,Alcorcón,4.0
2800701020 Alcorcón sección 01020,2018,28007,Alcorcón,21.0
2800701020 Alcorcón sección 01020,2019,28007,Alcorcón,24.5
2800701020 Alcorcón sección 01020,2020,28007,Alcorcón,35.1
2800701020 Alcorcón sección 01020,2021,28007,Alcorcón,25.75
2800701020 Alcorcón sección 01020,2022,28007,Alcorcón,37.75
2800701020 Alcorcón sección 01020,2023,28007,Alcorcón,29.0
2800702034 Alcorcón sección 02034,2015,28007,Alcorcón,26.5
2800702034 Alcorcón sección 02034,2016,28007,Alcorcón,31.75
2800702034 Alcorcón sección 02034,2017,28007,Alcorcón,8.0
2800702034 Alcorcón sección 02034,2018,28007,Alcorcón,22.5
2800702034 Alcorcón sección 02034,2019,28007,Alcorcón,22.8
2800702034 Alcorcón sección 02034,2020,28007,Alcorcón,29.875
2800702034 Alcorcón sección 02034,2021,28007,Alcorcón,14.666666666666666
2800702034 Alcorcón sección 02034,2022,28007,Alcorcón,8.2
2800702034 Alcorcón sección 02034,2023,28007,Alcorcón,13.3
2800704027 Alcorcón sección 04027,2015,28007,Alcorcón,17.2
2800704027 Alcorcón sección 04027,2016,28007,Alcorcón,9.555555555555555
2800704027 Alcorcón sección 04027,2017,28007,Alcorcón,3.0
2800704027 Alcorcón sección 04027,2018,28007,Alcorcón,12.714285714285714
2800704027 Alcorcón sección 04027,2019,28007,Alcorcón,12.2
2800704027 Alcorcón sección 04027,2020,28007,Alcorcón,10.4
2800704027 Alcorcón sección 04027,2021,28007,Alcorcón,7.6
2800704027 Alcorcón sección 04027,2022,28007,Alcorcón,6.571428571428571
2800704027 Alcorcón sección 04027,2023,28007,Alcorcón,9.75
2800704028 Alcorcón sección 04028,2015,28007,Alcorcón,24.5
2800704028 Alcorcón sección 04028,2016,28007,Alcorcón,22.0
2800704028 Alcorcón sección 04028,2017,28007,Alcorcón,4.5
2800704028 Alcorcón sección 04028,2018,28007,Alcorcón,24.833333333333332
2800704028 Alcorcón sección 04028,2019,28007,Alcorcón,32.0
2800704028 Alcorcón sección 04028,2020,28007,Alcorcón,21.818181818181817
2800704028 Alcorcón sección 04028,2021,28007,Alcorcón,4.25
2800704030 Alcorcón sección 04030,2017,28007,Alcorcón,12.666666666666666
2800704030 Alcorcón sección 04030,2018,28007,Alcorcón,7.6
2800704030 Alcorcón sección 04030,2019,28007,Alcorcón,10.0
2800704030 Alcorcón sección 04030,2020,28007,Alcorcón,11.0
2800704030 Alcorcón sección 04030,2021,28007,Alcorcón,10.11111111111111
2800704030 Alcorcón sección 04030,2022,28007,Alcorcón,19.666666666666668
2800704030 Alcorcón sección 04030,2023,28007,Alcorcón,11.363636363636363
2800704032 Alcorcón sección 04032,2021,28007,Alcorcón,21.428571428571427
2800704032 Alcorcón sección 04032,2022,28007,Alcorcón,37.8
2800704032 Alcorcón sección 04032,2023,28007,Alcorcón,15.923076923076923
2800704033 Alcorcón sección 04033,2018,28007,Alcorcón,20.333333333333332
2800704033 Alcorcón sección 04033,2019,28007,Alcorcón,19.88888888888889
2800704033 Alcorcón sección 04033,2020,28007,Alcorcón,40.0
2800704033 Alcorcón sección 04033,2021,28007,Alcorcón,29.857142857142858
2800704034 Alcorcón sección 04034,2023,28007,Alcorcón,6.25
2800704035 Alcorcón sección 04035,2018,28007,Alcorcón,11.285714285714286
2800704035 Alcorcón sección 04035,2019,28007,Alcorcón,14.8
2800704035 Alcorcón sección 04035,2020,28007,Alcorcón,19.714285714285715
2800704035 Alcorcón sección 04035,2021,28007,Alcorcón,10.1
2800704035 Alcorcón sección 04035,2022,28007,Alcorcón,13.5
2800704035 Alcorcón sección 04035,2023,28007,Alcorcón,11.166666666666666
2800801001 Aldea del Fresno sección 01001,2015,28008,Aldea del Fresno,13.5
2800801001 Aldea del Fresno sección 01001,2016,28008,Aldea del Fresno,19.285714285714285
2800801001 Aldea del Fresno sección 01001,2017,28008,Aldea del Fresno,14.5
2800801001 Aldea del Fresno sección 01001,2018,28008,Aldea del Fresno,11.166666666666666
2800801001 Aldea del Fresno sección 01001,2019,28008,Aldea del Fresno,13.4
2800801001 Aldea del Fresno sección 01001,2020,28008,Aldea del Fresno,18.714285714285715
2800801001 Aldea del Fresno sección 01001,2021,28008,Aldea del Fresno,12.833333333333334
2800801001 Aldea del Fresno sección 01001,2022,28008,Aldea del Fresno,16.2
2800801001 Aldea del Fresno sección 01001,2023,28008,Aldea del Fresno,12.0
2800901001 Algete sección 01001,2015,28009,Algete,47.0
2800901001 Algete sección 01001,2016,28009,Algete,18.5
2800901001 Algete sección 01001,2017,28009,Algete,4.666666666666667
2800901001 Algete sección 01001,2018,28009,Algete,38.44444444444444
2800901001 Algete sección 01001,2019,28009,Algete,17.666666666666668
2800901001 Algete sección 01001,2020,28009,Algete,5.0
2800901001 Algete sección 01001,2021,28009,Algete,28.4
2800901001 Algete sección 01001,2022,28009,Algete,34.166666666666664
2800901001 Algete sección 01001,2023,28009,Algete,38.42857142857143
2800901002 Algete sección 01002,2015,28009,Algete,20.0
2800901002 Algete sección 01002,2016,28009,Algete,23.5
2800901002 Algete sección 01002,2017,28009,Algete,12.5
2800901002 Algete sección 01002,2018,28009,Algete,6.6
2800901002 Algete sección 01002,2019,28009,Algete,16.6
2800901002 Algete sección 01002,2020,28009,Algete,11.857142857142858
2800901002 Algete sección 01002,2021,28009,Algete,14.857142857142858
2800901002 Algete sección 01002,2022,28009,Algete,17.0
2800901002 Algete sección 01002,2023,28009,Algete,8.0
2800901008 Algete sección 01008,2015,28009,Algete,30.571428571428573
2800901008 Algete sección 01008,2016,28009,Algete,36.142857142857146
2800901008 Algete sección 01008,2017,28009,Algete,8.8
2800901008 Algete sección 01008,2018,28009,Algete,15.666666666666666
2800901008 Algete sección 01008,2019,28009,Algete,27.0
2800901008 Algete sección 01008,2020,28009,Algete,34.166666666666664
2800901008 Algete sección 01008,2021,28009,Algete,14.333333333333334
2800901008 Algete sección 01008,2022,28009,Algete,19.5
2800901008 Algete sección 01008,2023,28009,Algete,19.5
2801001001 Alpedrete sección 01001,2015,28010,Alpedrete,22.0
2801001001 Alpedrete sección 01001,2018,28010,Alpedrete,11.5
2801001001 Alpedrete sección 01001,2019,28010,Alpedrete,17.0
2801001001 Alpedrete sección 01001,2020,28010,Alpedrete,26.75
2801001001 Alpedrete sección 01001,2021,28010,Alpedrete,20.0
2801001001 Alpedrete sección 01001,2022,28010,Alpedrete,9.0
2801001003 Alpedrete sección 01003,2022,28010,Alpedrete,26.4
2801001003 Alpedrete sección 01003,2023,28010,Alpedrete,24.2
2801001004 Alpedrete sección 01004,2015,28010,Alpedrete,29.0
2801001004 Alpedrete sección 01004,2016,28010,Alpedrete,34.75
2801001005 Alpedrete sección 01005,2015,28010,Alpedrete,22.0
2801001005 Alpedrete sección 01005,2016,28010,Alpedrete,24.22222222222222
2801301008 Aranjuez sección 01008,2021,28013,Aranjuez,22.5
2801301008 Aranjuez sección 01008,2022,28013,Aranjuez,10.6
2801301008 Aranjuez sección 01008,2023,28013,Aranjuez,15.76923076923077
2801302003 Aranjuez sección 02003,2015,28013,Aranjuez,24.333333333333332
2801302003 Aranjuez sección 02003,2016,28013,Aranjuez,20.25
2801302003 Aranjuez sección 02003,2017,28013,Aranjuez,19.25
2801302003 Aranjuez sección 02003,2018,28013,Aranjuez,23.75
2801302003 Aranjuez sección 02003,2019,28013,Aranjuez,12.333333333333334
2801302003 Aranjuez sección 02003,2020,28013,Aranjuez,27.25
2801302003 Aranjuez sección 02003,2021,28013,Aranjuez,22.0
2801302003 Aranjuez sección 02003,2022,28013,Aranjuez,10.666666666666666
2801302003 Aranjuez sección 02003,2023,28013,Aranjuez,8.25
2801302007 Aranjuez sección 02007,2015,28013,Aranjuez,14.428571428571429
2801302007 Aranjuez sección 02007,2016,28013,Aranjuez,16.25
2801302007 Aranjuez sección 02007,2017,28013,Aranjuez,9.5
2801302007 Aranjuez sección 02007,2018,28013,Aranjuez,31.0
2801302007 Aranjuez sección 02007,2019,28013,Aranjuez,9.142857142857142
2801302007 Aranjuez sección 02007,2020,28013,Aranjuez,20.0
2801302007 Aranjuez sección 02007,2021,28013,Aranjuez,20.0
2801302007 Aranjuez sección 02007,2022,28013,Aranjuez,12.222222222222221
2801302007 Aranjuez sección 02007,2023,28013,Aranjuez,17.75
2801303002 Aranjuez sección 03002,2015,28013,Aranjuez,20.2
2801303002 Aranjuez sección 03002,2017,28013,Aranjuez,14.0
2801303002 Aranjuez sección 03002,2018,28013,Aranjuez,18.1
2801303002 Aranjuez sección 03002,2019,28013,Aranjuez,4.0
2801303002 Aranjuez sección 03002,2020,28013,Aranjuez,18.25
2801303002 Aranjuez sección 03002,2022,28013,Aranjuez,13.4
2801303002 Aranjuez sección 03002,2023,28013,Aranjuez,13.5
2801303003 Aranjuez sección 03003,2017,28013,Aranjuez,14.0
2801303003 Aranjuez sección 03003,2019,28013,Aranjuez,18.857142857142858
2801303003 Aranjuez sección 03003,2020,28013,Aranjuez,14.5
2801303003 Aranjuez sección 03003,2023,28013,Aranjuez,16.833333333333332
2801304004 Aranjuez sección 04004,2015,28013,Aranjuez,26.0
2801304004 Aranjuez sección 04004,2016,28013,Aranjuez,7.5
2801304004 Aranjuez sección 04004,2017,28013,Aranjuez,3.0
2801304004 Aranjuez sección 04004,2018,28013,Aranjuez,16.0
2801304004 Aranjuez sección 04004,2019,28013,Aranjuez,19.666666666666668
2801304004 Aranjuez sección 04004,2020,28013,Aranjuez,14.75
2801304004 Aranjuez sección 04004,2021,28013,Aranjuez,22.833333333333332
2801304004 Aranjuez sección 04004,2022,28013,Aranjuez,18.666666666666668
2801304004 Aranjuez sección 04004,2023,28013,Aranjuez,18.125
2801304005 Aranjuez sección 04005,2015,28013,Aranjuez,12.142857142857142
2801304005 Aranjuez sección 04005,2016,28013,Aranjuez,17.333333333333332
2801304005 Aranjuez sección 04005,2017,28013,Aranjuez,13.75
2801304005 Aranjuez sección 04005,2018,28013,Aranjuez,12.8
2801304005 Aranjuez sección 04005,2019,28013,Aranjuez,14.6
2801304005 Aranjuez sección 04005,2020,28013,Aranjuez,26.0
2801401001 Arganda del Rey sección 01001,2022,28014,Arganda del Rey,14.25
2801401001 Arganda del Rey sección 01001,2023,28014,Arganda del Rey,10.666666666666666
2801401012 Arganda del Rey sección 01012,2019,28014,Arganda del Rey,13.0
2801401012 Arganda del Rey sección 01012,2020,28014,Arganda del Rey,10.666666666666666
2801401012 Arganda del Rey sección 01012,2021,28014,Arganda del Rey,19.4
2801401012 Arganda del Rey sección 01012,2022,28014,Arganda del Rey,10.833333333333334
2801401013 Arganda del Rey sección 01013,2015,28014,Arganda del Rey,11.666666666666666
2801401013 Arganda del Rey sección 01013,2016,28014,Arganda del Rey,16.88888888888889
2801401013 Arganda del Rey sección 01013,2017,28014,Arganda del Rey,9.25
2801401013 Arganda del Rey sección 01013,2018,28014,Arganda del Rey,19.2
2801401013 Arganda del Rey sección 01013,2019,28014,Arganda del Rey,17.2
2801401013 Arganda del Rey sección 01013,2020,28014,Arganda del Rey,12.833333333333334
2801401013 Arganda del Rey sección 01013,2021,28014,Arganda del Rey,16.09090909090909
2801401017 Arganda del Rey sección 01017,2015,28014,Arganda del Rey,17.666666666666668
2801401017 Arganda del Rey sección 01017,2016,28014,Arganda del Rey,12.75
2801401017 Arganda del Rey sección 01017,2019,28014,Arganda del Rey,6.0
2801401021 Arganda del Rey sección 01021,2015,28014,Arganda del Rey,21.25
2801401021 Arganda del Rey sección 01021,2016,28014,Arganda del Rey,18.0
2801401021 Arganda del Rey sección 01021,2018,28014,Arganda del Rey,19.2
2801401021 Arganda del Rey sección 01021,2019,28014,Arganda del Rey,18.857142857142858
2801401021 Arganda del Rey sección 01021,2020,28014,Arganda del Rey,20.4
2801401021 Arganda del Rey sección 01021,2021,28014,Arganda del Rey,27.428571428571427
2801401021 Arganda del Rey sección 01021,2022,28014,Arganda del Rey,28.22222222222222
2801401021 Arganda del Rey sección 01021,2023,28014,Arganda del Rey,23.0
2801401022 Arganda del Rey sección 01022,2015,28014,Arganda del Rey,11.5
2801401022 Arganda del Rey sección 01022,2016,28014,Arganda del Rey,10.375
2801401022 Arganda del Rey sección 01022,2017,28014,Arganda del Rey,4.5
2801401022 Arganda del Rey sección 01022,2018,28014,Arganda del Rey,8.0
2801401022 Arganda del Rey sección 01022,2019,28014,Arganda del Rey,10.0
2801401022 Arganda del Rey sección 01022,2020,28014,Arganda del Rey,23.0
2801401022 Arganda del Rey sección 01022,2021,28014,Arganda del Rey,11.166666666666666
2801401022 Arganda del Rey sección 01022,2022,28014,Arganda del Rey,15.571428571428571
2801401022 Arganda del Rey sección 01022,2023,28014,Arganda del Rey,14.0
2801401024 Arganda del Rey sección 01024,2016,28014,Arganda del Rey,5.0
2801401024 Arganda del Rey sección 01024,2017,28014,Arganda del Rey,7.0
2801401024 Arganda del Rey sección 01024,2018,28014,Arganda del Rey,6.0
2801401024 Arganda del Rey sección 01024,2019,28014,Arganda del Rey,10.75
2801401024 Arganda del Rey sección 01024,2020,28014,Arganda del Rey,23.0
2801401024 Arganda del Rey sección 01024,2021,28014,Arganda del Rey,9.8
2801401024 Arganda del Rey sección 01024,2022,28014,Arganda del Rey,27.142857142857142
2801401024 Arganda del Rey sección 01024,2023,28014,Arganda del Rey,15.142857142857142
2801401025 Arganda del Rey sección 01025,2015,28014,Arganda del Rey,15.5
2801401025 Arganda del Rey sección 01025,2016,28014,Arganda del Rey,4.666666666666667
2801401025 Arganda del Rey sección 01025,2017,28014,Arganda del Rey,7.0
2801401025 Arganda del Rey sección 01025,2018,28014,Arganda del Rey,14.75
2801401025 Arganda del Rey sección 01025,2019,28014,Arganda del Rey,7.0
2801401025 Arganda del Rey sección 01025,2020,28014,Arganda del Rey,5.111111111111111
2801401025 Arganda del Rey sección 01025,2021,28014,Arganda del Rey,17.125
2801401025 Arganda del Rey sección 01025,2022,28014,Arganda del Rey,8.5
2801401025 Arganda del Rey sección 01025,2023,28014,Arganda del Rey,3.0
2801401026 Arganda del Rey sección 01026,2015,28014,Arganda del Rey,15.0
2801401026 Arganda del Rey sección 01026,2016,28014,Arganda del Rey,6.8
2801401026 Arganda del Rey sección 01026,2017,28014,Arganda del Rey,4.75
2801401026 Arganda del Rey sección 01026,2018,28014,Arganda del Rey,22.0
2801401026 Arganda del Rey sección 01026,2019,28014,Arganda del Rey,17.11111111111111
2801401026 Arganda del Rey sección 01026,2020,28014,Arganda del Rey,25.083333333333332
2801401026 Arganda del Rey sección 01026,2021,28014,Arganda del Rey,29.625
2801401026 Arganda del Rey sección 01026,2022,28014,Arganda del Rey,12.6
2801401026 Arganda del Rey sección 01026,2023,28014,Arganda del Rey,10.88888888888889
2801401028 Arganda del Rey sección 01028,2022,28014,Arganda del Rey,12.2
2801401028 Arganda del Rey sección 01028,2023,28014,Arganda del Rey,17.666666666666668
2801501005 Arroyomolinos sección 01005,2022,28015,Arroyomolinos,17.714285714285715
2801501005 Arroyomolinos sección 01005,2023,28015,Arroyomolinos,13.666666666666666
2801501007 Arroyomolinos sección 01007,2017,28015,Arroyomolinos,5.5
2801501007 Arroyomolinos sección 01007,2018,28015,Arroyomolinos,24.5
2801501007 Arroyomolinos sección 01007,2019,28015,Arroyomolinos,24.0
2801501007 Arroyomolinos sección 01007,2020,28015,Arroyomolinos,35.333333333333336
2801501007 Arroyomolinos sección 01007,2021,28015,Arroyomolinos,21.0
2801501007 Arroyomolinos sección 01007,2022,28015,Arroyomolinos,4.0
2801501007 Arroyomolinos sección 01007,2023,28015,Arroyomolinos,36.0
2801501008 Arroyomolinos sección 01008,2015,28015,Arroyomolinos,26.0
2801501008 Arroyomolinos sección 01008,2016,28015,Arroyomolinos,19.0
2801501008 Arroyomolinos sección 01008,2017,28015,Arroyomolinos,5.0
2801501008 Arroyomolinos sección 01008,2018,28015,Arroyomolinos,7.0
2801501008 Arroyomolinos sección 01008,2019,28015,Arroyomolinos,18.454545454545453
2801501008 Arroyomolinos sección 01008,2020,28015,Arroyomolinos,23.1
2801501008 Arroyomolinos sección 01008,2021,28015,Arroyomolinos,25.0
2801501008 Arroyomolinos sección 01008,2023,28015,Arroyomolinos,22.857142857142858
2801501009 Arroyomolinos sección 01009,2016,28015,Arroyomolinos,8.6
2801501009 Arroyomolinos sección 01009,2017,28015,Arroyomolinos,0.0
2801501009 Arroyomolinos sección 01009,2018,28015,Arroyomolinos,12.875
2801501009 Arroyomolinos sección 01009,2019,28015,Arroyomolinos,29.0
2801501009 Arroyomolinos sección 01009,2020,28015,Arroyomolinos,5.75
2801501009 Arroyomolinos sección 01009,2021,28015,Arroyomolinos,22.666666666666668
2801501009 Arroyomolinos sección 01009,2022,28015,Arroyomolinos,20.4
2801501009 Arroyomolinos sección 01009,2023,28015,Arroyomolinos,21.5
2801501010 Arroyomolinos sección 01010,2017,28015,Arroyomolinos,5.0
2801501010 Arroyomolinos sección 01010,2018,28015,Arroyomolinos,16.25
2801501010 Arroyomolinos sección 01010,2019,28015,Arroyomolinos,19.0
2801501010 Arroyomolinos sección 01010,2020,28015,Arroyomolinos,23.0
2801501010 Arroyomolinos sección 01010,2021,28015,Arroyomolinos,25.666666666666668
2801501011 Arroyomolinos sección 01011,2015,28015,Arroyomolinos,18.875
2801501011 Arroyomolinos sección 01011,2016,28015,Arroyomolinos,26.125
2801501011 Arroyomolinos sección 01011,2017,28015,Arroyomolinos,4.333333333333333
2801501011 Arroyomolinos sección 01011,2018,28015,Arroyomolinos,16.0
2801501011 Arroyomolinos sección 01011,2019,28015,Arroyomolinos,17.857142857142858
2801501011 Arroyomolinos sección 01011,2020,28015,Arroyomolinos,16.666666666666668
2801501011 Arroyomolinos sección 01011,2021,28015,Arroyomolinos,7.0
2801501012 Arroyomolinos sección 01012,2023,28015,Arroyomolinos,8.75
2801801001 Becerril de la Sierra sección 01001,2015,28018,Becerril de la Sierra,20.666666666666668
2801801001 Becerril de la Sierra sección 01001,2016,28018,Becerril de la Sierra,16.2
2801801001 Becerril de la Sierra sección 01001,2017,28018,Becerril de la Sierra,17.0
2801801001 Becerril de la Sierra sección 01001,2018,28018,Becerril de la Sierra,31.25
2801801001 Becerril de la Sierra sección 01001,2019,28018,Becerril de la Sierra,21.75
2801801001 Becerril de la Sierra sección 01001,2020,28018,Becerril de la Sierra,20.5
2801801001 Becerril de la Sierra sección 01001,2021,28018,Becerril de la Sierra,22.666666666666668
2801801001 Becerril de la Sierra sección 01001,2022,28018,Becerril de la Sierra,20.2
2801801001 Becerril de la Sierra sección 01001,2023,28018,Becerril de la Sierra,20.11111111111111
2801801002 Becerril de la Sierra sección 01002,2015,28018,Becerril de la Sierra,21.25
2801801002 Becerril de la Sierra sección 01002,2016,28018,Becerril de la Sierra,25.571428571428573
2801801002 Becerril de la Sierra sección 01002,2017,28018,Becerril de la Sierra,14.0
2801801002 Becerril de la Sierra sección 01002,2018,28018,Becerril de la Sierra,16.2
2801801002 Becerril de la Sierra sección 01002,2019,28018,Becerril de la Sierra,19.0
2801801002 Becerril de la Sierra sección 01002,2020,28018,Becerril de la Sierra,20.142857142857142
2801801002 Becerril de la Sierra sección 01002,2021,28018,Becerril de la Sierra,25.666666666666668
2802201003 Boadilla del Monte sección 01003,2020,28022,Boadilla del Monte,54.833333333333336
2802201003 Boadilla del Monte sección 01003,2021,28022,Boadilla del Monte,26.5
2802201003 Boadilla del Monte sección 01003,2022,28022,Boadilla del Monte,28.333333333333332
2802201003 Boadilla del Monte sección 01003,2023,28022,Boadilla del Monte,16.25
2802201010 Boadilla del Monte sección 01010,2017,28022,Boadilla del Monte,6.333333333333333
2802201010 Boadilla del Monte sección 01010,2018,28022,Boadilla del Monte,47.0
2802201010 Boadilla del Monte sección 01010,2019,28022,Boadilla del Monte,35.333333333333336
2802201010 Boadilla del Monte sección 01010,2020,28022,Boadilla del Monte,49.8
2802201012 Boadilla del Monte sección 01012,2020,28022,Boadilla del Monte,34.0
2802201012 Boadilla del Monte sección 01012,2021,28022,Boadilla del Monte,5.0
2802201012 Boadilla del Monte sección 01012,2022,28022,Boadilla del Monte,25.0
2802201012 Boadilla del Monte sección 01012,2023,28022,Boadilla del Monte,34.5
2802201013 Boadilla del Monte sección 01013,2015,28022,Boadilla del Monte,52.3
2802201013 Boadilla del Monte sección 01013,2016,28022,Boadilla del Monte,20.857142857142858
2802201013 Boadilla del Monte sección 01013,2017,28022,Boadilla del Monte,8.25
2802201013 Boadilla del Monte sección 01013,2018,28022,Boadilla del Monte,27.142857142857142
2802201013 Boadilla del Monte sección 01013,2019,28022,Boadilla del Monte,21.571428571428573
2802201013 Boadilla del Monte sección 01013,2020,28022,Boadilla del Monte,6.0
2802201013 Boadilla del Monte sección 01013,2021,28022,Boadilla del Monte,11.333333333333334
2802201013 Boadilla del Monte sección 01013,2022,28022,Boadilla del Monte,8.166666666666666
2802201013 Boadilla del Monte sección 01013,2023,28022,Boadilla del Monte,24.125
2802201018 Boadilla del Monte sección 01018,2015,28022,Boadilla del Monte,64.0
2802201018 Boadilla del Monte sección 01018,2016,28022,Boadilla del Monte,59.4
2802201019 Boadilla del Monte sección 01019,2021,28022,Boadilla del Monte,35.857142857142854
2802201019 Boadilla del Monte sección 01019,2022,28022,Boadilla del Monte,25.8
2802201019 Boadilla del Monte sección 01019,2023,28022,Boadilla del Monte,37.5
2802201020 Boadilla del Monte sección 01020,2015,28022,Boadilla del Monte,47.0
2802201020 Boadilla del Monte sección 01020,2016,28022,Boadilla del Monte,39.75
2802201020 Boadilla del Monte sección 01020,2018,28022,Boadilla del Monte,56.6
2802201020 Boadilla del Monte sección 01020,2019,28022,Boadilla del Monte,41.8
2802201020 Boadilla del Monte sección 01020,2020,28022,Boadilla del Monte,27.666666666666668
2802201020 Boadilla del Monte sección 01020,2021,28022,Boadilla del Monte,28.333333333333332
2802201020 Boadilla del Monte sección 01020,2022,28022,Boadilla del Monte,26.4
2802201020 Boadilla del Monte sección 01020,2023,28022,Boadilla del Monte,47.166666666666664
2802201023 Boadilla del Monte sección 01023,2016,28022,Boadilla del Monte,31.2
2802201025 Boadilla del Monte sección 01025,2018,28022,Boadilla del Monte,14.4
2802201025 Boadilla del Monte sección 01025,2019,28022,Boadilla del Monte,34.0
2802201025 Boadilla del Monte sección 01025,2020,28022,Boadilla del Monte,28.375
2802201025 Boadilla del Monte sección 01025,2021,28022,Boadilla del Monte,4.8
2802201025 Boadilla del Monte sección 01025,2022,28022,Boadilla del Monte,22.5
2802201025 Boadilla del Monte sección 01025,2023,28022,Boadilla del Monte,21.75
2802201027 Boadilla del Monte sección 01027,2019,28022,Boadilla del Monte,21.5
2802201027 Boadilla del Monte sección 01027,2020,28022,Boadilla del Monte,35.0
2802201027 Boadilla del Monte sección 01027,2021,28022,Boadilla del Monte,47.333333333333336
2802201028 Boadilla del Monte sección 01028,2022,28022,Boadilla del Monte,5.0
2802201028 Boadilla del Monte sección 01028,2023,28022,Boadilla del Monte,32.333333333333336
2802201029 Boadilla del Monte sección 01029,2021,28022,Boadilla del Monte,22.533333333333335
2802201029 Boadilla del Monte sección 01029,2022,28022,Boadilla del Monte,9.333333333333334
2802201029 Boadilla del Monte sección 01029,2023,28022,Boadilla del Monte,36.166666666666664
"2802301001 Boalo, El sección 01001",2020,28023,"Boalo, El",28.75
"2802301001 Boalo, El sección 01001",2021,28023,"Boalo, El",32.666666666666664
"2802301001 Boalo, El sección 01001",2022,28023,"Boalo, El",17.142857142857142
"2802301001 Boalo, El sección 01001",2023,28023,"Boalo, El",22.4
"2802301002 Boalo, El sección 01002",2015,28023,"Boalo, El",5.25
"2802301002 Boalo, El sección 01002",2016,28023,"Boalo, El",20.375
2802601004 Brunete sección 01004,2023,28026,Brunete,15.666666666666666
2802601005 Brunete sección 01005,2015,28026,Brunete,14.0
2802601005 Brunete sección 01005,2016,28026,Brunete,21.375
2802601005 Brunete sección 01005,2017,28026,Brunete,16.333333333333332
2802601005 Brunete sección 01005,2018,28026,Brunete,18.75
2802601005 Brunete sección 01005,2019,28026,Brunete,21.571428571428573
2802601005 Brunete sección 01005,2020,28026,Brunete,16.2
2802601005 Brunete sección 01005,2021,28026,Brunete,18.0
2802601005 Brunete sección 01005,2022,28026,Brunete,21.666666666666668
2802601005 Brunete sección 01005,2023,28026,Brunete,10.5
2802801001 Bustarviejo sección 01001,2019,28028,Bustarviejo,13.88888888888889
2802801001 Bustarviejo sección 01001,2020,28028,Bustarviejo,18.833333333333332
2802801001 Bustarviejo sección 01001,2021,28028,Bustarviejo,23.75
2802801001 Bustarviejo sección 01001,2022,28028,Bustarviejo,8.333333333333334
2802801001 Bustarviejo sección 01001,2023,28028,Bustarviejo,18.666666666666668
"2803001001 Cabrera, La sección 01001",2016,28030,"Cabrera, La",22.25
"2803001001 Cabrera, La sección 01001",2017,28030,"Cabrera, La",25.0
"2803001001 Cabrera, La sección 01001",2018,28030,"Cabrera, La",13.5
"2803001001 Cabrera, La sección 01001",2019,28030,"Cabrera, La",28.0
"2803001001 Cabrera, La sección 01001",2020,28030,"Cabrera, La",16.4
"2803001001 Cabrera, La sección 01001",2021,28030,"Cabrera, La",11.666666666666666
"2803001001 Cabrera, La sección 01001",2022,28030,"Cabrera, La",19.375
"2803001001 Cabrera, La sección 01001",2023,28030,"Cabrera, La",17.571428571428573
2803101001 Cadalso de los Vidrios sección 01001,2015,28031,Cadalso de los Vidrios,16.0
2803101001 Cadalso de los Vidrios sección 01001,2016,28031,Cadalso de los Vidrios,16.75
2803201001 Camarma de Esteruelas sección 01001,2015,28032,Camarma de Esteruelas,18.833333333333332
2803201001 Camarma de Esteruelas sección 01001,2016,28032,Camarma de Esteruelas,25.2
2803201001 Camarma de Esteruelas sección 01001,2017,28032,Camarma de Esteruelas,9.0
2803201001 Camarma de Esteruelas sección 01001,2018,28032,Camarma de Esteruelas,22.0
2803201001 Camarma de Esteruelas sección 01001,2019,28032,Camarma de Esteruelas,10.25
2803201001 Camarma de Esteruelas sección 01001,2020,28032,Camarma de Esteruelas,11.923076923076923
2803201001 Camarma de Esteruelas sección 01001,2021,28032,Camarma de Esteruelas,15.166666666666666
2803201001 Camarma de Esteruelas sección 01001,2022,28032,Camarma de Esteruelas,13.0
2803301002 Campo Real sección 01002,2018,28033,Campo Real,13.875
2803301002 Campo Real sección 01002,2019,28033,Campo Real,15.2
2803301002 Campo Real sección 01002,2020,28033,Campo Real,18.333333333333332
2803301002 Campo Real sección 01002,2021,28033,Campo Real,19.5
2803301002 Campo Real sección 01002,2022,28033,Campo Real,9.8
2803301002 Campo Real sección 01002,2023,28033,Campo Real,9.0
2803801001 Cercedilla sección 01001,2015,28038,Cercedilla,26.25
2803801001 Cercedilla sección 01001,2016,28038,Cercedilla,21.142857142857142
2803801001 Cercedilla sección 01001,2017,28038,Cercedilla,21.2
2803801001 Cercedilla sección 01001,2018,28038,Cercedilla,18.8
2804002001 Ciempozuelos sección 02001,2015,28040,Ciempozuelos,23.375
2804002001 Ciempozuelos sección 02001,2017,28040,Ciempozuelos,21.8
2804002001 Ciempozuelos sección 02001,2018,28040,Ciempozuelos,18.0
2804002001 Ciempozuelos sección 02001,2019,28040,Ciempozuelos,6.0
2804002001 Ciempozuelos sección 02001,2020,28040,Ciempozuelos,18.0
2804002001 Ciempozuelos sección 02001,2021,28040,Ciempozuelos,9.285714285714286
2804002001 Ciempozuelos sección 02001,2022,28040,Ciempozuelos,14.5
2804002001 Ciempozuelos sección 02001,2023,28040,Ciempozuelos,11.8
2804002003 Ciempozuelos sección 02003,2015,28040,Ciempozuelos,12.6
2804002003 Ciempozuelos sección 02003,2016,28040,Ciempozuelos,12.833333333333334
2804002003 Ciempozuelos sección 02003,2017,28040,Ciempozuelos,20.25
2804002003 Ciempozuelos sección 02003,2018,28040,Ciempozuelos,15.333333333333334
2804002003 Ciempozuelos sección 02003,2019,28040,Ciempozuelos,26.0
2804002003 Ciempozuelos sección 02003,2020,28040,Ciempozuelos,24.0
2804002003 Ciempozuelos sección 02003,2021,28040,Ciempozuelos,11.333333333333334
2804002003 Ciempozuelos sección 02003,2022,28040,Ciempozuelos,20.0
2804002003 Ciempozuelos sección 02003,2023,28040,Ciempozuelos,14.25
2804002004 Ciempozuelos sección 02004,2015,28040,Ciempozuelos,14.0
2804002004 Ciempozuelos sección 02004,2016,28040,Ciempozuelos,18.5
2804002004 Ciempozuelos sección 02004,2017,28040,Ciempozuelos,14.142857142857142
2804002004 Ciempozuelos sección 02004,2018,28040,Ciempozuelos,19.5
2804002004 Ciempozuelos sección 02004,2019,28040,Ciempozuelos,17.285714285714285
2804002004 Ciempozuelos sección 02004,2020,28040,Ciempozuelos,17.88888888888889
2804002004 Ciempozuelos sección 02004,2021,28040,Ciempozuelos,8.333333333333334
2804002004 Ciempozuelos sección 02004,2022,28040,Ciempozuelos,9.0
2804002004 Ciempozuelos sección 02004,2023,28040,Ciempozuelos,10.75
2804101002 Cobeña sección 01002,2015,28041,Cobeña,20.0
2804101002 Cobeña sección 01002,2016,28041,Cobeña,43.0
2804401002 Colmenarejo sección 01002,2015,28044,Colmenarejo,23.8
2804401002 Colmenarejo sección 01002,2016,28044,Colmenarejo,33.666666666666664
2804401002 Colmenarejo sección 01002,2017,28044,Colmenarejo,17.0
2804401002 Colmenarejo sección 01002,2018,28044,Colmenarejo,16.5
2804401002 Colmenarejo sección 01002,2019,28044,Colmenarejo,18.857142857142858
2804401002 Colmenarejo sección 01002,2020,28044,Colmenarejo,19.0
2804401002 Colmenarejo sección 01002,2021,28044,Colmenarejo,21.2
2804401002 Colmenarejo sección 01002,2022,28044,Colmenarejo,19.285714285714285
2804401002 Colmenarejo sección 01002,2023,28044,Colmenarejo,19.25
2804501008 Colmenar Viejo sección 01008,2018,28045,Colmenar Viejo,19.833333333333332
2804501008 Colmenar Viejo sección 01008,2019,28045,Colmenar Viejo,44.0
2804501008 Colmenar Viejo sección 01008,2020,28045,Colmenar Viejo,26.285714285714285
2804501008 Colmenar Viejo sección 01008,2021,28045,Colmenar Viejo,30.0
2804501008 Colmenar Viejo sección 01008,2022,28045,Colmenar Viejo,15.272727272727273
2804501008 Colmenar Viejo sección 01008,2023,28045,Colmenar Viejo,20.0
2804501012 Colmenar Viejo sección 01012,2018,28045,Colmenar Viejo,4.666666666666667
2804501012 Colmenar Viejo sección 01012,2019,28045,Colmenar Viejo,29.666666666666668
2804501012 Colmenar Viejo sección 01012,2020,28045,Colmenar Viejo,22.5
2804501012 Colmenar Viejo sección 01012,2021,28045,Colmenar Viejo,29.4
2804501012 Colmenar Viejo sección 01012,2022,28045,Colmenar Viejo,32.5
2804501012 Colmenar Viejo sección 01012,2023,28045,Colmenar Viejo,36.666666666666664
2804501013 Colmenar Viejo sección 01013,2017,28045,Colmenar Viejo,7.5
2804501013 Colmenar Viejo sección 01013,2018,28045,Colmenar Viejo,13.7
2804501013 Colmenar Viejo sección 01013,2019,28045,Colmenar Viejo,5.0
2804501013 Colmenar Viejo sección 01013,2020,28045,Colmenar Viejo,13.428571428571429
2804501017 Colmenar Viejo sección 01017,2018,28045,Colmenar Viejo,22.142857142857142
2804501017 Colmenar Viejo sección 01017,2019,28045,Colmenar Viejo,20.0
2804501017 Colmenar Viejo sección 01017,2020,28045,Colmenar Viejo,16.666666666666668
2804501017 Colmenar Viejo sección 01017,2021,28045,Colmenar Viejo,24.6
2804501017 Colmenar Viejo sección 01017,2022,28045,Colmenar Viejo,13.666666666666666
2804501017 Colmenar Viejo sección 01017,2023,28045,Colmenar Viejo,22.0
2804501021 Colmenar Viejo sección 01021,2015,28045,Colmenar Viejo,36.0
2804501021 Colmenar Viejo sección 01021,2016,28045,Colmenar Viejo,23.666666666666668
2804501021 Colmenar Viejo sección 01021,2017,28045,Colmenar Viejo,4.0
2804501021 Colmenar Viejo sección 01021,2018,28045,Colmenar Viejo,12.6
2804501021 Colmenar Viejo sección 01021,2019,28045,Colmenar Viejo,19.2
2804501021 Colmenar Viejo sección 01021,2020,28045,Colmenar Viejo,1.25
2804501021 Colmenar Viejo sección 01021,2021,28045,Colmenar Viejo,19.25
2804501021 Colmenar Viejo sección 01021,2022,28045,Colmenar Viejo,19.2
2804501021 Colmenar Viejo sección 01021,2023,28045,Colmenar Viejo,34.857142857142854
2804501023 Colmenar Viejo sección 01023,2019,28045,Colmenar Viejo,23.333333333333332
2804501023 Colmenar Viejo sección 01023,2020,28045,Colmenar Viejo,13.125
2804501023 Colmenar Viejo sección 01023,2021,28045,Colmenar Viejo,27.5
2804501023 Colmenar Viejo sección 01023,2022,28045,Colmenar Viejo,22.9
2804501023 Colmenar Viejo sección 01023,2023,28045,Colmenar Viejo,38.75
2804501024 Colmenar Viejo sección 01024,2016,28045,Colmenar Viejo,20.0
2804501024 Colmenar Viejo sección 01024,2017,28045,Colmenar Viejo,4.0
2804501024 Colmenar Viejo sección 01024,2018,28045,Colmenar Viejo,30.666666666666668
2804501024 Colmenar Viejo sección 01024,2019,28045,Colmenar Viejo,25.333333333333332
2804501024 Colmenar Viejo sección 01024,2020,28045,Colmenar Viejo,27.4
2804501024 Colmenar Viejo sección 01024,2023,28045,Colmenar Viejo,20.5
2804501026 Colmenar Viejo sección 01026,2022,28045,Colmenar Viejo,6.0
2804501026 Colmenar Viejo sección 01026,2023,28045,Colmenar Viejo,18.5
2804701004 Collado Villalba sección 01004,2015,28047,Collado Villalba,14.833333333333334
2804701004 Collado Villalba sección 01004,2016,28047,Collado Villalba,23.142857142857142
2804701004 Collado Villalba sección 01004,2017,28047,Collado Villalba,13.5
2804701005 Collado Villalba sección 01005,2015,28047,Collado Villalba,6.5
2804701005 Collado Villalba sección 01005,2016,28047,Collado Villalba,21.0
2804701005 Collado Villalba sección 01005,2017,28047,Collado Villalba,13.0
2804701005 Collado Villalba sección 01005,2018,28047,Collado Villalba,27.333333333333332
2804701005 Collado Villalba sección 01005,2019,28047,Collado Villalba,31.75
2804701005 Collado Villalba sección 01005,2020,28047,Collado Villalba,17.4
2804701005 Collado Villalba sección 01005,2021,28047,Collado Villalba,13.666666666666666
2804701005 Collado Villalba sección 01005,2022,28047,Collado Villalba,11.0
2804701005 Collado Villalba sección 01005,2023,28047,Collado Villalba,16.88888888888889
2804701013 Collado Villalba sección 01013,2015,28047,Collado Villalba,21.555555555555557
2804701013 Collado Villalba sección 01013,2016,28047,Collado Villalba,35.0
2804701013 Collado Villalba sección 01013,2017,28047,Collado Villalba,14.0
2804701013 Collado Villalba sección 01013,2018,28047,Collado Villalba,15.6
2804701013 Collado Villalba sección 01013,2019,28047,Collado Villalba,24.5
2804701013 Collado Villalba sección 01013,2020,28047,Collado Villalba,16.333333333333332
2804701013 Collado Villalba sección 01013,2021,28047,Collado Villalba,24.857142857142858
2804701013 Collado Villalba sección 01013,2022,28047,Collado Villalba,25.5
2804701013 Collado Villalba sección 01013,2023,28047,Collado Villalba,18.0
2804701016 Collado Villalba sección 01016,2015,28047,Collado Villalba,14.2
2804701016 Collado Villalba sección 01016,2016,28047,Collado Villalba,26.571428571428573
2804701016 Collado Villalba sección 01016,2017,28047,Collado Villalba,11.4
2804701016 Collado Villalba sección 01016,2018,28047,Collado Villalba,17.571428571428573
2804701016 Collado Villalba sección 01016,2019,28047,Collado Villalba,11.666666666666666
2804701016 Collado Villalba sección 01016,2020,28047,Collado Villalba,18.666666666666668
2804701016 Collado Villalba sección 01016,2021,28047,Collado Villalba,19.0
2804701026 Collado Villalba sección 01026,2022,28047,Collado Villalba,15.11111111111111
2804701026 Collado Villalba sección 01026,2023,28047,Collado Villalba,11.333333333333334
2804701032 Collado Villalba sección 01032,2022,28047,Collado Villalba,9.333333333333334
2804701032 Collado Villalba sección 01032,2023,28047,Collado Villalba,10.666666666666666
2804904002 Coslada sección 04002,2015,28049,Coslada,23.333333333333332
2804904002 Coslada sección 04002,2016,28049,Coslada,16.666666666666668
2804904002 Coslada sección 04002,2017,28049,Coslada,12.5
2804904002 Coslada sección 04002,2018,28049,Coslada,15.5
2804904002 Coslada sección 04002,2019,28049,Coslada,9.0
2804904002 Coslada sección 04002,2020,28049,Coslada,14.0
2804904002 Coslada sección 04002,2021,28049,Coslada,27.333333333333332
2804904002 Coslada sección 04002,2022,28049,Coslada,11.666666666666666
2804904002 Coslada sección 04002,2023,28049,Coslada,13.5
2805101001 Chapinería sección 01001,2022,28051,Chapinería,12.846153846153847
2805101001 Chapinería sección 01001,2023,28051,Chapinería,20.4
2805301003 Daganzo de Arriba sección 01003,2015,28053,Daganzo de Arriba,28.25
2805301003 Daganzo de Arriba sección 01003,2016,28053,Daganzo de Arriba,14.0
2805301003 Daganzo de Arriba sección 01003,2017,28053,Daganzo de Arriba,6.666666666666667
2805301003 Daganzo de Arriba sección 01003,2018,28053,Daganzo de Arriba,17.8
2805301003 Daganzo de Arriba sección 01003,2019,28053,Daganzo de Arriba,13.666666666666666
2805301004 Daganzo de Arriba sección 01004,2015,28053,Daganzo de Arriba,16.142857142857142
2805301004 Daganzo de Arriba sección 01004,2016,28053,Daganzo de Arriba,7.0
2805301004 Daganzo de Arriba sección 01004,2017,28053,Daganzo de Arriba,7.5
2805301004 Daganzo de Arriba sección 01004,2018,28053,Daganzo de Arriba,15.25
2805301004 Daganzo de Arriba sección 01004,2019,28053,Daganzo de Arriba,12.166666666666666
"2805401002 Escorial, El sección 01002",2015,28054,"Escorial, El",12.0
"2805401002 Escorial, El sección 01002",2016,28054,"Escorial, El",8.0
"2805401002 Escorial, El sección 01002",2018,28054,"Escorial, El",23.0
"2805401002 Escorial, El sección 01002",2019,28054,"Escorial, El",12.0
"2805401002 Escorial, El sección 01002",2020,28054,"Escorial, El",12.5
"2805401002 Escorial, El sección 01002",2021,28054,"Escorial, El",11.666666666666666
"2805401002 Escorial, El sección 01002",2022,28054,"Escorial, El",19.166666666666668
"2805401002 Escorial, El sección 01002",2023,28054,"Escorial, El",14.909090909090908
"2805402001 Escorial, El sección 02001",2015,28054,"Escorial, El",16.5
"2805402001 Escorial, El sección 02001",2016,28054,"Escorial, El",30.0
2805701001 Fresno de Torote sección 01001,2023,28057,Fresno de Torote,13.2
2805801004 Fuenlabrada sección 01004,2015,28058,Fuenlabrada,17.333333333333332
2805805001 Fuenlabrada sección 05001,2015,28058,Fuenlabrada,7.8
2805805001 Fuenlabrada sección 05001,2016,28058,Fuenlabrada,11.428571428571429
2805805001 Fuenlabrada sección 05001,2017,28058,Fuenlabrada,14.0
2805805001 Fuenlabrada sección 05001,2018,28058,Fuenlabrada,21.25
2805805001 Fuenlabrada sección 05001,2019,28058,Fuenlabrada,14.333333333333334
2805805001 Fuenlabrada sección 05001,2020,28058,Fuenlabrada,15.8
2805807016 Fuenlabrada sección 07016,2017,28058,Fuenlabrada,13.666666666666666
2805807016 Fuenlabrada sección 07016,2018,28058,Fuenlabrada,19.714285714285715
2805807016 Fuenlabrada sección 07016,2019,28058,Fuenlabrada,3.1666666666666665
2805807016 Fuenlabrada sección 07016,2020,28058,Fuenlabrada,18.75
2805809002 Fuenlabrada sección 09002,2015,28058,Fuenlabrada,11.875
2805809002 Fuenlabrada sección 09002,2016,28058,Fuenlabrada,11.666666666666666
2805809002 Fuenlabrada sección 09002,2017,28058,Fuenlabrada,15.0
2805809002 Fuenlabrada sección 09002,2018,28058,Fuenlabrada,15.5
2805809002 Fuenlabrada sección 09002,2019,28058,Fuenlabrada,14.5
2805809002 Fuenlabrada sección 09002,2020,28058,Fuenlabrada,10.083333333333334
2805809002 Fuenlabrada sección 09002,2021,28058,Fuenlabrada,14.6
2805809002 Fuenlabrada sección 09002,2022,28058,Fuenlabrada,6.333333333333333
2805809002 Fuenlabrada sección 09002,2023,28058,Fuenlabrada,6.181818181818182
2805809008 Fuenlabrada sección 09008,2015,28058,Fuenlabrada,13.625
2805809008 Fuenlabrada sección 09008,2016,28058,Fuenlabrada,13.222222222222221
2805809008 Fuenlabrada sección 09008,2017,28058,Fuenlabrada,8.0
2805809008 Fuenlabrada sección 09008,2018,28058,Fuenlabrada,10.666666666666666
2805809008 Fuenlabrada sección 09008,2019,28058,Fuenlabrada,14.666666666666666
2805809008 Fuenlabrada sección 09008,2020,28058,Fuenlabrada,7.0
2805809008 Fuenlabrada sección 09008,2021,28058,Fuenlabrada,12.833333333333334
2805809008 Fuenlabrada sección 09008,2022,28058,Fuenlabrada,5.0
2805809008 Fuenlabrada sección 09008,2023,28058,Fuenlabrada,8.571428571428571
2805809009 Fuenlabrada sección 09009,2015,28058,Fuenlabrada,14.666666666666666
2805809009 Fuenlabrada sección 09009,2016,28058,Fuenlabrada,15.333333333333334
2805809009 Fuenlabrada sección 09009,2017,28058,Fuenlabrada,16.0
2805809009 Fuenlabrada sección 09009,2018,28058,Fuenlabrada,14.25
2805809009 Fuenlabrada sección 09009,2019,28058,Fuenlabrada,12.307692307692308
2805809009 Fuenlabrada sección 09009,2020,28058,Fuenlabrada,12.4
2805809009 Fuenlabrada sección 09009,2021,28058,Fuenlabrada,19.6
2805809009 Fuenlabrada sección 09009,2022,28058,Fuenlabrada,12.571428571428571
2805901001 Fuente el Saz de Jarama sección 01001,2015,28059,Fuente el Saz de Jarama,10.8
2805901001 Fuente el Saz de Jarama sección 01001,2016,28059,Fuente el Saz de Jarama,16.571428571428573
2805901001 Fuente el Saz de Jarama sección 01001,2017,28059,Fuente el Saz de Jarama,4.0
2805901001 Fuente el Saz de Jarama sección 01001,2018,28059,Fuente el Saz de Jarama,19.0
2805901001 Fuente el Saz de Jarama sección 01001,2019,28059,Fuente el Saz de Jarama,15.125
2805901001 Fuente el Saz de Jarama sección 01001,2020,28059,Fuente el Saz de Jarama,18.5
2805901001 Fuente el Saz de Jarama sección 01001,2021,28059,Fuente el Saz de Jarama,5.0
2805901001 Fuente el Saz de Jarama sección 01001,2022,28059,Fuente el Saz de Jarama,19.166666666666668
2805901001 Fuente el Saz de Jarama sección 01001,2023,28059,Fuente el Saz de Jarama,19.88888888888889
2806101001 Galapagar sección 01001,2015,28061,Galapagar,24.8
2806101001 Galapagar sección 01001,2016,28061,Galapagar,28.75
2806101001 Galapagar sección 01001,2017,28061,Galapagar,26.0
2806101001 Galapagar sección 01001,2018,28061,Galapagar,23.125
2806101001 Galapagar sección 01001,2019,28061,Galapagar,23.5
2806101001 Galapagar sección 01001,2020,28061,Galapagar,20.0
2806101001 Galapagar sección 01001,2021,28061,Galapagar,31.25
2806101001 Galapagar sección 01001,2022,28061,Galapagar,19.5
2806101001 Galapagar sección 01001,2023,28061,Galapagar,23.0
2806101002 Galapagar sección 01002,2015,28061,Galapagar,21.0
2806101002 Galapagar sección 01002,2016,28061,Galapagar,16.285714285714285
2806101002 Galapagar sección 01002,2017,28061,Galapagar,17.666666666666668
2806101002 Galapagar sección 01002,2018,28061,Galapagar,13.4
2806101002 Galapagar sección 01002,2019,28061,Galapagar,14.857142857142858
2806101002 Galapagar sección 01002,2020,28061,Galapagar,14.4
2806101002 Galapagar sección 01002,2021,28061,Galapagar,13.571428571428571
2806101002 Galapagar sección 01002,2022,28061,Galapagar,10.4
2806101002 Galapagar sección 01002,2023,28061,Galapagar,17.333333333333332
2806101003 Galapagar sección 01003,2015,28061,Galapagar,23.666666666666668
2806101003 Galapagar sección 01003,2016,28061,Galapagar,13.0
2806101003 Galapagar sección 01003,2017,28061,Galapagar,19.5
2806101003 Galapagar sección 01003,2018,28061,Galapagar,26.285714285714285
2806101003 Galapagar sección 01003,2019,28061,Galapagar,22.75
2806101003 Galapagar sección 01003,2020,28061,Galapagar,17.875
2806101003 Galapagar sección 01003,2021,28061,Galapagar,27.285714285714285
2806101003 Galapagar sección 01003,2022,28061,Galapagar,20.166666666666668
2806101003 Galapagar sección 01003,2023,28061,Galapagar,16.875
2806101004 Galapagar sección 01004,2015,28061,Galapagar,19.4
2806101004 Galapagar sección 01004,2016,28061,Galapagar,28.0
2806101004 Galapagar sección 01004,2017,28061,Galapagar,10.0
2806101004 Galapagar sección 01004,2018,28061,Galapagar,16.714285714285715
2806101004 Galapagar sección 01004,2019,28061,Galapagar,20.666666666666668
2806101004 Galapagar sección 01004,2020,28061,Galapagar,19.2
2806101004 Galapagar sección 01004,2021,28061,Galapagar,14.5
2806101004 Galapagar sección 01004,2022,28061,Galapagar,17.5
2806101004 Galapagar sección 01004,2023,28061,Galapagar,15.6
2806101005 Galapagar sección 01005,2023,28061,Galapagar,25.333333333333332
2806101008 Galapagar sección 01008,2021,28061,Galapagar,5.0
2806101008 Galapagar sección 01008,2022,28061,Galapagar,31.0
2806101008 Galapagar sección 01008,2023,28061,Galapagar,16.714285714285715
2806101009 Galapagar sección 01009,2015,28061,Galapagar,20.333333333333332
2806101009 Galapagar sección 01009,2016,28061,Galapagar,34.75
2806101009 Galapagar sección 01009,2017,28061,Galapagar,11.0
2806101009 Galapagar sección 01009,2018,28061,Galapagar,20.0
2806101009 Galapagar sección 01009,2019,28061,Galapagar,28.857142857142858
2806101009 Galapagar sección 01009,2020,28061,Galapagar,20.75
2806101009 Galapagar sección 01009,2021,28061,Galapagar,3.3333333333333335
2806101009 Galapagar sección 01009,2022,28061,Galapagar,9.0
2806101009 Galapagar sección 01009,2023,28061,Galapagar,28.0
2806101011 Galapagar sección 01011,2015,28061,Galapagar,18.75
2806101011 Galapagar sección 01011,2016,28061,Galapagar,14.666666666666666
2806101011 Galapagar sección 01011,2018,28061,Galapagar,19.833333333333332
2806101011 Galapagar sección 01011,2019,28061,Galapagar,21.11111111111111
2806101011 Galapagar sección 01011,2020,28061,Galapagar,10.75
2806101011 Galapagar sección 01011,2021,28061,Galapagar,16.0
2806101011 Galapagar sección 01011,2022,28061,Galapagar,11.571428571428571
2806101011 Galapagar sección 01011,2023,28061,Galapagar,12.125
2806101012 Galapagar sección 01012,2022,28061,Galapagar,18.9
2806101012 Galapagar sección 01012,2023,28061,Galapagar,23.571428571428573
2806501006 Getafe sección 01006,2015,28065,Getafe,17.333333333333332
2806501006 Getafe sección 01006,2016,28065,Getafe,24.5
2806501006 Getafe sección 01006,2017,28065,Getafe,5.333333333333333
2806501006 Getafe sección 01006,2018,28065,Getafe,18.0
2806501006 Getafe sección 01006,2019,28065,Getafe,22.5
2806501006 Getafe sección 01006,2020,28065,Getafe,19.333333333333332
2806501006 Getafe sección 01006,2021,28065,Getafe,19.0
2806501006 Getafe sección 01006,2022,28065,Getafe,23.75
2806501006 Getafe sección 01006,2023,28065,Getafe,17.666666666666668
2806502013 Getafe sección 02013,2020,28065,Getafe,12.625
2806502013 Getafe sección 02013,2021,28065,Getafe,17.833333333333332
2806502013 Getafe sección 02013,2022,28065,Getafe,24.8
2806502013 Getafe sección 02013,2023,28065,Getafe,19.0
2806502016 Getafe sección 02016,2015,28065,Getafe,19.11111111111111
2806502016 Getafe sección 02016,2016,28065,Getafe,22.4
2806502016 Getafe sección 02016,2017,28065,Getafe,3.0
2806502016 Getafe sección 02016,2018,28065,Getafe,18.857142857142858
2806502016 Getafe sección 02016,2019,28065,Getafe,22.25
2806502016 Getafe sección 02016,2023,28065,Getafe,17.7
2806502021 Getafe sección 02021,2015,28065,Getafe,13.6
2806502021 Getafe sección 02021,2016,28065,Getafe,10.857142857142858
2806502021 Getafe sección 02021,2018,28065,Getafe,11.428571428571429
2806502021 Getafe sección 02021,2019,28065,Getafe,12.5
2806502021 Getafe sección 02021,2020,28065,Getafe,16.833333333333332
2806502021 Getafe sección 02021,2021,28065,Getafe,11.25
2806502021 Getafe sección 02021,2022,28065,Getafe,13.0
2806502021 Getafe sección 02021,2023,28065,Getafe,12.375
2806503033 Getafe sección 03033,2015,28065,Getafe,37.0
2806503033 Getafe sección 03033,2016,28065,Getafe,14.0
2806503038 Getafe sección 03038,2015,28065,Getafe,42.0
2806503038 Getafe sección 03038,2016,28065,Getafe,12.090909090909092
2806503038 Getafe sección 03038,2017,28065,Getafe,1.5
2806503038 Getafe sección 03038,2018,28065,Getafe,20.9
2806503038 Getafe sección 03038,2019,28065,Getafe,14.333333333333334
2806503038 Getafe sección 03038,2020,28065,Getafe,19.071428571428573
2806503038 Getafe sección 03038,2021,28065,Getafe,1.4
2806503038 Getafe sección 03038,2022,28065,Getafe,8.090909090909092
2806503038 Getafe sección 03038,2023,28065,Getafe,16.857142857142858
2806503039 Getafe sección 03039,2018,28065,Getafe,28.875
2806503039 Getafe sección 03039,2019,28065,Getafe,25.8
2806503039 Getafe sección 03039,2020,28065,Getafe,29.4
2806503039 Getafe sección 03039,2021,28065,Getafe,32.8
2806503039 Getafe sección 03039,2022,28065,Getafe,9.0
2806503039 Getafe sección 03039,2023,28065,Getafe,17.8
2806503042 Getafe sección 03042,2015,28065,Getafe,5.5
2806503042 Getafe sección 03042,2016,28065,Getafe,13.0
2806503043 Getafe sección 03043,2015,28065,Getafe,13.142857142857142
2806503043 Getafe sección 03043,2016,28065,Getafe,6.454545454545454
2806503044 Getafe sección 03044,2021,28065,Getafe,40.666666666666664
2806503044 Getafe sección 03044,2022,28065,Getafe,61.0
2806503044 Getafe sección 03044,2023,28065,Getafe,44.4
2806503045 Getafe sección 03045,2019,28065,Getafe,17.25
2806503045 Getafe sección 03045,2020,28065,Getafe,8.538461538461538
2806503045 Getafe sección 03045,2021,28065,Getafe,21.333333333333332
2806503045 Getafe sección 03045,2022,28065,Getafe,16.333333333333332
2806503045 Getafe sección 03045,2023,28065,Getafe,14.428571428571429
2806503046 Getafe sección 03046,2021,28065,Getafe,22.25
2806503046 Getafe sección 03046,2022,28065,Getafe,17.75
2806503046 Getafe sección 03046,2023,28065,Getafe,10.8
2806503047 Getafe sección 03047,2019,28065,Getafe,7.285714285714286
2806503047 Getafe sección 03047,2020,28065,Getafe,11.166666666666666
2806503047 Getafe sección 03047,2021,28065,Getafe,22.0
2806503047 Getafe sección 03047,2022,28065,Getafe,19.727272727272727
2806503047 Getafe sección 03047,2023,28065,Getafe,3.6666666666666665
2806504029 Getafe sección 04029,2015,28065,Getafe,32.0
2806504029 Getafe sección 04029,2016,28065,Getafe,15.75
2806504029 Getafe sección 04029,2017,28065,Getafe,13.0
2806504029 Getafe sección 04029,2018,28065,Getafe,16.272727272727273
2806504029 Getafe sección 04029,2019,28065,Getafe,18.5
2806504029 Getafe sección 04029,2020,28065,Getafe,16.75
2806504029 Getafe sección 04029,2021,28065,Getafe,17.571428571428573
2806504029 Getafe sección 04029,2022,28065,Getafe,18.0
2806504029 Getafe sección 04029,2023,28065,Getafe,18.333333333333332
2806504033 Getafe sección 04033,2015,28065,Getafe,10.0
2806504033 Getafe sección 04033,2016,28065,Getafe,39.8
2806504034 Getafe sección 04034,2015,28065,Getafe,25.0
2806504034 Getafe sección 04034,2016,28065,Getafe,20.0
2806504034 Getafe sección 04034,2021,28065,Getafe,11.875
2806504034 Getafe sección 04034,2022,28065,Getafe,9.266666666666667
2806504034 Getafe sección 04034,2023,28065,Getafe,13.818181818181818
2806504035 Getafe sección 04035,2015,28065,Getafe,36.4
2806504035 Getafe sección 04035,2016,28065,Getafe,31.0
2806504037 Getafe sección 04037,2023,28065,Getafe,10.545454545454545
2806504038 Getafe sección 04038,2023,28065,Getafe,19.333333333333332
2806601001 Griñón sección 01001,2015,28066,Griñón,19.333333333333332
2806601001 Griñón sección 01001,2016,28066,Griñón,18.636363636363637
2806601001 Griñón sección 01001,2017,28066,Griñón,15.333333333333334
2806601001 Griñón sección 01001,2018,28066,Griñón,25.88888888888889
2806601001 Griñón sección 01001,2019,28066,Griñón,17.916666666666668
2806601001 Griñón sección 01001,2020,28066,Griñón,19.666666666666668
2806601001 Griñón sección 01001,2021,28066,Griñón,6.5
2806601001 Griñón sección 01001,2022,28066,Griñón,29.666666666666668
2806601001 Griñón sección 01001,2023,28066,Griñón,19.0
2806601003 Griñón sección 01003,2015,28066,Griñón,21.333333333333332
2806601003 Griñón sección 01003,2016,28066,Griñón,24.0
2806601003 Griñón sección 01003,2017,28066,Griñón,9.0
2806601003 Griñón sección 01003,2018,28066,Griñón,14.25
2806601003 Griñón sección 01003,2019,28066,Griñón,19.2
2806601003 Griñón sección 01003,2020,28066,Griñón,20.0
2806601003 Griñón sección 01003,2021,28066,Griñón,19.25
2806601003 Griñón sección 01003,2022,28066,Griñón,17.75
2806601003 Griñón sección 01003,2023,28066,Griñón,22.5
2806701002 Guadalix de la Sierra sección 01002,2022,28067,Guadalix de la Sierra,18.0
2806701002 Guadalix de la Sierra sección 01002,2023,28067,Guadalix de la Sierra,21.5
2806801002 Guadarrama sección 01002,2016,28068,Guadarrama,14.5
2806801002 Guadarrama sección 01002,2018,28068,Guadarrama,19.0
2806801002 Guadarrama sección 01002,2019,28068,Guadarrama,26.333333333333332
2806801002 Guadarrama sección 01002,2020,28068,Guadarrama,24.285714285714285
2806801002 Guadarrama sección 01002,2021,28068,Guadarrama,15.2
2806801002 Guadarrama sección 01002,2022,28068,Guadarrama,15.666666666666666
2806801002 Guadarrama sección 01002,2023,28068,Guadarrama,15.75
2806801004 Guadarrama sección 01004,2021,28068,Guadarrama,19.2
2806801004 Guadarrama sección 01004,2022,28068,Guadarrama,15.0
2806801004 Guadarrama sección 01004,2023,28068,Guadarrama,26.666666666666668
2807201001 Hoyo de Manzanares sección 01001,2021,28072,Hoyo de Manzanares,18.2
2807201001 Hoyo de Manzanares sección 01001,2022,28072,Hoyo de Manzanares,31.0
2807201001 Hoyo de Manzanares sección 01001,2023,28072,Hoyo de Manzanares,22.1
2807201002 Hoyo de Manzanares sección 01002,2021,28072,Hoyo de Manzanares,13.5
2807201002 Hoyo de Manzanares sección 01002,2022,28072,Hoyo de Manzanares,21.8
2807201002 Hoyo de Manzanares sección 01002,2023,28072,Hoyo de Manzanares,13.0
2807201003 Hoyo de Manzanares sección 01003,2021,28072,Hoyo de Manzanares,23.5
2807201003 Hoyo de Manzanares sección 01003,2022,28072,Hoyo de Manzanares,5.5
2807201003 Hoyo de Manzanares sección 01003,2023,28072,Hoyo de Manzanares,32.833333333333336
2807301001 Humanes de Madrid sección 01001,2015,28073,Humanes de Madrid,16.8
2807301001 Humanes de Madrid sección 01001,2016,28073,Humanes de Madrid,21.375
2807301001 Humanes de Madrid sección 01001,2017,28073,Humanes de Madrid,8.333333333333334
2807301001 Humanes de Madrid sección 01001,2018,28073,Humanes de Madrid,20.0
2807301001 Humanes de Madrid sección 01001,2019,28073,Humanes de Madrid,13.777777777777779
2807301001 Humanes de Madrid sección 01001,2020,28073,Humanes de Madrid,13.5
2807301001 Humanes de Madrid sección 01001,2021,28073,Humanes de Madrid,18.142857142857142
2807301001 Humanes de Madrid sección 01001,2022,28073,Humanes de Madrid,9.0
2807301001 Humanes de Madrid sección 01001,2023,28073,Humanes de Madrid,9.5
2807301002 Humanes de Madrid sección 01002,2015,28073,Humanes de Madrid,10.0
2807301002 Humanes de Madrid sección 01002,2016,28073,Humanes de Madrid,17.714285714285715
2807301002 Humanes de Madrid sección 01002,2017,28073,Humanes de Madrid,30.2
2807301002 Humanes de Madrid sección 01002,2018,28073,Humanes de Madrid,5.8
2807301002 Humanes de Madrid sección 01002,2019,28073,Humanes de Madrid,20.5
2807301002 Humanes de Madrid sección 01002,2020,28073,Humanes de Madrid,10.25
2807301002 Humanes de Madrid sección 01002,2021,28073,Humanes de Madrid,19.857142857142858
2807301002 Humanes de Madrid sección 01002,2022,28073,Humanes de Madrid,12.666666666666666
2807301002 Humanes de Madrid sección 01002,2023,28073,Humanes de Madrid,10.571428571428571
2807301006 Humanes de Madrid sección 01006,2015,28073,Humanes de Madrid,14.222222222222221
2807301006 Humanes de Madrid sección 01006,2016,28073,Humanes de Madrid,22.4
2807301006 Humanes de Madrid sección 01006,2017,28073,Humanes de Madrid,15.0
2807301006 Humanes de Madrid sección 01006,2018,28073,Humanes de Madrid,18.5
2807301006 Humanes de Madrid sección 01006,2019,28073,Humanes de Madrid,13.857142857142858
2807301006 Humanes de Madrid sección 01006,2020,28073,Humanes de Madrid,18.333333333333332
2807301006 Humanes de Madrid sección 01006,2021,28073,Humanes de Madrid,18.4
2807301006 Humanes de Madrid sección 01006,2022,28073,Humanes de Madrid,14.11111111111111
2807301006 Humanes de Madrid sección 01006,2023,28073,Humanes de Madrid,14.833333333333334
2807301007 Humanes de Madrid sección 01007,2015,28073,Humanes de Madrid,11.333333333333334
2807301007 Humanes de Madrid sección 01007,2016,28073,Humanes de Madrid,18.2
2807301007 Humanes de Madrid sección 01007,2017,28073,Humanes de Madrid,7.0
2807301007 Humanes de Madrid sección 01007,2018,28073,Humanes de Madrid,13.0
2807301007 Humanes de Madrid sección 01007,2019,28073,Humanes de Madrid,5.625
2807301007 Humanes de Madrid sección 01007,2020,28073,Humanes de Madrid,8.6
2807301007 Humanes de Madrid sección 01007,2021,28073,Humanes de Madrid,15.25
2807301007 Humanes de Madrid sección 01007,2022,28073,Humanes de Madrid,12.0
2807301007 Humanes de Madrid sección 01007,2023,28073,Humanes de Madrid,15.333333333333334
2807301008 Humanes de Madrid sección 01008,2018,28073,Humanes de Madrid,5.0
2807301008 Humanes de Madrid sección 01008,2020,28073,Humanes de Madrid,14.6
2807301008 Humanes de Madrid sección 01008,2021,28073,Humanes de Madrid,14.2
2807301008 Humanes de Madrid sección 01008,2022,28073,Humanes de Madrid,9.571428571428571
2807301008 Humanes de Madrid sección 01008,2023,28073,Humanes de Madrid,8.2
2807401018 Leganés sección 01018,2023,28074,Leganés,15.875
2807403020 Leganés sección 03020,2019,28074,Leganés,15.75
2807403020 Leganés sección 03020,2020,28074,Leganés,26.666666666666668
2807403020 Leganés sección 03020,2021,28074,Leganés,27.0
2807403020 Leganés sección 03020,2022,28074,Leganés,22.75
2807403020 Leganés sección 03020,2023,28074,Leganés,15.8
2807403021 Leganés sección 03021,2015,28074,Leganés,27.2
2807403021 Leganés sección 03021,2016,28074,Leganés,20.0
2807403021 Leganés sección 03021,2017,28074,Leganés,1.1111111111111112
2807403021 Leganés sección 03021,2018,28074,Leganés,3.0
2807403021 Leganés sección 03021,2019,28074,Leganés,18.5
2807403021 Leganés sección 03021,2020,28074,Leganés,20.333333333333332
2807403021 Leganés sección 03021,2021,28074,Leganés,12.75
2807403021 Leganés sección 03021,2023,28074,Leganés,7.4
2807403023 Leganés sección 03023,2015,28074,Leganés,3.0
2807403023 Leganés sección 03023,2016,28074,Leganés,17.0
2807403023 Leganés sección 03023,2023,28074,Leganés,22.6
2807405010 Leganés sección 05010,2015,28074,Leganés,21.333333333333332
2807405010 Leganés sección 05010,2016,28074,Leganés,21.333333333333332
2807405012 Leganés sección 05012,2015,28074,Leganés,19.0
2807405012 Leganés sección 05012,2016,28074,Leganés,14.0
2807405012 Leganés sección 05012,2017,28074,Leganés,13.0
2807405012 Leganés sección 05012,2018,28074,Leganés,17.333333333333332
2807405012 Leganés sección 05012,2019,28074,Leganés,21.5
2807405012 Leganés sección 05012,2020,28074,Leganés,15.0
2807405012 Leganés sección 05012,2021,28074,Leganés,15.8
2807405019 Leganés sección 05019,2016,28074,Leganés,10.375
2807405019 Leganés sección 05019,2017,28074,Leganés,1.2727272727272727
2807405019 Leganés sección 05019,2018,28074,Leganés,2.0
2807405019 Leganés sección 05019,2019,28074,Leganés,18.5
2807405019 Leganés sección 05019,2020,28074,Leganés,17.0
2807405019 Leganés sección 05019,2021,28074,Leganés,12.222222222222221
2807405019 Leganés sección 05019,2022,28074,Leganés,26.833333333333332
2807405019 Leganés sección 05019,2023,28074,Leganés,12.285714285714286
2807406003 Leganés sección 06003,2015,28074,Leganés,19.428571428571427
2807406003 Leganés sección 06003,2018,28074,Leganés,18.666666666666668
2807406003 Leganés sección 06003,2019,28074,Leganés,15.0
2807406003 Leganés sección 06003,2020,28074,Leganés,16.333333333333332
2807406003 Leganés sección 06003,2021,28074,Leganés,12.833333333333334
2807406003 Leganés sección 06003,2022,28074,Leganés,15.2
2807406003 Leganés sección 06003,2023,28074,Leganés,12.0
2807407004 Leganés sección 07004,2015,28074,Leganés,15.090909090909092
2807407004 Leganés sección 07004,2016,28074,Leganés,19.833333333333332
2807407004 Leganés sección 07004,2018,28074,Leganés,19.0
2807407004 Leganés sección 07004,2019,28074,Leganés,32.666666666666664
2807407004 Leganés sección 07004,2020,28074,Leganés,8.75
2807407004 Leganés sección 07004,2021,28074,Leganés,31.5
2807407004 Leganés sección 07004,2022,28074,Leganés,15.333333333333334
2807407005 Leganés sección 07005,2019,28074,Leganés,11.166666666666666
2807407005 Leganés sección 07005,2020,28074,Leganés,16.833333333333332
2807407005 Leganés sección 07005,2021,28074,Leganés,34.0
2807407005 Leganés sección 07005,2022,28074,Leganés,12.25
2807407005 Leganés sección 07005,2023,28074,Leganés,19.88888888888889
2807407006 Leganés sección 07006,2015,28074,Leganés,26.285714285714285
2807407006 Leganés sección 07006,2016,28074,Leganés,21.583333333333332
2807902066 Madrid sección 02066,2015,28079,Madrid,57.0
2807902066 Madrid sección 02066,2016,28079,Madrid,39.666666666666664
2807902066 Madrid sección 02066,2017,28079,Madrid,5.0
2807902066 Madrid sección 02066,2018,28079,Madrid,6.0
2807902066 Madrid sección 02066,2019,28079,Madrid,30.0
2807902066 Madrid sección 02066,2020,28079,Madrid,37.375
2807902097 Madrid sección 02097,2015,28079,Madrid,34.857142857142854
2807902097 Madrid sección 02097,2016,28079,Madrid,48.333333333333336
2807902099 Madrid sección 02099,2015,28079,Madrid,53.0
2807902099 Madrid sección 02099,2016,28079,Madrid,31.166666666666668
2807902103 Madrid sección 02103,2017,28079,Madrid,3.6666666666666665
2807902103 Madrid sección 02103,2018,28079,Madrid,80.0
2807902103 Madrid sección 02103,2019,28079,Madrid,69.33333333333333
2807902103 Madrid sección 02103,2020,28079,Madrid,37.8
2807902103 Madrid sección 02103,2021,28079,Madrid,26.2
2807902103 Madrid sección 02103,2022,28079,Madrid,65.25
2807902103 Madrid sección 02103,2023,28079,Madrid,37.75
2807902104 Madrid sección 02104,2016,28079,Madrid,30.2
2807902104 Madrid sección 02104,2017,28079,Madrid,5.0
2807902104 Madrid sección 02104,2018,28079,Madrid,37.8
2807902104 Madrid sección 02104,2019,28079,Madrid,22.0
2807902104 Madrid sección 02104,2020,28079,Madrid,51.666666666666664
2807902104 Madrid sección 02104,2021,28079,Madrid,21.166666666666668
2807902105 Madrid sección 02105,2016,28079,Madrid,24.0
2807902105 Madrid sección 02105,2018,28079,Madrid,4.0
2807902105 Madrid sección 02105,2019,28079,Madrid,16.571428571428573
2807902105 Madrid sección 02105,2020,28079,Madrid,30.2
2807902105 Madrid sección 02105,2021,28079,Madrid,79.5
2807903025 Madrid sección 03025,2018,28079,Madrid,26.0
2807903025 Madrid sección 03025,2019,28079,Madrid,42.25
2807903025 Madrid sección 03025,2020,28079,Madrid,43.5
2807903025 Madrid sección 03025,2021,28079,Madrid,43.57142857142857
2807903097 Madrid sección 03097,2016,28079,Madrid,40.5
2807905094 Madrid sección 05094,2015,28079,Madrid,38.25
2807905094 Madrid sección 05094,2016,28079,Madrid,29.6
2807908128 Madrid sección 08128,2015,28079,Madrid,56.285714285714285
2807908128 Madrid sección 08128,2016,28079,Madrid,38.125
2807908128 Madrid sección 08128,2017,28079,Madrid,4.666666666666667
2807908128 Madrid sección 08128,2018,28079,Madrid,27.571428571428573
2807908128 Madrid sección 08128,2019,28079,Madrid,21.833333333333332
2807908128 Madrid sección 08128,2020,28079,Madrid,34.625
2807908128 Madrid sección 08128,2021,28079,Madrid,32.5
2807908131 Madrid sección 08131,2015,28079,Madrid,13.0
2807908131 Madrid sección 08131,2016,28079,Madrid,49.5
2807908135 Madrid sección 08135,2015,28079,Madrid,21.5
2807908135 Madrid sección 08135,2016,28079,Madrid,21.0
2807908135 Madrid sección 08135,2017,28079,Madrid,2.6666666666666665
2807908139 Madrid sección 08139,2018,28079,Madrid,31.77777777777778
2807908139 Madrid sección 08139,2019,28079,Madrid,27.333333333333332
2807908139 Madrid sección 08139,2020,28079,Madrid,43.25
2807908139 Madrid sección 08139,2021,28079,Madrid,41.4
2807908160 Madrid sección 08160,2015,28079,Madrid,39.666666666666664
2807908160 Madrid sección 08160,2016,28079,Madrid,11.833333333333334
2807908160 Madrid sección 08160,2018,28079,Madrid,37.2
2807908160 Madrid sección 08160,2019,28079,Madrid,35.125
2807908160 Madrid sección 08160,2020,28079,Madrid,47.4
2807908160 Madrid sección 08160,2021,28079,Madrid,34.25
2807908160 Madrid sección 08160,2022,28079,Madrid,35.4
2807908160 Madrid sección 08160,2023,28079,Madrid,23.8
2807908161 Madrid sección 08161,2015,28079,Madrid,70.66666666666667
2807908161 Madrid sección 08161,2016,28079,Madrid,31.0
2807908164 Madrid sección 08164,2015,28079,Madrid,25.0
2807908164 Madrid sección 08164,2016,28079,Madrid,29.857142857142858
2807908164 Madrid sección 08164,2017,28079,Madrid,2.8
2807908164 Madrid sección 08164,2018,28079,Madrid,20.4
2807908164 Madrid sección 08164,2019,28079,Madrid,22.0
2807908164 Madrid sección 08164,2020,28079,Madrid,42.6
2807908164 Madrid sección 08164,2021,28079,Madrid,29.5
2807908164 Madrid sección 08164,2022,28079,Madrid,37.0
2807908164 Madrid sección 08164,2023,28079,Madrid,26.0
2807908165 Madrid sección 08165,2023,28079,Madrid,2.6666666666666665
2807908167 Madrid sección 08167,2015,28079,Madrid,38.833333333333336
2807908167 Madrid sección 08167,2016,28079,Madrid,34.0
2807908167 Madrid sección 08167,2017,28079,Madrid,6.5
2807908167 Madrid sección 08167,2018,28079,Madrid,14.714285714285714
2807908167 Madrid sección 08167,2019,28079,Madrid,24.2
2807908167 Madrid sección 08167,2020,28079,Madrid,52.0
2807908167 Madrid sección 08167,2021,28079,Madrid,40.2
2807908168 Madrid sección 08168,2015,28079,Madrid,26.333333333333332
2807908168 Madrid sección 08168,2016,28079,Madrid,27.555555555555557
2807908169 Madrid sección 08169,2015,28079,Madrid,26.0
2807908169 Madrid sección 08169,2016,28079,Madrid,57.2
2807908169 Madrid sección 08169,2017,28079,Madrid,2.8
2807908169 Madrid sección 08169,2018,28079,Madrid,23.5
2807908169 Madrid sección 08169,2019,28079,Madrid,24.8
2807908169 Madrid sección 08169,2020,28079,Madrid,43.9
2807908169 Madrid sección 08169,2021,28079,Madrid,21.8
2807908169 Madrid sección 08169,2022,28079,Madrid,31.0
2807908169 Madrid sección 08169,2023,28079,Madrid,22.166666666666668
2807908170 Madrid sección 08170,2015,28079,Madrid,47.857142857142854
2807908170 Madrid sección 08170,2016,28079,Madrid,45.8
2807908170 Madrid sección 08170,2017,28079,Madrid,6.0
2807908170 Madrid sección 08170,2018,28079,Madrid,32.833333333333336
2807908170 Madrid sección 08170,2019,28079,Madrid,29.285714285714285
2807908170 Madrid sección 08170,2020,28079,Madrid,23.0
2807908170 Madrid sección 08170,2021,28079,Madrid,21.857142857142858
2807908170 Madrid sección 08170,2022,28079,Madrid,29.125
2807908170 Madrid sección 08170,2023,28079,Madrid,30.1
2807908171 Madrid sección 08171,2015,28079,Madrid,31.375
2807908171 Madrid sección 08171,2016,28079,Madrid,36.5
2807908173 Madrid sección 08173,2015,28079,Madrid,34.42857142857143
2807908173 Madrid sección 08173,2016,28079,Madrid,31.666666666666668
2807908176 Madrid sección 08176,2015,28079,Madrid,45.666666666666664
2807908176 Madrid sección 08176,2016,28079,Madrid,16.285714285714285
2807908176 Madrid sección 08176,2017,28079,Madrid,7.0
2807908176 Madrid sección 08176,2018,28079,Madrid,48.6
2807908176 Madrid sección 08176,2019,28079,Madrid,20.5
2807908176 Madrid sección 08176,2020,28079,Madrid,24.11111111111111
2807908176 Madrid sección 08176,2021,28079,Madrid,48.57142857142857
2807908176 Madrid sección 08176,2022,28079,Madrid,26.0
2807908176 Madrid sección 08176,2023,28079,Madrid,45.0
2807908181 Madrid sección 08181,2021,28079,Madrid,36.333333333333336
2807908181 Madrid sección 08181,2022,28079,Madrid,46.333333333333336
2807908181 Madrid sección 08181,2023,28079,Madrid,30.714285714285715
2807908187 Madrid sección 08187,2018,28079,Madrid,19.0
2807908187 Madrid sección 08187,2019,28079,Madrid,37.18181818181818
2807908187 Madrid sección 08187,2022,28079,Madrid,36.5
2807908187 Madrid sección 08187,2023,28079,Madrid,27.0
2807909071 Madrid sección 09071,2015,28079,Madrid,33.0
2807909071 Madrid sección 09071,2016,28079,Madrid,30.0
2807909071 Madrid sección 09071,2017,28079,Madrid,4.5
2807909071 Madrid sección 09071,2018,28079,Madrid,53.666666666666664
2807909071 Madrid sección 09071,2019,28079,Madrid,17.75
2807909071 Madrid sección 09071,2020,28079,Madrid,58.714285714285715
2807909071 Madrid sección 09071,2021,28079,Madrid,42.0
2807909072 Madrid sección 09072,2015,28079,Madrid,29.2
2807909072 Madrid sección 09072,2016,28079,Madrid,34.5
2807909072 Madrid sección 09072,2017,28079,Madrid,3.0
2807909072 Madrid sección 09072,2018,28079,Madrid,15.0
2807909072 Madrid sección 09072,2019,28079,Madrid,25.333333333333332
2807909072 Madrid sección 09072,2020,28079,Madrid,18.375
2807909072 Madrid sección 09072,2021,28079,Madrid,29.8
2807909073 Madrid sección 09073,2018,28079,Madrid,22.75
2807909073 Madrid sección 09073,2019,28079,Madrid,23.0
2807909073 Madrid sección 09073,2020,28079,Madrid,78.5
2807909073 Madrid sección 09073,2021,28079,Madrid,37.875
2807909075 Madrid sección 09075,2019,28079,Madrid,20.8
2807909075 Madrid sección 09075,2020,28079,Madrid,35.125
2807909075 Madrid sección 09075,2021,28079,Madrid,15.8
2807909075 Madrid sección 09075,2022,28079,Madrid,20.75
2807909075 Madrid sección 09075,2023,28079,Madrid,35.75
2807909080 Madrid sección 09080,2015,28079,Madrid,17.0
2807909080 Madrid sección 09080,2016,28079,Madrid,50.0
2807909083 Madrid sección 09083,2015,28079,Madrid,32.857142857142854
2807909083 Madrid sección 09083,2018,28079,Madrid,24.125
2807909083 Madrid sección 09083,2019,28079,Madrid,42.0
2807909083 Madrid sección 09083,2020,28079,Madrid,17.5
2807909083 Madrid sección 09083,2021,28079,Madrid,42.857142857142854
2807909088 Madrid sección 09088,2022,28079,Madrid,38.8
2807909088 Madrid sección 09088,2023,28079,Madrid,38.0
2807910006 Madrid sección 10006,2022,28079,Madrid,20.75
2807910153 Madrid sección 10153,2019,28079,Madrid,16.666666666666668
2807910153 Madrid sección 10153,2021,28079,Madrid,22.0
2807910153 Madrid sección 10153,2022,28079,Madrid,7.0
2807910153 Madrid sección 10153,2023,28079,Madrid,21.8
2807910216 Madrid sección 10216,2015,28079,Madrid,5.8
2807910216 Madrid sección 10216,2016,28079,Madrid,11.2
2807910220 Madrid sección 10220,2016,28079,Madrid,17.8
2807910220 Madrid sección 10220,2017,28079,Madrid,12.333333333333334
2807910220 Madrid sección 10220,2018,28079,Madrid,20.5
2807910220 Madrid sección 10220,2019,28079,Madrid,20.5
2807910220 Madrid sección 10220,2020,28079,Madrid,28.333333333333332
2807910220 Madrid sección 10220,2021,28079,Madrid,25.333333333333332
2807911067 Madrid sección 11067,2015,28079,Madrid,25.25
2807911067 Madrid sección 11067,2016,28079,Madrid,18.0
2807911126 Madrid sección 11126,2015,28079,Madrid,17.0
2807911126 Madrid sección 11126,2016,28079,Madrid,26.5
2807911126 Madrid sección 11126,2017,28079,Madrid,2.0
2807911126 Madrid sección 11126,2018,28079,Madrid,17.0
2807911126 Madrid sección 11126,2019,28079,Madrid,16.375
2807911126 Madrid sección 11126,2020,28079,Madrid,19.0
2807911126 Madrid sección 11126,2021,28079,Madrid,19.666666666666668
2807911156 Madrid sección 11156,2016,28079,Madrid,28.22222222222222
2807911156 Madrid sección 11156,2017,28079,Madrid,8.333333333333334
2807911156 Madrid sección 11156,2018,28079,Madrid,20.857142857142858
2807911156 Madrid sección 11156,2019,28079,Madrid,25.285714285714285
2807911156 Madrid sección 11156,2020,28079,Madrid,12.333333333333334
2807911156 Madrid sección 11156,2021,28079,Madrid,29.166666666666668
2807911169 Madrid sección 11169,2019,28079,Madrid,14.0
2807911169 Madrid sección 11169,2020,28079,Madrid,17.5
2807911169 Madrid sección 11169,2021,28079,Madrid,15.333333333333334
2807911169 Madrid sección 11169,2022,28079,Madrid,16.6
2807911169 Madrid sección 11169,2023,28079,Madrid,21.333333333333332
2807911182 Madrid sección 11182,2015,28079,Madrid,23.333333333333332
2807911182 Madrid sección 11182,2016,28079,Madrid,14.0
2807911182 Madrid sección 11182,2017,28079,Madrid,4.666666666666667
2807911182 Madrid sección 11182,2018,28079,Madrid,14.88888888888889
2807911182 Madrid sección 11182,2019,28079,Madrid,15.75
2807911182 Madrid sección 11182,2020,28079,Madrid,18.833333333333332
2807911182 Madrid sección 11182,2021,28079,Madrid,6.5
2807911182 Madrid sección 11182,2022,28079,Madrid,36.5
2807911182 Madrid sección 11182,2023,28079,Madrid,43.0
2807911183 Madrid sección 11183,2016,28079,Madrid,6.0
2807911183 Madrid sección 11183,2018,28079,Madrid,25.0
2807911183 Madrid sección 11183,2019,28079,Madrid,37.4
2807911183 Madrid sección 11183,2020,28079,Madrid,24.0
2807911187 Madrid sección 11187,2015,28079,Madrid,20.0
2807911187 Madrid sección 11187,2016,28079,Madrid,35.0
2807911190 Madrid sección 11190,2015,28079,Madrid,43.2
2807911190 Madrid sección 11190,2016,28079,Madrid,14.0
2807911191 Madrid sección 11191,2021,28079,Madrid,24.333333333333332
2807911191 Madrid sección 11191,2022,28079,Madrid,16.2
2807911191 Madrid sección 11191,2023,28079,Madrid,19.666666666666668
2807911192 Madrid sección 11192,2015,28079,Madrid,26.833333333333332
2807911192 Madrid sección 11192,2016,28079,Madrid,30.857142857142858
2807912032 Madrid sección 12032,2015,28079,Madrid,17.142857142857142
2807912032 Madrid sección 12032,2016,28079,Madrid,20.4
2807912032 Madrid sección 12032,2017,28079,Madrid,26.0
2807912032 Madrid sección 12032,2018,28079,Madrid,15.5
2807912032 Madrid sección 12032,2019,28079,Madrid,20.75
2807912032 Madrid sección 12032,2020,28079,Madrid,14.0
2807912032 Madrid sección 12032,2021,28079,Madrid,13.5
2807912032 Madrid sección 12032,2022,28079,Madrid,18.2
2807912032 Madrid sección 12032,2023,28079,Madrid,12.0
2807912102 Madrid sección 12102,2016,28079,Madrid,21.666666666666668
2807912102 Madrid sección 12102,2017,28079,Madrid,21.5
2807912102 Madrid sección 12102,2018,28079,Madrid,22.4
2807912102 Madrid sección 12102,2019,28079,Madrid,20.666666666666668
2807912102 Madrid sección 12102,2020,28079,Madrid,24.125
2807912102 Madrid sección 12102,2021,28079,Madrid,23.0
2807912102 Madrid sección 12102,2022,28079,Madrid,23.142857142857142
2807912103 Madrid sección 12103,2015,28079,Madrid,21.2
2807912103 Madrid sección 12103,2019,28079,Madrid,21.333333333333332
2807912107 Madrid sección 12107,2019,28079,Madrid,22.666666666666668
2807912107 Madrid sección 12107,2023,28079,Madrid,21.5
2807912108 Madrid sección 12108,2015,28079,Madrid,29.0
2807912108 Madrid sección 12108,2016,28079,Madrid,21.571428571428573
2807912108 Madrid sección 12108,2017,28079,Madrid,16.4
2807912108 Madrid sección 12108,2018,28079,Madrid,22.4
2807912108 Madrid sección 12108,2019,28079,Madrid,15.2
2807912108 Madrid sección 12108,2020,28079,Madrid,23.6
2807912108 Madrid sección 12108,2021,28079,Madrid,20.9
2807913035 Madrid sección 13035,2015,28079,Madrid,12.5
2807913035 Madrid sección 13035,2016,28079,Madrid,21.0
2807913035 Madrid sección 13035,2017,28079,Madrid,42.0
2807913035 Madrid sección 13035,2018,28079,Madrid,22.333333333333332
2807913035 Madrid sección 13035,2019,28079,Madrid,12.142857142857142
2807913035 Madrid sección 13035,2020,28079,Madrid,13.181818181818182
2807913035 Madrid sección 13035,2021,28079,Madrid,18.625
2807913035 Madrid sección 13035,2022,28079,Madrid,17.666666666666668
2807913035 Madrid sección 13035,2023,28079,Madrid,5.666666666666667
2807913056 Madrid sección 13056,2022,28079,Madrid,12.0
2807913056 Madrid sección 13056,2023,28079,Madrid,14.25
2807913127 Madrid sección 13127,2016,28079,Madrid,3.0
2807913127 Madrid sección 13127,2017,28079,Madrid,0.75
2807913127 Madrid sección 13127,2018,28079,Madrid,60.0
2807913127 Madrid sección 13127,2019,28079,Madrid,13.666666666666666
2807913127 Madrid sección 13127,2020,28079,Madrid,18.555555555555557
2807913127 Madrid sección 13127,2021,28079,Madrid,21.0
2807913127 Madrid sección 13127,2022,28079,Madrid,15.2
2807913127 Madrid sección 13127,2023,28079,Madrid,23.333333333333332
2807913168 Madrid sección 13168,2023,28079,Madrid,1.0
2807913190 Madrid sección 13190,2015,28079,Madrid,13.0
2807913190 Madrid sección 13190,2016,28079,Madrid,18.6
2807913206 Madrid sección 13206,2017,28079,Madrid,20.2
2807913206 Madrid sección 13206,2018,28079,Madrid,14.4
2807913206 Madrid sección 13206,2019,28079,Madrid,13.142857142857142
2807913206 Madrid sección 13206,2020,28079,Madrid,20.125
2807913206 Madrid sección 13206,2021,28079,Madrid,15.5
2807913206 Madrid sección 13206,2023,28079,Madrid,19.166666666666668
2807913216 Madrid sección 13216,2022,28079,Madrid,19.714285714285715
2807913216 Madrid sección 13216,2023,28079,Madrid,15.571428571428571
2807914081 Madrid sección 14081,2015,28079,Madrid,23.333333333333332
2807914081 Madrid sección 14081,2016,28079,Madrid,26.75
2807915062 Madrid sección 15062,2019,28079,Madrid,19.714285714285715
2807915062 Madrid sección 15062,2023,28079,Madrid,19.25
2807916004 Madrid sección 16004,2022,28079,Madrid,5.666666666666667
2807916004 Madrid sección 16004,2023,28079,Madrid,42.8
2807916036 Madrid sección 16036,2015,28079,Madrid,29.0
2807916036 Madrid sección 16036,2016,28079,Madrid,20.0
2807916036 Madrid sección 16036,2017,28079,Madrid,2.0
2807916036 Madrid sección 16036,2018,28079,Madrid,40.5
2807916036 Madrid sección 16036,2019,28079,Madrid,20.0
2807916036 Madrid sección 16036,2020,28079,Madrid,34.4
2807916036 Madrid sección 16036,2021,28079,Madrid,32.285714285714285
2807916036 Madrid sección 16036,2022,28079,Madrid,4.0
2807916036 Madrid sección 16036,2023,28079,Madrid,27.333333333333332
2807916091 Madrid sección 16091,2018,28079,Madrid,43.5
2807916091 Madrid sección 16091,2019,28079,Madrid,26.0
2807916091 Madrid sección 16091,2020,28079,Madrid,48.42857142857143
2807916091 Madrid sección 16091,2021,28079,Madrid,29.5
2807916091 Madrid sección 16091,2022,28079,Madrid,5.75
2807916091 Madrid sección 16091,2023,28079,Madrid,47.333333333333336
2807916107 Madrid sección 16107,2015,28079,Madrid,35.142857142857146
2807916107 Madrid sección 16107,2016,28079,Madrid,28.666666666666668
2807916107 Madrid sección 16107,2022,28079,Madrid,18.333333333333332
2807916107 Madrid sección 16107,2023,28079,Madrid,37.166666666666664
2807916108 Madrid sección 16108,2015,28079,Madrid,45.5
2807916108 Madrid sección 16108,2016,28079,Madrid,61.25
2807916110 Madrid sección 16110,2016,28079,Madrid,24.375
2807916110 Madrid sección 16110,2017,28079,Madrid,4.0
2807916110 Madrid sección 16110,2018,28079,Madrid,30.444444444444443
2807916110 Madrid sección 16110,2019,28079,Madrid,31.666666666666668
2807916110 Madrid sección 16110,2020,28079,Madrid,21.333333333333332
2807916110 Madrid sección 16110,2021,28079,Madrid,29.88888888888889
2807916110 Madrid sección 16110,2022,28079,Madrid,30.0
2807916110 Madrid sección 16110,2023,28079,Madrid,21.333333333333332
2807916111 Madrid sección 16111,2015,28079,Madrid,39.5
2807916111 Madrid sección 16111,2016,28079,Madrid,53.333333333333336
2807916111 Madrid sección 16111,2017,28079,Madrid,0.75
2807916111 Madrid sección 16111,2018,28079,Madrid,27.571428571428573
2807916111 Madrid sección 16111,2019,28079,Madrid,66.0
2807916111 Madrid sección 16111,2020,28079,Madrid,18.875
2807916111 Madrid sección 16111,2021,28079,Madrid,37.5
2807916114 Madrid sección 16114,2015,28079,Madrid,42.25
2807916114 Madrid sección 16114,2016,28079,Madrid,35.8
2807916114 Madrid sección 16114,2017,28079,Madrid,10.6
2807916114 Madrid sección 16114,2018,28079,Madrid,49.0
2807916114 Madrid sección 16114,2019,28079,Madrid,38.75
2807916114 Madrid sección 16114,2020,28079,Madrid,31.5
2807916114 Madrid sección 16114,2021,28079,Madrid,21.875
2807916114 Madrid sección 16114,2022,28079,Madrid,39.666666666666664
2807916114 Madrid sección 16114,2023,28079,Madrid,44.666666666666664
2807916117 Madrid sección 16117,2019,28079,Madrid,11.333333333333334
2807916117 Madrid sección 16117,2020,28079,Madrid,14.0
2807916117 Madrid sección 16117,2021,28079,Madrid,10.875
2807916117 Madrid sección 16117,2022,28079,Madrid,33.833333333333336
2807916117 Madrid sección 16117,2023,28079,Madrid,27.75
2807916118 Madrid sección 16118,2015,28079,Madrid,20.0
2807916118 Madrid sección 16118,2016,28079,Madrid,39.875
2807916118 Madrid sección 16118,2017,28079,Madrid,13.666666666666666
2807916118 Madrid sección 16118,2018,28079,Madrid,5.0
2807916118 Madrid sección 16118,2019,28079,Madrid,29.0
2807916118 Madrid sección 16118,2020,28079,Madrid,18.625
2807916118 Madrid sección 16118,2021,28079,Madrid,46.0
2807916118 Madrid sección 16118,2022,28079,Madrid,21.75
2807916118 Madrid sección 16118,2023,28079,Madrid,15.375
2807916119 Madrid sección 16119,2020,28079,Madrid,3.0
2807916119 Madrid sección 16119,2021,28079,Madrid,33.57142857142857
2807916119 Madrid sección 16119,2022,28079,Madrid,29.5
2807916119 Madrid sección 16119,2023,28079,Madrid,29.75
2807916124 Madrid sección 16124,2015,28079,Madrid,49.0
2807916124 Madrid sección 16124,2016,28079,Madrid,24.666666666666668
2807916124 Madrid sección 16124,2017,28079,Madrid,3.909090909090909
2807916124 Madrid sección 16124,2018,28079,Madrid,12.75
2807916124 Madrid sección 16124,2019,28079,Madrid,44.666666666666664
2807916124 Madrid sección 16124,2020,28079,Madrid,34.1
2807916124 Madrid sección 16124,2021,28079,Madrid,36.22222222222222
2807916124 Madrid sección 16124,2023,28079,Madrid,51.333333333333336
2807916128 Madrid sección 16128,2018,28079,Madrid,45.888888888888886
2807916128 Madrid sección 16128,2019,28079,Madrid,27.833333333333332
2807916128 Madrid sección 16128,2020,28079,Madrid,47.333333333333336
2807916128 Madrid sección 16128,2021,28079,Madrid,40.6
2807916129 Madrid sección 16129,2018,28079,Madrid,27.2
2807916129 Madrid sección 16129,2019,28079,Madrid,27.25
2807916129 Madrid sección 16129,2020,28079,Madrid,26.5
2807916129 Madrid sección 16129,2021,28079,Madrid,65.0
2807916129 Madrid sección 16129,2022,28079,Madrid,26.666666666666668
2807916129 Madrid sección 16129,2023,28079,Madrid,32.0
2807916130 Madrid sección 16130,2022,28079,Madrid,24.285714285714285
2807916130 Madrid sección 16130,2023,28079,Madrid,22.6
2807916131 Madrid sección 16131,2022,28079,Madrid,26.555555555555557
2807916131 Madrid sección 16131,2023,28079,Madrid,35.3
2807916134 Madrid sección 16134,2022,28079,Madrid,76.0
2807916134 Madrid sección 16134,2023,28079,Madrid,54.0
2807917004 Madrid sección 17004,2023,28079,Madrid,13.75
2807917045 Madrid sección 17045,2015,28079,Madrid,33.4
2807917045 Madrid sección 17045,2016,28079,Madrid,19.166666666666668
2807917080 Madrid sección 17080,2020,28079,Madrid,20.0
2807917080 Madrid sección 17080,2021,28079,Madrid,17.2
2807917080 Madrid sección 17080,2022,28079,Madrid,16.5
2807917080 Madrid sección 17080,2023,28079,Madrid,22.4
2807917096 Madrid sección 17096,2015,28079,Madrid,18.5
2807917096 Madrid sección 17096,2016,28079,Madrid,16.818181818181817
2807917106 Madrid sección 17106,2015,28079,Madrid,18.166666666666668
2807917106 Madrid sección 17106,2016,28079,Madrid,12.333333333333334
2807917106 Madrid sección 17106,2017,28079,Madrid,10.5
2807917106 Madrid sección 17106,2018,28079,Madrid,14.428571428571429
2807917106 Madrid sección 17106,2019,28079,Madrid,20.636363636363637
2807917106 Madrid sección 17106,2020,28079,Madrid,17.75
2807917106 Madrid sección 17106,2021,28079,Madrid,19.75
2807917106 Madrid sección 17106,2022,28079,Madrid,18.666666666666668
2807917106 Madrid sección 17106,2023,28079,Madrid,20.571428571428573
2807917107 Madrid sección 17107,2016,28079,Madrid,12.666666666666666
2807917107 Madrid sección 17107,2018,28079,Madrid,10.571428571428571
2807917107 Madrid sección 17107,2019,28079,Madrid,15.857142857142858
2807917107 Madrid sección 17107,2020,28079,Madrid,6.333333333333333
2807917107 Madrid sección 17107,2022,28079,Madrid,10.0
2807917107 Madrid sección 17107,2023,28079,Madrid,10.857142857142858
2807917111 Madrid sección 17111,2016,28079,Madrid,17.0
2807917111 Madrid sección 17111,2017,28079,Madrid,27.75
2807917111 Madrid sección 17111,2018,28079,Madrid,17.0
2807917111 Madrid sección 17111,2019,28079,Madrid,23.0
2807917111 Madrid sección 17111,2020,28079,Madrid,32.0
2807917111 Madrid sección 17111,2021,28079,Madrid,18.0
2807917111 Madrid sección 17111,2022,28079,Madrid,12.25
2807917111 Madrid sección 17111,2023,28079,Madrid,17.2
2807917113 Madrid sección 17113,2022,28079,Madrid,19.25
2807917113 Madrid sección 17113,2023,28079,Madrid,19.444444444444443
2807917117 Madrid sección 17117,2023,28079,Madrid,17.25
2807917118 Madrid sección 17118,2023,28079,Madrid,15.5
2807918045 Madrid sección 18045,2015,28079,Madrid,0.7272727272727273
2807918045 Madrid sección 18045,2016,28079,Madrid,9.428571428571429
2807918045 Madrid sección 18045,2017,28079,Madrid,63.0
2807918045 Madrid sección 18045,2018,28079,Madrid,0.16666666666666666
2807918045 Madrid sección 18045,2019,28079,Madrid,18.476190476190474
2807918045 Madrid sección 18045,2020,28079,Madrid,8.375
2807918045 Madrid sección 18045,2021,28079,Madrid,13.05
2807918045 Madrid sección 18045,2022,28079,Madrid,10.777777777777779
2807918045 Madrid sección 18045,2023,28079,Madrid,9.266666666666667
2807918049 Madrid sección 18049,2015,28079,Madrid,20.833333333333332
2807918049 Madrid sección 18049,2016,28079,Madrid,36.6
2807918049 Madrid sección 18049,2018,28079,Madrid,30.2
2807918049 Madrid sección 18049,2019,28079,Madrid,18.857142857142858
2807918049 Madrid sección 18049,2020,28079,Madrid,33.25
2807918049 Madrid sección 18049,2021,28079,Madrid,22.6
2807918050 Madrid sección 18050,2022,28079,Madrid,15.0
2807918052 Madrid sección 18052,2015,28079,Madrid,36.0
2807918052 Madrid sección 18052,2016,28079,Madrid,39.5
2807918052 Madrid sección 18052,2017,28079,Madrid,22.555555555555557
2807918052 Madrid sección 18052,2018,28079,Madrid,27.25
2807918052 Madrid sección 18052,2019,28079,Madrid,24.5
2807918052 Madrid sección 18052,2020,28079,Madrid,32.166666666666664
2807918052 Madrid sección 18052,2021,28079,Madrid,23.5
2807918053 Madrid sección 18053,2023,28079,Madrid,12.5
2807918054 Madrid sección 18054,2017,28079,Madrid,6.0
2807918054 Madrid sección 18054,2018,28079,Madrid,33.6
2807918054 Madrid sección 18054,2019,28079,Madrid,6.666666666666667
2807918054 Madrid sección 18054,2020,28079,Madrid,12.333333333333334
2807918054 Madrid sección 18054,2021,28079,Madrid,22.0
2807918054 Madrid sección 18054,2022,28079,Madrid,13.666666666666666
2807918054 Madrid sección 18054,2023,28079,Madrid,16.333333333333332
2807918055 Madrid sección 18055,2015,28079,Madrid,15.0
2807918055 Madrid sección 18055,2016,28079,Madrid,28.727272727272727
2807918057 Madrid sección 18057,2019,28079,Madrid,31.75
2807918057 Madrid sección 18057,2020,28079,Madrid,13.25
2807918057 Madrid sección 18057,2021,28079,Madrid,21.2
2807918057 Madrid sección 18057,2022,28079,Madrid,19.142857142857142
2807918057 Madrid sección 18057,2023,28079,Madrid,26.0
2807918058 Madrid sección 18058,2018,28079,Madrid,25.666666666666668
2807918058 Madrid sección 18058,2019,28079,Madrid,26.5
2807918058 Madrid sección 18058,2020,28079,Madrid,22.75
2807918058 Madrid sección 18058,2021,28079,Madrid,22.666666666666668
2807918058 Madrid sección 18058,2022,28079,Madrid,26.666666666666668
2807918058 Madrid sección 18058,2023,28079,Madrid,15.142857142857142
2807918059 Madrid sección 18059,2020,28079,Madrid,12.75
2807918059 Madrid sección 18059,2021,28079,Madrid,14.714285714285714
2807918059 Madrid sección 18059,2022,28079,Madrid,17.0
2807918059 Madrid sección 18059,2023,28079,Madrid,16.166666666666668
2807918060 Madrid sección 18060,2018,28079,Madrid,23.25
2807918060 Madrid sección 18060,2019,28079,Madrid,21.666666666666668
2807918060 Madrid sección 18060,2020,28079,Madrid,11.142857142857142
2807918060 Madrid sección 18060,2021,28079,Madrid,15.857142857142858
2807918061 Madrid sección 18061,2017,28079,Madrid,6.0
2807918061 Madrid sección 18061,2018,28079,Madrid,19.5
2807918061 Madrid sección 18061,2019,28079,Madrid,19.25
2807918061 Madrid sección 18061,2020,28079,Madrid,20.5
2807918061 Madrid sección 18061,2021,28079,Madrid,19.4
2807918062 Madrid sección 18062,2016,28079,Madrid,23.428571428571427
2807918063 Madrid sección 18063,2016,28079,Madrid,8.0
2807918063 Madrid sección 18063,2017,28079,Madrid,6.0
2807918063 Madrid sección 18063,2018,28079,Madrid,13.4
2807918063 Madrid sección 18063,2019,28079,Madrid,27.0
2807918063 Madrid sección 18063,2020,28079,Madrid,15.0
2807918063 Madrid sección 18063,2021,28079,Madrid,16.2
2807918064 Madrid sección 18064,2015,28079,Madrid,31.75
2807918064 Madrid sección 18064,2016,28079,Madrid,25.333333333333332
2807918064 Madrid sección 18064,2023,28079,Madrid,14.2
2807918065 Madrid sección 18065,2019,28079,Madrid,12.333333333333334
2807918065 Madrid sección 18065,2020,28079,Madrid,13.0
2807918065 Madrid sección 18065,2021,28079,Madrid,14.8
2807918065 Madrid sección 18065,2022,28079,Madrid,9.428571428571429
2807918065 Madrid sección 18065,2023,28079,Madrid,18.0
2807919001 Madrid sección 19001,2016,28079,Madrid,40.75
2807919002 Madrid sección 19002,2018,28079,Madrid,20.5
2807919002 Madrid sección 19002,2019,28079,Madrid,20.0
2807919002 Madrid sección 19002,2020,28079,Madrid,11.222222222222221
2807919002 Madrid sección 19002,2021,28079,Madrid,18.8
2807919002 Madrid sección 19002,2022,28079,Madrid,20.333333333333332
2807919002 Madrid sección 19002,2023,28079,Madrid,14.0
2807919047 Madrid sección 19047,2015,28079,Madrid,23.0
2807919047 Madrid sección 19047,2017,28079,Madrid,6.5
2807919047 Madrid sección 19047,2018,28079,Madrid,18.571428571428573
2807919047 Madrid sección 19047,2023,28079,Madrid,8.5
2807919052 Madrid sección 19052,2020,28079,Madrid,18.5
2807919052 Madrid sección 19052,2021,28079,Madrid,17.9
2807919052 Madrid sección 19052,2022,28079,Madrid,7.75
2807919052 Madrid sección 19052,2023,28079,Madrid,10.2
2807919053 Madrid sección 19053,2022,28079,Madrid,31.333333333333332
2807919053 Madrid sección 19053,2023,28079,Madrid,16.125
2807919054 Madrid sección 19054,2022,28079,Madrid,33.25
2807919054 Madrid sección 19054,2023,28079,Madrid,53.0
2807919056 Madrid sección 19056,2022,28079,Madrid,19.666666666666668
2807919056 Madrid sección 19056,2023,28079,Madrid,20.428571428571427
2807920068 Madrid sección 20068,2015,28079,Madrid,27.0
2807920068 Madrid sección 20068,2016,28079,Madrid,17.75
2807920068 Madrid sección 20068,2017,28079,Madrid,8.666666666666666
2807920068 Madrid sección 20068,2018,28079,Madrid,41.8
2807920068 Madrid sección 20068,2019,28079,Madrid,20.333333333333332
2807920068 Madrid sección 20068,2020,28079,Madrid,28.0
2807920068 Madrid sección 20068,2021,28079,Madrid,32.875
2807920068 Madrid sección 20068,2022,28079,Madrid,31.428571428571427
2807920068 Madrid sección 20068,2023,28079,Madrid,31.166666666666668
2807920071 Madrid sección 20071,2015,28079,Madrid,22.0
2807920071 Madrid sección 20071,2016,28079,Madrid,34.857142857142854
2807920096 Madrid sección 20096,2015,28079,Madrid,21.5
2807920096 Madrid sección 20096,2016,28079,Madrid,41.8
2807920106 Madrid sección 20106,2016,28079,Madrid,29.857142857142858
2807920106 Madrid sección 20106,2017,28079,Madrid,6.0
2807920106 Madrid sección 20106,2018,28079,Madrid,27.666666666666668
2807920106 Madrid sección 20106,2019,28079,Madrid,4.666666666666667
2807920106 Madrid sección 20106,2020,28079,Madrid,29.8
2807920106 Madrid sección 20106,2021,28079,Madrid,15.142857142857142
2807920112 Madrid sección 20112,2019,28079,Madrid,26.333333333333332
2807920112 Madrid sección 20112,2020,28079,Madrid,35.375
2807920112 Madrid sección 20112,2021,28079,Madrid,28.75
2807920119 Madrid sección 20119,2015,28079,Madrid,22.0
2807920119 Madrid sección 20119,2016,28079,Madrid,40.6
2807920120 Madrid sección 20120,2015,28079,Madrid,25.0
2807920120 Madrid sección 20120,2016,28079,Madrid,12.6
2807920120 Madrid sección 20120,2018,28079,Madrid,27.25
2807920120 Madrid sección 20120,2019,28079,Madrid,53.333333333333336
2807920120 Madrid sección 20120,2020,28079,Madrid,28.0
2807920120 Madrid sección 20120,2021,28079,Madrid,29.4
2807920120 Madrid sección 20120,2022,28079,Madrid,21.333333333333332
2807920120 Madrid sección 20120,2023,28079,Madrid,27.0
2807920121 Madrid sección 20121,2015,28079,Madrid,27.083333333333332
2807920121 Madrid sección 20121,2016,28079,Madrid,46.833333333333336
2807920121 Madrid sección 20121,2017,28079,Madrid,16.5
2807920121 Madrid sección 20121,2018,28079,Madrid,18.4
2807920121 Madrid sección 20121,2019,28079,Madrid,34.2
2807920121 Madrid sección 20121,2020,28079,Madrid,19.666666666666668
2807920121 Madrid sección 20121,2021,28079,Madrid,19.666666666666668
2807920121 Madrid sección 20121,2022,28079,Madrid,27.8
2807920121 Madrid sección 20121,2023,28079,Madrid,16.666666666666668
2807921027 Madrid sección 21027,2015,28079,Madrid,25.285714285714285
2807921027 Madrid sección 21027,2016,28079,Madrid,52.0
2807921027 Madrid sección 21027,2017,28079,Madrid,5.0
2807921027 Madrid sección 21027,2018,28079,Madrid,25.0
2807921027 Madrid sección 21027,2019,28079,Madrid,19.22222222222222
2807921027 Madrid sección 21027,2020,28079,Madrid,19.666666666666668
2807921027 Madrid sección 21027,2021,28079,Madrid,35.5
2807921027 Madrid sección 21027,2022,28079,Madrid,39.8
2807921027 Madrid sección 21027,2023,28079,Madrid,4.5
2807921031 Madrid sección 21031,2015,28079,Madrid,25.444444444444443
2807921031 Madrid sección 21031,2016,28079,Madrid,29.5
2807921031 Madrid sección 21031,2018,28079,Madrid,26.25
2807921031 Madrid sección 21031,2019,28079,Madrid,15.363636363636363
2807921031 Madrid sección 21031,2020,28079,Madrid,16.333333333333332
2807921031 Madrid sección 21031,2021,28079,Madrid,14.5
2807921033 Madrid sección 21033,2020,28079,Madrid,27.0
2808001009 Majadahonda sección 01009,2017,28080,Majadahonda,5.0
2808001009 Majadahonda sección 01009,2018,28080,Majadahonda,30.571428571428573
2808001009 Majadahonda sección 01009,2019,28080,Majadahonda,29.75
2808001009 Majadahonda sección 01009,2020,28080,Majadahonda,46.166666666666664
2808001009 Majadahonda sección 01009,2021,28080,Majadahonda,22.5
2808001009 Majadahonda sección 01009,2022,28080,Majadahonda,33.25
2808001009 Majadahonda sección 01009,2023,28080,Majadahonda,42.8
2808001016 Majadahonda sección 01016,2015,28080,Majadahonda,16.0
2808001016 Majadahonda sección 01016,2016,28080,Majadahonda,39.857142857142854
2808001016 Majadahonda sección 01016,2017,28080,Majadahonda,6.0
2808002005 Majadahonda sección 02005,2015,28080,Majadahonda,14.857142857142858
2808002005 Majadahonda sección 02005,2016,28080,Majadahonda,23.5
2808002005 Majadahonda sección 02005,2017,28080,Majadahonda,4.0
2808002005 Majadahonda sección 02005,2018,28080,Majadahonda,42.0
2808002005 Majadahonda sección 02005,2019,28080,Majadahonda,11.714285714285714
2808002005 Majadahonda sección 02005,2020,28080,Majadahonda,3.5
2808002005 Majadahonda sección 02005,2021,28080,Majadahonda,31.666666666666668
2808002005 Majadahonda sección 02005,2022,28080,Majadahonda,47.0
2808002005 Majadahonda sección 02005,2023,28080,Majadahonda,5.6
2808002022 Majadahonda sección 02022,2015,28080,Majadahonda,7.0
2808002022 Majadahonda sección 02022,2016,28080,Majadahonda,42.4
2808002022 Majadahonda sección 02022,2017,28080,Majadahonda,7.625
2808002022 Majadahonda sección 02022,2018,28080,Majadahonda,46.2
2808002022 Majadahonda sección 02022,2019,28080,Majadahonda,46.166666666666664
2808002022 Majadahonda sección 02022,2020,28080,Majadahonda,55.5
2808002022 Majadahonda sección 02022,2021,28080,Majadahonda,34.857142857142854
2808002022 Majadahonda sección 02022,2022,28080,Majadahonda,35.333333333333336
2808002022 Majadahonda sección 02022,2023,28080,Majadahonda,31.727272727272727
2808002025 Majadahonda sección 02025,2021,28080,Majadahonda,49.142857142857146
2808002025 Majadahonda sección 02025,2022,28080,Majadahonda,2.6666666666666665
2808002027 Majadahonda sección 02027,2015,28080,Majadahonda,26.666666666666668
2808002027 Majadahonda sección 02027,2016,28080,Majadahonda,35.666666666666664
2808002027 Majadahonda sección 02027,2017,28080,Majadahonda,3.5
2808002027 Majadahonda sección 02027,2018,28080,Majadahonda,33.75
2808002027 Majadahonda sección 02027,2019,28080,Majadahonda,23.6
2808002027 Majadahonda sección 02027,2020,28080,Majadahonda,32.42857142857143
2808002027 Majadahonda sección 02027,2021,28080,Majadahonda,28.11111111111111
2808002027 Majadahonda sección 02027,2022,28080,Majadahonda,16.25
2808201002 Manzanares el Real sección 01002,2019,28082,Manzanares el Real,19.25
2808201002 Manzanares el Real sección 01002,2020,28082,Manzanares el Real,13.571428571428571
2808201002 Manzanares el Real sección 01002,2021,28082,Manzanares el Real,13.428571428571429
2808201002 Manzanares el Real sección 01002,2022,28082,Manzanares el Real,20.0
2808201002 Manzanares el Real sección 01002,2023,28082,Manzanares el Real,11.0
2808201003 Manzanares el Real sección 01003,2020,28082,Manzanares el Real,17.333333333333332
2808201003 Manzanares el Real sección 01003,2021,28082,Manzanares el Real,6.0
2808201003 Manzanares el Real sección 01003,2022,28082,Manzanares el Real,17.6
2808201003 Manzanares el Real sección 01003,2023,28082,Manzanares el Real,32.833333333333336
2808301001 Meco sección 01001,2018,28083,Meco,16.0
2808301001 Meco sección 01001,2021,28083,Meco,14.1
2808301001 Meco sección 01001,2022,28083,Meco,16.6
2808301001 Meco sección 01001,2023,28083,Meco,19.5
2808301002 Meco sección 01002,2015,28083,Meco,10.833333333333334
2808301002 Meco sección 01002,2016,28083,Meco,13.5
2808301002 Meco sección 01002,2018,28083,Meco,6.142857142857143
2808301002 Meco sección 01002,2021,28083,Meco,6.0
2808301002 Meco sección 01002,2022,28083,Meco,4.75
2808301002 Meco sección 01002,2023,28083,Meco,3.75
2808301003 Meco sección 01003,2015,28083,Meco,14.6
2808301003 Meco sección 01003,2016,28083,Meco,10.666666666666666
2808301003 Meco sección 01003,2018,28083,Meco,29.0
2808301004 Meco sección 01004,2015,28083,Meco,19.0
2808301004 Meco sección 01004,2016,28083,Meco,39.6
2808301004 Meco sección 01004,2018,28083,Meco,16.25
2808301004 Meco sección 01004,2021,28083,Meco,28.5
2808301004 Meco sección 01004,2022,28083,Meco,49.5
2808301004 Meco sección 01004,2023,28083,Meco,26.333333333333332
2808301005 Meco sección 01005,2018,28083,Meco,12.8
2808301006 Meco sección 01006,2021,28083,Meco,18.6
2808301006 Meco sección 01006,2022,28083,Meco,22.4
2808301006 Meco sección 01006,2023,28083,Meco,19.833333333333332
2808401001 Mejorada del Campo sección 01001,2015,28084,Mejorada del Campo,11.75
2808401001 Mejorada del Campo sección 01001,2016,28084,Mejorada del Campo,14.0
2808401001 Mejorada del Campo sección 01001,2017,28084,Mejorada del Campo,16.333333333333332
2808401001 Mejorada del Campo sección 01001,2018,28084,Mejorada del Campo,12.142857142857142
2808401001 Mejorada del Campo sección 01001,2019,28084,Mejorada del Campo,12.5
2808401001 Mejorada del Campo sección 01001,2020,28084,Mejorada del Campo,18.333333333333332
2808401001 Mejorada del Campo sección 01001,2021,28084,Mejorada del Campo,13.0
2808401001 Mejorada del Campo sección 01001,2022,28084,Mejorada del Campo,11.5
2808401001 Mejorada del Campo sección 01001,2023,28084,Mejorada del Campo,7.0
2808401002 Mejorada del Campo sección 01002,2015,28084,Mejorada del Campo,17.75
2808401002 Mejorada del Campo sección 01002,2016,28084,Mejorada del Campo,16.857142857142858
2808401002 Mejorada del Campo sección 01002,2017,28084,Mejorada del Campo,21.333333333333332
2808401002 Mejorada del Campo sección 01002,2018,28084,Mejorada del Campo,14.5
2808401002 Mejorada del Campo sección 01002,2019,28084,Mejorada del Campo,10.333333333333334
2808401002 Mejorada del Campo sección 01002,2020,28084,Mejorada del Campo,18.8
2808401002 Mejorada del Campo sección 01002,2021,28084,Mejorada del Campo,13.0
2808401002 Mejorada del Campo sección 01002,2023,28084,Mejorada del Campo,14.333333333333334
2808401009 Mejorada del Campo sección 01009,2021,28084,Mejorada del Campo,9.166666666666666
2808401009 Mejorada del Campo sección 01009,2022,28084,Mejorada del Campo,8.0
2808401009 Mejorada del Campo sección 01009,2023,28084,Mejorada del Campo,18.142857142857142
2808401011 Mejorada del Campo sección 01011,2018,28084,Mejorada del Campo,19.11111111111111
2808401011 Mejorada del Campo sección 01011,2019,28084,Mejorada del Campo,14.666666666666666
2808401011 Mejorada del Campo sección 01011,2020,28084,Mejorada del Campo,21.285714285714285
2808401011 Mejorada del Campo sección 01011,2021,28084,Mejorada del Campo,21.75
2808401011 Mejorada del Campo sección 01011,2022,28084,Mejorada del Campo,14.857142857142858
2808401011 Mejorada del Campo sección 01011,2023,28084,Mejorada del Campo,21.25
2808501001 Miraflores de la Sierra sección 01001,2015,28085,Miraflores de la Sierra,20.333333333333332
2808501001 Miraflores de la Sierra sección 01001,2016,28085,Miraflores de la Sierra,19.5
2808501001 Miraflores de la Sierra sección 01001,2017,28085,Miraflores de la Sierra,29.333333333333332
2808501001 Miraflores de la Sierra sección 01001,2018,28085,Miraflores de la Sierra,19.0
2808501001 Miraflores de la Sierra sección 01001,2019,28085,Miraflores de la Sierra,25.333333333333332
2808501001 Miraflores de la Sierra sección 01001,2020,28085,Miraflores de la Sierra,18.0
2808501001 Miraflores de la Sierra sección 01001,2021,28085,Miraflores de la Sierra,19.1
2808501001 Miraflores de la Sierra sección 01001,2022,28085,Miraflores de la Sierra,19.8
2808501001 Miraflores de la Sierra sección 01001,2023,28085,Miraflores de la Sierra,19.25
"2808601001 Molar, El sección 01001",2017,28086,"Molar, El",16.5
"2808601001 Molar, El sección 01001",2018,28086,"Molar, El",18.0
"2808601001 Molar, El sección 01001",2019,28086,"Molar, El",15.6
"2808601001 Molar, El sección 01001",2020,28086,"Molar, El",20.666666666666668
"2808601001 Molar, El sección 01001",2021,28086,"Molar, El",22.333333333333332
"2808601001 Molar, El sección 01001",2022,28086,"Molar, El",19.333333333333332
"2808601001 Molar, El sección 01001",2023,28086,"Molar, El",14.5
"2808601002 Molar, El sección 01002",2017,28086,"Molar, El",19.5
"2808601002 Molar, El sección 01002",2018,28086,"Molar, El",19.2
"2808601002 Molar, El sección 01002",2019,28086,"Molar, El",19.0
"2808601002 Molar, El sección 01002",2020,28086,"Molar, El",17.75
"2808601002 Molar, El sección 01002",2021,28086,"Molar, El",19.125
"2808601003 Molar, El sección 01003",2017,28086,"Molar, El",36.0
"2808601003 Molar, El sección 01003",2018,28086,"Molar, El",12.666666666666666
"2808601003 Molar, El sección 01003",2019,28086,"Molar, El",18.4
"2808601003 Molar, El sección 01003",2020,28086,"Molar, El",19.75
"2808601003 Molar, El sección 01003",2021,28086,"Molar, El",20.4
"2808601003 Molar, El sección 01003",2022,28086,"Molar, El",15.0
"2808601003 Molar, El sección 01003",2023,28086,"Molar, El",21.5
2809001001 Moralzarzal sección 01001,2020,28090,Moralzarzal,14.857142857142858
2809001001 Moralzarzal sección 01001,2021,28090,Moralzarzal,16.875
2809001001 Moralzarzal sección 01001,2022,28090,Moralzarzal,16.166666666666668
2809001001 Moralzarzal sección 01001,2023,28090,Moralzarzal,18.0
2809001002 Moralzarzal sección 01002,2015,28090,Moralzarzal,18.5
2809001002 Moralzarzal sección 01002,2016,28090,Moralzarzal,13.5
2809001002 Moralzarzal sección 01002,2020,28090,Moralzarzal,35.0
2809001002 Moralzarzal sección 01002,2021,28090,Moralzarzal,22.0
2809001002 Moralzarzal sección 01002,2022,28090,Moralzarzal,20.25
2809001002 Moralzarzal sección 01002,2023,28090,Moralzarzal,29.0
2809001003 Moralzarzal sección 01003,2015,28090,Moralzarzal,51.0
2809001003 Moralzarzal sección 01003,2016,28090,Moralzarzal,22.333333333333332
2809001003 Moralzarzal sección 01003,2020,28090,Moralzarzal,23.857142857142858
2809001003 Moralzarzal sección 01003,2021,28090,Moralzarzal,21.166666666666668
2809001004 Moralzarzal sección 01004,2015,28090,Moralzarzal,37.0
2809001004 Moralzarzal sección 01004,2016,28090,Moralzarzal,15.2
2809001004 Moralzarzal sección 01004,2020,28090,Moralzarzal,16.5
2809001004 Moralzarzal sección 01004,2021,28090,Moralzarzal,12.25
2809001004 Moralzarzal sección 01004,2022,28090,Moralzarzal,26.666666666666668
2809001004 Moralzarzal sección 01004,2023,28090,Moralzarzal,34.5
2809001005 Moralzarzal sección 01005,2020,28090,Moralzarzal,42.625
2809001005 Moralzarzal sección 01005,2021,28090,Moralzarzal,15.625
2809001005 Moralzarzal sección 01005,2022,28090,Moralzarzal,38.4
2809001005 Moralzarzal sección 01005,2023,28090,Moralzarzal,47.666666666666664
2809201015 Móstoles sección 01015,2015,28092,Móstoles,21.5
2809201015 Móstoles sección 01015,2016,28092,Móstoles,19.833333333333332
2809201019 Móstoles sección 01019,2015,28092,Móstoles,21.375
2809201019 Móstoles sección 01019,2016,28092,Móstoles,22.5
2809201019 Móstoles sección 01019,2017,28092,Móstoles,18.0
2809201019 Móstoles sección 01019,2018,28092,Móstoles,23.6
2809201019 Móstoles sección 01019,2019,28092,Móstoles,35.0
2809201019 Móstoles sección 01019,2020,28092,Móstoles,22.22222222222222
2809201019 Móstoles sección 01019,2021,28092,Móstoles,20.5
2809201019 Móstoles sección 01019,2022,28092,Móstoles,28.0
2809201019 Móstoles sección 01019,2023,28092,Móstoles,26.833333333333332
2809202038 Móstoles sección 02038,2015,28092,Móstoles,30.8
2809202038 Móstoles sección 02038,2016,28092,Móstoles,15.666666666666666
2809202038 Móstoles sección 02038,2017,28092,Móstoles,9.0
2809202038 Móstoles sección 02038,2018,28092,Móstoles,19.0
2809202038 Móstoles sección 02038,2019,28092,Móstoles,18.0
2809202038 Móstoles sección 02038,2020,28092,Móstoles,27.833333333333332
2809202038 Móstoles sección 02038,2021,28092,Móstoles,14.0
2809202038 Móstoles sección 02038,2022,28092,Móstoles,26.0
2809202038 Móstoles sección 02038,2023,28092,Móstoles,19.333333333333332
2809203026 Móstoles sección 03026,2023,28092,Móstoles,11.5
2809204018 Móstoles sección 04018,2015,28092,Móstoles,16.0
2809204018 Móstoles sección 04018,2016,28092,Móstoles,27.75
2809204035 Móstoles sección 04035,2015,28092,Móstoles,6.75
2809204035 Móstoles sección 04035,2016,28092,Móstoles,13.0
2809204035 Móstoles sección 04035,2017,28092,Móstoles,8.75
2809204035 Móstoles sección 04035,2018,28092,Móstoles,11.5
2809204035 Móstoles sección 04035,2019,28092,Móstoles,11.75
2809204035 Móstoles sección 04035,2020,28092,Móstoles,6.0
2809204035 Móstoles sección 04035,2021,28092,Móstoles,16.142857142857142
2809204035 Móstoles sección 04035,2022,28092,Móstoles,10.75
2809204035 Móstoles sección 04035,2023,28092,Móstoles,4.5
2809204039 Móstoles sección 04039,2016,28092,Móstoles,16.666666666666668
2809204040 Móstoles sección 04040,2016,28092,Móstoles,11.0
2809204040 Móstoles sección 04040,2017,28092,Móstoles,5.5
2809204040 Móstoles sección 04040,2018,28092,Móstoles,17.714285714285715
2809204040 Móstoles sección 04040,2019,28092,Móstoles,12.333333333333334
2809204040 Móstoles sección 04040,2020,28092,Móstoles,19.2
2809204040 Móstoles sección 04040,2021,28092,Móstoles,44.5
2809204041 Móstoles sección 04041,2015,28092,Móstoles,24.833333333333332
2809204041 Móstoles sección 04041,2016,28092,Móstoles,21.428571428571427
2809204041 Móstoles sección 04041,2023,28092,Móstoles,14.5
2809204042 Móstoles sección 04042,2017,28092,Móstoles,17.333333333333332
2809204042 Móstoles sección 04042,2018,28092,Móstoles,19.5
2809204042 Móstoles sección 04042,2019,28092,Móstoles,22.333333333333332
2809204042 Móstoles sección 04042,2020,28092,Móstoles,18.77777777777778
2809204042 Móstoles sección 04042,2021,28092,Móstoles,19.833333333333332
2809204042 Móstoles sección 04042,2023,28092,Móstoles,15.666666666666666
2809204043 Móstoles sección 04043,2019,28092,Móstoles,21.75
2809204043 Móstoles sección 04043,2020,28092,Móstoles,16.4
2809204043 Móstoles sección 04043,2021,28092,Móstoles,15.142857142857142
2809301001 Navacerrada sección 01001,2015,28093,Navacerrada,23.0
2809301001 Navacerrada sección 01001,2016,28093,Navacerrada,23.0
2809301001 Navacerrada sección 01001,2017,28093,Navacerrada,12.0
2809301001 Navacerrada sección 01001,2018,28093,Navacerrada,26.545454545454547
2809301001 Navacerrada sección 01001,2019,28093,Navacerrada,21.0
2809301001 Navacerrada sección 01001,2020,28093,Navacerrada,19.0
2809301001 Navacerrada sección 01001,2021,28093,Navacerrada,20.0
2809301001 Navacerrada sección 01001,2022,28093,Navacerrada,13.2
2809301001 Navacerrada sección 01001,2023,28093,Navacerrada,18.833333333333332
2809501001 Navalagamella sección 01001,2017,28095,Navalagamella,11.5
2809501001 Navalagamella sección 01001,2018,28095,Navalagamella,20.5
2809501001 Navalagamella sección 01001,2019,28095,Navalagamella,20.6
2809501001 Navalagamella sección 01001,2020,28095,Navalagamella,21.88888888888889
2809501001 Navalagamella sección 01001,2021,28095,Navalagamella,12.0
2809501001 Navalagamella sección 01001,2022,28095,Navalagamella,19.0
2809501001 Navalagamella sección 01001,2023,28095,Navalagamella,18.0
2809601001 Navalcarnero sección 01001,2023,28096,Navalcarnero,18.0
2809601004 Navalcarnero sección 01004,2016,28096,Navalcarnero,16.6
2809601004 Navalcarnero sección 01004,2017,28096,Navalcarnero,11.0
2809601004 Navalcarnero sección 01004,2018,28096,Navalcarnero,21.0
2809601004 Navalcarnero sección 01004,2019,28096,Navalcarnero,13.181818181818182
2809601004 Navalcarnero sección 01004,2020,28096,Navalcarnero,15.125
2809601004 Navalcarnero sección 01004,2021,28096,Navalcarnero,13.555555555555555
2809601004 Navalcarnero sección 01004,2022,28096,Navalcarnero,13.285714285714286
2809601004 Navalcarnero sección 01004,2023,28096,Navalcarnero,17.142857142857142
2809601005 Navalcarnero sección 01005,2016,28096,Navalcarnero,13.75
2809601005 Navalcarnero sección 01005,2017,28096,Navalcarnero,8.8
2809601005 Navalcarnero sección 01005,2018,28096,Navalcarnero,16.6
2809601005 Navalcarnero sección 01005,2019,28096,Navalcarnero,12.428571428571429
2809601005 Navalcarnero sección 01005,2020,28096,Navalcarnero,15.666666666666666
2809601005 Navalcarnero sección 01005,2021,28096,Navalcarnero,14.0
2809601005 Navalcarnero sección 01005,2022,28096,Navalcarnero,15.8
2809601010 Navalcarnero sección 01010,2022,28096,Navalcarnero,17.714285714285715
2809601010 Navalcarnero sección 01010,2023,28096,Navalcarnero,7.5
2809601012 Navalcarnero sección 01012,2018,28096,Navalcarnero,26.0
2809601012 Navalcarnero sección 01012,2019,28096,Navalcarnero,14.0
2809601012 Navalcarnero sección 01012,2020,28096,Navalcarnero,30.6
2809601012 Navalcarnero sección 01012,2021,28096,Navalcarnero,15.0
2809601012 Navalcarnero sección 01012,2022,28096,Navalcarnero,24.666666666666668
2809601012 Navalcarnero sección 01012,2023,28096,Navalcarnero,22.0
2809601014 Navalcarnero sección 01014,2021,28096,Navalcarnero,16.2
2809601014 Navalcarnero sección 01014,2022,28096,Navalcarnero,19.714285714285715
2809601014 Navalcarnero sección 01014,2023,28096,Navalcarnero,21.333333333333332
2809901001 Navas del Rey sección 01001,2015,28099,Navas del Rey,20.6
2809901001 Navas del Rey sección 01001,2016,28099,Navas del Rey,25.25
2809901001 Navas del Rey sección 01001,2017,28099,Navas del Rey,28.666666666666668
2809901001 Navas del Rey sección 01001,2018,28099,Navas del Rey,14.857142857142858
2809901001 Navas del Rey sección 01001,2019,28099,Navas del Rey,15.166666666666666
2809901001 Navas del Rey sección 01001,2020,28099,Navas del Rey,14.75
2809901001 Navas del Rey sección 01001,2021,28099,Navas del Rey,12.444444444444445
2809901001 Navas del Rey sección 01001,2022,28099,Navas del Rey,11.333333333333334
2809901001 Navas del Rey sección 01001,2023,28099,Navas del Rey,14.666666666666666
2810001003 Nuevo Baztán sección 01003,2015,28100,Nuevo Baztán,24.285714285714285
2810001003 Nuevo Baztán sección 01003,2016,28100,Nuevo Baztán,32.25
2810001003 Nuevo Baztán sección 01003,2017,28100,Nuevo Baztán,18.0
2810001003 Nuevo Baztán sección 01003,2018,28100,Nuevo Baztán,21.25
2810001003 Nuevo Baztán sección 01003,2019,28100,Nuevo Baztán,19.5
2810001003 Nuevo Baztán sección 01003,2020,28100,Nuevo Baztán,15.0
2810001003 Nuevo Baztán sección 01003,2021,28100,Nuevo Baztán,15.666666666666666
2810001003 Nuevo Baztán sección 01003,2022,28100,Nuevo Baztán,17.6
2810001003 Nuevo Baztán sección 01003,2023,28100,Nuevo Baztán,16.9
2810401001 Paracuellos de Jarama sección 01001,2015,28104,Paracuellos de Jarama,33.5
2810401001 Paracuellos de Jarama sección 01001,2016,28104,Paracuellos de Jarama,27.428571428571427
2810401001 Paracuellos de Jarama sección 01001,2017,28104,Paracuellos de Jarama,8.0
2810401001 Paracuellos de Jarama sección 01001,2018,28104,Paracuellos de Jarama,59.0
2810401001 Paracuellos de Jarama sección 01001,2019,28104,Paracuellos de Jarama,31.0
2810401001 Paracuellos de Jarama sección 01001,2020,28104,Paracuellos de Jarama,19.88888888888889
2810401001 Paracuellos de Jarama sección 01001,2021,28104,Paracuellos de Jarama,16.75
2810401002 Paracuellos de Jarama sección 01002,2015,28104,Paracuellos de Jarama,14.5
2810401002 Paracuellos de Jarama sección 01002,2016,28104,Paracuellos de Jarama,19.0
2810401003 Paracuellos de Jarama sección 01003,2015,28104,Paracuellos de Jarama,16.5
2810401003 Paracuellos de Jarama sección 01003,2016,28104,Paracuellos de Jarama,23.8
2810401003 Paracuellos de Jarama sección 01003,2017,28104,Paracuellos de Jarama,6.0
2810401003 Paracuellos de Jarama sección 01003,2018,28104,Paracuellos de Jarama,23.428571428571427
2810401003 Paracuellos de Jarama sección 01003,2019,28104,Paracuellos de Jarama,41.75
2810401003 Paracuellos de Jarama sección 01003,2020,28104,Paracuellos de Jarama,17.333333333333332
2810401003 Paracuellos de Jarama sección 01003,2021,28104,Paracuellos de Jarama,31.5
2810401005 Paracuellos de Jarama sección 01005,2015,28104,Paracuellos de Jarama,55.0
2810401005 Paracuellos de Jarama sección 01005,2016,28104,Paracuellos de Jarama,38.666666666666664
2810401007 Paracuellos de Jarama sección 01007,2015,28104,Paracuellos de Jarama,33.333333333333336
2810401007 Paracuellos de Jarama sección 01007,2016,28104,Paracuellos de Jarama,27.857142857142858
2810401008 Paracuellos de Jarama sección 01008,2015,28104,Paracuellos de Jarama,27.428571428571427
2810401008 Paracuellos de Jarama sección 01008,2016,28104,Paracuellos de Jarama,27.833333333333332
2810401008 Paracuellos de Jarama sección 01008,2017,28104,Paracuellos de Jarama,6.0
2810401008 Paracuellos de Jarama sección 01008,2018,28104,Paracuellos de Jarama,10.666666666666666
2810401008 Paracuellos de Jarama sección 01008,2019,28104,Paracuellos de Jarama,23.77777777777778
2810401008 Paracuellos de Jarama sección 01008,2020,28104,Paracuellos de Jarama,30.833333333333332
2810401008 Paracuellos de Jarama sección 01008,2021,28104,Paracuellos de Jarama,10.4
2810401009 Paracuellos de Jarama sección 01009,2020,28104,Paracuellos de Jarama,34.6
2810401009 Paracuellos de Jarama sección 01009,2021,28104,Paracuellos de Jarama,33.3
2810401009 Paracuellos de Jarama sección 01009,2022,28104,Paracuellos de Jarama,57.0
2810401009 Paracuellos de Jarama sección 01009,2023,28104,Paracuellos de Jarama,21.714285714285715
2810601004 Parla sección 01004,2015,28106,Parla,34.5
2810601004 Parla sección 01004,2016,28106,Parla,18.25
2810601004 Parla sección 01004,2017,28106,Parla,35.5
2810601004 Parla sección 01004,2018,28106,Parla,15.666666666666666
2810601004 Parla sección 01004,2019,28106,Parla,19.333333333333332
2810601004 Parla sección 01004,2020,28106,Parla,17.5
2810601004 Parla sección 01004,2021,28106,Parla,9.0
2810601004 Parla sección 01004,2022,28106,Parla,14.666666666666666
2810601004 Parla sección 01004,2023,28106,Parla,11.125
2810601017 Parla sección 01017,2023,28106,Parla,33.666666666666664
2810601028 Parla sección 01028,2015,28106,Parla,5.25
2810601028 Parla sección 01028,2016,28106,Parla,21.6
2810601028 Parla sección 01028,2017,28106,Parla,5.0
2810601028 Parla sección 01028,2018,28106,Parla,20.0
2810601028 Parla sección 01028,2019,28106,Parla,8.5
2810601028 Parla sección 01028,2020,28106,Parla,5.833333333333333
2810601028 Parla sección 01028,2021,28106,Parla,5.333333333333333
2810601028 Parla sección 01028,2022,28106,Parla,13.625
2810601028 Parla sección 01028,2023,28106,Parla,15.875
2810601043 Parla sección 01043,2015,28106,Parla,20.25
2810601043 Parla sección 01043,2016,28106,Parla,15.625
2810601043 Parla sección 01043,2017,28106,Parla,13.333333333333334
2810601043 Parla sección 01043,2018,28106,Parla,12.8
2810601043 Parla sección 01043,2019,28106,Parla,15.0
2810601043 Parla sección 01043,2020,28106,Parla,16.5
2810601043 Parla sección 01043,2021,28106,Parla,23.5
2810601043 Parla sección 01043,2022,28106,Parla,15.666666666666666
2810601043 Parla sección 01043,2023,28106,Parla,15.666666666666666
2810601048 Parla sección 01048,2015,28106,Parla,4.0
2810601048 Parla sección 01048,2016,28106,Parla,3.0
2810601048 Parla sección 01048,2017,28106,Parla,10.0
2810601048 Parla sección 01048,2018,28106,Parla,21.4
2810601048 Parla sección 01048,2019,28106,Parla,16.166666666666668
2810601048 Parla sección 01048,2020,28106,Parla,12.333333333333334
2810601048 Parla sección 01048,2021,28106,Parla,14.833333333333334
2810601048 Parla sección 01048,2022,28106,Parla,9.333333333333334
2810601048 Parla sección 01048,2023,28106,Parla,16.285714285714285
2810601053 Parla sección 01053,2015,28106,Parla,31.666666666666668
2810601054 Parla sección 01054,2015,28106,Parla,8.8
2810601054 Parla sección 01054,2016,28106,Parla,7.8
2810601054 Parla sección 01054,2017,28106,Parla,0.0
2810601054 Parla sección 01054,2018,28106,Parla,8.2
2810601054 Parla sección 01054,2019,28106,Parla,14.2
2810601054 Parla sección 01054,2020,28106,Parla,16.25
2810601054 Parla sección 01054,2021,28106,Parla,15.0
2810601054 Parla sección 01054,2022,28106,Parla,11.666666666666666
2810601054 Parla sección 01054,2023,28106,Parla,15.333333333333334
2810601056 Parla sección 01056,2015,28106,Parla,18.333333333333332
2810601057 Parla sección 01057,2015,28106,Parla,10.571428571428571
2810601057 Parla sección 01057,2016,28106,Parla,14.333333333333334
2810601058 Parla sección 01058,2015,28106,Parla,24.11111111111111
2810601058 Parla sección 01058,2016,28106,Parla,26.0
2810601058 Parla sección 01058,2019,28106,Parla,21.0
2810601058 Parla sección 01058,2020,28106,Parla,18.833333333333332
2810601058 Parla sección 01058,2021,28106,Parla,20.0
2810601058 Parla sección 01058,2022,28106,Parla,14.6
2810601058 Parla sección 01058,2023,28106,Parla,22.6
2810601059 Parla sección 01059,2017,28106,Parla,30.666666666666668
2810601059 Parla sección 01059,2018,28106,Parla,11.666666666666666
2810601059 Parla sección 01059,2019,28106,Parla,22.285714285714285
2810601059 Parla sección 01059,2020,28106,Parla,16.0
2810601059 Parla sección 01059,2021,28106,Parla,21.5
2810601059 Parla sección 01059,2022,28106,Parla,27.75
2810601059 Parla sección 01059,2023,28106,Parla,15.142857142857142
2810601060 Parla sección 01060,2015,28106,Parla,18.714285714285715
2810601060 Parla sección 01060,2016,28106,Parla,20.0
2810601060 Parla sección 01060,2017,28106,Parla,14.666666666666666
2810601060 Parla sección 01060,2018,28106,Parla,14.285714285714286
2810601060 Parla sección 01060,2019,28106,Parla,13.0
2810601060 Parla sección 01060,2020,28106,Parla,18.428571428571427
2810601060 Parla sección 01060,2021,28106,Parla,12.2
2810601062 Parla sección 01062,2016,28106,Parla,16.8
2810601062 Parla sección 01062,2017,28106,Parla,11.0
2810601062 Parla sección 01062,2018,28106,Parla,11.0
2810601062 Parla sección 01062,2019,28106,Parla,14.333333333333334
2810601062 Parla sección 01062,2020,28106,Parla,20.8
2810601062 Parla sección 01062,2021,28106,Parla,18.75
2810601062 Parla sección 01062,2022,28106,Parla,14.333333333333334
2810601062 Parla sección 01062,2023,28106,Parla,18.875
2810601063 Parla sección 01063,2020,28106,Parla,14.666666666666666
2810601063 Parla sección 01063,2021,28106,Parla,8.0
2810601063 Parla sección 01063,2022,28106,Parla,17.0
2810601063 Parla sección 01063,2023,28106,Parla,10.166666666666666
2810801001 Pedrezuela sección 01001,2015,28108,Pedrezuela,22.875
2810801001 Pedrezuela sección 01001,2016,28108,Pedrezuela,21.5
2810801001 Pedrezuela sección 01001,2017,28108,Pedrezuela,16.0
2810801001 Pedrezuela sección 01001,2018,28108,Pedrezuela,16.0
2810801001 Pedrezuela sección 01001,2019,28108,Pedrezuela,20.333333333333332
2810801001 Pedrezuela sección 01001,2020,28108,Pedrezuela,20.285714285714285
2810801001 Pedrezuela sección 01001,2021,28108,Pedrezuela,23.5
2810801001 Pedrezuela sección 01001,2022,28108,Pedrezuela,20.0
2810801001 Pedrezuela sección 01001,2023,28108,Pedrezuela,21.0
2810801002 Pedrezuela sección 01002,2015,28108,Pedrezuela,20.0
2810801002 Pedrezuela sección 01002,2016,28108,Pedrezuela,17.333333333333332
2810801002 Pedrezuela sección 01002,2017,28108,Pedrezuela,11.875
2810801002 Pedrezuela sección 01002,2018,28108,Pedrezuela,35.0
2810801002 Pedrezuela sección 01002,2019,28108,Pedrezuela,23.285714285714285
2810801002 Pedrezuela sección 01002,2020,28108,Pedrezuela,24.666666666666668
2810801002 Pedrezuela sección 01002,2021,28108,Pedrezuela,20.333333333333332
2810801002 Pedrezuela sección 01002,2022,28108,Pedrezuela,23.0
2810801002 Pedrezuela sección 01002,2023,28108,Pedrezuela,17.857142857142858
2810901001 Pelayos de la Presa sección 01001,2018,28109,Pelayos de la Presa,18.285714285714285
2810901001 Pelayos de la Presa sección 01001,2019,28109,Pelayos de la Presa,14.5
2810901001 Pelayos de la Presa sección 01001,2020,28109,Pelayos de la Presa,21.428571428571427
2810901001 Pelayos de la Presa sección 01001,2021,28109,Pelayos de la Presa,20.0
2810901001 Pelayos de la Presa sección 01001,2022,28109,Pelayos de la Presa,5.6
2810901001 Pelayos de la Presa sección 01001,2023,28109,Pelayos de la Presa,17.5
2811001001 Perales de Tajuña sección 01001,2015,28110,Perales de Tajuña,15.571428571428571
2811001001 Perales de Tajuña sección 01001,2016,28110,Perales de Tajuña,6.8
2811001001 Perales de Tajuña sección 01001,2017,28110,Perales de Tajuña,15.5
2811001001 Perales de Tajuña sección 01001,2018,28110,Perales de Tajuña,16.75
2811001001 Perales de Tajuña sección 01001,2019,28110,Perales de Tajuña,16.23076923076923
2811001001 Perales de Tajuña sección 01001,2020,28110,Perales de Tajuña,15.0
2811001001 Perales de Tajuña sección 01001,2021,28110,Perales de Tajuña,11.0
2811001001 Perales de Tajuña sección 01001,2022,28110,Perales de Tajuña,14.666666666666666
2811001001 Perales de Tajuña sección 01001,2023,28110,Perales de Tajuña,12.333333333333334
2811301006 Pinto sección 01006,2015,28113,Pinto,23.75
2811301006 Pinto sección 01006,2016,28113,Pinto,22.8
2811301006 Pinto sección 01006,2017,28113,Pinto,9.0
2811301013 Pinto sección 01013,2017,28113,Pinto,4.0
2811301013 Pinto sección 01013,2018,28113,Pinto,14.714285714285714
2811301013 Pinto sección 01013,2019,28113,Pinto,24.0
2811301013 Pinto sección 01013,2020,28113,Pinto,16.4
2811301013 Pinto sección 01013,2021,28113,Pinto,23.375
2811302008 Pinto sección 02008,2015,28113,Pinto,13.3
2811302008 Pinto sección 02008,2016,28113,Pinto,14.666666666666666
2811302008 Pinto sección 02008,2017,28113,Pinto,6.666666666666667
2811302008 Pinto sección 02008,2018,28113,Pinto,19.333333333333332
2811302008 Pinto sección 02008,2019,28113,Pinto,12.545454545454545
2811302008 Pinto sección 02008,2020,28113,Pinto,12.875
2811302008 Pinto sección 02008,2021,28113,Pinto,8.857142857142858
2811302008 Pinto sección 02008,2022,28113,Pinto,8.25
2811302008 Pinto sección 02008,2023,28113,Pinto,18.2
2811302015 Pinto sección 02015,2018,28113,Pinto,25.25
2811302015 Pinto sección 02015,2019,28113,Pinto,13.6
2811302015 Pinto sección 02015,2020,28113,Pinto,24.0
2811302015 Pinto sección 02015,2021,28113,Pinto,12.375
2811501001 Pozuelo de Alarcón sección 01001,2019,28115,Pozuelo de Alarcón,62.333333333333336
2811501001 Pozuelo de Alarcón sección 01001,2020,28115,Pozuelo de Alarcón,28.571428571428573
2811501001 Pozuelo de Alarcón sección 01001,2021,28115,Pozuelo de Alarcón,36.666666666666664
2811501028 Pozuelo de Alarcón sección 01028,2018,28115,Pozuelo de Alarcón,19.875
2811501028 Pozuelo de Alarcón sección 01028,2019,28115,Pozuelo de Alarcón,6.0
2811501028 Pozuelo de Alarcón sección 01028,2020,28115,Pozuelo de Alarcón,35.42857142857143
2811501028 Pozuelo de Alarcón sección 01028,2021,28115,Pozuelo de Alarcón,22.0
2811501031 Pozuelo de Alarcón sección 01031,2015,28115,Pozuelo de Alarcón,61.333333333333336
2811501031 Pozuelo de Alarcón sección 01031,2016,28115,Pozuelo de Alarcón,52.0
2811501031 Pozuelo de Alarcón sección 01031,2017,28115,Pozuelo de Alarcón,11.5
2811501031 Pozuelo de Alarcón sección 01031,2018,28115,Pozuelo de Alarcón,19.833333333333332
2811501031 Pozuelo de Alarcón sección 01031,2019,28115,Pozuelo de Alarcón,33.5
2811501031 Pozuelo de Alarcón sección 01031,2020,28115,Pozuelo de Alarcón,76.66666666666667
2811501031 Pozuelo de Alarcón sección 01031,2021,28115,Pozuelo de Alarcón,49.0
2811502002 Pozuelo de Alarcón sección 02002,2023,28115,Pozuelo de Alarcón,25.428571428571427
2811502013 Pozuelo de Alarcón sección 02013,2015,28115,Pozuelo de Alarcón,43.0
2811502013 Pozuelo de Alarcón sección 02013,2016,28115,Pozuelo de Alarcón,15.666666666666666
2811502013 Pozuelo de Alarcón sección 02013,2017,28115,Pozuelo de Alarcón,5.666666666666667
2811502013 Pozuelo de Alarcón sección 02013,2019,28115,Pozuelo de Alarcón,48.77777777777778
2811502013 Pozuelo de Alarcón sección 02013,2021,28115,Pozuelo de Alarcón,76.33333333333333
2811502021 Pozuelo de Alarcón sección 02021,2015,28115,Pozuelo de Alarcón,59.2
2811502021 Pozuelo de Alarcón sección 02021,2016,28115,Pozuelo de Alarcón,15.333333333333334
2811502021 Pozuelo de Alarcón sección 02021,2017,28115,Pozuelo de Alarcón,3.0
2811502021 Pozuelo de Alarcón sección 02021,2018,28115,Pozuelo de Alarcón,16.333333333333332
2811502021 Pozuelo de Alarcón sección 02021,2019,28115,Pozuelo de Alarcón,20.666666666666668
2811502021 Pozuelo de Alarcón sección 02021,2020,28115,Pozuelo de Alarcón,51.666666666666664
2811502021 Pozuelo de Alarcón sección 02021,2021,28115,Pozuelo de Alarcón,48.5
2811901001 Quijorna sección 01001,2015,28119,Quijorna,21.454545454545453
2811901001 Quijorna sección 01001,2016,28119,Quijorna,15.5
2812301001 Rivas-Vaciamadrid sección 01001,2023,28123,Rivas-Vaciamadrid,11.0
2812301019 Rivas-Vaciamadrid sección 01019,2015,28123,Rivas-Vaciamadrid,17.0
2812301019 Rivas-Vaciamadrid sección 01019,2016,28123,Rivas-Vaciamadrid,22.77777777777778
2812301021 Rivas-Vaciamadrid sección 01021,2015,28123,Rivas-Vaciamadrid,18.857142857142858
2812301021 Rivas-Vaciamadrid sección 01021,2016,28123,Rivas-Vaciamadrid,22.666666666666668
2812301021 Rivas-Vaciamadrid sección 01021,2017,28123,Rivas-Vaciamadrid,10.714285714285714
2812301021 Rivas-Vaciamadrid sección 01021,2018,28123,Rivas-Vaciamadrid,15.2
2812301021 Rivas-Vaciamadrid sección 01021,2019,28123,Rivas-Vaciamadrid,19.0
2812301021 Rivas-Vaciamadrid sección 01021,2020,28123,Rivas-Vaciamadrid,8.88888888888889
2812301021 Rivas-Vaciamadrid sección 01021,2021,28123,Rivas-Vaciamadrid,18.0
2812301021 Rivas-Vaciamadrid sección 01021,2022,28123,Rivas-Vaciamadrid,12.3
2812301021 Rivas-Vaciamadrid sección 01021,2023,28123,Rivas-Vaciamadrid,12.5
2812301022 Rivas-Vaciamadrid sección 01022,2015,28123,Rivas-Vaciamadrid,22.666666666666668
2812301022 Rivas-Vaciamadrid sección 01022,2016,28123,Rivas-Vaciamadrid,18.0
2812301023 Rivas-Vaciamadrid sección 01023,2015,28123,Rivas-Vaciamadrid,22.2
2812301023 Rivas-Vaciamadrid sección 01023,2016,28123,Rivas-Vaciamadrid,31.333333333333332
2812301023 Rivas-Vaciamadrid sección 01023,2017,28123,Rivas-Vaciamadrid,7.5
2812301023 Rivas-Vaciamadrid sección 01023,2018,28123,Rivas-Vaciamadrid,24.88888888888889
2812301023 Rivas-Vaciamadrid sección 01023,2019,28123,Rivas-Vaciamadrid,17.666666666666668
2812301023 Rivas-Vaciamadrid sección 01023,2020,28123,Rivas-Vaciamadrid,27.25
2812301023 Rivas-Vaciamadrid sección 01023,2021,28123,Rivas-Vaciamadrid,37.5
2812301029 Rivas-Vaciamadrid sección 01029,2017,28123,Rivas-Vaciamadrid,0.0
2812301029 Rivas-Vaciamadrid sección 01029,2018,28123,Rivas-Vaciamadrid,27.142857142857142
2812301029 Rivas-Vaciamadrid sección 01029,2019,28123,Rivas-Vaciamadrid,14.6
2812301029 Rivas-Vaciamadrid sección 01029,2020,28123,Rivas-Vaciamadrid,17.4
2812301030 Rivas-Vaciamadrid sección 01030,2018,28123,Rivas-Vaciamadrid,19.0
2812301030 Rivas-Vaciamadrid sección 01030,2019,28123,Rivas-Vaciamadrid,12.0
2812301030 Rivas-Vaciamadrid sección 01030,2020,28123,Rivas-Vaciamadrid,26.5
2812301030 Rivas-Vaciamadrid sección 01030,2022,28123,Rivas-Vaciamadrid,35.6
2812301030 Rivas-Vaciamadrid sección 01030,2023,28123,Rivas-Vaciamadrid,25.0
2812301034 Rivas-Vaciamadrid sección 01034,2016,28123,Rivas-Vaciamadrid,25.615384615384617
2812301034 Rivas-Vaciamadrid sección 01034,2017,28123,Rivas-Vaciamadrid,7.0
2812301034 Rivas-Vaciamadrid sección 01034,2018,28123,Rivas-Vaciamadrid,22.75
2812301034 Rivas-Vaciamadrid sección 01034,2019,28123,Rivas-Vaciamadrid,24.666666666666668
2812301034 Rivas-Vaciamadrid sección 01034,2020,28123,Rivas-Vaciamadrid,4.0
2812301034 Rivas-Vaciamadrid sección 01034,2021,28123,Rivas-Vaciamadrid,21.11111111111111
2812301035 Rivas-Vaciamadrid sección 01035,2017,28123,Rivas-Vaciamadrid,5.5
2812301035 Rivas-Vaciamadrid sección 01035,2018,28123,Rivas-Vaciamadrid,42.75
2812301035 Rivas-Vaciamadrid sección 01035,2019,28123,Rivas-Vaciamadrid,26.25
2812301035 Rivas-Vaciamadrid sección 01035,2020,28123,Rivas-Vaciamadrid,22.666666666666668
2812301035 Rivas-Vaciamadrid sección 01035,2021,28123,Rivas-Vaciamadrid,14.333333333333334
2812301036 Rivas-Vaciamadrid sección 01036,2016,28123,Rivas-Vaciamadrid,11.285714285714286
2812301036 Rivas-Vaciamadrid sección 01036,2017,28123,Rivas-Vaciamadrid,5.75
2812301036 Rivas-Vaciamadrid sección 01036,2018,28123,Rivas-Vaciamadrid,12.0
2812301036 Rivas-Vaciamadrid sección 01036,2019,28123,Rivas-Vaciamadrid,10.666666666666666
2812301036 Rivas-Vaciamadrid sección 01036,2020,28123,Rivas-Vaciamadrid,22.5
2812301036 Rivas-Vaciamadrid sección 01036,2021,28123,Rivas-Vaciamadrid,29.666666666666668
2812301036 Rivas-Vaciamadrid sección 01036,2022,28123,Rivas-Vaciamadrid,10.0
2812301036 Rivas-Vaciamadrid sección 01036,2023,28123,Rivas-Vaciamadrid,21.0
2812301037 Rivas-Vaciamadrid sección 01037,2015,28123,Rivas-Vaciamadrid,8.25
2812301037 Rivas-Vaciamadrid sección 01037,2016,28123,Rivas-Vaciamadrid,3.5
2812301038 Rivas-Vaciamadrid sección 01038,2015,28123,Rivas-Vaciamadrid,19.571428571428573
2812301038 Rivas-Vaciamadrid sección 01038,2016,28123,Rivas-Vaciamadrid,20.833333333333332
2812301038 Rivas-Vaciamadrid sección 01038,2017,28123,Rivas-Vaciamadrid,1.6666666666666667
2812301038 Rivas-Vaciamadrid sección 01038,2018,28123,Rivas-Vaciamadrid,24.625
2812301038 Rivas-Vaciamadrid sección 01038,2019,28123,Rivas-Vaciamadrid,27.0
2812301038 Rivas-Vaciamadrid sección 01038,2020,28123,Rivas-Vaciamadrid,18.555555555555557
2812301039 Rivas-Vaciamadrid sección 01039,2018,28123,Rivas-Vaciamadrid,26.5
2812301039 Rivas-Vaciamadrid sección 01039,2019,28123,Rivas-Vaciamadrid,32.25
2812301039 Rivas-Vaciamadrid sección 01039,2020,28123,Rivas-Vaciamadrid,46.0
2812301039 Rivas-Vaciamadrid sección 01039,2021,28123,Rivas-Vaciamadrid,28.8
2812301039 Rivas-Vaciamadrid sección 01039,2022,28123,Rivas-Vaciamadrid,31.428571428571427
2812301039 Rivas-Vaciamadrid sección 01039,2023,28123,Rivas-Vaciamadrid,17.0
2812301040 Rivas-Vaciamadrid sección 01040,2018,28123,Rivas-Vaciamadrid,8.375
2812301040 Rivas-Vaciamadrid sección 01040,2019,28123,Rivas-Vaciamadrid,13.444444444444445
2812301040 Rivas-Vaciamadrid sección 01040,2020,28123,Rivas-Vaciamadrid,27.22222222222222
2812301041 Rivas-Vaciamadrid sección 01041,2023,28123,Rivas-Vaciamadrid,22.5
2812301045 Rivas-Vaciamadrid sección 01045,2017,28123,Rivas-Vaciamadrid,2.5
2812301045 Rivas-Vaciamadrid sección 01045,2018,28123,Rivas-Vaciamadrid,15.4
2812301045 Rivas-Vaciamadrid sección 01045,2019,28123,Rivas-Vaciamadrid,4.8
2812301045 Rivas-Vaciamadrid sección 01045,2020,28123,Rivas-Vaciamadrid,16.8
"2812701001 Rozas de Madrid, Las sección 01001",2015,28127,"Rozas de Madrid, Las",22.0
"2812701001 Rozas de Madrid, Las sección 01001",2016,28127,"Rozas de Madrid, Las",18.666666666666668
"2812701001 Rozas de Madrid, Las sección 01001",2017,28127,"Rozas de Madrid, Las",18.5
"2812701001 Rozas de Madrid, Las sección 01001",2018,28127,"Rozas de Madrid, Las",24.0
"2812701001 Rozas de Madrid, Las sección 01001",2019,28127,"Rozas de Madrid, Las",13.714285714285714
"2812701001 Rozas de Madrid, Las sección 01001",2020,28127,"Rozas de Madrid, Las",22.0
"2812701001 Rozas de Madrid, Las sección 01001",2021,28127,"Rozas de Madrid, Las",16.166666666666668
"2812701001 Rozas de Madrid, Las sección 01001",2022,28127,"Rozas de Madrid, Las",17.4
"2812701001 Rozas de Madrid, Las sección 01001",2023,28127,"Rozas de Madrid, Las",22.0
"2812701006 Rozas de Madrid, Las sección 01006",2023,28127,"Rozas de Madrid, Las",50.0
"2812701009 Rozas de Madrid, Las sección 01009",2022,28127,"Rozas de Madrid, Las",17.6
"2812701009 Rozas de Madrid, Las sección 01009",2023,28127,"Rozas de Madrid, Las",36.4
"2812701010 Rozas de Madrid, Las sección 01010",2015,28127,"Rozas de Madrid, Las",22.714285714285715
"2812701010 Rozas de Madrid, Las sección 01010",2016,28127,"Rozas de Madrid, Las",25.666666666666668
"2812701010 Rozas de Madrid, Las sección 01010",2018,28127,"Rozas de Madrid, Las",19.444444444444443
"2812701010 Rozas de Madrid, Las sección 01010",2019,28127,"Rozas de Madrid, Las",16.8
"2812701010 Rozas de Madrid, Las sección 01010",2020,28127,"Rozas de Madrid, Las",24.75
"2812701010 Rozas de Madrid, Las sección 01010",2021,28127,"Rozas de Madrid, Las",14.75
"2812701010 Rozas de Madrid, Las sección 01010",2022,28127,"Rozas de Madrid, Las",18.8
"2812701010 Rozas de Madrid, Las sección 01010",2023,28127,"Rozas de Madrid, Las",17.2
"2812701015 Rozas de Madrid, Las sección 01015",2015,28127,"Rozas de Madrid, Las",28.0
"2812701015 Rozas de Madrid, Las sección 01015",2016,28127,"Rozas de Madrid, Las",33.333333333333336
"2812701015 Rozas de Madrid, Las sección 01015",2017,28127,"Rozas de Madrid, Las",9.0
"2812701015 Rozas de Madrid, Las sección 01015",2018,28127,"Rozas de Madrid, Las",12.0
"2812701015 Rozas de Madrid, Las sección 01015",2019,28127,"Rozas de Madrid, Las",18.4
"2812701015 Rozas de Madrid, Las sección 01015",2023,28127,"Rozas de Madrid, Las",13.25
"2812701017 Rozas de Madrid, Las sección 01017",2015,28127,"Rozas de Madrid, Las",24.6
"2812701017 Rozas de Madrid, Las sección 01017",2016,28127,"Rozas de Madrid, Las",33.5
"2812701017 Rozas de Madrid, Las sección 01017",2017,28127,"Rozas de Madrid, Las",7.0
"2812701017 Rozas de Madrid, Las sección 01017",2018,28127,"Rozas de Madrid, Las",32.4
"2812701017 Rozas de Madrid, Las sección 01017",2019,28127,"Rozas de Madrid, Las",17.666666666666668
"2812701017 Rozas de Madrid, Las sección 01017",2020,28127,"Rozas de Madrid, Las",28.5
"2812701017 Rozas de Madrid, Las sección 01017",2021,28127,"Rozas de Madrid, Las",34.0
"2812701028 Rozas de Madrid, Las sección 01028",2021,28127,"Rozas de Madrid, Las",39.0
"2812701029 Rozas de Madrid, Las sección 01029",2015,28127,"Rozas de Madrid, Las",22.714285714285715
"2812701029 Rozas de Madrid, Las sección 01029",2016,28127,"Rozas de Madrid, Las",49.5
"2812701029 Rozas de Madrid, Las sección 01029",2017,28127,"Rozas de Madrid, Las",4.666666666666667
"2812701029 Rozas de Madrid, Las sección 01029",2018,28127,"Rozas de Madrid, Las",73.0
"2812701029 Rozas de Madrid, Las sección 01029",2019,28127,"Rozas de Madrid, Las",16.75
"2812701029 Rozas de Madrid, Las sección 01029",2020,28127,"Rozas de Madrid, Las",25.0
"2812701029 Rozas de Madrid, Las sección 01029",2021,28127,"Rozas de Madrid, Las",74.0
"2812701029 Rozas de Madrid, Las sección 01029",2022,28127,"Rozas de Madrid, Las",43.0
"2812701029 Rozas de Madrid, Las sección 01029",2023,28127,"Rozas de Madrid, Las",27.333333333333332
"2812701032 Rozas de Madrid, Las sección 01032",2016,28127,"Rozas de Madrid, Las",31.75
"2812701032 Rozas de Madrid, Las sección 01032",2017,28127,"Rozas de Madrid, Las",4.4
"2812701032 Rozas de Madrid, Las sección 01032",2018,28127,"Rozas de Madrid, Las",36.2
"2812701032 Rozas de Madrid, Las sección 01032",2019,28127,"Rozas de Madrid, Las",19.5
"2812701032 Rozas de Madrid, Las sección 01032",2020,28127,"Rozas de Madrid, Las",3.0
"2812701032 Rozas de Madrid, Las sección 01032",2021,28127,"Rozas de Madrid, Las",22.5
"2812701032 Rozas de Madrid, Las sección 01032",2022,28127,"Rozas de Madrid, Las",14.8
"2812701032 Rozas de Madrid, Las sección 01032",2023,28127,"Rozas de Madrid, Las",32.42857142857143
"2812701035 Rozas de Madrid, Las sección 01035",2015,28127,"Rozas de Madrid, Las",26.53846153846154
"2812701035 Rozas de Madrid, Las sección 01035",2016,28127,"Rozas de Madrid, Las",42.0
"2812701035 Rozas de Madrid, Las sección 01035",2017,28127,"Rozas de Madrid, Las",4.666666666666667
"2812701035 Rozas de Madrid, Las sección 01035",2018,28127,"Rozas de Madrid, Las",11.571428571428571
"2812701035 Rozas de Madrid, Las sección 01035",2019,28127,"Rozas de Madrid, Las",16.285714285714285
"2812701035 Rozas de Madrid, Las sección 01035",2020,28127,"Rozas de Madrid, Las",32.666666666666664
"2812701037 Rozas de Madrid, Las sección 01037",2015,28127,"Rozas de Madrid, Las",43.666666666666664
"2812701037 Rozas de Madrid, Las sección 01037",2016,28127,"Rozas de Madrid, Las",7.0
"2812701037 Rozas de Madrid, Las sección 01037",2017,28127,"Rozas de Madrid, Las",3.5
"2812701037 Rozas de Madrid, Las sección 01037",2018,28127,"Rozas de Madrid, Las",43.333333333333336
"2812701037 Rozas de Madrid, Las sección 01037",2019,28127,"Rozas de Madrid, Las",26.8
"2812701037 Rozas de Madrid, Las sección 01037",2020,28127,"Rozas de Madrid, Las",5.25
"2812701037 Rozas de Madrid, Las sección 01037",2021,28127,"Rozas de Madrid, Las",27.2
"2812701037 Rozas de Madrid, Las sección 01037",2022,28127,"Rozas de Madrid, Las",33.8
"2812701037 Rozas de Madrid, Las sección 01037",2023,28127,"Rozas de Madrid, Las",32.5
"2812701038 Rozas de Madrid, Las sección 01038",2015,28127,"Rozas de Madrid, Las",23.09090909090909
"2812701038 Rozas de Madrid, Las sección 01038",2016,28127,"Rozas de Madrid, Las",35.166666666666664
"2812701038 Rozas de Madrid, Las sección 01038",2017,28127,"Rozas de Madrid, Las",4.0
"2812701038 Rozas de Madrid, Las sección 01038",2018,28127,"Rozas de Madrid, Las",46.625
"2812701038 Rozas de Madrid, Las sección 01038",2019,28127,"Rozas de Madrid, Las",18.571428571428573
"2812701038 Rozas de Madrid, Las sección 01038",2020,28127,"Rozas de Madrid, Las",46.0
"2812701038 Rozas de Madrid, Las sección 01038",2021,28127,"Rozas de Madrid, Las",25.4
"2812701038 Rozas de Madrid, Las sección 01038",2022,28127,"Rozas de Madrid, Las",43.5
"2812701038 Rozas de Madrid, Las sección 01038",2023,28127,"Rozas de Madrid, Las",22.8
"2812701040 Rozas de Madrid, Las sección 01040",2016,28127,"Rozas de Madrid, Las",31.75
"2812701040 Rozas de Madrid, Las sección 01040",2017,28127,"Rozas de Madrid, Las",6.0
"2812701040 Rozas de Madrid, Las sección 01040",2018,28127,"Rozas de Madrid, Las",45.0
"2812701040 Rozas de Madrid, Las sección 01040",2019,28127,"Rozas de Madrid, Las",31.0
"2812701040 Rozas de Madrid, Las sección 01040",2020,28127,"Rozas de Madrid, Las",30.166666666666668
"2812701040 Rozas de Madrid, Las sección 01040",2021,28127,"Rozas de Madrid, Las",49.666666666666664
"2812701040 Rozas de Madrid, Las sección 01040",2022,28127,"Rozas de Madrid, Las",34.5
"2812701040 Rozas de Madrid, Las sección 01040",2023,28127,"Rozas de Madrid, Las",39.6
"2812701046 Rozas de Madrid, Las sección 01046",2016,28127,"Rozas de Madrid, Las",19.0
"2812701046 Rozas de Madrid, Las sección 01046",2017,28127,"Rozas de Madrid, Las",9.0
"2812701046 Rozas de Madrid, Las sección 01046",2018,28127,"Rozas de Madrid, Las",39.5
"2812701046 Rozas de Madrid, Las sección 01046",2019,28127,"Rozas de Madrid, Las",37.833333333333336
"2812701046 Rozas de Madrid, Las sección 01046",2020,28127,"Rozas de Madrid, Las",18.142857142857142
"2812701046 Rozas de Madrid, Las sección 01046",2021,28127,"Rozas de Madrid, Las",5.0
"2812701046 Rozas de Madrid, Las sección 01046",2022,28127,"Rozas de Madrid, Las",4.4
"2812701046 Rozas de Madrid, Las sección 01046",2023,28127,"Rozas de Madrid, Las",23.2
"2812701051 Rozas de Madrid, Las sección 01051",2022,28127,"Rozas de Madrid, Las",1.5
2812901001 San Agustín del Guadalix sección 01001,2016,28129,San Agustín del Guadalix,25.75
2812901001 San Agustín del Guadalix sección 01001,2017,28129,San Agustín del Guadalix,16.5
2812901001 San Agustín del Guadalix sección 01001,2018,28129,San Agustín del Guadalix,24.166666666666668
2812901001 San Agustín del Guadalix sección 01001,2019,28129,San Agustín del Guadalix,22.2
2812901001 San Agustín del Guadalix sección 01001,2020,28129,San Agustín del Guadalix,16.75
2812901001 San Agustín del Guadalix sección 01001,2021,28129,San Agustín del Guadalix,16.666666666666668
2812901001 San Agustín del Guadalix sección 01001,2022,28129,San Agustín del Guadalix,26.666666666666668
2812901001 San Agustín del Guadalix sección 01001,2023,28129,San Agustín del Guadalix,21.5
2812901003 San Agustín del Guadalix sección 01003,2015,28129,San Agustín del Guadalix,31.571428571428573
2812901003 San Agustín del Guadalix sección 01003,2016,28129,San Agustín del Guadalix,39.5
2812901003 San Agustín del Guadalix sección 01003,2017,28129,San Agustín del Guadalix,15.0
2812901003 San Agustín del Guadalix sección 01003,2018,28129,San Agustín del Guadalix,25.5
2812901003 San Agustín del Guadalix sección 01003,2019,28129,San Agustín del Guadalix,24.5
2812901003 San Agustín del Guadalix sección 01003,2020,28129,San Agustín del Guadalix,30.875
2812901003 San Agustín del Guadalix sección 01003,2021,28129,San Agustín del Guadalix,22.0
2812901003 San Agustín del Guadalix sección 01003,2022,28129,San Agustín del Guadalix,34.857142857142854
2812901003 San Agustín del Guadalix sección 01003,2023,28129,San Agustín del Guadalix,37.142857142857146
2812901004 San Agustín del Guadalix sección 01004,2020,28129,San Agustín del Guadalix,29.25
2812901004 San Agustín del Guadalix sección 01004,2021,28129,San Agustín del Guadalix,27.5
2812901004 San Agustín del Guadalix sección 01004,2022,28129,San Agustín del Guadalix,22.4
2812901004 San Agustín del Guadalix sección 01004,2023,28129,San Agustín del Guadalix,16.6
2813001007 San Fernando de Henares sección 01007,2023,28130,San Fernando de Henares,11.5
2813101006 San Lorenzo de El Escorial sección 01006,2015,28131,San Lorenzo de El Escorial,30.0
2813101006 San Lorenzo de El Escorial sección 01006,2016,28131,San Lorenzo de El Escorial,21.6
2813101006 San Lorenzo de El Escorial sección 01006,2017,28131,San Lorenzo de El Escorial,9.25
2813101006 San Lorenzo de El Escorial sección 01006,2018,28131,San Lorenzo de El Escorial,17.333333333333332
2813101006 San Lorenzo de El Escorial sección 01006,2019,28131,San Lorenzo de El Escorial,15.0
2813101006 San Lorenzo de El Escorial sección 01006,2020,28131,San Lorenzo de El Escorial,28.857142857142858
2813101006 San Lorenzo de El Escorial sección 01006,2021,28131,San Lorenzo de El Escorial,22.25
2813101006 San Lorenzo de El Escorial sección 01006,2022,28131,San Lorenzo de El Escorial,16.0
2813101006 San Lorenzo de El Escorial sección 01006,2023,28131,San Lorenzo de El Escorial,17.2
2813201004 San Martín de la Vega sección 01004,2015,28132,San Martín de la Vega,16.11111111111111
2813201004 San Martín de la Vega sección 01004,2016,28132,San Martín de la Vega,24.875
2813201004 San Martín de la Vega sección 01004,2017,28132,San Martín de la Vega,16.5
2813201004 San Martín de la Vega sección 01004,2018,28132,San Martín de la Vega,16.0
2813201004 San Martín de la Vega sección 01004,2019,28132,San Martín de la Vega,7.5
2813201004 San Martín de la Vega sección 01004,2020,28132,San Martín de la Vega,11.75
2813201004 San Martín de la Vega sección 01004,2021,28132,San Martín de la Vega,11.666666666666666
2813201004 San Martín de la Vega sección 01004,2022,28132,San Martín de la Vega,16.0
2813201004 San Martín de la Vega sección 01004,2023,28132,San Martín de la Vega,11.4
2813201006 San Martín de la Vega sección 01006,2015,28132,San Martín de la Vega,20.6
2813201006 San Martín de la Vega sección 01006,2016,28132,San Martín de la Vega,7.333333333333333
2813201006 San Martín de la Vega sección 01006,2017,28132,San Martín de la Vega,29.8
2813201006 San Martín de la Vega sección 01006,2018,28132,San Martín de la Vega,21.666666666666668
2813201006 San Martín de la Vega sección 01006,2019,28132,San Martín de la Vega,11.714285714285714
2813201006 San Martín de la Vega sección 01006,2020,28132,San Martín de la Vega,17.6
2813201006 San Martín de la Vega sección 01006,2021,28132,San Martín de la Vega,16.4
2813201006 San Martín de la Vega sección 01006,2022,28132,San Martín de la Vega,20.4
2813201006 San Martín de la Vega sección 01006,2023,28132,San Martín de la Vega,20.6
2813201007 San Martín de la Vega sección 01007,2015,28132,San Martín de la Vega,16.5
2813201007 San Martín de la Vega sección 01007,2016,28132,San Martín de la Vega,15.333333333333334
2813201007 San Martín de la Vega sección 01007,2017,28132,San Martín de la Vega,13.333333333333334
2813201007 San Martín de la Vega sección 01007,2018,28132,San Martín de la Vega,14.0
2813201007 San Martín de la Vega sección 01007,2019,28132,San Martín de la Vega,16.333333333333332
2813201007 San Martín de la Vega sección 01007,2020,28132,San Martín de la Vega,17.428571428571427
2813201007 San Martín de la Vega sección 01007,2021,28132,San Martín de la Vega,16.571428571428573
2813201007 San Martín de la Vega sección 01007,2022,28132,San Martín de la Vega,21.666666666666668
2813201007 San Martín de la Vega sección 01007,2023,28132,San Martín de la Vega,12.4
2813201008 San Martín de la Vega sección 01008,2015,28132,San Martín de la Vega,20.333333333333332
2813201008 San Martín de la Vega sección 01008,2016,28132,San Martín de la Vega,8.666666666666666
2813201008 San Martín de la Vega sección 01008,2017,28132,San Martín de la Vega,31.666666666666668
2813201008 San Martín de la Vega sección 01008,2018,28132,San Martín de la Vega,16.166666666666668
2813201008 San Martín de la Vega sección 01008,2019,28132,San Martín de la Vega,19.0
2813201008 San Martín de la Vega sección 01008,2020,28132,San Martín de la Vega,12.8
2813201008 San Martín de la Vega sección 01008,2021,28132,San Martín de la Vega,18.166666666666668
2813201008 San Martín de la Vega sección 01008,2022,28132,San Martín de la Vega,19.0
2813301002 San Martín de Valdeiglesias sección 01002,2015,28133,San Martín de Valdeiglesias,16.333333333333332
2813301002 San Martín de Valdeiglesias sección 01002,2016,28133,San Martín de Valdeiglesias,19.833333333333332
2813301002 San Martín de Valdeiglesias sección 01002,2017,28133,San Martín de Valdeiglesias,21.0
2813301002 San Martín de Valdeiglesias sección 01002,2018,28133,San Martín de Valdeiglesias,15.714285714285714
2813301002 San Martín de Valdeiglesias sección 01002,2019,28133,San Martín de Valdeiglesias,25.88888888888889
2813301002 San Martín de Valdeiglesias sección 01002,2020,28133,San Martín de Valdeiglesias,21.666666666666668
2813301002 San Martín de Valdeiglesias sección 01002,2021,28133,San Martín de Valdeiglesias,21.25
2813301002 San Martín de Valdeiglesias sección 01002,2022,28133,San Martín de Valdeiglesias,16.571428571428573
2813301002 San Martín de Valdeiglesias sección 01002,2023,28133,San Martín de Valdeiglesias,11.0
2813301003 San Martín de Valdeiglesias sección 01003,2019,28133,San Martín de Valdeiglesias,16.333333333333332
2813301003 San Martín de Valdeiglesias sección 01003,2020,28133,San Martín de Valdeiglesias,20.75
2813301003 San Martín de Valdeiglesias sección 01003,2021,28133,San Martín de Valdeiglesias,9.0
2813301003 San Martín de Valdeiglesias sección 01003,2022,28133,San Martín de Valdeiglesias,27.333333333333332
2813301003 San Martín de Valdeiglesias sección 01003,2023,28133,San Martín de Valdeiglesias,13.5
2813401032 San Sebastián de los Reyes sección 01032,2023,28134,San Sebastián de los Reyes,26.5
2813401033 San Sebastián de los Reyes sección 01033,2015,28134,San Sebastián de los Reyes,45.0
2813401033 San Sebastián de los Reyes sección 01033,2016,28134,San Sebastián de los Reyes,15.5
2813401033 San Sebastián de los Reyes sección 01033,2017,28134,San Sebastián de los Reyes,9.0
2813401033 San Sebastián de los Reyes sección 01033,2018,28134,San Sebastián de los Reyes,26.333333333333332
2813401033 San Sebastián de los Reyes sección 01033,2019,28134,San Sebastián de los Reyes,17.4
2813401033 San Sebastián de los Reyes sección 01033,2020,28134,San Sebastián de los Reyes,24.285714285714285
2813401033 San Sebastián de los Reyes sección 01033,2021,28134,San Sebastián de los Reyes,33.0
2813401033 San Sebastián de los Reyes sección 01033,2022,28134,San Sebastián de los Reyes,45.166666666666664
2813401033 San Sebastián de los Reyes sección 01033,2023,28134,San Sebastián de los Reyes,20.5
2813401043 San Sebastián de los Reyes sección 01043,2015,28134,San Sebastián de los Reyes,35.6
2813401043 San Sebastián de los Reyes sección 01043,2016,28134,San Sebastián de los Reyes,42.0
2813401043 San Sebastián de los Reyes sección 01043,2017,28134,San Sebastián de los Reyes,5.5
2813401043 San Sebastián de los Reyes sección 01043,2018,28134,San Sebastián de los Reyes,32.75
2813401043 San Sebastián de los Reyes sección 01043,2019,28134,San Sebastián de los Reyes,44.57142857142857
2813401043 San Sebastián de los Reyes sección 01043,2020,28134,San Sebastián de los Reyes,47.857142857142854
2813401043 San Sebastián de los Reyes sección 01043,2021,28134,San Sebastián de los Reyes,55.833333333333336
2813401043 San Sebastián de los Reyes sección 01043,2022,28134,San Sebastián de los Reyes,3.6666666666666665
2813401043 San Sebastián de los Reyes sección 01043,2023,28134,San Sebastián de los Reyes,22.375
2813401044 San Sebastián de los Reyes sección 01044,2015,28134,San Sebastián de los Reyes,28.571428571428573
2813401044 San Sebastián de los Reyes sección 01044,2016,28134,San Sebastián de los Reyes,25.714285714285715
2813401045 San Sebastián de los Reyes sección 01045,2015,28134,San Sebastián de los Reyes,21.0
2813401045 San Sebastián de los Reyes sección 01045,2016,28134,San Sebastián de los Reyes,19.8
2813401046 San Sebastián de los Reyes sección 01046,2022,28134,San Sebastián de los Reyes,20.5
2813401046 San Sebastián de los Reyes sección 01046,2023,28134,San Sebastián de los Reyes,45.5
2813401047 San Sebastián de los Reyes sección 01047,2016,28134,San Sebastián de los Reyes,31.75
2813401047 San Sebastián de los Reyes sección 01047,2018,28134,San Sebastián de los Reyes,39.833333333333336
2813401047 San Sebastián de los Reyes sección 01047,2019,28134,San Sebastián de los Reyes,24.666666666666668
2813401047 San Sebastián de los Reyes sección 01047,2020,28134,San Sebastián de los Reyes,27.8
2813401047 San Sebastián de los Reyes sección 01047,2021,28134,San Sebastián de los Reyes,23.4
2813401047 San Sebastián de los Reyes sección 01047,2022,28134,San Sebastián de los Reyes,34.6
2813401047 San Sebastián de los Reyes sección 01047,2023,28134,San Sebastián de los Reyes,21.75
2813401050 San Sebastián de los Reyes sección 01050,2016,28134,San Sebastián de los Reyes,6.0
2813401050 San Sebastián de los Reyes sección 01050,2017,28134,San Sebastián de los Reyes,0.5
2813401050 San Sebastián de los Reyes sección 01050,2018,28134,San Sebastián de los Reyes,20.714285714285715
2813401050 San Sebastián de los Reyes sección 01050,2019,28134,San Sebastián de los Reyes,7.375
2813401050 San Sebastián de los Reyes sección 01050,2020,28134,San Sebastián de los Reyes,12.0
2813401052 San Sebastián de los Reyes sección 01052,2022,28134,San Sebastián de los Reyes,40.0
2813401052 San Sebastián de los Reyes sección 01052,2023,28134,San Sebastián de los Reyes,28.857142857142858
"2813701001 Santos de la Humosa, Los sección 01001",2016,28137,"Santos de la Humosa, Los",17.0
"2813701001 Santos de la Humosa, Los sección 01001",2017,28137,"Santos de la Humosa, Los",16.75
"2813701001 Santos de la Humosa, Los sección 01001",2018,28137,"Santos de la Humosa, Los",13.5
"2813701001 Santos de la Humosa, Los sección 01001",2019,28137,"Santos de la Humosa, Los",19.333333333333332
"2813701001 Santos de la Humosa, Los sección 01001",2020,28137,"Santos de la Humosa, Los",20.0
"2813701001 Santos de la Humosa, Los sección 01001",2021,28137,"Santos de la Humosa, Los",14.25
"2813701001 Santos de la Humosa, Los sección 01001",2022,28137,"Santos de la Humosa, Los",12.142857142857142
"2813701001 Santos de la Humosa, Los sección 01001",2023,28137,"Santos de la Humosa, Los",16.2
2814101001 Sevilla la Nueva sección 01001,2015,28141,Sevilla la Nueva,18.142857142857142
2814101001 Sevilla la Nueva sección 01001,2016,28141,Sevilla la Nueva,19.0
2814101001 Sevilla la Nueva sección 01001,2017,28141,Sevilla la Nueva,13.0
2814101001 Sevilla la Nueva sección 01001,2018,28141,Sevilla la Nueva,18.0
2814101001 Sevilla la Nueva sección 01001,2019,28141,Sevilla la Nueva,14.0
2814101001 Sevilla la Nueva sección 01001,2020,28141,Sevilla la Nueva,17.875
2814101001 Sevilla la Nueva sección 01001,2021,28141,Sevilla la Nueva,20.0
2814101001 Sevilla la Nueva sección 01001,2022,28141,Sevilla la Nueva,19.0
2814101001 Sevilla la Nueva sección 01001,2023,28141,Sevilla la Nueva,10.4
2814101003 Sevilla la Nueva sección 01003,2015,28141,Sevilla la Nueva,13.833333333333334
2814101003 Sevilla la Nueva sección 01003,2016,28141,Sevilla la Nueva,19.666666666666668
2814101003 Sevilla la Nueva sección 01003,2017,28141,Sevilla la Nueva,16.0
2814101003 Sevilla la Nueva sección 01003,2018,28141,Sevilla la Nueva,24.0
2814101003 Sevilla la Nueva sección 01003,2019,28141,Sevilla la Nueva,14.0
2814101003 Sevilla la Nueva sección 01003,2020,28141,Sevilla la Nueva,18.75
2814101003 Sevilla la Nueva sección 01003,2021,28141,Sevilla la Nueva,16.0
2814101003 Sevilla la Nueva sección 01003,2022,28141,Sevilla la Nueva,15.5
2814101003 Sevilla la Nueva sección 01003,2023,28141,Sevilla la Nueva,16.6
2814401001 Soto del Real sección 01001,2015,28144,Soto del Real,28.25
2814401001 Soto del Real sección 01001,2016,28144,Soto del Real,17.0
2814401001 Soto del Real sección 01001,2018,28144,Soto del Real,20.22222222222222
2814401001 Soto del Real sección 01001,2019,28144,Soto del Real,16.5
2814401001 Soto del Real sección 01001,2020,28144,Soto del Real,16.833333333333332
2814401001 Soto del Real sección 01001,2021,28144,Soto del Real,16.333333333333332
2814401001 Soto del Real sección 01001,2022,28144,Soto del Real,22.0
2814401001 Soto del Real sección 01001,2023,28144,Soto del Real,25.0
2814601001 Tielmes sección 01001,2015,28146,Tielmes,14.0
2814601001 Tielmes sección 01001,2016,28146,Tielmes,23.333333333333332
2814601001 Tielmes sección 01001,2018,28146,Tielmes,7.75
2814601001 Tielmes sección 01001,2019,28146,Tielmes,16.0
2814601001 Tielmes sección 01001,2020,28146,Tielmes,17.666666666666668
2814601001 Tielmes sección 01001,2021,28146,Tielmes,14.25
2814601001 Tielmes sección 01001,2022,28146,Tielmes,10.833333333333334
2814601001 Tielmes sección 01001,2023,28146,Tielmes,8.125
2814801012 Torrejón de Ardoz sección 01012,2018,28148,Torrejón de Ardoz,5.0
2814801012 Torrejón de Ardoz sección 01012,2019,28148,Torrejón de Ardoz,6.833333333333333
2814801012 Torrejón de Ardoz sección 01012,2020,28148,Torrejón de Ardoz,14.2
2814801012 Torrejón de Ardoz sección 01012,2021,28148,Torrejón de Ardoz,14.428571428571429
2814801013 Torrejón de Ardoz sección 01013,2015,28148,Torrejón de Ardoz,11.444444444444445
2814801013 Torrejón de Ardoz sección 01013,2016,28148,Torrejón de Ardoz,7.142857142857143
2814801013 Torrejón de Ardoz sección 01013,2017,28148,Torrejón de Ardoz,6.666666666666667
2814801013 Torrejón de Ardoz sección 01013,2018,28148,Torrejón de Ardoz,18.75
2814801013 Torrejón de Ardoz sección 01013,2019,28148,Torrejón de Ardoz,20.0
2814801013 Torrejón de Ardoz sección 01013,2020,28148,Torrejón de Ardoz,11.727272727272727
2814801013 Torrejón de Ardoz sección 01013,2022,28148,Torrejón de Ardoz,13.333333333333334
2814801013 Torrejón de Ardoz sección 01013,2023,28148,Torrejón de Ardoz,17.0
2814802021 Torrejón de Ardoz sección 02021,2021,28148,Torrejón de Ardoz,18.625
2814802021 Torrejón de Ardoz sección 02021,2022,28148,Torrejón de Ardoz,21.8
2814802021 Torrejón de Ardoz sección 02021,2023,28148,Torrejón de Ardoz,14.0
2814802022 Torrejón de Ardoz sección 02022,2022,28148,Torrejón de Ardoz,15.142857142857142
2814802022 Torrejón de Ardoz sección 02022,2023,28148,Torrejón de Ardoz,18.5
2814802023 Torrejón de Ardoz sección 02023,2016,28148,Torrejón de Ardoz,19.142857142857142
2814802023 Torrejón de Ardoz sección 02023,2017,28148,Torrejón de Ardoz,5.0
2814802023 Torrejón de Ardoz sección 02023,2018,28148,Torrejón de Ardoz,23.0
2814802023 Torrejón de Ardoz sección 02023,2019,28148,Torrejón de Ardoz,14.916666666666666
2814802023 Torrejón de Ardoz sección 02023,2020,28148,Torrejón de Ardoz,17.75
2814802023 Torrejón de Ardoz sección 02023,2021,28148,Torrejón de Ardoz,20.5
2814802025 Torrejón de Ardoz sección 02025,2016,28148,Torrejón de Ardoz,20.3
2814802025 Torrejón de Ardoz sección 02025,2017,28148,Torrejón de Ardoz,16.5
2814802025 Torrejón de Ardoz sección 02025,2018,28148,Torrejón de Ardoz,23.25
2814802025 Torrejón de Ardoz sección 02025,2019,28148,Torrejón de Ardoz,28.0
2814802025 Torrejón de Ardoz sección 02025,2020,28148,Torrejón de Ardoz,38.5
2814802025 Torrejón de Ardoz sección 02025,2021,28148,Torrejón de Ardoz,9.25
2814802026 Torrejón de Ardoz sección 02026,2019,28148,Torrejón de Ardoz,20.333333333333332
2814802026 Torrejón de Ardoz sección 02026,2020,28148,Torrejón de Ardoz,25.0
2814802026 Torrejón de Ardoz sección 02026,2021,28148,Torrejón de Ardoz,18.0
2814802026 Torrejón de Ardoz sección 02026,2022,28148,Torrejón de Ardoz,9.5
2814802026 Torrejón de Ardoz sección 02026,2023,28148,Torrejón de Ardoz,28.666666666666668
2814803008 Torrejón de Ardoz sección 03008,2023,28148,Torrejón de Ardoz,7.25
2814804017 Torrejón de Ardoz sección 04017,2015,28148,Torrejón de Ardoz,16.333333333333332
2814901002 Torrejón de la Calzada sección 01002,2015,28149,Torrejón de la Calzada,17.6
2814901002 Torrejón de la Calzada sección 01002,2016,28149,Torrejón de la Calzada,15.2
2815201003 Torrelodones sección 01003,2020,28152,Torrelodones,54.166666666666664
2815201003 Torrelodones sección 01003,2021,28152,Torrelodones,4.666666666666667
2815201003 Torrelodones sección 01003,2022,28152,Torrelodones,24.625
2815201003 Torrelodones sección 01003,2023,28152,Torrelodones,46.333333333333336
2815201005 Torrelodones sección 01005,2019,28152,Torrelodones,34.285714285714285
2815201005 Torrelodones sección 01005,2020,28152,Torrelodones,30.5
2815201005 Torrelodones sección 01005,2021,28152,Torrelodones,32.5
2815201005 Torrelodones sección 01005,2022,28152,Torrelodones,30.833333333333332
2815201005 Torrelodones sección 01005,2023,28152,Torrelodones,46.75
2815201006 Torrelodones sección 01006,2015,28152,Torrelodones,37.166666666666664
2815201007 Torrelodones sección 01007,2017,28152,Torrelodones,5.333333333333333
2815201008 Torrelodones sección 01008,2015,28152,Torrelodones,34.25
2815201008 Torrelodones sección 01008,2016,28152,Torrelodones,44.0
2815201008 Torrelodones sección 01008,2017,28152,Torrelodones,3.75
2815201008 Torrelodones sección 01008,2018,28152,Torrelodones,40.0
2815201008 Torrelodones sección 01008,2019,28152,Torrelodones,3.5
2815201008 Torrelodones sección 01008,2020,28152,Torrelodones,35.6
2815201008 Torrelodones sección 01008,2021,28152,Torrelodones,29.0
2815201008 Torrelodones sección 01008,2022,28152,Torrelodones,14.0
2815201008 Torrelodones sección 01008,2023,28152,Torrelodones,42.4
2815201009 Torrelodones sección 01009,2018,28152,Torrelodones,39.8
2815201009 Torrelodones sección 01009,2019,28152,Torrelodones,44.666666666666664
2815201009 Torrelodones sección 01009,2020,28152,Torrelodones,23.0
2815201009 Torrelodones sección 01009,2021,28152,Torrelodones,23.166666666666668
2815201009 Torrelodones sección 01009,2022,28152,Torrelodones,13.6
2815201009 Torrelodones sección 01009,2023,28152,Torrelodones,37.0
2815401001 Torres de la Alameda sección 01001,2015,28154,Torres de la Alameda,23.0
2815401001 Torres de la Alameda sección 01001,2016,28154,Torres de la Alameda,17.90909090909091
2815401001 Torres de la Alameda sección 01001,2017,28154,Torres de la Alameda,7.0
2815401001 Torres de la Alameda sección 01001,2018,28154,Torres de la Alameda,10.666666666666666
2815401001 Torres de la Alameda sección 01001,2019,28154,Torres de la Alameda,15.75
2815401001 Torres de la Alameda sección 01001,2020,28154,Torres de la Alameda,16.8
2815401001 Torres de la Alameda sección 01001,2021,28154,Torres de la Alameda,16.5
2815401001 Torres de la Alameda sección 01001,2022,28154,Torres de la Alameda,13.833333333333334
2815401001 Torres de la Alameda sección 01001,2023,28154,Torres de la Alameda,19.5
2816001001 Valdemorillo sección 01001,2015,28160,Valdemorillo,23.5
2816001001 Valdemorillo sección 01001,2016,28160,Valdemorillo,19.5
2816001001 Valdemorillo sección 01001,2017,28160,Valdemorillo,28.25
2816001001 Valdemorillo sección 01001,2018,28160,Valdemorillo,17.0
2816001001 Valdemorillo sección 01001,2019,28160,Valdemorillo,15.666666666666666
2816001001 Valdemorillo sección 01001,2020,28160,Valdemorillo,19.5
2816001001 Valdemorillo sección 01001,2021,28160,Valdemorillo,18.0
2816001001 Valdemorillo sección 01001,2022,28160,Valdemorillo,23.5
2816001003 Valdemorillo sección 01003,2015,28160,Valdemorillo,19.0
2816001003 Valdemorillo sección 01003,2016,28160,Valdemorillo,30.5
2816001003 Valdemorillo sección 01003,2017,28160,Valdemorillo,6.0
2816001003 Valdemorillo sección 01003,2018,28160,Valdemorillo,26.75
2816001003 Valdemorillo sección 01003,2019,28160,Valdemorillo,27.25
2816001003 Valdemorillo sección 01003,2020,28160,Valdemorillo,5.666666666666667
2816001003 Valdemorillo sección 01003,2021,28160,Valdemorillo,16.6
2816001003 Valdemorillo sección 01003,2022,28160,Valdemorillo,23.0
2816001004 Valdemorillo sección 01004,2015,28160,Valdemorillo,34.5
2816001004 Valdemorillo sección 01004,2016,28160,Valdemorillo,42.5
2816001004 Valdemorillo sección 01004,2017,28160,Valdemorillo,6.5
2816001004 Valdemorillo sección 01004,2018,28160,Valdemorillo,26.636363636363637
2816001004 Valdemorillo sección 01004,2019,28160,Valdemorillo,24.75
2816001004 Valdemorillo sección 01004,2020,28160,Valdemorillo,19.666666666666668
2816001004 Valdemorillo sección 01004,2021,28160,Valdemorillo,21.0
2816001004 Valdemorillo sección 01004,2022,28160,Valdemorillo,31.6
2816101010 Valdemoro sección 01010,2018,28161,Valdemoro,15.666666666666666
2816101010 Valdemoro sección 01010,2019,28161,Valdemoro,8.333333333333334
2816101010 Valdemoro sección 01010,2020,28161,Valdemoro,10.75
2816101010 Valdemoro sección 01010,2021,28161,Valdemoro,21.0
2816101011 Valdemoro sección 01011,2015,28161,Valdemoro,9.857142857142858
2816101011 Valdemoro sección 01011,2016,28161,Valdemoro,10.0
2816101012 Valdemoro sección 01012,2015,28161,Valdemoro,13.272727272727273
2816101012 Valdemoro sección 01012,2016,28161,Valdemoro,16.77777777777778
2816101012 Valdemoro sección 01012,2017,28161,Valdemoro,5.833333333333333
2816101012 Valdemoro sección 01012,2018,28161,Valdemoro,10.166666666666666
2816101012 Valdemoro sección 01012,2019,28161,Valdemoro,8.2
2816101012 Valdemoro sección 01012,2020,28161,Valdemoro,10.333333333333334
2816101012 Valdemoro sección 01012,2021,28161,Valdemoro,12.0
2816101012 Valdemoro sección 01012,2022,28161,Valdemoro,15.75
2816101018 Valdemoro sección 01018,2015,28161,Valdemoro,16.0
2816101018 Valdemoro sección 01018,2016,28161,Valdemoro,22.333333333333332
2816101020 Valdemoro sección 01020,2015,28161,Valdemoro,21.2
2816101020 Valdemoro sección 01020,2016,28161,Valdemoro,22.666666666666668
2816101021 Valdemoro sección 01021,2022,28161,Valdemoro,16.8
2816101021 Valdemoro sección 01021,2023,28161,Valdemoro,27.2
2816101022 Valdemoro sección 01022,2019,28161,Valdemoro,8.5
2816101022 Valdemoro sección 01022,2020,28161,Valdemoro,16.0
2816101022 Valdemoro sección 01022,2021,28161,Valdemoro,35.0
2816101022 Valdemoro sección 01022,2022,28161,Valdemoro,28.6
2816101022 Valdemoro sección 01022,2023,28161,Valdemoro,15.0
2816101026 Valdemoro sección 01026,2023,28161,Valdemoro,19.75
2816102008 Valdemoro sección 02008,2015,28161,Valdemoro,15.5
2816102008 Valdemoro sección 02008,2016,28161,Valdemoro,16.0
2816102009 Valdemoro sección 02009,2018,28161,Valdemoro,25.0
2816102009 Valdemoro sección 02009,2019,28161,Valdemoro,23.857142857142858
2816102009 Valdemoro sección 02009,2020,28161,Valdemoro,13.8
2816102009 Valdemoro sección 02009,2021,28161,Valdemoro,18.833333333333332
2816102010 Valdemoro sección 02010,2015,28161,Valdemoro,28.571428571428573
2816102010 Valdemoro sección 02010,2016,28161,Valdemoro,18.333333333333332
2816102012 Valdemoro sección 02012,2019,28161,Valdemoro,15.333333333333334
2816102012 Valdemoro sección 02012,2020,28161,Valdemoro,19.1
2816102012 Valdemoro sección 02012,2021,28161,Valdemoro,35.0
2816102012 Valdemoro sección 02012,2023,28161,Valdemoro,12.0
2816501001 Valdilecha sección 01001,2015,28165,Valdilecha,21.166666666666668
2816501001 Valdilecha sección 01001,2016,28165,Valdilecha,19.25
2816501001 Valdilecha sección 01001,2017,28165,Valdilecha,17.333333333333332
2816501001 Valdilecha sección 01001,2018,28165,Valdilecha,20.75
2816501001 Valdilecha sección 01001,2019,28165,Valdilecha,15.0
2816501001 Valdilecha sección 01001,2020,28165,Valdilecha,7.5
2816501001 Valdilecha sección 01001,2021,28165,Valdilecha,15.0
2816501001 Valdilecha sección 01001,2022,28165,Valdilecha,12.75
2816501001 Valdilecha sección 01001,2023,28165,Valdilecha,26.5
2816701004 Velilla de San Antonio sección 01004,2015,28167,Velilla de San Antonio,23.428571428571427
2816701004 Velilla de San Antonio sección 01004,2016,28167,Velilla de San Antonio,7.75
2816701004 Velilla de San Antonio sección 01004,2017,28167,Velilla de San Antonio,5.0
2816701004 Velilla de San Antonio sección 01004,2018,28167,Velilla de San Antonio,21.166666666666668
2816701004 Velilla de San Antonio sección 01004,2019,28167,Velilla de San Antonio,16.0
2816701004 Velilla de San Antonio sección 01004,2020,28167,Velilla de San Antonio,17.428571428571427
2816701004 Velilla de San Antonio sección 01004,2021,28167,Velilla de San Antonio,12.5
2816901001 Venturada sección 01001,2022,28169,Venturada,52.333333333333336
2816901001 Venturada sección 01001,2023,28169,Venturada,30.0
2817201002 Villalbilla sección 01002,2020,28172,Villalbilla,27.714285714285715
2817201002 Villalbilla sección 01002,2021,28172,Villalbilla,17.5
2817201002 Villalbilla sección 01002,2022,28172,Villalbilla,9.88888888888889
2817201002 Villalbilla sección 01002,2023,28172,Villalbilla,19.4
2817201005 Villalbilla sección 01005,2015,28172,Villalbilla,15.75
2817201005 Villalbilla sección 01005,2016,28172,Villalbilla,10.0
2817201005 Villalbilla sección 01005,2017,28172,Villalbilla,7.0
2817201005 Villalbilla sección 01005,2018,28172,Villalbilla,7.5
2817201005 Villalbilla sección 01005,2019,28172,Villalbilla,7.0
2817201005 Villalbilla sección 01005,2020,28172,Villalbilla,22.75
2817201006 Villalbilla sección 01006,2015,28172,Villalbilla,20.0
2817201006 Villalbilla sección 01006,2016,28172,Villalbilla,16.77777777777778
2817201006 Villalbilla sección 01006,2017,28172,Villalbilla,6.666666666666667
2817201006 Villalbilla sección 01006,2018,28172,Villalbilla,6.5
2817201006 Villalbilla sección 01006,2019,28172,Villalbilla,10.25
2817201006 Villalbilla sección 01006,2020,28172,Villalbilla,39.166666666666664
2817201006 Villalbilla sección 01006,2023,28172,Villalbilla,11.666666666666666
2817201007 Villalbilla sección 01007,2021,28172,Villalbilla,13.6
2817201007 Villalbilla sección 01007,2022,28172,Villalbilla,9.625
2817201007 Villalbilla sección 01007,2023,28172,Villalbilla,14.4
2817401001 Villamanta sección 01001,2020,28174,Villamanta,17.333333333333332
2817401001 Villamanta sección 01001,2021,28174,Villamanta,14.666666666666666
2817401001 Villamanta sección 01001,2022,28174,Villamanta,9.11111111111111
2817401001 Villamanta sección 01001,2023,28174,Villamanta,13.5
2817601001 Villanueva de la Cañada sección 01001,2016,28176,Villanueva de la Cañada,17.5
2817601001 Villanueva de la Cañada sección 01001,2017,28176,Villanueva de la Cañada,6.0
2817601001 Villanueva de la Cañada sección 01001,2018,28176,Villanueva de la Cañada,27.714285714285715
2817601001 Villanueva de la Cañada sección 01001,2019,28176,Villanueva de la Cañada,33.75
2817601001 Villanueva de la Cañada sección 01001,2020,28176,Villanueva de la Cañada,20.714285714285715
2817601001 Villanueva de la Cañada sección 01001,2021,28176,Villanueva de la Cañada,30.8
2817601001 Villanueva de la Cañada sección 01001,2022,28176,Villanueva de la Cañada,31.5
2817601001 Villanueva de la Cañada sección 01001,2023,28176,Villanueva de la Cañada,29.0
2817601003 Villanueva de la Cañada sección 01003,2015,28176,Villanueva de la Cañada,23.666666666666668
2817601003 Villanueva de la Cañada sección 01003,2016,28176,Villanueva de la Cañada,31.666666666666668
2817601003 Villanueva de la Cañada sección 01003,2017,28176,Villanueva de la Cañada,7.333333333333333
2817601003 Villanueva de la Cañada sección 01003,2018,28176,Villanueva de la Cañada,23.8
2817601003 Villanueva de la Cañada sección 01003,2019,28176,Villanueva de la Cañada,28.0
2817601003 Villanueva de la Cañada sección 01003,2020,28176,Villanueva de la Cañada,27.0
2817601006 Villanueva de la Cañada sección 01006,2015,28176,Villanueva de la Cañada,27.625
2817601006 Villanueva de la Cañada sección 01006,2016,28176,Villanueva de la Cañada,18.285714285714285
2817601006 Villanueva de la Cañada sección 01006,2017,28176,Villanueva de la Cañada,15.0
2817601006 Villanueva de la Cañada sección 01006,2018,28176,Villanueva de la Cañada,23.5
2817601006 Villanueva de la Cañada sección 01006,2019,28176,Villanueva de la Cañada,17.75
2817601006 Villanueva de la Cañada sección 01006,2020,28176,Villanueva de la Cañada,30.8
2817601006 Villanueva de la Cañada sección 01006,2021,28176,Villanueva de la Cañada,23.0
2817601006 Villanueva de la Cañada sección 01006,2022,28176,Villanueva de la Cañada,23.333333333333332
2817601006 Villanueva de la Cañada sección 01006,2023,28176,Villanueva de la Cañada,16.8
2817601007 Villanueva de la Cañada sección 01007,2015,28176,Villanueva de la Cañada,19.0
2817601007 Villanueva de la Cañada sección 01007,2016,28176,Villanueva de la Cañada,12.75
2817601007 Villanueva de la Cañada sección 01007,2017,28176,Villanueva de la Cañada,14.0
2817601007 Villanueva de la Cañada sección 01007,2018,28176,Villanueva de la Cañada,21.0
2817601007 Villanueva de la Cañada sección 01007,2019,28176,Villanueva de la Cañada,23.25
2817601007 Villanueva de la Cañada sección 01007,2020,28176,Villanueva de la Cañada,13.333333333333334
2817601008 Villanueva de la Cañada sección 01008,2018,28176,Villanueva de la Cañada,32.0
2817601008 Villanueva de la Cañada sección 01008,2019,28176,Villanueva de la Cañada,34.375
2817601008 Villanueva de la Cañada sección 01008,2020,28176,Villanueva de la Cañada,26.0
2817601008 Villanueva de la Cañada sección 01008,2021,28176,Villanueva de la Cañada,28.142857142857142
2817601008 Villanueva de la Cañada sección 01008,2022,28176,Villanueva de la Cañada,34.375
2817601008 Villanueva de la Cañada sección 01008,2023,28176,Villanueva de la Cañada,14.5
2817701001 Villanueva del Pardillo sección 01001,2018,28177,Villanueva del Pardillo,28.0
2817701001 Villanueva del Pardillo sección 01001,2019,28177,Villanueva del Pardillo,20.5
2817701001 Villanueva del Pardillo sección 01001,2020,28177,Villanueva del Pardillo,26.2
2817701001 Villanueva del Pardillo sección 01001,2021,28177,Villanueva del Pardillo,28.5
2817701001 Villanueva del Pardillo sección 01001,2022,28177,Villanueva del Pardillo,18.0
2817701001 Villanueva del Pardillo sección 01001,2023,28177,Villanueva del Pardillo,17.833333333333332
2817701003 Villanueva del Pardillo sección 01003,2015,28177,Villanueva del Pardillo,20.166666666666668
2817701003 Villanueva del Pardillo sección 01003,2016,28177,Villanueva del Pardillo,19.2
2817701003 Villanueva del Pardillo sección 01003,2017,28177,Villanueva del Pardillo,13.666666666666666
2817701003 Villanueva del Pardillo sección 01003,2018,28177,Villanueva del Pardillo,20.25
2817701003 Villanueva del Pardillo sección 01003,2019,28177,Villanueva del Pardillo,27.166666666666668
2817701003 Villanueva del Pardillo sección 01003,2020,28177,Villanueva del Pardillo,39.0
2817701003 Villanueva del Pardillo sección 01003,2021,28177,Villanueva del Pardillo,17.375
2817701003 Villanueva del Pardillo sección 01003,2022,28177,Villanueva del Pardillo,21.25
2817701003 Villanueva del Pardillo sección 01003,2023,28177,Villanueva del Pardillo,0.0
2817701004 Villanueva del Pardillo sección 01004,2015,28177,Villanueva del Pardillo,33.2
2817701004 Villanueva del Pardillo sección 01004,2016,28177,Villanueva del Pardillo,32.857142857142854
2817701005 Villanueva del Pardillo sección 01005,2015,28177,Villanueva del Pardillo,21.75
2817701005 Villanueva del Pardillo sección 01005,2016,28177,Villanueva del Pardillo,26.0
2817701006 Villanueva del Pardillo sección 01006,2015,28177,Villanueva del Pardillo,26.714285714285715
2817701006 Villanueva del Pardillo sección 01006,2016,28177,Villanueva del Pardillo,23.0
2817701006 Villanueva del Pardillo sección 01006,2017,28177,Villanueva del Pardillo,9.4
2890301017 Tres Cantos sección 01017,2015,28903,Tres Cantos,48.2
2890301017 Tres Cantos sección 01017,2016,28903,Tres Cantos,43.8
2890301017 Tres Cantos sección 01017,2017,28903,Tres Cantos,4.0
2890301017 Tres Cantos sección 01017,2018,28903,Tres Cantos,35.6
2890301017 Tres Cantos sección 01017,2019,28903,Tres Cantos,30.333333333333332
2890301017 Tres Cantos sección 01017,2020,28903,Tres Cantos,19.0
2890301017 Tres Cantos sección 01017,2021,28903,Tres Cantos,25.666666666666668
2890301017 Tres Cantos sección 01017,2022,28903,Tres Cantos,25.8
2890301017 Tres Cantos sección 01017,2023,28903,Tres Cantos,23.4
2890301023 Tres Cantos sección 01023,2016,28903,Tres Cantos,32.333333333333336
2890301023 Tres Cantos sección 01023,2017,28903,Tres Cantos,1.6666666666666667
2890301023 Tres Cantos sección 01023,2018,28903,Tres Cantos,15.666666666666666
2890301023 Tres Cantos sección 01023,2019,28903,Tres Cantos,48.2
2890301023 Tres Cantos sección 01023,2020,28903,Tres Cantos,44.5
2890301023 Tres Cantos sección 01023,2022,28903,Tres Cantos,11.0
2890301023 Tres Cantos sección 01023,2023,28903,Tres Cantos,20.333333333333332
2890301024 Tres Cantos sección 01024,2015,28903,Tres Cantos,5.0
2890301024 Tres Cantos sección 01024,2016,28903,Tres Cantos,26.4
2890301024 Tres Cantos sección 01024,2017,28903,Tres Cantos,4.0
2890301024 Tres Cantos sección 01024,2018,28903,Tres Cantos,27.375
2890301024 Tres Cantos sección 01024,2019,28903,Tres Cantos,31.0
2890301024 Tres Cantos sección 01024,2020,28903,Tres Cantos,44.0
2890301025 Tres Cantos sección 01025,2020,28903,Tres Cantos,34.6
2890301025 Tres Cantos sección 01025,2021,28903,Tres Cantos,18.5
2890301025 Tres Cantos sección 01025,2022,28903,Tres Cantos,27.4
2890301025 Tres Cantos sección 01025,2023,28903,Tres Cantos,48.666666666666664
2890301027 Tres Cantos sección 01027,2021,28903,Tres Cantos,32.142857142857146
2890301027 Tres Cantos sección 01027,2022,28903,Tres Cantos,64.66666666666667
2890301027 Tres Cantos sección 01027,2023,28903,Tres Cantos,1.0
