estacion,nombre,year,month,ld,le,ln,laeq,l1,l10,l50,l90,l99,fecha,mes_nombre,year_month,month_name
RF-19,Alto de Extremadura,1998,9,,,,63.0,72.4,66.3,59.3,51.4,47.0,1998-09-01,Septiembre,1998-09,Septiembre
RF-16,Arturo Soria,1998,9,,,,59.5,67.8,61.6,56.0,45.3,39.1,1998-09-01,Septiembre,1998-09,Septiembre
RF-14,Plaza Elíptica,1998,9,,,,67.3,75.3,69.8,64.3,56.7,50.0,1998-09-01,Septiembre,1998-09,Septiembre
RF-11,Ramón y Cajal,1998,10,,,,70.3,77.2,72.9,68.8,56.8,46.3,1998-10-01,Octubre,1998-10,Octubre
RF-14,Plaza Elíptica,1998,10,,,,68.0,75.8,70.2,64.6,56.8,49.8,1998-10-01,Octubre,1998-10,Octubre
RF-19,Alto de Extremadura,1998,10,,,,63.4,72.8,66.3,59.7,51.6,44.2,1998-10-01,Octubre,1998-10,Octubre
RF-07,Plaza Marqués de Salamanca,1998,10,,,,73.1,88.4,69.9,63.6,51.8,42.1,1998-10-01,Octubre,1998-10,Octubre
RF-23,Calle de Alcalá final,1998,10,,,,62.9,68.8,65.8,61.9,54.9,48.0,1998-10-01,Octubre,1998-10,Octubre
RF-04,Plaza de España,1998,10,,,,66.3,74.0,68.8,64.5,59.6,54.8,1998-10-01,Octubre,1998-10,Octubre
RF-24,Casa de Campo,1998,10,,,,51.8,60.6,54.3,48.9,45.2,42.1,1998-10-01,Octubre,1998-10,Octubre
RF-06,Gregorio Marañón,1998,10,,,,72.5,80.2,75.6,70.2,63.1,55.2,1998-10-01,Octubre,1998-10,Octubre
RF-02,Carlos V,1998,10,,,,74.3,84.4,79.5,67.8,62.0,55.5,1998-10-01,Octubre,1998-10,Octubre
RF-16,Arturo Soria,1998,10,,,,60.1,68.6,62.0,56.3,45.6,39.3,1998-10-01,Octubre,1998-10,Octubre
RF-18,General Ricardos ubicación antigua,1998,10,,,,70.8,78.4,73.0,67.9,61.4,54.9,1998-10-01,Octubre,1998-10,Octubre
RF-20,Avenida de Moratalaz,1998,10,,,,64.6,74.6,67.4,60.1,50.1,40.7,1998-10-01,Octubre,1998-10,Octubre
RF-03,Plaza del Carmen,1998,11,,,,65.5,77.7,67.3,58.1,49.1,42.9,1998-11-01,Noviembre,1998-11,Noviembre
RF-12,Manuel Becerra,1998,11,,,,66.9,75.0,67.8,63.1,55.2,48.2,1998-11-01,Noviembre,1998-11,Noviembre
RF-25,Santa Eugenia,1998,11,,,,68.2,73.3,70.8,67.9,60.3,51.4,1998-11-01,Noviembre,1998-11,Noviembre
RF-18,General Ricardos ubicación antigua,1998,11,,,,70.8,77.9,73.0,68.1,61.7,55.1,1998-11-01,Noviembre,1998-11,Noviembre
RF-06,Gregorio Marañón,1998,11,,,,72.7,80.4,75.8,70.3,63.5,55.5,1998-11-01,Noviembre,1998-11,Noviembre
RF-17,Villaverde,1998,11,,,,69.0,78.8,72.1,64.9,49.7,39.7,1998-11-01,Noviembre,1998-11,Noviembre
RF-11,Ramón y Cajal,1998,11,,,,70.5,77.8,73.1,69.0,57.5,48.0,1998-11-01,Noviembre,1998-11,Noviembre
RF-07,Plaza Marqués de Salamanca,1998,11,,,,70.4,83.0,69.9,64.0,52.6,42.3,1998-11-01,Noviembre,1998-11,Noviembre
RF-23,Calle de Alcalá final,1998,11,,,,63.5,69.6,66.3,62.6,56.2,49.5,1998-11-01,Noviembre,1998-11,Noviembre
RF-21,Isaac Peral,1998,11,,,,69.8,79.6,69.6,63.8,53.9,44.8,1998-11-01,Noviembre,1998-11,Noviembre
RF-08,Escuelas Aguirre,1998,11,,,,69.3,76.5,72.0,67.6,60.5,52.1,1998-11-01,Noviembre,1998-11,Noviembre
RF-02,Carlos V,1998,11,,,,68.8,76.9,71.1,66.9,61.2,55.0,1998-11-01,Noviembre,1998-11,Noviembre
RF-16,Arturo Soria,1998,11,,,,61.2,70.9,63.1,56.7,46.0,39.9,1998-11-01,Noviembre,1998-11,Noviembre
RF-09,Plaza Luca de Tena,1998,11,,,,66.7,74.4,69.6,64.0,53.7,44.7,1998-11-01,Noviembre,1998-11,Noviembre
RF-22,Paseo de Pontones,1998,11,,,,66.5,76.8,69.7,60.5,52.9,47.6,1998-11-01,Noviembre,1998-11,Noviembre
RF-15,Plaza de Castilla ubicación antigua,1998,11,,,,70.2,76.2,72.9,69.0,61.6,51.3,1998-11-01,Noviembre,1998-11,Noviembre
RF-14,Plaza Elíptica,1998,11,,,,67.6,75.9,70.2,64.4,56.7,49.5,1998-11-01,Noviembre,1998-11,Noviembre
RF-19,Alto de Extremadura,1998,11,,,,63.4,72.9,66.3,59.7,51.7,43.7,1998-11-01,Noviembre,1998-11,Noviembre
RF-01,Paseo de Recoletos,1998,11,,,,69.9,77.0,72.8,68.1,60.3,53.8,1998-11-01,Noviembre,1998-11,Noviembre
RF-20,Avenida de Moratalaz,1998,11,,,,64.6,74.4,67.3,60.3,50.7,41.4,1998-11-01,Noviembre,1998-11,Noviembre
RF-24,Casa de Campo,1998,11,,,,51.0,58.7,53.4,48.8,45.2,41.8,1998-11-01,Noviembre,1998-11,Noviembre
RF-04,Plaza de España,1998,11,,,,66.5,75.6,68.9,64.2,58.7,52.9,1998-11-01,Noviembre,1998-11,Noviembre
RF-06,Gregorio Marañón,1998,12,,,,72.8,80.4,75.8,70.5,64.0,56.8,1998-12-01,Diciembre,1998-12,Diciembre
RF-20,Avenida de Moratalaz,1998,12,,,,65.0,74.4,67.6,60.6,50.8,41.8,1998-12-01,Diciembre,1998-12,Diciembre
RF-14,Plaza Elíptica,1998,12,,,,68.4,76.4,70.5,64.7,57.4,50.9,1998-12-01,Diciembre,1998-12,Diciembre
RF-24,Casa de Campo,1998,12,,,,52.2,58.0,54.3,49.9,45.9,42.1,1998-12-01,Diciembre,1998-12,Diciembre
RF-03,Plaza del Carmen,1998,12,,,,63.0,73.2,65.5,57.8,49.2,43.6,1998-12-01,Diciembre,1998-12,Diciembre
RF-17,Villaverde,1998,12,,,,69.0,78.4,71.9,64.9,50.0,40.7,1998-12-01,Diciembre,1998-12,Diciembre
RF-07,Plaza Marqués de Salamanca,1998,12,,,,69.1,78.8,69.7,64.1,52.8,43.6,1998-12-01,Diciembre,1998-12,Diciembre
RF-19,Alto de Extremadura,1998,12,,,,64.2,72.9,66.5,60.0,52.5,44.9,1998-12-01,Diciembre,1998-12,Diciembre
RF-23,Calle de Alcalá final,1998,12,,,,63.3,69.0,65.9,62.5,56.0,50.5,1998-12-01,Diciembre,1998-12,Diciembre
RF-21,Isaac Peral,1998,12,,,,69.0,77.8,69.4,63.5,56.0,48.0,1998-12-01,Diciembre,1998-12,Diciembre
RF-04,Plaza de España,1998,12,,,,66.9,75.0,68.7,64.7,59.8,54.4,1998-12-01,Diciembre,1998-12,Diciembre
RF-08,Escuelas Aguirre,1998,12,,,,69.2,75.9,71.9,67.4,60.6,52.4,1998-12-01,Diciembre,1998-12,Diciembre
RF-16,Arturo Soria,1998,12,,,,61.3,70.7,63.2,56.9,46.4,40.7,1998-12-01,Diciembre,1998-12,Diciembre
RF-12,Manuel Becerra,1998,12,,,,66.4,74.7,67.2,63.0,55.4,48.7,1998-12-01,Diciembre,1998-12,Diciembre
RF-18,General Ricardos ubicación antigua,1998,12,,,,71.2,78.1,73.2,68.3,62.3,56.2,1998-12-01,Diciembre,1998-12,Diciembre
RF-11,Ramón y Cajal,1998,12,,,,70.7,77.2,73.3,69.3,58.0,49.5,1998-12-01,Diciembre,1998-12,Diciembre
RF-02,Carlos V,1998,12,,,,69.2,76.8,71.2,67.2,61.9,56.1,1998-12-01,Diciembre,1998-12,Diciembre
RF-01,Paseo de Recoletos,1998,12,,,,68.2,75.2,71.3,66.2,59.1,53.1,1998-12-01,Diciembre,1998-12,Diciembre
RF-15,Plaza de Castilla ubicación antigua,1998,12,,,,70.2,76.0,72.8,68.9,62.4,53.7,1998-12-01,Diciembre,1998-12,Diciembre
RF-25,Santa Eugenia,1998,12,,,,68.8,74.1,71.5,68.5,61.1,52.5,1998-12-01,Diciembre,1998-12,Diciembre
RF-09,Plaza Luca de Tena,1998,12,,,,67.1,74.7,69.3,63.7,53.4,45.5,1998-12-01,Diciembre,1998-12,Diciembre
RF-22,Paseo de Pontones,1998,12,,,,66.5,76.6,69.6,60.2,53.1,48.4,1998-12-01,Diciembre,1998-12,Diciembre
RF-11,Ramón y Cajal,1999,1,,,,70.4,76.8,73.2,69.1,57.1,47.3,1999-01-01,Enero,1999-01,Enero
RF-14,Plaza Elíptica,1999,1,,,,67.9,76.0,70.5,64.7,57.3,49.9,1999-01-01,Enero,1999-01,Enero
RF-15,Plaza de Castilla ubicación antigua,1999,1,,,,70.1,75.9,72.9,68.9,61.8,52.1,1999-01-01,Enero,1999-01,Enero
RF-17,Villaverde,1999,1,,,,68.9,78.6,71.7,64.2,49.3,39.9,1999-01-01,Enero,1999-01,Enero
RF-22,Paseo de Pontones,1999,1,,,,68.6,79.2,72.0,60.5,52.5,47.7,1999-01-01,Enero,1999-01,Enero
RF-16,Arturo Soria,1999,1,,,,60.4,69.2,62.8,56.8,46.0,39.6,1999-01-01,Enero,1999-01,Enero
RF-02,Carlos V,1999,1,,,,68.8,76.0,71.0,67.0,61.5,55.5,1999-01-01,Enero,1999-01,Enero
RF-07,Plaza Marqués de Salamanca,1999,1,,,,67.6,76.7,69.5,63.9,52.2,42.4,1999-01-01,Enero,1999-01,Enero
RF-01,Paseo de Recoletos,1999,1,,,,69.6,75.9,73.0,67.5,59.6,53.0,1999-01-01,Enero,1999-01,Enero
RF-09,Plaza Luca de Tena,1999,1,,,,67.0,74.7,69.3,63.5,53.2,44.8,1999-01-01,Enero,1999-01,Enero
RF-21,Isaac Peral,1999,1,,,,69.2,78.6,69.5,63.1,53.4,46.1,1999-01-01,Enero,1999-01,Enero
RF-04,Plaza de España,1999,1,,,,66.5,75.2,68.6,64.7,59.5,54.1,1999-01-01,Enero,1999-01,Enero
RF-20,Avenida de Moratalaz,1999,1,,,,65.0,75.0,67.5,60.3,49.7,40.1,1999-01-01,Enero,1999-01,Enero
RF-08,Escuelas Aguirre,1999,1,,,,69.0,75.7,71.7,67.1,60.0,51.5,1999-01-01,Enero,1999-01,Enero
RF-24,Casa de Campo,1999,1,,,,51.0,57.7,53.8,49.2,45.3,42.0,1999-01-01,Enero,1999-01,Enero
RF-19,Alto de Extremadura,1999,1,,,,63.9,73.1,66.5,60.0,52.1,44.0,1999-01-01,Enero,1999-01,Enero
RF-23,Calle de Alcalá final,1999,1,,,,63.4,69.0,66.0,62.5,56.0,49.8,1999-01-01,Enero,1999-01,Enero
RF-06,Gregorio Marañón,1999,1,,,,72.7,80.3,75.8,70.2,63.5,56.0,1999-01-01,Enero,1999-01,Enero
RF-12,Manuel Becerra,1999,1,,,,67.8,79.2,67.8,63.1,55.1,48.3,1999-01-01,Enero,1999-01,Enero
RF-25,Santa Eugenia,1999,1,,,,69.0,73.9,71.7,68.7,60.7,51.7,1999-01-01,Enero,1999-01,Enero
RF-03,Plaza del Carmen,1999,1,,,,63.9,74.8,63.1,56.9,49.6,44.5,1999-01-01,Enero,1999-01,Enero
RF-18,General Ricardos ubicación antigua,1999,1,,,,71.1,78.1,73.1,68.3,62.1,56.3,1999-01-01,Enero,1999-01,Enero
RF-12,Manuel Becerra,1999,2,,,,67.4,75.2,67.5,63.2,54.8,47.4,1999-02-01,Febrero,1999-02,Febrero
RF-16,Arturo Soria,1999,2,,,,60.3,68.7,62.7,56.9,45.4,38.9,1999-02-01,Febrero,1999-02,Febrero
RF-02,Carlos V,1999,2,,,,69.1,77.2,71.1,66.9,61.0,54.5,1999-02-01,Febrero,1999-02,Febrero
RF-21,Isaac Peral,1999,2,,,,69.6,79.0,69.8,63.4,53.4,45.8,1999-02-01,Febrero,1999-02,Febrero
RF-06,Gregorio Marañón,1999,2,,,,72.7,80.4,75.8,70.2,63.2,54.9,1999-02-01,Febrero,1999-02,Febrero
RF-25,Santa Eugenia,1999,2,,,,69.1,74.0,71.6,68.5,60.6,51.4,1999-02-01,Febrero,1999-02,Febrero
RF-04,Plaza de España,1999,2,,,,66.2,74.6,68.5,64.6,58.8,52.9,1999-02-01,Febrero,1999-02,Febrero
RF-23,Calle de Alcalá final,1999,2,,,,63.4,69.5,66.1,62.5,55.7,49.4,1999-02-01,Febrero,1999-02,Febrero
RF-01,Paseo de Recoletos,1999,2,,,,69.9,77.2,72.9,68.0,60.0,52.9,1999-02-01,Febrero,1999-02,Febrero
RF-09,Plaza Luca de Tena,1999,2,,,,66.7,74.7,69.6,63.9,52.9,44.2,1999-02-01,Febrero,1999-02,Febrero
RF-18,General Ricardos ubicación antigua,1999,2,,,,72.0,80.0,73.4,68.2,61.5,54.8,1999-02-01,Febrero,1999-02,Febrero
RF-08,Escuelas Aguirre,1999,2,,,,68.9,75.5,71.5,66.9,59.5,50.1,1999-02-01,Febrero,1999-02,Febrero
RF-22,Paseo de Pontones,1999,2,,,,70.2,81.7,73.1,60.9,52.2,47.1,1999-02-01,Febrero,1999-02,Febrero
RF-19,Alto de Extremadura,1999,2,,,,63.6,72.9,66.5,59.9,51.3,42.7,1999-02-01,Febrero,1999-02,Febrero
RF-17,Villaverde,1999,2,,,,69.1,79.0,72.3,64.3,48.0,38.6,1999-02-01,Febrero,1999-02,Febrero
RF-11,Ramón y Cajal,1999,2,,,,70.5,76.9,73.1,69.1,56.5,46.5,1999-02-01,Febrero,1999-02,Febrero
RF-14,Plaza Elíptica,1999,2,,,,68.0,76.3,70.5,64.9,56.7,49.0,1999-02-01,Febrero,1999-02,Febrero
RF-07,Plaza Marqués de Salamanca,1999,2,,,,66.4,74.2,69.2,64.1,51.7,41.8,1999-02-01,Febrero,1999-02,Febrero
RF-20,Avenida de Moratalaz,1999,2,,,,64.5,73.8,67.4,60.5,49.0,40.1,1999-02-01,Febrero,1999-02,Febrero
RF-15,Plaza de Castilla ubicación antigua,1999,2,,,,70.6,76.4,73.2,69.2,61.6,51.5,1999-02-01,Febrero,1999-02,Febrero
RF-03,Plaza del Carmen,1999,2,,,,72.6,85.1,72.7,57.3,48.8,43.5,1999-02-01,Febrero,1999-02,Febrero
RF-24,Casa de Campo,1999,2,,,,50.9,57.9,53.4,48.7,44.5,41.0,1999-02-01,Febrero,1999-02,Febrero
RF-04,Plaza de España,1999,3,,,,66.2,74.4,68.4,64.5,58.7,53.1,1999-03-01,Marzo,1999-03,Marzo
RF-18,General Ricardos ubicación antigua,1999,3,,,,71.7,80.4,73.3,68.0,61.2,54.4,1999-03-01,Marzo,1999-03,Marzo
RF-25,Santa Eugenia,1999,3,,,,68.5,73.8,71.3,68.1,60.5,51.4,1999-03-01,Marzo,1999-03,Marzo
RF-15,Plaza de Castilla ubicación antigua,1999,3,,,,70.3,76.3,73.0,69.1,61.7,52.1,1999-03-01,Marzo,1999-03,Marzo
RF-11,Ramón y Cajal,1999,3,,,,70.3,76.9,72.9,68.9,56.5,46.5,1999-03-01,Marzo,1999-03,Marzo
RF-09,Plaza Luca de Tena,1999,3,,,,66.3,74.1,69.3,63.3,53.0,44.6,1999-03-01,Marzo,1999-03,Marzo
RF-02,Carlos V,1999,3,,,,68.9,77.7,71.1,66.9,61.1,54.5,1999-03-01,Marzo,1999-03,Marzo
RF-08,Escuelas Aguirre,1999,3,,,,68.5,75.4,71.3,66.8,59.6,50.2,1999-03-01,Marzo,1999-03,Marzo
RF-19,Alto de Extremadura,1999,3,,,,64.0,73.6,66.8,59.9,51.9,43.3,1999-03-01,Marzo,1999-03,Marzo
RF-22,Paseo de Pontones,1999,3,,,,67.7,77.9,71.0,60.5,52.2,47.4,1999-03-01,Marzo,1999-03,Marzo
RF-01,Paseo de Recoletos,1999,3,,,,69.8,76.5,72.7,68.1,60.1,53.3,1999-03-01,Marzo,1999-03,Marzo
RF-10,Cuatro Caminos,1999,3,,,,67.0,75.1,70.6,63.2,53.3,41.8,1999-03-01,Marzo,1999-03,Marzo
RF-16,Arturo Soria,1999,3,,,,60.3,68.6,63.1,57.2,45.8,39.2,1999-03-01,Marzo,1999-03,Marzo
RF-20,Avenida de Moratalaz,1999,3,,,,65.9,75.4,67.5,59.7,49.1,40.1,1999-03-01,Marzo,1999-03,Marzo
RF-12,Manuel Becerra,1999,3,,,,66.5,74.7,67.5,63.2,54.9,47.6,1999-03-01,Marzo,1999-03,Marzo
RF-17,Villaverde,1999,3,,,,68.9,78.6,71.7,64.3,48.9,39.8,1999-03-01,Marzo,1999-03,Marzo
RF-24,Casa de Campo,1999,3,,,,51.9,60.2,53.7,48.5,44.4,41.0,1999-03-01,Marzo,1999-03,Marzo
RF-03,Plaza del Carmen,1999,3,,,,69.6,81.6,70.8,57.0,49.3,45.6,1999-03-01,Marzo,1999-03,Marzo
RF-07,Plaza Marqués de Salamanca,1999,3,,,,66.2,74.0,68.9,63.7,51.8,41.9,1999-03-01,Marzo,1999-03,Marzo
RF-23,Calle de Alcalá final,1999,3,,,,62.7,68.6,65.5,61.9,55.5,49.0,1999-03-01,Marzo,1999-03,Marzo
RF-06,Gregorio Marañón,1999,3,,,,72.5,80.3,75.7,70.1,63.4,55.5,1999-03-01,Marzo,1999-03,Marzo
RF-21,Isaac Peral,1999,3,,,,68.6,77.4,69.4,63.0,53.3,45.7,1999-03-01,Marzo,1999-03,Marzo
RF-14,Plaza Elíptica,1999,3,,,,68.1,76.7,70.5,64.9,56.9,49.6,1999-03-01,Marzo,1999-03,Marzo
RF-02,Carlos V,1999,4,,,,68.5,76.5,70.8,66.5,60.9,54.5,1999-04-01,Abril,1999-04,Abril
RF-08,Escuelas Aguirre,1999,4,,,,68.3,75.4,71.1,66.4,59.3,50.3,1999-04-01,Abril,1999-04,Abril
RF-12,Manuel Becerra,1999,4,,,,65.8,73.4,66.9,62.5,54.2,46.9,1999-04-01,Abril,1999-04,Abril
RF-17,Villaverde,1999,4,,,,67.1,77.6,69.8,57.5,39.7,28.5,1999-04-01,Abril,1999-04,Abril
RF-11,Ramón y Cajal,1999,4,,,,69.8,76.4,72.6,68.3,56.0,46.1,1999-04-01,Abril,1999-04,Abril
RF-18,General Ricardos ubicación antigua,1999,4,,,,70.9,79.8,73.1,67.5,60.5,53.7,1999-04-01,Abril,1999-04,Abril
RF-14,Plaza Elíptica,1999,4,,,,67.8,76.6,70.5,64.7,56.5,49.2,1999-04-01,Abril,1999-04,Abril
RF-15,Plaza de Castilla ubicación antigua,1999,4,,,,69.9,76.1,72.8,68.6,61.3,52.3,1999-04-01,Abril,1999-04,Abril
RF-22,Paseo de Pontones,1999,4,,,,67.5,78.5,70.7,60.1,51.6,47.1,1999-04-01,Abril,1999-04,Abril
RF-16,Arturo Soria,1999,4,,,,60.4,68.4,62.8,56.8,45.2,38.1,1999-04-01,Abril,1999-04,Abril
RF-03,Plaza del Carmen,1999,4,,,,69.6,81.6,70.8,57.0,49.3,45.6,1999-04-01,Abril,1999-04,Abril
RF-04,Plaza de España,1999,4,,,,65.5,73.8,67.8,63.9,58.1,52.1,1999-04-01,Abril,1999-04,Abril
RF-07,Plaza Marqués de Salamanca,1999,4,,,,65.5,73.1,68.5,63.1,51.0,41.0,1999-04-01,Abril,1999-04,Abril
RF-10,Cuatro Caminos,1999,4,,,,66.5,74.8,70.0,62.6,51.3,41.2,1999-04-01,Abril,1999-04,Abril
RF-20,Avenida de Moratalaz,1999,4,,,,62.7,72.3,65.2,58.2,47.9,39.1,1999-04-01,Abril,1999-04,Abril
RF-19,Alto de Extremadura,1999,4,,,,63.0,72.9,66.0,58.9,50.5,42.8,1999-04-01,Abril,1999-04,Abril
RF-09,Plaza Luca de Tena,1999,4,,,,65.2,73.9,68.1,61.6,51.5,43.6,1999-04-01,Abril,1999-04,Abril
RF-21,Isaac Peral,1999,4,,,,68.3,76.8,69.1,62.7,52.8,45.9,1999-04-01,Abril,1999-04,Abril
RF-23,Calle de Alcalá final,1999,4,,,,62.3,68.5,65.2,61.2,54.7,47.9,1999-04-01,Abril,1999-04,Abril
RF-25,Santa Eugenia,1999,4,,,,68.1,73.7,70.9,67.5,59.9,50.7,1999-04-01,Abril,1999-04,Abril
RF-06,Gregorio Marañón,1999,4,,,,72.2,80.0,75.4,69.7,62.6,55.3,1999-04-01,Abril,1999-04,Abril
RF-01,Paseo de Recoletos,1999,4,,,,69.3,75.8,72.3,67.6,59.6,53.2,1999-04-01,Abril,1999-04,Abril
RF-24,Casa de Campo,1999,4,,,,52.1,62.0,54.0,48.4,44.1,39.9,1999-04-01,Abril,1999-04,Abril
RF-08,Escuelas Aguirre,1999,5,,,,68.4,75.6,71.2,66.6,60.0,50.5,1999-05-01,Mayo,1999-05,Mayo
RF-25,Santa Eugenia,1999,5,,,,68.5,74.2,71.2,67.9,60.4,51.1,1999-05-01,Mayo,1999-05,Mayo
RF-18,General Ricardos ubicación antigua,1999,5,,,,74.2,85.9,74.6,67.8,60.6,53.4,1999-05-01,Mayo,1999-05,Mayo
RF-24,Casa de Campo,1999,5,,,,51.7,59.8,53.3,48.4,44.3,40.8,1999-05-01,Mayo,1999-05,Mayo
RF-17,Villaverde,1999,5,,,,68.5,78.4,71.4,64.0,49.5,39.6,1999-05-01,Mayo,1999-05,Mayo
RF-16,Arturo Soria,1999,5,,,,60.0,68.6,62.8,56.8,45.5,38.0,1999-05-01,Mayo,1999-05,Mayo
RF-09,Plaza Luca de Tena,1999,5,,,,65.3,73.5,68.3,62.1,52.0,43.3,1999-05-01,Mayo,1999-05,Mayo
RF-15,Plaza de Castilla ubicación antigua,1999,5,,,,69.9,76.1,72.6,68.6,61.5,52.1,1999-05-01,Mayo,1999-05,Mayo
RF-22,Paseo de Pontones,1999,5,,,,67.2,77.6,69.7,60.4,51.3,46.0,1999-05-01,Mayo,1999-05,Mayo
RF-03,Plaza del Carmen,1999,5,,,,69.6,81.6,70.8,57.0,49.3,45.6,1999-05-01,Mayo,1999-05,Mayo
RF-21,Isaac Peral,1999,5,,,,68.6,77.3,69.3,63.1,53.3,45.4,1999-05-01,Mayo,1999-05,Mayo
RF-20,Avenida de Moratalaz,1999,5,,,,62.9,72.5,65.5,58.6,48.2,39.1,1999-05-01,Mayo,1999-05,Mayo
RF-19,Alto de Extremadura,1999,5,,,,63.1,72.7,65.9,59.1,51.3,43.3,1999-05-01,Mayo,1999-05,Mayo
RF-02,Carlos V,1999,5,,,,68.5,75.7,70.8,66.7,61.2,54.4,1999-05-01,Mayo,1999-05,Mayo
RF-10,Cuatro Caminos,1999,5,,,,66.6,74.9,69.9,62.8,51.9,41.8,1999-05-01,Mayo,1999-05,Mayo
RF-07,Plaza Marqués de Salamanca,1999,5,,,,65.5,72.7,68.3,63.3,51.6,41.1,1999-05-01,Mayo,1999-05,Mayo
RF-23,Calle de Alcalá final,1999,5,,,,61.7,67.6,64.4,60.8,54.5,47.2,1999-05-01,Mayo,1999-05,Mayo
RF-06,Gregorio Marañón,1999,5,,,,72.1,79.9,75.3,69.7,63.0,55.3,1999-05-01,Mayo,1999-05,Mayo
RF-04,Plaza de España,1999,5,,,,65.8,74.2,68.4,63.8,57.5,51.4,1999-05-01,Mayo,1999-05,Mayo
RF-12,Manuel Becerra,1999,5,,,,66.0,73.9,66.9,62.6,54.9,47.3,1999-05-01,Mayo,1999-05,Mayo
RF-11,Ramón y Cajal,1999,5,,,,69.7,76.3,72.4,68.3,56.6,46.6,1999-05-01,Mayo,1999-05,Mayo
RF-01,Paseo de Recoletos,1999,5,,,,69.2,75.9,72.2,67.6,59.7,53.1,1999-05-01,Mayo,1999-05,Mayo
RF-14,Plaza Elíptica,1999,5,,,,67.7,76.2,70.3,64.6,56.7,48.9,1999-05-01,Mayo,1999-05,Mayo
RF-02,Carlos V,1999,6,,,,68.3,75.5,70.7,66.7,61.4,54.5,1999-06-01,Junio,1999-06,Junio
RF-05,Barrio del Pilar,1999,6,,,,62.3,69.6,64.9,60.0,51.7,43.3,1999-06-01,Junio,1999-06,Junio
RF-19,Alto de Extremadura,1999,6,,,,63.9,74.0,66.5,59.0,50.6,42.4,1999-06-01,Junio,1999-06,Junio
RF-03,Plaza del Carmen,1999,6,,,,69.6,81.6,70.8,57.0,49.3,45.6,1999-06-01,Junio,1999-06,Junio
RF-09,Plaza Luca de Tena,1999,6,,,,65.5,74.1,68.4,62.3,52.6,44.0,1999-06-01,Junio,1999-06,Junio
RF-17,Villaverde,1999,6,,,,68.3,77.9,71.4,64.1,49.0,38.3,1999-06-01,Junio,1999-06,Junio
RF-20,Avenida de Moratalaz,1999,6,,,,63.2,72.6,65.5,58.6,48.0,39.3,1999-06-01,Junio,1999-06,Junio
RF-24,Casa de Campo,1999,6,,,,50.8,58.5,52.6,48.5,44.8,41.4,1999-06-01,Junio,1999-06,Junio
RF-22,Paseo de Pontones,1999,6,,,,70.5,81.9,69.3,59.6,51.1,45.6,1999-06-01,Junio,1999-06,Junio
RF-12,Manuel Becerra,1999,6,,,,66.8,73.0,66.7,62.4,54.1,47.1,1999-06-01,Junio,1999-06,Junio
RF-18,General Ricardos ubicación antigua,1999,6,,,,69.4,76.7,71.4,66.6,59.8,53.4,1999-06-01,Junio,1999-06,Junio
RF-25,Santa Eugenia,1999,6,,,,68.4,73.7,71.0,67.9,60.4,51.6,1999-06-01,Junio,1999-06,Junio
RF-06,Gregorio Marañón,1999,6,,,,72.1,80.1,75.2,69.7,63.0,55.8,1999-06-01,Junio,1999-06,Junio
RF-10,Cuatro Caminos,1999,6,,,,66.3,74.4,69.6,62.4,51.4,41.8,1999-06-01,Junio,1999-06,Junio
RF-11,Ramón y Cajal,1999,6,,,,69.7,76.5,72.4,68.4,56.8,47.3,1999-06-01,Junio,1999-06,Junio
RF-04,Plaza de España,1999,6,,,,65.3,73.6,67.5,63.7,57.8,52.0,1999-06-01,Junio,1999-06,Junio
RF-07,Plaza Marqués de Salamanca,1999,6,,,,65.5,72.9,68.4,63.4,51.9,42.0,1999-06-01,Junio,1999-06,Junio
RF-16,Arturo Soria,1999,6,,,,60.5,69.4,63.1,57.0,45.6,38.3,1999-06-01,Junio,1999-06,Junio
RF-08,Escuelas Aguirre,1999,6,,,,68.1,75.0,70.8,66.3,59.8,50.3,1999-06-01,Junio,1999-06,Junio
RF-23,Calle de Alcalá final,1999,6,,,,62.1,68.4,64.8,61.0,54.8,48.4,1999-06-01,Junio,1999-06,Junio
RF-21,Isaac Peral,1999,6,,,,68.6,77.3,69.5,63.1,53.1,46.1,1999-06-01,Junio,1999-06,Junio
RF-14,Plaza Elíptica,1999,6,,,,67.6,76.2,70.2,64.5,56.6,49.1,1999-06-01,Junio,1999-06,Junio
RF-01,Paseo de Recoletos,1999,6,,,,69.2,75.8,72.0,67.7,59.9,53.4,1999-06-01,Junio,1999-06,Junio
RF-15,Plaza de Castilla ubicación antigua,1999,6,,,,69.9,76.4,72.6,68.6,61.6,52.8,1999-06-01,Junio,1999-06,Junio
RF-14,Plaza Elíptica,1999,7,,,,67.0,75.3,69.7,63.9,57.0,50.0,1999-07-01,Julio,1999-07,Julio
RF-08,Escuelas Aguirre,1999,7,,,,67.6,74.5,70.3,65.9,59.6,51.9,1999-07-01,Julio,1999-07,Julio
RF-25,Santa Eugenia,1999,7,,,,67.5,72.8,70.3,67.0,60.2,52.0,1999-07-01,Julio,1999-07,Julio
RF-16,Arturo Soria,1999,7,,,,59.4,68.1,62.4,56.0,46.1,39.3,1999-07-01,Julio,1999-07,Julio
RF-17,Villaverde,1999,7,,,,68.1,77.8,70.8,63.3,49.7,38.2,1999-07-01,Julio,1999-07,Julio
RF-03,Plaza del Carmen,1999,7,,,,69.6,81.6,70.8,57.0,49.3,45.6,1999-07-01,Julio,1999-07,Julio
RF-21,Isaac Peral,1999,7,,,,67.7,76.3,69.1,62.5,53.2,46.9,1999-07-01,Julio,1999-07,Julio
RF-12,Manuel Becerra,1999,7,,,,66.9,71.9,66.1,61.9,54.3,47.8,1999-07-01,Julio,1999-07,Julio
RF-22,Paseo de Pontones,1999,7,,,,65.2,75.4,67.6,58.5,50.8,45.4,1999-07-01,Julio,1999-07,Julio
RF-23,Calle de Alcalá final,1999,7,,,,61.5,67.0,64.0,60.5,55.2,50.2,1999-07-01,Julio,1999-07,Julio
RF-07,Plaza Marqués de Salamanca,1999,7,,,,65.1,73.2,68.0,62.7,51.9,42.7,1999-07-01,Julio,1999-07,Julio
RF-02,Carlos V,1999,7,,,,68.0,74.8,70.2,66.4,61.5,55.1,1999-07-01,Julio,1999-07,Julio
RF-18,General Ricardos ubicación antigua,1999,7,,,,69.2,76.5,71.1,66.5,60.2,54.3,1999-07-01,Julio,1999-07,Julio
RF-06,Gregorio Marañón,1999,7,,,,71.7,79.5,74.8,69.3,63.0,56.9,1999-07-01,Julio,1999-07,Julio
RF-24,Casa de Campo,1999,7,,,,50.7,57.6,52.7,48.6,45.3,42.4,1999-07-01,Julio,1999-07,Julio
RF-04,Plaza de España,1999,7,,,,65.2,73.5,67.3,63.4,58.1,52.5,1999-07-01,Julio,1999-07,Julio
RF-10,Cuatro Caminos,1999,7,,,,65.9,75.0,68.9,60.7,51.8,43.1,1999-07-01,Julio,1999-07,Julio
RF-01,Paseo de Recoletos,1999,7,,,,69.0,75.6,71.9,67.4,59.7,54.1,1999-07-01,Julio,1999-07,Julio
RF-11,Ramón y Cajal,1999,7,,,,70.1,79.8,72.4,67.9,57.0,47.9,1999-07-01,Julio,1999-07,Julio
RF-09,Plaza Luca de Tena,1999,7,,,,64.7,72.3,67.5,61.8,53.4,45.2,1999-07-01,Julio,1999-07,Julio
RF-05,Barrio del Pilar,1999,7,,,,63.2,71.9,65.1,59.8,52.1,43.7,1999-07-01,Julio,1999-07,Julio
RF-15,Plaza de Castilla ubicación antigua,1999,7,,,,69.6,75.9,72.4,68.2,61.8,53.9,1999-07-01,Julio,1999-07,Julio
RF-20,Avenida de Moratalaz,1999,7,,,,62.6,72.8,65.1,58.2,48.3,39.4,1999-07-01,Julio,1999-07,Julio
RF-19,Alto de Extremadura,1999,7,,,,62.7,72.4,65.4,58.3,50.4,43.1,1999-07-01,Julio,1999-07,Julio
RF-12,Manuel Becerra,1999,8,,,,65.5,76.4,65.9,60.9,53.1,47.2,1999-08-01,Agosto,1999-08,Agosto
RF-20,Avenida de Moratalaz,1999,8,,,,61.5,71.1,63.9,56.7,46.6,39.4,1999-08-01,Agosto,1999-08,Agosto
RF-23,Calle de Alcalá final,1999,8,,,,60.5,66.5,63.2,59.2,54.3,50.0,1999-08-01,Agosto,1999-08,Agosto
RF-18,General Ricardos ubicación antigua,1999,8,,,,68.3,75.7,70.5,65.5,59.3,53.6,1999-08-01,Agosto,1999-08,Agosto
RF-24,Casa de Campo,1999,8,,,,50.7,58.2,52.9,48.0,44.4,41.6,1999-08-01,Agosto,1999-08,Agosto
RF-01,Paseo de Recoletos,1999,8,,,,68.4,74.9,71.7,66.4,58.3,52.9,1999-08-01,Agosto,1999-08,Agosto
RF-04,Plaza de España,1999,8,,,,64.1,71.7,66.3,62.6,57.2,51.8,1999-08-01,Agosto,1999-08,Agosto
RF-14,Plaza Elíptica,1999,8,,,,66.1,74.5,68.8,63.0,56.1,49.4,1999-08-01,Agosto,1999-08,Agosto
RF-22,Paseo de Pontones,1999,8,,,,64.1,74.6,66.4,57.1,50.1,45.3,1999-08-01,Agosto,1999-08,Agosto
RF-17,Villaverde,1999,8,,,,66.8,76.5,69.5,61.1,47.6,37.5,1999-08-01,Agosto,1999-08,Agosto
RF-15,Plaza de Castilla ubicación antigua,1999,8,,,,68.8,75.0,71.8,67.0,60.1,52.3,1999-08-01,Agosto,1999-08,Agosto
RF-09,Plaza Luca de Tena,1999,8,,,,64.4,72.4,67.3,61.5,52.4,44.7,1999-08-01,Agosto,1999-08,Agosto
RF-10,Cuatro Caminos,1999,8,,,,64.4,73.2,67.9,59.3,50.1,41.9,1999-08-01,Agosto,1999-08,Agosto
RF-08,Escuelas Aguirre,1999,8,,,,66.6,73.5,69.4,64.6,58.2,51.3,1999-08-01,Agosto,1999-08,Agosto
RF-25,Santa Eugenia,1999,8,,,,67.4,72.9,70.2,66.8,59.5,51.5,1999-08-01,Agosto,1999-08,Agosto
RF-05,Barrio del Pilar,1999,8,,,,60.9,68.9,63.7,58.6,50.7,42.3,1999-08-01,Agosto,1999-08,Agosto
RF-06,Gregorio Marañón,1999,8,,,,70.8,78.8,73.8,67.9,61.3,55.6,1999-08-01,Agosto,1999-08,Agosto
RF-11,Ramón y Cajal,1999,8,,,,68.2,76.5,71.4,65.3,54.1,46.6,1999-08-01,Agosto,1999-08,Agosto
RF-16,Arturo Soria,1999,8,,,,58.3,67.7,61.1,54.7,44.4,38.5,1999-08-01,Agosto,1999-08,Agosto
RF-03,Plaza del Carmen,1999,8,,,,69.6,81.6,70.8,57.0,49.3,45.6,1999-08-01,Agosto,1999-08,Agosto
RF-19,Alto de Extremadura,1999,8,,,,61.5,71.9,63.8,56.4,48.9,42.4,1999-08-01,Agosto,1999-08,Agosto
RF-21,Isaac Peral,1999,8,,,,65.8,75.5,67.7,60.5,51.1,45.4,1999-08-01,Agosto,1999-08,Agosto
RF-02,Carlos V,1999,8,,,,67.3,74.0,69.8,65.9,61.0,55.0,1999-08-01,Agosto,1999-08,Agosto
RF-07,Plaza Marqués de Salamanca,1999,8,,,,63.2,71.2,66.6,60.2,48.3,41.3,1999-08-01,Agosto,1999-08,Agosto
RF-11,Ramón y Cajal,1999,9,,,,69.4,77.0,71.9,67.7,56.4,47.3,1999-09-01,Septiembre,1999-09,Septiembre
RF-15,Plaza de Castilla ubicación antigua,1999,9,,,,69.8,75.9,72.6,68.5,61.7,53.1,1999-09-01,Septiembre,1999-09,Septiembre
RF-23,Calle de Alcalá final,1999,9,,,,61.8,67.6,64.3,60.8,54.9,48.3,1999-09-01,Septiembre,1999-09,Septiembre
RF-21,Isaac Peral,1999,9,,,,68.4,78.6,69.6,63.1,52.6,45.1,1999-09-01,Septiembre,1999-09,Septiembre
RF-07,Plaza Marqués de Salamanca,1999,9,,,,65.5,72.9,68.3,63.2,51.3,41.7,1999-09-01,Septiembre,1999-09,Septiembre
RF-08,Escuelas Aguirre,1999,9,,,,68.3,75.1,71.0,66.6,60.1,51.7,1999-09-01,Septiembre,1999-09,Septiembre
RF-18,General Ricardos ubicación antigua,1999,9,,,,69.5,76.6,71.7,67.2,60.2,53.6,1999-09-01,Septiembre,1999-09,Septiembre
RF-14,Plaza Elíptica,1999,9,,,,73.7,84.7,70.6,64.6,56.6,49.4,1999-09-01,Septiembre,1999-09,Septiembre
RF-10,Cuatro Caminos,1999,9,,,,66.1,74.3,69.7,62.5,51.6,42.5,1999-09-01,Septiembre,1999-09,Septiembre
RF-05,Barrio del Pilar,1999,9,,,,61.6,68.6,64.6,59.5,50.8,41.8,1999-09-01,Septiembre,1999-09,Septiembre
RF-25,Santa Eugenia,1999,9,,,,68.3,73.6,71.0,67.9,59.9,51.1,1999-09-01,Septiembre,1999-09,Septiembre
RF-06,Gregorio Marañón,1999,9,,,,72.0,79.6,75.0,69.7,62.8,56.0,1999-09-01,Septiembre,1999-09,Septiembre
RF-03,Plaza del Carmen,1999,9,,,,69.6,81.6,70.8,57.0,49.3,45.6,1999-09-01,Septiembre,1999-09,Septiembre
RF-19,Alto de Extremadura,1999,9,,,,62.7,72.4,65.5,58.4,50.2,43.0,1999-09-01,Septiembre,1999-09,Septiembre
RF-09,Plaza Luca de Tena,1999,9,,,,65.9,74.0,68.9,63.1,53.1,45.0,1999-09-01,Septiembre,1999-09,Septiembre
RF-12,Manuel Becerra,1999,9,,,,66.2,72.5,66.6,62.5,54.3,47.6,1999-09-01,Septiembre,1999-09,Septiembre
RF-02,Carlos V,1999,9,,,,68.4,75.5,70.7,66.8,61.2,55.0,1999-09-01,Septiembre,1999-09,Septiembre
RF-17,Villaverde,1999,9,,,,68.2,77.8,71.1,63.8,49.0,38.5,1999-09-01,Septiembre,1999-09,Septiembre
RF-20,Avenida de Moratalaz,1999,9,,,,62.8,72.6,65.6,58.4,47.4,38.5,1999-09-01,Septiembre,1999-09,Septiembre
RF-22,Paseo de Pontones,1999,9,,,,65.0,75.5,67.8,58.7,50.8,45.7,1999-09-01,Septiembre,1999-09,Septiembre
RF-24,Casa de Campo,1999,9,,,,50.8,58.5,53.1,48.6,45.0,41.8,1999-09-01,Septiembre,1999-09,Septiembre
RF-04,Plaza de España,1999,9,,,,65.1,73.0,67.2,63.5,57.7,52.0,1999-09-01,Septiembre,1999-09,Septiembre
RF-01,Paseo de Recoletos,1999,9,,,,69.2,75.6,72.3,67.7,59.9,53.5,1999-09-01,Septiembre,1999-09,Septiembre
RF-16,Arturo Soria,1999,9,,,,60.0,69.1,62.7,56.8,45.2,38.0,1999-09-01,Septiembre,1999-09,Septiembre
RF-02,Carlos V,1999,10,,,,69.1,76.9,71.4,67.3,61.8,55.4,1999-10-01,Octubre,1999-10,Octubre
RF-12,Manuel Becerra,1999,10,,,,65.8,73.5,66.9,62.6,55.2,48.8,1999-10-01,Octubre,1999-10,Octubre
RF-08,Escuelas Aguirre,1999,10,,,,69.2,76.1,71.9,67.3,61.0,52.2,1999-10-01,Octubre,1999-10,Octubre
RF-01,Paseo de Recoletos,1999,10,,,,69.7,76.3,72.7,68.1,60.3,54.0,1999-10-01,Octubre,1999-10,Octubre
RF-04,Plaza de España,1999,10,,,,65.8,73.9,68.0,64.2,58.5,52.9,1999-10-01,Octubre,1999-10,Octubre
RF-24,Casa de Campo,1999,10,,,,58.9,78.9,71.9,64.3,49.6,38.7,1999-10-01,Octubre,1999-10,Octubre
RF-20,Avenida de Moratalaz,1999,10,,,,63.7,73.4,66.5,59.2,48.7,39.5,1999-10-01,Octubre,1999-10,Octubre
RF-19,Alto de Extremadura,1999,10,,,,63.2,72.9,66.2,59.2,51.6,44.2,1999-10-01,Octubre,1999-10,Octubre
RF-05,Barrio del Pilar,1999,10,,,,62.2,68.7,64.4,59.6,51.7,43.1,1999-10-01,Octubre,1999-10,Octubre
RF-16,Arturo Soria,1999,10,,,,60.7,69.0,63.7,57.5,46.4,38.5,1999-10-01,Octubre,1999-10,Octubre
RF-18,General Ricardos ubicación antigua,1999,10,,,,70.2,77.5,72.4,67.7,61.1,54.6,1999-10-01,Octubre,1999-10,Octubre
RF-06,Gregorio Marañón,1999,10,,,,72.5,80.2,75.6,70.1,63.5,56.5,1999-10-01,Octubre,1999-10,Octubre
RF-03,Plaza del Carmen,1999,10,,,,69.6,81.6,70.8,57.0,49.3,45.6,1999-10-01,Octubre,1999-10,Octubre
RF-17,Villaverde,1999,10,,,,68.9,78.9,71.9,64.3,49.6,38.7,1999-10-01,Octubre,1999-10,Octubre
RF-07,Plaza Marqués de Salamanca,1999,10,,,,68.1,76.9,69.3,63.9,52.7,42.4,1999-10-01,Octubre,1999-10,Octubre
RF-23,Calle de Alcalá final,1999,10,,,,62.7,68.5,65.5,61.9,55.6,49.1,1999-10-01,Octubre,1999-10,Octubre
RF-21,Isaac Peral,1999,10,,,,68.3,76.8,69.6,63.5,54.7,46.6,1999-10-01,Octubre,1999-10,Octubre
RF-25,Santa Eugenia,1999,10,,,,69.1,58.6,50.0,58.7,50.4,41.1,1999-10-01,Octubre,1999-10,Octubre
RF-09,Plaza Luca de Tena,1999,10,,,,66.3,74.1,69.1,63.4,53.5,46.1,1999-10-01,Octubre,1999-10,Octubre
RF-14,Plaza Elíptica,1999,10,,,,68.0,76.3,70.8,65.3,57.7,50.8,1999-10-01,Octubre,1999-10,Octubre
RF-10,Cuatro Caminos,1999,10,,,,66.8,74.9,70.3,63.2,52.4,42.9,1999-10-01,Octubre,1999-10,Octubre
RF-11,Ramón y Cajal,1999,10,,,,69.8,76.5,72.5,68.3,57.0,48.0,1999-10-01,Octubre,1999-10,Octubre
RF-15,Plaza de Castilla ubicación antigua,1999,10,,,,70.3,76.4,72.9,68.9,62.6,53.5,1999-10-01,Octubre,1999-10,Octubre
RF-22,Paseo de Pontones,1999,10,,,,66.3,77.2,68.8,59.6,51.9,46.7,1999-10-01,Octubre,1999-10,Octubre
RF-10,Cuatro Caminos,1999,11,,,,67.1,75.0,70.6,63.2,51.1,42.0,1999-11-01,Noviembre,1999-11,Noviembre
RF-21,Isaac Peral,1999,11,,,,69.1,78.0,69.8,63.5,53.4,45.3,1999-11-01,Noviembre,1999-11,Noviembre
RF-07,Plaza Marqués de Salamanca,1999,11,,,,67.0,75.4,69.4,63.9,52.0,41.7,1999-11-01,Noviembre,1999-11,Noviembre
RF-23,Calle de Alcalá final,1999,11,,,,63.8,69.8,66.6,62.3,55.8,49.6,1999-11-01,Noviembre,1999-11,Noviembre
RF-16,Arturo Soria,1999,11,,,,61.5,71.3,63.8,57.2,45.2,39.5,1999-11-01,Noviembre,1999-11,Noviembre
RF-13,Vallecas,1999,11,,,,61.5,71.0,65.0,56.8,45.6,40.5,1999-11-01,Noviembre,1999-11,Noviembre
RF-01,Paseo de Recoletos,1999,11,,,,70.0,76.4,73.1,68.2,60.0,53.5,1999-11-01,Noviembre,1999-11,Noviembre
RF-18,General Ricardos ubicación antigua,1999,11,,,,70.6,77.8,72.6,68.1,60.8,54.4,1999-11-01,Noviembre,1999-11,Noviembre
RF-05,Barrio del Pilar,1999,11,,,,62.1,69.1,64.9,59.8,51.1,43.3,1999-11-01,Noviembre,1999-11,Noviembre
RF-19,Alto de Extremadura,1999,11,,,,63.3,73.0,66.3,59.3,50.4,43.2,1999-11-01,Noviembre,1999-11,Noviembre
RF-20,Avenida de Moratalaz,1999,11,,,,63.8,73.4,66.6,59.1,47.4,40.3,1999-11-01,Noviembre,1999-11,Noviembre
RF-02,Carlos V,1999,11,,,,69.3,77.6,71.6,67.4,61.4,54.0,1999-11-01,Noviembre,1999-11,Noviembre
RF-24,Casa de Campo,1999,11,,,,53.4,62.5,54.8,49.8,45.9,42.9,1999-11-01,Noviembre,1999-11,Noviembre
RF-25,Santa Eugenia,1999,11,,,,69.2,74.8,72.0,68.5,59.7,51.3,1999-11-01,Noviembre,1999-11,Noviembre
RF-22,Paseo de Pontones,1999,11,,,,66.5,77.7,69.2,59.8,52.1,46.7,1999-11-01,Noviembre,1999-11,Noviembre
RF-09,Plaza Luca de Tena,1999,11,,,,66.0,73.7,69.0,62.9,51.8,43.8,1999-11-01,Noviembre,1999-11,Noviembre
RF-11,Ramón y Cajal,1999,11,,,,70.1,76.9,72.8,68.2,56.1,46.8,1999-11-01,Noviembre,1999-11,Noviembre
RF-14,Plaza Elíptica,1999,11,,,,68.3,76.7,71.2,65.5,57.0,50.2,1999-11-01,Noviembre,1999-11,Noviembre
RF-03,Plaza del Carmen,1999,11,,,,63.3,71.8,65.6,59.1,51.0,45.2,1999-11-01,Noviembre,1999-11,Noviembre
RF-15,Plaza de Castilla ubicación antigua,1999,11,,,,70.4,76.1,73.1,68.8,61.5,52.4,1999-11-01,Noviembre,1999-11,Noviembre
RF-04,Plaza de España,1999,11,,,,66.1,73.9,68.3,64.5,58.8,52.6,1999-11-01,Noviembre,1999-11,Noviembre
RF-17,Villaverde,1999,11,,,,68.9,78.4,72.1,64.1,48.0,39.6,1999-11-01,Noviembre,1999-11,Noviembre
RF-12,Manuel Becerra,1999,11,,,,65.9,73.6,67.2,62.7,54.7,48.1,1999-11-01,Noviembre,1999-11,Noviembre
RF-06,Gregorio Marañón,1999,11,,,,72.7,80.2,75.7,70.1,63.3,56.2,1999-11-01,Noviembre,1999-11,Noviembre
RF-08,Escuelas Aguirre,1999,11,,,,69.6,76.5,72.5,67.0,60.2,51.9,1999-11-01,Noviembre,1999-11,Noviembre
RF-10,Cuatro Caminos,1999,12,,,,67.5,75.3,70.8,63.7,53.1,45.3,1999-12-01,Diciembre,1999-12,Diciembre
RF-02,Carlos V,1999,12,,,,69.7,78.2,71.7,67.6,62.2,56.8,1999-12-01,Diciembre,1999-12,Diciembre
RF-19,Alto de Extremadura,1999,12,,,,64.2,73.3,66.5,59.7,52.2,45.1,1999-12-01,Diciembre,1999-12,Diciembre
RF-20,Avenida de Moratalaz,1999,12,,,,64.0,73.4,66.6,59.3,49.7,42.3,1999-12-01,Diciembre,1999-12,Diciembre
RF-17,Villaverde,1999,12,,,,69.4,78.5,71.8,64.5,50.3,40.4,1999-12-01,Diciembre,1999-12,Diciembre
RF-05,Barrio del Pilar,1999,12,,,,61.7,68.4,64.1,59.3,51.7,44.6,1999-12-01,Diciembre,1999-12,Diciembre
RF-14,Plaza Elíptica,1999,12,,,,68.4,76.9,71.1,65.5,58.2,51.6,1999-12-01,Diciembre,1999-12,Diciembre
RF-22,Paseo de Pontones,1999,12,,,,66.0,76.2,68.8,59.5,52.5,48.1,1999-12-01,Diciembre,1999-12,Diciembre
RF-08,Escuelas Aguirre,1999,12,,,,70.5,76.9,73.2,69.1,62.6,54.6,1999-12-01,Diciembre,1999-12,Diciembre
RF-16,Arturo Soria,1999,12,,,,61.5,70.3,63.7,57.8,47.5,40.7,1999-12-01,Diciembre,1999-12,Diciembre
RF-07,Plaza Marqués de Salamanca,1999,12,,,,66.6,73.7,69.3,64.1,53.0,43.7,1999-12-01,Diciembre,1999-12,Diciembre
RF-12,Manuel Becerra,1999,12,,,,66.0,73.7,67.1,62.9,55.6,49.1,1999-12-01,Diciembre,1999-12,Diciembre
RF-18,General Ricardos ubicación antigua,1999,12,,,,70.7,77.9,72.6,67.9,61.6,55.5,1999-12-01,Diciembre,1999-12,Diciembre
RF-03,Plaza del Carmen,1999,12,,,,63.4,71.7,65.5,58.9,51.1,45.6,1999-12-01,Diciembre,1999-12,Diciembre
RF-06,Gregorio Marañón,1999,12,,,,72.7,80.2,75.7,70.5,64.1,57.7,1999-12-01,Diciembre,1999-12,Diciembre
RF-25,Santa Eugenia,1999,12,,,,69.6,75.2,72.2,69.1,60.2,51.0,1999-12-01,Diciembre,1999-12,Diciembre
RF-11,Ramón y Cajal,1999,12,,,,70.1,76.6,72.8,68.5,57.8,50.0,1999-12-01,Diciembre,1999-12,Diciembre
RF-13,Vallecas,1999,12,,,,63.2,70.6,64.8,56.6,45.9,39.1,1999-12-01,Diciembre,1999-12,Diciembre
RF-21,Isaac Peral,1999,12,,,,68.9,77.7,69.6,63.5,54.9,48.4,1999-12-01,Diciembre,1999-12,Diciembre
RF-04,Plaza de España,1999,12,,,,66.5,74.5,68.5,64.8,59.5,53.9,1999-12-01,Diciembre,1999-12,Diciembre
RF-23,Calle de Alcalá final,1999,12,,,,63.8,69.8,66.3,62.5,56.3,50.6,1999-12-01,Diciembre,1999-12,Diciembre
RF-09,Plaza Luca de Tena,1999,12,,,,67.2,73.5,68.6,63.1,53.3,45.5,1999-12-01,Diciembre,1999-12,Diciembre
RF-24,Casa de Campo,1999,12,,,,53.7,63.1,55.1,49.8,45.4,41.1,1999-12-01,Diciembre,1999-12,Diciembre
RF-01,Paseo de Recoletos,1999,12,,,,68.1,75.6,71.8,64.5,28.4,28.0,1999-12-01,Diciembre,1999-12,Diciembre
RF-15,Plaza de Castilla ubicación antigua,1999,12,,,,70.6,76.3,73.3,69.4,63.2,55.3,1999-12-01,Diciembre,1999-12,Diciembre
RF-15,Plaza de Castilla ubicación antigua,2000,1,,,,70.6,76.0,73.2,69.1,62.1,52.4,2000-01-01,Enero,2000-01,Enero
RF-11,Ramón y Cajal,2000,1,,,,69.9,76.5,72.7,68.4,57.0,48.8,2000-01-01,Enero,2000-01,Enero
RF-01,Paseo de Recoletos,2000,1,,,,69.9,76.0,73.1,67.5,58.1,28.2,2000-01-01,Enero,2000-01,Enero
RF-12,Manuel Becerra,2000,1,,,,66.7,76.7,67.1,62.6,55.1,48.0,2000-01-01,Enero,2000-01,Enero
RF-17,Villaverde,2000,1,,,,69.1,78.6,71.8,64.4,48.9,39.1,2000-01-01,Enero,2000-01,Enero
RF-14,Plaza Elíptica,2000,1,,,,68.7,76.7,71.0,65.4,57.9,50.4,2000-01-01,Enero,2000-01,Enero
RF-06,Gregorio Marañón,2000,1,,,,72.8,80.0,75.8,70.4,63.8,56.3,2000-01-01,Enero,2000-01,Enero
RF-13,Vallecas,2000,1,,,,62.3,70.7,64.6,55.9,45.2,39.5,2000-01-01,Enero,2000-01,Enero
RF-24,Casa de Campo,2000,1,,,,52.7,60.5,54.8,50.3,46.4,40.9,2000-01-01,Enero,2000-01,Enero
RF-16,Arturo Soria,2000,1,,,,61.4,69.9,64.0,58.4,47.2,40.6,2000-01-01,Enero,2000-01,Enero
RF-05,Barrio del Pilar,2000,1,,,,62.1,68.6,64.7,59.8,51.7,43.7,2000-01-01,Enero,2000-01,Enero
RF-21,Isaac Peral,2000,1,,,,69.2,78.0,69.6,63.6,54.0,45.9,2000-01-01,Enero,2000-01,Enero
RF-07,Plaza Marqués de Salamanca,2000,1,,,,66.5,73.8,69.5,64.3,52.5,43.1,2000-01-01,Enero,2000-01,Enero
RF-20,Avenida de Moratalaz,2000,1,,,,63.7,73.1,66.4,59.0,48.4,39.6,2000-01-01,Enero,2000-01,Enero
RF-18,General Ricardos ubicación antigua,2000,1,,,,70.6,77.8,72.5,67.9,61.4,54.6,2000-01-01,Enero,2000-01,Enero
RF-03,Plaza del Carmen,2000,1,,,,63.9,72.1,65.4,58.5,50.6,44.8,2000-01-01,Enero,2000-01,Enero
RF-19,Alto de Extremadura,2000,1,,,,64.1,73.3,66.2,59.3,51.7,44.0,2000-01-01,Enero,2000-01,Enero
RF-08,Escuelas Aguirre,2000,1,,,,70.3,76.8,73.0,68.9,61.8,52.2,2000-01-01,Enero,2000-01,Enero
RF-09,Plaza Luca de Tena,2000,1,,,,66.2,74.0,68.9,63.4,52.5,43.4,2000-01-01,Enero,2000-01,Enero
RF-22,Paseo de Pontones,2000,1,,,,68.8,78.4,69.1,59.6,52.3,47.5,2000-01-01,Enero,2000-01,Enero
RF-04,Plaza de España,2000,1,,,,66.9,74.6,68.2,64.8,59.5,53.2,2000-01-01,Enero,2000-01,Enero
RF-02,Carlos V,2000,1,,,,69.2,76.8,71.5,67.4,62.0,55.4,2000-01-01,Enero,2000-01,Enero
RF-23,Calle de Alcalá final,2000,1,,,,63.9,69.4,66.5,63.2,56.9,51.0,2000-01-01,Enero,2000-01,Enero
RF-25,Santa Eugenia,2000,1,,,,69.6,74.9,72.4,69.3,60.1,51.2,2000-01-01,Enero,2000-01,Enero
RF-10,Cuatro Caminos,2000,1,,,,66.9,74.9,70.5,63.1,51.8,42.8,2000-01-01,Enero,2000-01,Enero
RF-12,Manuel Becerra,2000,2,,,,66.7,76.8,67.3,62.6,54.5,47.6,2000-02-01,Febrero,2000-02,Febrero
RF-21,Isaac Peral,2000,2,,,,69.2,78.6,69.6,63.5,54.0,46.5,2000-02-01,Febrero,2000-02,Febrero
RF-16,Arturo Soria,2000,2,,,,61.0,68.9,63.4,58.0,46.6,40.2,2000-02-01,Febrero,2000-02,Febrero
RF-06,Gregorio Marañón,2000,2,,,,72.6,79.8,75.5,70.4,63.8,56.6,2000-02-01,Febrero,2000-02,Febrero
RF-09,Plaza Luca de Tena,2000,2,,,,66.4,74.5,69.3,63.8,52.5,43.8,2000-02-01,Febrero,2000-02,Febrero
RF-18,General Ricardos ubicación antigua,2000,2,,,,70.4,77.5,72.3,67.8,61.1,54.5,2000-02-01,Febrero,2000-02,Febrero
RF-15,Plaza de Castilla ubicación antigua,2000,2,,,,70.0,75.7,72.7,68.9,61.7,52.4,2000-02-01,Febrero,2000-02,Febrero
RF-25,Santa Eugenia,2000,2,,,,68.9,73.7,71.7,68.7,60.1,51.6,2000-02-01,Febrero,2000-02,Febrero
RF-08,Escuelas Aguirre,2000,2,,,,70.0,76.5,72.7,68.6,61.8,52.7,2000-02-01,Febrero,2000-02,Febrero
RF-14,Plaza Elíptica,2000,2,,,,68.2,76.2,70.8,65.2,57.6,50.5,2000-02-01,Febrero,2000-02,Febrero
RF-20,Avenida de Moratalaz,2000,2,,,,63.7,73.2,66.4,59.3,48.1,40.1,2000-02-01,Febrero,2000-02,Febrero
RF-04,Plaza de España,2000,2,,,,66.2,74.1,68.1,64.8,59.6,53.4,2000-02-01,Febrero,2000-02,Febrero
RF-19,Alto de Extremadura,2000,2,,,,63.3,73.1,66.3,59.3,51.4,44.3,2000-02-01,Febrero,2000-02,Febrero
RF-03,Plaza del Carmen,2000,2,,,,63.0,72.1,65.8,59.0,51.0,46.1,2000-02-01,Febrero,2000-02,Febrero
RF-07,Plaza Marqués de Salamanca,2000,2,,,,66.3,73.7,69.3,64.2,52.2,42.3,2000-02-01,Febrero,2000-02,Febrero
RF-23,Calle de Alcalá final,2000,2,,,,63.0,68.4,65.6,62.4,56.2,49.7,2000-02-01,Febrero,2000-02,Febrero
RF-01,Paseo de Recoletos,2000,2,,,,69.8,76.0,72.9,68.2,60.4,53.9,2000-02-01,Febrero,2000-02,Febrero
RF-22,Paseo de Pontones,2000,2,,,,69.5,80.1,69.3,59.8,52.4,47.6,2000-02-01,Febrero,2000-02,Febrero
RF-05,Barrio del Pilar,2000,2,,,,61.9,68.5,64.6,59.8,51.6,43.1,2000-02-01,Febrero,2000-02,Febrero
RF-13,Vallecas,2000,2,,,,61.3,70.4,64.2,56.3,45.6,39.8,2000-02-01,Febrero,2000-02,Febrero
RF-24,Casa de Campo,2000,2,,,,52.5,60.7,55.1,50.0,46.5,43.0,2000-02-01,Febrero,2000-02,Febrero
RF-11,Ramón y Cajal,2000,2,,,,69.6,76.1,72.4,68.2,56.6,48.1,2000-02-01,Febrero,2000-02,Febrero
RF-17,Villaverde,2000,2,,,,68.7,78.4,71.9,64.5,49.1,40.3,2000-02-01,Febrero,2000-02,Febrero
RF-10,Cuatro Caminos,2000,2,,,,66.5,74.5,69.9,63.0,52.1,43.5,2000-02-01,Febrero,2000-02,Febrero
RF-02,Carlos V,2000,2,,,,69.1,77.1,71.4,67.3,62.0,55.7,2000-02-01,Febrero,2000-02,Febrero
RF-09,Plaza Luca de Tena,2000,3,,,,66.3,73.9,69.3,63.9,52.7,43.6,2000-03-01,Marzo,2000-03,Marzo
RF-12,Manuel Becerra,2000,3,,,,65.6,72.9,66.9,62.5,54.5,47.7,2000-03-01,Marzo,2000-03,Marzo
RF-06,Gregorio Marañón,2000,3,,,,72.4,79.8,75.4,70.4,63.8,56.4,2000-03-01,Marzo,2000-03,Marzo
RF-08,Escuelas Aguirre,2000,3,,,,69.7,76.3,72.4,68.1,61.4,52.0,2000-03-01,Marzo,2000-03,Marzo
RF-11,Ramón y Cajal,2000,3,,,,69.6,76.2,72.3,68.2,56.7,48.0,2000-03-01,Marzo,2000-03,Marzo
RF-04,Plaza de España,2000,3,,,,65.9,73.9,67.8,64.3,59.1,53.1,2000-03-01,Marzo,2000-03,Marzo
RF-03,Plaza del Carmen,2000,3,,,,62.4,71.1,65.2,58.7,51.2,45.6,2000-03-01,Marzo,2000-03,Marzo
RF-21,Isaac Peral,2000,3,,,,71.2,79.6,74.9,63.7,53.9,46.0,2000-03-01,Marzo,2000-03,Marzo
RF-17,Villaverde,2000,3,,,,69.1,79.2,72.0,64.2,48.5,38.1,2000-03-01,Marzo,2000-03,Marzo
RF-25,Santa Eugenia,2000,3,,,,70.5,80.3,72.2,68.7,60.4,51.9,2000-03-01,Marzo,2000-03,Marzo
RF-23,Calle de Alcalá final,2000,3,,,,63.1,68.9,65.7,62.5,56.1,49.7,2000-03-01,Marzo,2000-03,Marzo
RF-02,Carlos V,2000,3,,,,68.8,76.2,71.1,67.1,61.6,55.0,2000-03-01,Marzo,2000-03,Marzo
RF-19,Alto de Extremadura,2000,3,,,,63.2,72.8,66.2,59.1,50.9,43.2,2000-03-01,Marzo,2000-03,Marzo
RF-22,Paseo de Pontones,2000,3,,,,66.6,77.6,68.4,59.4,52.1,47.1,2000-03-01,Marzo,2000-03,Marzo
RF-01,Paseo de Recoletos,2000,3,,,,69.7,76.2,72.8,68.1,60.4,53.9,2000-03-01,Marzo,2000-03,Marzo
RF-20,Avenida de Moratalaz,2000,3,,,,63.6,73.2,66.3,59.2,47.4,38.9,2000-03-01,Marzo,2000-03,Marzo
RF-05,Barrio del Pilar,2000,3,,,,61.8,68.6,64.5,59.6,51.2,43.3,2000-03-01,Marzo,2000-03,Marzo
RF-14,Plaza Elíptica,2000,3,,,,67.9,75.9,70.7,65.1,57.4,50.2,2000-03-01,Marzo,2000-03,Marzo
RF-13,Vallecas,2000,3,,,,60.9,70.4,64.3,56.3,45.4,39.4,2000-03-01,Marzo,2000-03,Marzo
RF-07,Plaza Marqués de Salamanca,2000,3,,,,66.6,74.3,69.5,64.2,52.5,43.2,2000-03-01,Marzo,2000-03,Marzo
RF-24,Casa de Campo,2000,3,,,,51.9,61.5,54.3,49.2,45.3,42.0,2000-03-01,Marzo,2000-03,Marzo
RF-16,Arturo Soria,2000,3,,,,61.2,69.9,64.0,58.1,46.1,39.3,2000-03-01,Marzo,2000-03,Marzo
RF-15,Plaza de Castilla ubicación antigua,2000,3,,,,70.0,75.8,72.7,68.8,61.8,52.7,2000-03-01,Marzo,2000-03,Marzo
RF-18,General Ricardos ubicación antigua,2000,3,,,,70.2,77.3,72.4,67.8,61.0,54.3,2000-03-01,Marzo,2000-03,Marzo
RF-10,Cuatro Caminos,2000,3,,,,66.5,74.6,69.9,62.9,52.1,42.7,2000-03-01,Marzo,2000-03,Marzo
RF-08,Escuelas Aguirre,2000,4,,,,69.9,76.4,72.7,68.5,62.1,54.0,2000-04-01,Abril,2000-04,Abril
RF-22,Paseo de Pontones,2000,4,,,,65.7,76.0,68.1,59.0,52.0,47.4,2000-04-01,Abril,2000-04,Abril
RF-17,Villaverde,2000,4,,,,68.7,78.5,71.5,63.8,49.9,40.1,2000-04-01,Abril,2000-04,Abril
RF-15,Plaza de Castilla ubicación antigua,2000,4,,,,70.2,75.8,72.9,68.9,62.2,53.8,2000-04-01,Abril,2000-04,Abril
RF-19,Alto de Extremadura,2000,4,,,,63.5,73.0,66.5,59.5,51.8,44.7,2000-04-01,Abril,2000-04,Abril
RF-04,Plaza de España,2000,4,,,,65.7,73.5,67.8,64.3,59.0,53.2,2000-04-01,Abril,2000-04,Abril
RF-11,Ramón y Cajal,2000,4,,,,69.5,75.9,72.4,67.9,56.6,47.9,2000-04-01,Abril,2000-04,Abril
RF-02,Carlos V,2000,4,,,,68.8,75.8,71.2,67.1,61.8,55.6,2000-04-01,Abril,2000-04,Abril
RF-01,Paseo de Recoletos,2000,4,,,,69.9,76.7,73.1,68.0,60.4,54.2,2000-04-01,Abril,2000-04,Abril
RF-20,Avenida de Moratalaz,2000,4,,,,65.1,74.4,67.0,59.6,48.6,40.9,2000-04-01,Abril,2000-04,Abril
RF-07,Plaza Marqués de Salamanca,2000,4,,,,66.4,74.7,69.2,63.6,52.1,42.5,2000-04-01,Abril,2000-04,Abril
RF-05,Barrio del Pilar,2000,4,,,,62.4,70.2,64.7,59.3,50.5,41.8,2000-04-01,Abril,2000-04,Abril
RF-10,Cuatro Caminos,2000,4,,,,66.3,74.3,69.7,62.5,52.6,45.1,2000-04-01,Abril,2000-04,Abril
RF-24,Casa de Campo,2000,4,,,,53.5,63.6,55.5,49.4,45.0,41.4,2000-04-01,Abril,2000-04,Abril
RF-03,Plaza del Carmen,2000,4,,,,62.5,71.0,65.0,58.6,51.7,46.6,2000-04-01,Abril,2000-04,Abril
RF-14,Plaza Elíptica,2000,4,,,,67.8,75.8,70.7,64.9,57.5,50.9,2000-04-01,Abril,2000-04,Abril
RF-16,Arturo Soria,2000,4,,,,62.0,69.5,64.2,58.4,46.7,39.6,2000-04-01,Abril,2000-04,Abril
RF-18,General Ricardos ubicación antigua,2000,4,,,,70.2,77.3,72.5,67.6,60.9,54.2,2000-04-01,Abril,2000-04,Abril
RF-23,Calle de Alcalá final,2000,4,,,,62.6,68.5,65.4,61.6,55.2,48.6,2000-04-01,Abril,2000-04,Abril
RF-25,Santa Eugenia,2000,4,,,,69.5,75.0,72.5,69.0,60.8,51.5,2000-04-01,Abril,2000-04,Abril
RF-12,Manuel Becerra,2000,4,,,,65.6,72.7,67.2,62.7,54.9,48.1,2000-04-01,Abril,2000-04,Abril
RF-09,Plaza Luca de Tena,2000,4,,,,66.2,73.7,69.2,63.6,53.2,44.6,2000-04-01,Abril,2000-04,Abril
RF-21,Isaac Peral,2000,4,,,,68.7,77.1,70.5,63.0,54.1,46.7,2000-04-01,Abril,2000-04,Abril
RF-06,Gregorio Marañón,2000,4,,,,72.5,79.7,75.4,70.1,63.5,56.5,2000-04-01,Abril,2000-04,Abril
RF-13,Vallecas,2000,4,,,,61.0,70.2,64.2,55.7,44.4,38.3,2000-04-01,Abril,2000-04,Abril
RF-07,Plaza Marqués de Salamanca,2000,5,,,,65.8,74.0,68.2,63.1,51.3,42.9,2000-05-01,Mayo,2000-05,Mayo
RF-23,Calle de Alcalá final,2000,5,,,,62.5,68.4,65.1,60.8,55.3,49.1,2000-05-01,Mayo,2000-05,Mayo
RF-11,Ramón y Cajal,2000,5,,,,69.3,76.0,71.9,66.9,55.6,47.0,2000-05-01,Mayo,2000-05,Mayo
RF-14,Plaza Elíptica,2000,5,,,,67.6,75.7,70.2,64.6,57.0,50.7,2000-05-01,Mayo,2000-05,Mayo
RF-21,Isaac Peral,2000,5,,,,68.0,76.4,68.9,62.4,52.4,45.1,2000-05-01,Mayo,2000-05,Mayo
RF-20,Avenida de Moratalaz,2000,5,,,,63.7,73.3,66.3,58.4,46.5,38.1,2000-05-01,Mayo,2000-05,Mayo
RF-15,Plaza de Castilla ubicación antigua,2000,5,,,,69.9,76.3,72.6,67.9,61.5,53.6,2000-05-01,Mayo,2000-05,Mayo
RF-09,Plaza Luca de Tena,2000,5,,,,66.4,74.9,69.4,63.1,51.9,43.0,2000-05-01,Mayo,2000-05,Mayo
RF-04,Plaza de España,2000,5,,,,65.8,74.3,67.7,63.2,57.9,52.5,2000-05-01,Mayo,2000-05,Mayo
RF-24,Casa de Campo,2000,5,,,,52.6,61.9,55.3,47.8,44.4,41.2,2000-05-01,Mayo,2000-05,Mayo
RF-01,Paseo de Recoletos,2000,5,,,,69.6,76.6,72.4,67.5,59.5,53.4,2000-05-01,Mayo,2000-05,Mayo
RF-19,Alto de Extremadura,2000,5,,,,63.3,72.8,66.4,58.9,50.5,43.1,2000-05-01,Mayo,2000-05,Mayo
RF-13,Vallecas,2000,5,,,,61.2,71.0,64.4,56.0,43.8,37.6,2000-05-01,Mayo,2000-05,Mayo
RF-02,Carlos V,2000,5,,,,68.9,76.4,70.8,66.0,61.2,55.2,2000-05-01,Mayo,2000-05,Mayo
RF-17,Villaverde,2000,5,,,,68.1,77.7,71.3,63.4,49.1,38.5,2000-05-01,Mayo,2000-05,Mayo
RF-10,Cuatro Caminos,2000,5,,,,65.9,74.0,69.3,61.8,51.5,42.4,2000-05-01,Mayo,2000-05,Mayo
RF-05,Barrio del Pilar,2000,5,,,,63.4,73.1,65.0,59.3,50.3,42.1,2000-05-01,Mayo,2000-05,Mayo
RF-16,Arturo Soria,2000,5,,,,60.8,68.7,63.3,57.7,45.4,38.6,2000-05-01,Mayo,2000-05,Mayo
RF-18,General Ricardos ubicación antigua,2000,5,,,,70.2,77.8,72.3,66.8,60.7,54.5,2000-05-01,Mayo,2000-05,Mayo
RF-25,Santa Eugenia,2000,5,,,,69.0,74.4,71.8,67.5,60.2,52.2,2000-05-01,Mayo,2000-05,Mayo
RF-22,Paseo de Pontones,2000,5,,,,66.6,75.6,67.7,59.0,50.9,45.7,2000-05-01,Mayo,2000-05,Mayo
RF-08,Escuelas Aguirre,2000,5,,,,69.5,76.5,72.1,67.8,60.7,52.1,2000-05-01,Mayo,2000-05,Mayo
RF-03,Plaza del Carmen,2000,5,,,,62.4,71.1,65.0,58.6,52.1,47.0,2000-05-01,Mayo,2000-05,Mayo
RF-12,Manuel Becerra,2000,5,,,,65.5,73.4,66.8,61.7,53.9,47.2,2000-05-01,Mayo,2000-05,Mayo
RF-06,Gregorio Marañón,2000,5,,,,72.2,79.8,75.0,69.6,62.6,56.0,2000-05-01,Mayo,2000-05,Mayo
RF-05,Barrio del Pilar,2000,6,,,,63.0,70.5,65.6,60.6,51.5,42.8,2000-06-01,Junio,2000-06,Junio
RF-15,Plaza de Castilla ubicación antigua,2000,6,,,,69.5,75.5,72.0,68.3,62.1,53.9,2000-06-01,Junio,2000-06,Junio
RF-14,Plaza Elíptica,2000,6,,,,67.5,75.5,70.2,64.6,57.7,51.0,2000-06-01,Junio,2000-06,Junio
RF-04,Plaza de España,2000,6,,,,65.2,73.1,67.2,63.7,58.1,52.9,2000-06-01,Junio,2000-06,Junio
RF-24,Casa de Campo,2000,6,,,,53.2,61.8,54.8,48.8,44.9,41.8,2000-06-01,Junio,2000-06,Junio
RF-03,Plaza del Carmen,2000,6,,,,62.4,70.9,65.1,59.5,53.0,47.9,2000-06-01,Junio,2000-06,Junio
RF-01,Paseo de Recoletos,2000,6,,,,69.2,75.5,72.1,67.7,60.1,53.7,2000-06-01,Junio,2000-06,Junio
RF-18,General Ricardos ubicación antigua,2000,6,,,,70.0,77.3,72.1,67.5,60.9,54.4,2000-06-01,Junio,2000-06,Junio
RF-19,Alto de Extremadura,2000,6,,,,63.2,72.7,66.4,59.3,51.1,42.9,2000-06-01,Junio,2000-06,Junio
RF-11,Ramón y Cajal,2000,6,,,,69.1,75.8,71.7,67.7,56.5,47.4,2000-06-01,Junio,2000-06,Junio
RF-23,Calle de Alcalá final,2000,6,,,,62.1,67.9,64.7,61.2,55.4,49.2,2000-06-01,Junio,2000-06,Junio
RF-07,Plaza Marqués de Salamanca,2000,6,,,,65.2,72.2,67.9,63.2,52.1,42.8,2000-06-01,Junio,2000-06,Junio
RF-12,Manuel Becerra,2000,6,,,,65.4,72.7,66.5,62.3,54.6,47.4,2000-06-01,Junio,2000-06,Junio
RF-20,Avenida de Moratalaz,2000,6,,,,63.0,72.6,65.8,58.8,47.5,38.5,2000-06-01,Junio,2000-06,Junio
RF-25,Santa Eugenia,2000,6,,,,68.4,73.2,70.9,68.0,61.1,52.7,2000-06-01,Junio,2000-06,Junio
RF-06,Gregorio Marañón,2000,6,,,,71.7,79.0,74.6,69.7,63.3,56.1,2000-06-01,Junio,2000-06,Junio
RF-17,Villaverde,2000,6,,,,68.1,77.6,71.1,63.9,50.1,39.8,2000-06-01,Junio,2000-06,Junio
RF-22,Paseo de Pontones,2000,6,,,,64.9,75.1,67.1,58.7,51.3,45.9,2000-06-01,Junio,2000-06,Junio
RF-10,Cuatro Caminos,2000,6,,,,65.8,73.8,69.1,62.2,52.2,43.2,2000-06-01,Junio,2000-06,Junio
RF-16,Arturo Soria,2000,6,,,,61.2,69.7,63.8,58.2,47.0,40.0,2000-06-01,Junio,2000-06,Junio
RF-08,Escuelas Aguirre,2000,6,,,,69.2,75.9,71.8,67.5,61.2,52.7,2000-06-01,Junio,2000-06,Junio
RF-02,Carlos V,2000,6,,,,68.2,75.2,70.5,66.5,61.4,54.8,2000-06-01,Junio,2000-06,Junio
RF-13,Vallecas,2000,6,,,,61.6,71.3,64.6,56.6,46.7,39.1,2000-06-01,Junio,2000-06,Junio
RF-09,Plaza Luca de Tena,2000,6,,,,66.3,74.6,69.1,63.6,53.4,44.8,2000-06-01,Junio,2000-06,Junio
RF-21,Isaac Peral,2000,6,,,,68.0,76.6,68.8,62.9,52.9,45.0,2000-06-01,Junio,2000-06,Junio
RF-01,Paseo de Recoletos,2000,7,,,,68.9,74.8,71.9,67.1,59.5,54.1,2000-07-01,Julio,2000-07,Julio
RF-20,Avenida de Moratalaz,2000,7,,,,62.5,72.3,65.4,58.0,47.6,39.6,2000-07-01,Julio,2000-07,Julio
RF-16,Arturo Soria,2000,7,,,,63.6,72.9,64.1,57.6,46.3,40.0,2000-07-01,Julio,2000-07,Julio
RF-18,General Ricardos ubicación antigua,2000,7,,,,69.5,76.7,71.6,67.2,60.7,55.0,2000-07-01,Julio,2000-07,Julio
RF-23,Calle de Alcalá final,2000,7,,,,61.7,67.4,64.2,60.3,55.1,49.9,2000-07-01,Julio,2000-07,Julio
RF-17,Villaverde,2000,7,,,,67.2,76.9,70.2,62.2,48.0,38.6,2000-07-01,Julio,2000-07,Julio
RF-05,Barrio del Pilar,2000,7,,,,61.6,68.7,64.4,58.4,51.0,42.7,2000-07-01,Julio,2000-07,Julio
RF-10,Cuatro Caminos,2000,7,,,,65.2,75.7,68.9,60.6,51.0,43.4,2000-07-01,Julio,2000-07,Julio
RF-12,Manuel Becerra,2000,7,,,,65.4,72.0,66.3,61.3,54.0,48.2,2000-07-01,Julio,2000-07,Julio
RF-11,Ramón y Cajal,2000,7,,,,68.5,75.3,71.4,66.4,55.8,47.5,2000-07-01,Julio,2000-07,Julio
RF-15,Plaza de Castilla ubicación antigua,2000,7,,,,69.1,74.9,71.7,66.8,61.7,53.8,2000-07-01,Julio,2000-07,Julio
RF-25,Santa Eugenia,2000,7,,,,68.4,73.1,70.9,67.3,61.1,53.4,2000-07-01,Julio,2000-07,Julio
RF-24,Casa de Campo,2000,7,,,,52.0,60.8,54.7,47.8,44.5,41.3,2000-07-01,Julio,2000-07,Julio
RF-03,Plaza del Carmen,2000,7,,,,62.3,70.7,64.9,59.0,51.5,46.5,2000-07-01,Julio,2000-07,Julio
RF-13,Vallecas,2000,7,,,,61.0,71.0,63.8,55.6,46.1,39.7,2000-07-01,Julio,2000-07,Julio
RF-21,Isaac Peral,2000,7,,,,67.2,75.5,68.3,62.0,52.3,45.7,2000-07-01,Julio,2000-07,Julio
RF-14,Plaza Elíptica,2000,7,,,,67.1,75.1,69.9,64.1,57.5,51.5,2000-07-01,Julio,2000-07,Julio
RF-19,Alto de Extremadura,2000,7,,,,62.4,72.1,65.5,58.0,50.1,43.6,2000-07-01,Julio,2000-07,Julio
RF-06,Gregorio Marañón,2000,7,,,,71.4,78.7,74.3,69.2,62.8,56.7,2000-07-01,Julio,2000-07,Julio
RF-08,Escuelas Aguirre,2000,7,,,,68.8,75.5,71.6,67.2,60.4,53.3,2000-07-01,Julio,2000-07,Julio
RF-22,Paseo de Pontones,2000,7,,,,64.1,74.2,66.7,58.0,50.8,46.2,2000-07-01,Julio,2000-07,Julio
RF-07,Plaza Marqués de Salamanca,2000,7,,,,64.6,71.9,67.5,62.3,51.3,42.8,2000-07-01,Julio,2000-07,Julio
RF-04,Plaza de España,2000,7,,,,64.9,72.7,66.8,63.0,58.4,53.7,2000-07-01,Julio,2000-07,Julio
RF-02,Carlos V,2000,7,,,,67.8,74.6,70.2,66.4,61.2,55.4,2000-07-01,Julio,2000-07,Julio
RF-09,Plaza Luca de Tena,2000,7,,,,65.5,73.3,68.4,62.7,53.5,45.5,2000-07-01,Julio,2000-07,Julio
RF-07,Plaza Marqués de Salamanca,2000,8,,,,64.0,71.4,66.7,60.4,48.4,41.1,2000-08-01,Agosto,2000-08,Agosto
RF-19,Alto de Extremadura,2000,8,,,,61.2,71.4,64.0,56.7,49.0,41.9,2000-08-01,Agosto,2000-08,Agosto
RF-17,Villaverde,2000,8,,,,66.4,76.3,69.4,61.0,47.7,39.9,2000-08-01,Agosto,2000-08,Agosto
RF-06,Gregorio Marañón,2000,8,,,,70.3,77.8,73.5,68.0,61.4,55.3,2000-08-01,Agosto,2000-08,Agosto
RF-15,Plaza de Castilla ubicación antigua,2000,8,,,,68.4,74.7,71.5,66.8,60.3,52.7,2000-08-01,Agosto,2000-08,Agosto
RF-13,Vallecas,2000,8,,,,59.9,69.6,63.1,54.9,45.9,39.4,2000-08-01,Agosto,2000-08,Agosto
RF-20,Avenida de Moratalaz,2000,8,,,,61.5,71.4,64.1,56.7,46.4,38.2,2000-08-01,Agosto,2000-08,Agosto
RF-03,Plaza del Carmen,2000,8,,,,60.9,69.4,63.7,57.5,50.5,45.2,2000-08-01,Agosto,2000-08,Agosto
RF-11,Ramón y Cajal,2000,8,,,,67.5,74.3,70.7,64.8,53.6,45.5,2000-08-01,Agosto,2000-08,Agosto
RF-02,Carlos V,2000,8,,,,67.2,73.9,69.7,65.5,60.8,55.4,2000-08-01,Agosto,2000-08,Agosto
RF-01,Paseo de Recoletos,2000,8,,,,68.4,74.6,71.7,66.3,58.3,52.9,2000-08-01,Agosto,2000-08,Agosto
RF-23,Calle de Alcalá final,2000,8,,,,61.2,67.0,63.9,59.7,55.0,50.4,2000-08-01,Agosto,2000-08,Agosto
RF-16,Arturo Soria,2000,8,,,,61.4,69.6,63.6,56.7,45.2,39.1,2000-08-01,Agosto,2000-08,Agosto
RF-21,Isaac Peral,2000,8,,,,65.3,73.8,67.3,60.2,50.5,44.8,2000-08-01,Agosto,2000-08,Agosto
RF-04,Plaza de España,2000,8,,,,64.1,71.8,66.1,62.4,57.0,51.9,2000-08-01,Agosto,2000-08,Agosto
RF-24,Casa de Campo,2000,8,,,,51.2,60.2,53.8,48.4,44.5,42.1,2000-08-01,Agosto,2000-08,Agosto
RF-25,Santa Eugenia,2000,8,,,,68.0,72.9,70.8,67.3,60.4,52.9,2000-08-01,Agosto,2000-08,Agosto
RF-08,Escuelas Aguirre,2000,8,,,,68.0,74.7,70.8,66.0,57.7,40.3,2000-08-01,Agosto,2000-08,Agosto
RF-14,Plaza Elíptica,2000,8,,,,66.5,74.8,69.5,63.4,56.9,50.8,2000-08-01,Agosto,2000-08,Agosto
RF-10,Cuatro Caminos,2000,8,,,,63.7,72.4,67.1,59.2,50.1,42.5,2000-08-01,Agosto,2000-08,Agosto
RF-18,General Ricardos ubicación antigua,2000,8,,,,68.7,75.9,71.1,66.1,59.9,54.3,2000-08-01,Agosto,2000-08,Agosto
RF-22,Paseo de Pontones,2000,8,,,,63.3,73.7,65.7,57.1,50.6,46.2,2000-08-01,Agosto,2000-08,Agosto
RF-12,Manuel Becerra,2000,8,,,,63.9,70.3,65.5,60.7,53.4,48.1,2000-08-01,Agosto,2000-08,Agosto
RF-05,Barrio del Pilar,2000,8,,,,60.9,68.0,63.9,58.8,50.5,42.2,2000-08-01,Agosto,2000-08,Agosto
RF-09,Plaza Luca de Tena,2000,8,,,,64.7,72.2,67.8,61.8,51.4,44.4,2000-08-01,Agosto,2000-08,Agosto
RF-08,Escuelas Aguirre,2000,9,,,,69.0,75.5,71.8,67.5,61.1,52.6,2000-09-01,Septiembre,2000-09,Septiembre
RF-22,Paseo de Pontones,2000,9,,,,64.3,74.5,67.0,58.3,51.6,46.8,2000-09-01,Septiembre,2000-09,Septiembre
RF-12,Manuel Becerra,2000,9,,,,65.9,72.2,66.4,62.1,54.6,48.4,2000-09-01,Septiembre,2000-09,Septiembre
RF-17,Villaverde,2000,9,,,,67.5,77.3,70.6,63.5,49.7,40.0,2000-09-01,Septiembre,2000-09,Septiembre
RF-25,Santa Eugenia,2000,9,,,,68.7,74.4,71.5,68.3,61.1,53.1,2000-09-01,Septiembre,2000-09,Septiembre
RF-01,Paseo de Recoletos,2000,9,,,,69.1,75.4,72.1,67.4,59.6,53.5,2000-09-01,Septiembre,2000-09,Septiembre
RF-16,Arturo Soria,2000,9,,,,62.2,70.7,64.2,58.5,47.2,40.1,2000-09-01,Septiembre,2000-09,Septiembre
RF-20,Avenida de Moratalaz,2000,9,,,,62.9,72.5,65.7,58.4,48.0,39.3,2000-09-01,Septiembre,2000-09,Septiembre
RF-18,General Ricardos ubicación antigua,2000,9,,,,69.7,76.9,71.9,67.4,61.0,54.7,2000-09-01,Septiembre,2000-09,Septiembre
RF-10,Cuatro Caminos,2000,9,,,,65.4,73.3,68.7,61.6,51.7,43.1,2000-09-01,Septiembre,2000-09,Septiembre
RF-05,Barrio del Pilar,2000,9,,,,61.9,68.9,64.6,59.4,51.1,42.8,2000-09-01,Septiembre,2000-09,Septiembre
RF-02,Carlos V,2000,9,,,,68.2,75.4,70.6,66.6,61.7,55.9,2000-09-01,Septiembre,2000-09,Septiembre
RF-13,Vallecas,2000,9,,,,61.4,71.2,64.6,56.4,46.5,39.3,2000-09-01,Septiembre,2000-09,Septiembre
RF-03,Plaza del Carmen,2000,9,,,,62.4,71.3,64.9,58.9,51.5,46.4,2000-09-01,Septiembre,2000-09,Septiembre
RF-06,Gregorio Marañón,2000,9,,,,71.5,78.9,74.6,69.3,62.8,56.0,2000-09-01,Septiembre,2000-09,Septiembre
RF-19,Alto de Extremadura,2000,9,,,,62.2,71.8,65.0,58.2,50.7,43.1,2000-09-01,Septiembre,2000-09,Septiembre
RF-14,Plaza Elíptica,2000,9,,,,67.3,75.5,70.2,64.5,57.7,51.3,2000-09-01,Septiembre,2000-09,Septiembre
RF-11,Ramón y Cajal,2000,9,,,,69.0,75.8,71.8,67.4,56.2,46.5,2000-09-01,Septiembre,2000-09,Septiembre
RF-23,Calle de Alcalá final,2000,9,,,,62.1,67.6,64.6,61.1,55.5,49.8,2000-09-01,Septiembre,2000-09,Septiembre
RF-07,Plaza Marqués de Salamanca,2000,9,,,,64.8,72.0,67.9,62.8,51.8,43.0,2000-09-01,Septiembre,2000-09,Septiembre
RF-09,Plaza Luca de Tena,2000,9,,,,66.3,74.8,69.3,63.5,52.9,45.5,2000-09-01,Septiembre,2000-09,Septiembre
RF-21,Isaac Peral,2000,9,,,,67.8,76.0,68.5,62.4,52.7,45.7,2000-09-01,Septiembre,2000-09,Septiembre
RF-04,Plaza de España,2000,9,,,,64.9,72.8,66.9,63.3,57.9,52.4,2000-09-01,Septiembre,2000-09,Septiembre
RF-15,Plaza de Castilla ubicación antigua,2000,9,,,,69.2,75.3,71.8,67.9,61.7,52.9,2000-09-01,Septiembre,2000-09,Septiembre
RF-24,Casa de Campo,2000,9,,,,51.3,59.4,53.9,48.7,45.5,42.6,2000-09-01,Septiembre,2000-09,Septiembre
RF-25,Santa Eugenia,2000,10,,,,69.5,84.4,72.1,69.0,59.5,28.4,2000-10-01,Octubre,2000-10,Octubre
RF-10,Cuatro Caminos,2000,10,,,,66.1,74.0,69.4,62.4,51.9,42.7,2000-10-01,Octubre,2000-10,Octubre
RF-04,Plaza de España,2000,10,,,,67.1,78.5,68.0,63.6,57.9,51.8,2000-10-01,Octubre,2000-10,Octubre
RF-20,Avenida de Moratalaz,2000,10,,,,64.2,72.9,66.2,59.0,48.5,40.1,2000-10-01,Octubre,2000-10,Octubre
RF-17,Villaverde,2000,10,,,,68.3,77.9,71.2,64.2,50.3,40.8,2000-10-01,Octubre,2000-10,Octubre
RF-16,Arturo Soria,2000,10,,,,61.4,69.6,64.0,58.8,47.4,39.6,2000-10-01,Octubre,2000-10,Octubre
RF-23,Calle de Alcalá final,2000,10,,,,62.8,68.0,65.5,62.2,56.1,49.7,2000-10-01,Octubre,2000-10,Octubre
RF-21,Isaac Peral,2000,10,,,,68.5,77.0,69.0,63.1,53.7,45.6,2000-10-01,Octubre,2000-10,Octubre
RF-05,Barrio del Pilar,2000,10,,,,66.4,79.4,65.1,59.6,51.1,42.8,2000-10-01,Octubre,2000-10,Octubre
RF-13,Vallecas,2000,10,,,,61.3,70.5,64.4,56.6,46.6,40.2,2000-10-01,Octubre,2000-10,Octubre
RF-06,Gregorio Marañón,2000,10,,,,72.1,79.5,75.0,69.7,63.1,55.7,2000-10-01,Octubre,2000-10,Octubre
RF-11,Ramón y Cajal,2000,10,,,,69.5,75.8,72.1,68.1,56.6,46.6,2000-10-01,Octubre,2000-10,Octubre
RF-24,Casa de Campo,2000,10,,,,51.4,59.5,53.5,48.6,45.2,42.1,2000-10-01,Octubre,2000-10,Octubre
RF-18,General Ricardos ubicación antigua,2000,10,,,,70.2,77.4,72.3,67.7,61.3,54.4,2000-10-01,Octubre,2000-10,Octubre
RF-15,Plaza de Castilla ubicación antigua,2000,10,,,,69.7,75.7,72.4,68.5,62.0,52.7,2000-10-01,Octubre,2000-10,Octubre
RF-08,Escuelas Aguirre,2000,10,,,,69.5,76.0,72.3,68.2,61.8,52.6,2000-10-01,Octubre,2000-10,Octubre
RF-02,Carlos V,2000,10,,,,68.9,76.2,71.1,67.1,62.0,55.7,2000-10-01,Octubre,2000-10,Octubre
RF-09,Plaza Luca de Tena,2000,10,,,,66.5,74.0,69.2,63.8,53.1,45.9,2000-10-01,Octubre,2000-10,Octubre
RF-22,Paseo de Pontones,2000,10,,,,64.8,74.9,67.6,59.1,52.1,47.3,2000-10-01,Octubre,2000-10,Octubre
RF-19,Alto de Extremadura,2000,10,,,,67.2,80.0,66.9,59.0,51.4,43.2,2000-10-01,Octubre,2000-10,Octubre
RF-12,Manuel Becerra,2000,10,,,,66.5,74.2,66.8,62.5,55.2,49.1,2000-10-01,Octubre,2000-10,Octubre
RF-03,Plaza del Carmen,2000,10,,,,62.3,71.0,64.9,58.8,51.3,45.5,2000-10-01,Octubre,2000-10,Octubre
RF-14,Plaza Elíptica,2000,10,,,,70.1,79.2,72.6,66.3,58.3,47.0,2000-10-01,Octubre,2000-10,Octubre
RF-01,Paseo de Recoletos,2000,10,,,,69.6,76.2,72.5,67.6,59.9,53.4,2000-10-01,Octubre,2000-10,Octubre
RF-07,Plaza Marqués de Salamanca,2000,10,,,,65.6,72.7,68.4,63.6,52.8,42.7,2000-10-01,Octubre,2000-10,Octubre
RF-06,Gregorio Marañón,2000,11,,,,72.8,80.2,75.8,70.4,63.7,56.1,2000-11-01,Noviembre,2000-11,Noviembre
RF-21,Isaac Peral,2000,11,,,,69.4,78.3,69.8,63.7,54.5,46.8,2000-11-01,Noviembre,2000-11,Noviembre
RF-12,Manuel Becerra,2000,11,,,,66.7,74.4,67.5,63.1,55.8,49.2,2000-11-01,Noviembre,2000-11,Noviembre
RF-08,Escuelas Aguirre,2000,11,,,,70.3,76.9,73.1,69.0,62.7,53.3,2000-11-01,Noviembre,2000-11,Noviembre
RF-16,Arturo Soria,2000,11,,,,62.4,69.8,65.0,59.8,48.7,41.1,2000-11-01,Noviembre,2000-11,Noviembre
RF-03,Plaza del Carmen,2000,11,,,,62.6,71.3,65.5,58.8,51.3,45.3,2000-11-01,Noviembre,2000-11,Noviembre
RF-04,Plaza de España,2000,11,,,,66.3,75.7,68.2,64.3,58.6,52.7,2000-11-01,Noviembre,2000-11,Noviembre
RF-22,Paseo de Pontones,2000,11,,,,65.4,75.7,68.3,59.7,52.6,48.1,2000-11-01,Noviembre,2000-11,Noviembre
RF-09,Plaza Luca de Tena,2000,11,,,,66.8,74.8,69.7,64.2,53.6,45.3,2000-11-01,Noviembre,2000-11,Noviembre
RF-14,Plaza Elíptica,2000,11,,,,69.1,76.8,71.6,66.2,58.5,51.5,2000-11-01,Noviembre,2000-11,Noviembre
RF-25,Santa Eugenia,2000,11,,,,70.3,75.9,73.5,69.9,57.0,38.9,2000-11-01,Noviembre,2000-11,Noviembre
RF-13,Vallecas,2000,11,,,,61.4,69.8,64.2,56.4,45.7,40.7,2000-11-01,Noviembre,2000-11,Noviembre
RF-05,Barrio del Pilar,2000,11,,,,61.0,68.1,63.6,58.8,51.0,44.1,2000-11-01,Noviembre,2000-11,Noviembre
RF-02,Carlos V,2000,11,,,,69.5,76.6,71.7,67.5,62.2,56.1,2000-11-01,Noviembre,2000-11,Noviembre
RF-18,General Ricardos ubicación antigua,2000,11,,,,70.6,77.8,72.9,68.1,61.6,54.5,2000-11-01,Noviembre,2000-11,Noviembre
RF-20,Avenida de Moratalaz,2000,11,,,,64.0,73.4,67.0,59.8,49.1,41.4,2000-11-01,Noviembre,2000-11,Noviembre
RF-19,Alto de Extremadura,2000,11,,,,63.3,72.8,66.2,59.7,52.4,45.2,2000-11-01,Noviembre,2000-11,Noviembre
RF-24,Casa de Campo,2000,11,,,,52.1,60.4,53.1,49.3,45.8,42.5,2000-11-01,Noviembre,2000-11,Noviembre
RF-23,Calle de Alcalá final,2000,11,,,,63.2,68.6,65.9,62.5,55.9,48.9,2000-11-01,Noviembre,2000-11,Noviembre
RF-15,Plaza de Castilla ubicación antigua,2000,11,,,,70.3,76.0,72.9,69.1,62.5,53.3,2000-11-01,Noviembre,2000-11,Noviembre
RF-10,Cuatro Caminos,2000,11,,,,66.7,74.6,70.2,63.1,52.8,45.1,2000-11-01,Noviembre,2000-11,Noviembre
RF-07,Plaza Marqués de Salamanca,2000,11,,,,66.3,73.5,69.0,64.2,53.3,43.5,2000-11-01,Noviembre,2000-11,Noviembre
RF-01,Paseo de Recoletos,2000,11,,,,70.2,76.7,73.4,68.4,60.8,54.4,2000-11-01,Noviembre,2000-11,Noviembre
RF-11,Ramón y Cajal,2000,11,,,,70.1,76.5,72.9,68.9,57.4,47.5,2000-11-01,Noviembre,2000-11,Noviembre
RF-17,Villaverde,2000,11,,,,69.0,78.1,71.8,64.7,51.1,42.1,2000-11-01,Noviembre,2000-11,Noviembre
RF-15,Plaza de Castilla ubicación antigua,2000,12,,,,69.2,75.3,71.8,67.9,61.7,52.9,2000-12-01,Diciembre,2000-12,Diciembre
RF-22,Paseo de Pontones,2000,12,,,,64.3,74.5,67.0,58.3,51.6,46.8,2000-12-01,Diciembre,2000-12,Diciembre
RF-18,General Ricardos ubicación antigua,2000,12,,,,69.7,76.9,71.9,67.4,61.0,54.7,2000-12-01,Diciembre,2000-12,Diciembre
RF-06,Gregorio Marañón,2000,12,,,,71.5,78.9,74.6,69.3,62.8,56.0,2000-12-01,Diciembre,2000-12,Diciembre
RF-25,Santa Eugenia,2000,12,,,,68.7,74.4,71.5,68.3,61.1,53.1,2000-12-01,Diciembre,2000-12,Diciembre
RF-19,Alto de Extremadura,2000,12,,,,62.2,71.8,65.0,58.2,50.7,43.1,2000-12-01,Diciembre,2000-12,Diciembre
RF-09,Plaza Luca de Tena,2000,12,,,,66.3,74.8,69.3,63.5,52.9,45.5,2000-12-01,Diciembre,2000-12,Diciembre
RF-13,Vallecas,2000,12,,,,61.4,71.2,64.6,56.4,46.5,39.3,2000-12-01,Diciembre,2000-12,Diciembre
RF-01,Paseo de Recoletos,2000,12,,,,69.1,75.4,72.1,67.4,59.6,53.5,2000-12-01,Diciembre,2000-12,Diciembre
RF-08,Escuelas Aguirre,2000,12,,,,69.0,75.5,71.8,67.5,61.1,52.6,2000-12-01,Diciembre,2000-12,Diciembre
RF-07,Plaza Marqués de Salamanca,2000,12,,,,64.8,72.0,67.9,62.8,51.8,43.0,2000-12-01,Diciembre,2000-12,Diciembre
RF-14,Plaza Elíptica,2000,12,,,,67.3,75.5,70.2,64.5,57.7,51.3,2000-12-01,Diciembre,2000-12,Diciembre
RF-10,Cuatro Caminos,2000,12,,,,65.4,73.3,68.7,61.6,51.7,43.1,2000-12-01,Diciembre,2000-12,Diciembre
RF-11,Ramón y Cajal,2000,12,,,,68.9,75.8,71.8,67.4,56.2,46.5,2000-12-01,Diciembre,2000-12,Diciembre
RF-12,Manuel Becerra,2000,12,,,,65.9,72.2,66.4,62.1,54.6,48.4,2000-12-01,Diciembre,2000-12,Diciembre
RF-17,Villaverde,2000,12,,,,67.5,77.3,70.6,63.5,49.7,40.0,2000-12-01,Diciembre,2000-12,Diciembre
RF-16,Arturo Soria,2000,12,,,,62.2,70.7,64.2,58.5,47.2,40.1,2000-12-01,Diciembre,2000-12,Diciembre
RF-20,Avenida de Moratalaz,2000,12,,,,62.9,72.5,65.7,58.4,48.0,39.3,2000-12-01,Diciembre,2000-12,Diciembre
RF-23,Calle de Alcalá final,2000,12,,,,62.1,67.6,64.6,61.1,55.5,49.8,2000-12-01,Diciembre,2000-12,Diciembre
RF-04,Plaza de España,2000,12,,,,64.9,72.8,66.9,63.3,57.9,52.4,2000-12-01,Diciembre,2000-12,Diciembre
RF-05,Barrio del Pilar,2000,12,,,,61.9,68.9,64.6,59.4,51.1,42.8,2000-12-01,Diciembre,2000-12,Diciembre
RF-21,Isaac Peral,2000,12,,,,67.8,76.0,68.5,62.4,52.7,45.7,2000-12-01,Diciembre,2000-12,Diciembre
RF-24,Casa de Campo,2000,12,,,,51.3,59.4,53.9,48.7,45.5,42.6,2000-12-01,Diciembre,2000-12,Diciembre
RF-03,Plaza del Carmen,2000,12,,,,62.4,71.3,64.9,58.9,51.5,46.4,2000-12-01,Diciembre,2000-12,Diciembre
RF-02,Carlos V,2000,12,,,,68.2,75.4,70.6,66.6,61.7,55.9,2000-12-01,Diciembre,2000-12,Diciembre
RF-22,Paseo de Pontones,2001,1,,,,65.7,75.7,68.6,59.9,52.7,47.9,2001-01-01,Enero,2001-01,Enero
RF-10,Cuatro Caminos,2001,1,,,,67.7,74.9,70.6,63.5,52.7,44.8,2001-01-01,Enero,2001-01,Enero
RF-15,Plaza de Castilla ubicación antigua,2001,1,,,,70.6,76.3,73.4,69.4,62.2,52.4,2001-01-01,Enero,2001-01,Enero
RF-16,Arturo Soria,2001,1,,,,62.8,70.0,65.8,60.8,48.8,39.8,2001-01-01,Enero,2001-01,Enero
RF-18,General Ricardos ubicación antigua,2001,1,,,,70.8,78.2,73.1,68.3,61.8,54.8,2001-01-01,Enero,2001-01,Enero
RF-05,Barrio del Pilar,2001,1,,,,63.0,69.9,65.8,60.2,51.0,42.4,2001-01-01,Enero,2001-01,Enero
RF-20,Avenida de Moratalaz,2001,1,,,,65.2,74.9,67.9,60.5,50.2,40.2,2001-01-01,Enero,2001-01,Enero
RF-02,Carlos V,2001,1,,,,69.5,77.0,71.9,67.6,62.2,56.0,2001-01-01,Enero,2001-01,Enero
RF-01,Paseo de Recoletos,2001,1,,,,70.1,76.3,73.4,67.8,60.3,53.9,2001-01-01,Enero,2001-01,Enero
RF-19,Alto de Extremadura,2001,1,,,,64.5,72.9,66.5,60.3,52.8,45.2,2001-01-01,Enero,2001-01,Enero
RF-11,Ramón y Cajal,2001,1,,,,70.3,76.4,73.1,69.1,57.2,47.9,2001-01-01,Enero,2001-01,Enero
RF-24,Casa de Campo,2001,1,,,,52.0,60.3,53.8,50.2,46.1,42.4,2001-01-01,Enero,2001-01,Enero
RF-04,Plaza de España,2001,1,,,,66.2,74.0,68.1,64.8,59.1,53.1,2001-01-01,Enero,2001-01,Enero
RF-09,Plaza Luca de Tena,2001,1,,,,67.2,74.0,69.6,64.2,53.8,45.5,2001-01-01,Enero,2001-01,Enero
RF-25,Santa Eugenia,2001,1,,,,71.1,76.1,74.0,70.9,62.5,53.9,2001-01-01,Enero,2001-01,Enero
RF-06,Gregorio Marañón,2001,1,,,,72.7,79.8,75.9,70.3,63.5,55.9,2001-01-01,Enero,2001-01,Enero
RF-12,Manuel Becerra,2001,1,,,,66.5,75.1,67.6,63.3,55.9,49.1,2001-01-01,Enero,2001-01,Enero
RF-23,Calle de Alcalá final,2001,1,,,,63.9,69.2,66.5,63.2,56.4,48.9,2001-01-01,Enero,2001-01,Enero
RF-08,Escuelas Aguirre,2001,1,,,,70.6,77.1,73.4,69.3,62.6,53.1,2001-01-01,Enero,2001-01,Enero
RF-07,Plaza Marqués de Salamanca,2001,1,,,,67.5,75.3,70.5,64.7,52.9,42.7,2001-01-01,Enero,2001-01,Enero
RF-03,Plaza del Carmen,2001,1,,,,63.3,71.9,65.5,58.8,51.1,44.8,2001-01-01,Enero,2001-01,Enero
RF-17,Villaverde,2001,1,,,,69.2,78.6,72.1,64.9,51.0,41.4,2001-01-01,Enero,2001-01,Enero
RF-21,Isaac Peral,2001,1,,,,69.2,78.2,69.7,63.8,53.8,46.1,2001-01-01,Enero,2001-01,Enero
RF-14,Plaza Elíptica,2001,1,,,,68.8,76.8,71.5,65.9,58.4,51.0,2001-01-01,Enero,2001-01,Enero
RF-13,Vallecas,2001,1,,,,62.8,69.6,64.2,56.3,45.2,39.4,2001-01-01,Enero,2001-01,Enero
RF-04,Plaza de España,2001,2,,,,66.0,73.9,67.9,64.7,59.0,53.0,2001-02-01,Febrero,2001-02,Febrero
RF-02,Carlos V,2001,2,,,,68.9,76.2,71.4,67.2,62.1,55.9,2001-02-01,Febrero,2001-02,Febrero
RF-25,Santa Eugenia,2001,2,,,,70.4,75.4,73.1,70.2,62.4,54.2,2001-02-01,Febrero,2001-02,Febrero
RF-08,Escuelas Aguirre,2001,2,,,,70.0,76.6,72.8,68.6,62.2,52.6,2001-02-01,Febrero,2001-02,Febrero
RF-23,Calle de Alcalá final,2001,2,,,,64.9,69.2,66.5,63.1,56.7,49.9,2001-02-01,Febrero,2001-02,Febrero
RF-06,Gregorio Marañón,2001,2,,,,72.3,79.5,75.4,70.0,63.4,55.7,2001-02-01,Febrero,2001-02,Febrero
RF-19,Alto de Extremadura,2001,2,,,,63.1,72.3,65.8,59.5,52.5,45.3,2001-02-01,Febrero,2001-02,Febrero
RF-16,Arturo Soria,2001,2,,,,62.8,70.1,64.9,59.8,48.0,40.4,2001-02-01,Febrero,2001-02,Febrero
RF-21,Isaac Peral,2001,2,,,,69.2,78.6,69.4,63.5,53.9,46.2,2001-02-01,Febrero,2001-02,Febrero
RF-07,Plaza Marqués de Salamanca,2001,2,,,,70.6,79.1,70.8,64.3,52.7,43.0,2001-02-01,Febrero,2001-02,Febrero
RF-12,Manuel Becerra,2001,2,,,,65.9,73.9,67.0,62.9,55.2,48.3,2001-02-01,Febrero,2001-02,Febrero
RF-14,Plaza Elíptica,2001,2,,,,68.4,76.5,71.0,65.6,58.1,50.9,2001-02-01,Febrero,2001-02,Febrero
RF-24,Casa de Campo,2001,2,,,,52.5,60.6,54.7,50.1,46.4,43.1,2001-02-01,Febrero,2001-02,Febrero
RF-05,Barrio del Pilar,2001,2,,,,62.5,69.6,65.6,60.3,51.7,43.2,2001-02-01,Febrero,2001-02,Febrero
RF-17,Villaverde,2001,2,,,,68.4,77.9,71.5,64.5,50.3,41.1,2001-02-01,Febrero,2001-02,Febrero
RF-20,Avenida de Moratalaz,2001,2,,,,64.9,74.6,67.2,60.0,48.8,41.4,2001-02-01,Febrero,2001-02,Febrero
RF-18,General Ricardos ubicación antigua,2001,2,,,,70.6,77.8,72.7,68.1,61.8,55.1,2001-02-01,Febrero,2001-02,Febrero
RF-13,Vallecas,2001,2,,,,60.4,69.4,63.9,56.2,45.5,40.7,2001-02-01,Febrero,2001-02,Febrero
RF-01,Paseo de Recoletos,2001,2,,,,69.9,76.0,73.1,68.2,60.4,54.1,2001-02-01,Febrero,2001-02,Febrero
RF-11,Ramón y Cajal,2001,2,,,,69.9,76.2,72.6,68.6,56.8,47.3,2001-02-01,Febrero,2001-02,Febrero
RF-09,Plaza Luca de Tena,2001,2,,,,67.4,77.4,69.6,64.2,53.5,45.2,2001-02-01,Febrero,2001-02,Febrero
RF-10,Cuatro Caminos,2001,2,,,,66.6,74.4,70.0,63.1,52.6,45.4,2001-02-01,Febrero,2001-02,Febrero
RF-03,Plaza del Carmen,2001,2,,,,62.6,71.3,65.2,58.8,51.3,44.5,2001-02-01,Febrero,2001-02,Febrero
RF-15,Plaza de Castilla ubicación antigua,2001,2,,,,70.1,75.7,72.8,69.0,62.0,52.4,2001-02-01,Febrero,2001-02,Febrero
RF-22,Paseo de Pontones,2001,2,,,,66.0,75.7,68.0,59.5,52.7,48.3,2001-02-01,Febrero,2001-02,Febrero
RF-14,Plaza Elíptica,2001,3,,,,68.1,76.0,70.9,65.5,58.2,51.3,2001-03-01,Marzo,2001-03,Marzo
RF-01,Paseo de Recoletos,2001,3,,,,70.0,76.3,73.0,68.3,60.9,54.4,2001-03-01,Marzo,2001-03,Marzo
RF-07,Plaza Marqués de Salamanca,2001,3,,,,75.1,87.7,73.2,64.3,52.3,40.4,2001-03-01,Marzo,2001-03,Marzo
RF-16,Arturo Soria,2001,3,,,,66.1,72.6,65.6,60.3,48.3,39.4,2001-03-01,Marzo,2001-03,Marzo
RF-18,General Ricardos ubicación antigua,2001,3,,,,70.6,77.8,72.7,68.1,61.8,55.1,2001-03-01,Marzo,2001-03,Marzo
RF-04,Plaza de España,2001,3,,,,66.0,74.2,67.9,64.5,58.8,52.7,2001-03-01,Marzo,2001-03,Marzo
RF-15,Plaza de Castilla ubicación antigua,2001,3,,,,70.2,75.8,72.9,69.2,62.2,52.8,2001-03-01,Marzo,2001-03,Marzo
RF-12,Manuel Becerra,2001,3,,,,65.8,73.0,66.9,63.0,55.4,48.1,2001-03-01,Marzo,2001-03,Marzo
RF-20,Avenida de Moratalaz,2001,3,,,,66.5,73.7,67.0,60.2,50.3,42.0,2001-03-01,Marzo,2001-03,Marzo
RF-11,Ramón y Cajal,2001,3,,,,69.9,76.3,72.6,68.6,57.2,46.8,2001-03-01,Marzo,2001-03,Marzo
RF-03,Plaza del Carmen,2001,3,,,,62.8,71.4,65.3,58.9,51.9,44.9,2001-03-01,Marzo,2001-03,Marzo
RF-22,Paseo de Pontones,2001,3,,,,65.9,76.5,68.1,59.4,52.3,47.3,2001-03-01,Marzo,2001-03,Marzo
RF-02,Carlos V,2001,3,,,,69.1,75.9,71.5,67.4,62.2,56.2,2001-03-01,Marzo,2001-03,Marzo
RF-13,Vallecas,2001,3,,,,60.6,69.8,64.0,56.4,45.4,40.3,2001-03-01,Marzo,2001-03,Marzo
RF-05,Barrio del Pilar,2001,3,,,,62.3,69.2,65.4,60.0,51.0,42.1,2001-03-01,Marzo,2001-03,Marzo
RF-09,Plaza Luca de Tena,2001,3,,,,66.7,74.3,69.5,64.3,54.2,45.4,2001-03-01,Marzo,2001-03,Marzo
RF-10,Cuatro Caminos,2001,3,,,,66.7,74.5,70.0,63.3,53.5,46.5,2001-03-01,Marzo,2001-03,Marzo
RF-08,Escuelas Aguirre,2001,3,,,,70.0,76.8,72.7,68.7,62.5,53.9,2001-03-01,Marzo,2001-03,Marzo
RF-25,Santa Eugenia,2001,3,,,,70.6,75.6,73.4,70.3,62.6,54.5,2001-03-01,Marzo,2001-03,Marzo
RF-21,Isaac Peral,2001,3,,,,69.7,78.8,69.5,63.6,54.0,45.8,2001-03-01,Marzo,2001-03,Marzo
RF-23,Calle de Alcalá final,2001,3,,,,63.0,68.5,65.6,62.2,55.6,48.7,2001-03-01,Marzo,2001-03,Marzo
RF-17,Villaverde,2001,3,,,,68.5,77.9,71.6,64.6,51.0,41.3,2001-03-01,Marzo,2001-03,Marzo
RF-06,Gregorio Marañón,2001,3,,,,72.3,79.5,75.4,70.1,63.4,55.7,2001-03-01,Marzo,2001-03,Marzo
RF-24,Casa de Campo,2001,3,,,,53.1,62.2,55.4,49.7,46.1,42.6,2001-03-01,Marzo,2001-03,Marzo
RF-19,Alto de Extremadura,2001,3,,,,63.2,72.1,65.9,60.0,53.1,45.4,2001-03-01,Marzo,2001-03,Marzo
RF-11,Ramón y Cajal,2001,4,,,,69.0,75.6,71.8,67.4,55.8,46.6,2001-04-01,Abril,2001-04,Abril
RF-19,Alto de Extremadura,2001,4,,,,62.3,71.8,65.1,58.6,51.5,44.4,2001-04-01,Abril,2001-04,Abril
RF-15,Plaza de Castilla ubicación antigua,2001,4,,,,69.4,75.3,72.2,68.2,61.1,52.3,2001-04-01,Abril,2001-04,Abril
RF-05,Barrio del Pilar,2001,4,,,,61.6,68.6,64.7,59.3,50.7,42.3,2001-04-01,Abril,2001-04,Abril
RF-04,Plaza de España,2001,4,,,,65.1,72.8,67.0,63.4,57.9,52.2,2001-04-01,Abril,2001-04,Abril
RF-18,General Ricardos ubicación antigua,2001,4,,,,56.0,65.8,58.1,51.0,42.3,36.1,2001-04-01,Abril,2001-04,Abril
RF-17,Villaverde,2001,4,,,,69.3,,,,,,2001-04-01,Abril,2001-04,Abril
RF-24,Casa de Campo,2001,4,,,,52.0,60.5,54.2,48.8,45.4,42.2,2001-04-01,Abril,2001-04,Abril
RF-07,Plaza Marqués de Salamanca,2001,4,,,,65.8,73.0,68.2,62.8,51.2,41.3,2001-04-01,Abril,2001-04,Abril
RF-01,Paseo de Recoletos,2001,4,,,,69.3,75.7,72.5,67.4,59.3,53.1,2001-04-01,Abril,2001-04,Abril
RF-23,Calle de Alcalá final,2001,4,,,,62.6,68.2,65.4,61.8,55.9,49.2,2001-04-01,Abril,2001-04,Abril
RF-13,Vallecas,2001,4,,,,60.2,69.5,63.3,55.4,44.9,39.4,2001-04-01,Abril,2001-04,Abril
RF-08,Escuelas Aguirre,2001,4,,,,68.8,75.3,71.6,67.4,60.8,51.6,2001-04-01,Abril,2001-04,Abril
RF-21,Isaac Peral,2001,4,,,,68.8,77.6,68.8,62.4,52.3,44.3,2001-04-01,Abril,2001-04,Abril
RF-10,Cuatro Caminos,2001,4,,,,65.5,73.7,69.0,61.6,51.4,44.4,2001-04-01,Abril,2001-04,Abril
RF-25,Santa Eugenia,2001,4,,,,69.0,73.9,71.8,68.6,61.5,53.7,2001-04-01,Abril,2001-04,Abril
RF-22,Paseo de Pontones,2001,4,,,,64.2,74.6,67.1,58.5,51.8,47.3,2001-04-01,Abril,2001-04,Abril
RF-06,Gregorio Marañón,2001,4,,,,71.5,78.9,74.7,68.9,62.3,55.6,2001-04-01,Abril,2001-04,Abril
RF-02,Carlos V,2001,4,,,,68.0,75.1,70.6,66.3,61.2,55.3,2001-04-01,Abril,2001-04,Abril
RF-14,Plaza Elíptica,2001,4,,,,67.4,75.5,70.3,64.6,57.6,50.8,2001-04-01,Abril,2001-04,Abril
RF-03,Plaza del Carmen,2001,4,,,,63.7,73.6,65.3,58.6,51.4,45.3,2001-04-01,Abril,2001-04,Abril
RF-16,Arturo Soria,2001,4,,,,61.4,69.7,63.9,58.5,46.7,39.4,2001-04-01,Abril,2001-04,Abril
RF-20,Avenida de Moratalaz,2001,4,,,,63.2,72.7,66.0,58.7,48.3,40.0,2001-04-01,Abril,2001-04,Abril
RF-12,Manuel Becerra,2001,4,,,,64.9,72.0,66.3,61.9,54.0,47.2,2001-04-01,Abril,2001-04,Abril
RF-09,Plaza Luca de Tena,2001,4,,,,66.4,74.8,69.4,63.7,53.0,44.2,2001-04-01,Abril,2001-04,Abril
RF-01,Paseo de Recoletos,2001,5,,,,69.4,75.8,72.5,67.6,59.5,53.0,2001-05-01,Mayo,2001-05,Mayo
RF-14,Plaza Elíptica,2001,5,,,,67.8,75.8,70.5,65.0,58.0,51.1,2001-05-01,Mayo,2001-05,Mayo
RF-24,Casa de Campo,2001,5,,,,52.6,60.6,54.0,49.0,45.6,42.6,2001-05-01,Mayo,2001-05,Mayo
RF-23,Calle de Alcalá final,2001,5,,,,62.7,68.5,65.4,61.9,55.8,48.7,2001-05-01,Mayo,2001-05,Mayo
RF-07,Plaza Marqués de Salamanca,2001,5,,,,65.3,72.6,68.1,63.1,52.0,41.8,2001-05-01,Mayo,2001-05,Mayo
RF-16,Arturo Soria,2001,5,,,,61.2,68.6,63.9,58.9,47.3,39.5,2001-05-01,Mayo,2001-05,Mayo
RF-12,Manuel Becerra,2001,5,,,,64.7,71.8,66.3,62.2,54.7,47.7,2001-05-01,Mayo,2001-05,Mayo
RF-15,Plaza de Castilla ubicación antigua,2001,5,,,,69.5,75.6,72.2,68.2,61.6,53.0,2001-05-01,Mayo,2001-05,Mayo
RF-25,Santa Eugenia,2001,5,,,,69.5,74.5,72.3,69.1,61.9,53.7,2001-05-01,Mayo,2001-05,Mayo
RF-18,General Ricardos ubicación antigua,2001,5,,,,57.6,66.7,59.2,51.8,41.3,33.4,2001-05-01,Mayo,2001-05,Mayo
RF-21,Isaac Peral,2001,5,,,,68.7,77.5,69.0,62.8,53.0,44.4,2001-05-01,Mayo,2001-05,Mayo
RF-22,Paseo de Pontones,2001,5,,,,64.6,75.0,67.4,59.1,52.0,46.7,2001-05-01,Mayo,2001-05,Mayo
RF-04,Plaza de España,2001,5,,,,67.7,73.1,67.1,63.4,57.8,51.7,2001-05-01,Mayo,2001-05,Mayo
RF-08,Escuelas Aguirre,2001,5,,,,69.2,75.8,71.8,67.6,61.4,51.9,2001-05-01,Mayo,2001-05,Mayo
RF-20,Avenida de Moratalaz,2001,5,,,,63.6,73.1,66.3,59.0,47.9,38.4,2001-05-01,Mayo,2001-05,Mayo
RF-09,Plaza Luca de Tena,2001,5,,,,66.3,74.3,69.2,63.8,53.8,44.5,2001-05-01,Mayo,2001-05,Mayo
RF-06,Gregorio Marañón,2001,5,,,,71.6,78.9,74.7,69.1,62.7,55.8,2001-05-01,Mayo,2001-05,Mayo
RF-03,Plaza del Carmen,2001,5,,,,62.5,71.1,65.1,59.2,52.4,46.7,2001-05-01,Mayo,2001-05,Mayo
RF-10,Cuatro Caminos,2001,5,,,,65.7,74.0,69.2,61.9,51.8,43.0,2001-05-01,Mayo,2001-05,Mayo
RF-05,Barrio del Pilar,2001,5,,,,62.1,69.5,64.9,59.7,51.0,42.2,2001-05-01,Mayo,2001-05,Mayo
RF-02,Carlos V,2001,5,,,,68.5,75.8,70.8,66.7,61.6,56.1,2001-05-01,Mayo,2001-05,Mayo
RF-13,Vallecas,2001,5,,,,60.8,70.4,63.9,55.8,45.7,38.8,2001-05-01,Mayo,2001-05,Mayo
RF-19,Alto de Extremadura,2001,5,,,,63.4,72.0,65.4,59.0,51.7,43.6,2001-05-01,Mayo,2001-05,Mayo
RF-11,Ramón y Cajal,2001,5,,,,69.4,76.1,72.0,68.0,56.7,46.3,2001-05-01,Mayo,2001-05,Mayo
RF-19,Alto de Extremadura,2001,6,,,,62.0,71.3,64.7,58.4,51.8,43.8,2001-06-01,Junio,2001-06,Junio
RF-13,Vallecas,2001,6,,,,60.3,69.3,63.1,56.0,49.1,41.2,2001-06-01,Junio,2001-06,Junio
RF-09,Plaza Luca de Tena,2001,6,,,,66.3,74.0,69.2,64.1,54.1,44.7,2001-06-01,Junio,2001-06,Junio
RF-08,Escuelas Aguirre,2001,6,,,,69.8,79.0,72.5,67.1,60.8,52.0,2001-06-01,Junio,2001-06,Junio
RF-10,Cuatro Caminos,2001,6,,,,65.3,73.2,68.5,61.6,51.9,43.1,2001-06-01,Junio,2001-06,Junio
RF-14,Plaza Elíptica,2001,6,,,,67.6,75.5,70.1,64.7,58.2,51.5,2001-06-01,Junio,2001-06,Junio
RF-25,Santa Eugenia,2001,6,,,,67.9,72.8,70.7,67.5,61.6,54.3,2001-06-01,Junio,2001-06,Junio
RF-06,Gregorio Marañón,2001,6,,,,71.3,78.8,74.4,68.9,62.6,56.0,2001-06-01,Junio,2001-06,Junio
RF-01,Paseo de Recoletos,2001,6,,,,69.0,75.3,71.9,67.5,59.7,53.5,2001-06-01,Junio,2001-06,Junio
RF-20,Avenida de Moratalaz,2001,6,,,,63.1,72.5,65.9,59.0,48.8,39.6,2001-06-01,Junio,2001-06,Junio
RF-21,Isaac Peral,2001,6,,,,67.9,76.6,68.6,62.3,52.8,44.9,2001-06-01,Junio,2001-06,Junio
RF-04,Plaza de España,2001,6,,,,64.8,72.5,66.9,63.3,58.0,52.0,2001-06-01,Junio,2001-06,Junio
RF-11,Ramón y Cajal,2001,6,,,,69.4,76.6,71.8,67.8,56.9,46.5,2001-06-01,Junio,2001-06,Junio
RF-02,Carlos V,2001,6,,,,68.0,75.0,70.3,66.3,61.6,56.0,2001-06-01,Junio,2001-06,Junio
RF-22,Paseo de Pontones,2001,6,,,,68.9,78.0,69.3,59.3,52.2,47.1,2001-06-01,Junio,2001-06,Junio
RF-05,Barrio del Pilar,2001,6,,,,61.8,68.9,64.6,59.6,51.4,42.7,2001-06-01,Junio,2001-06,Junio
RF-18,General Ricardos ubicación antigua,2001,6,,,,55.8,65.9,57.9,50.7,41.3,34.8,2001-06-01,Junio,2001-06,Junio
RF-03,Plaza del Carmen,2001,6,,,,62.3,70.6,64.9,59.2,53.0,47.2,2001-06-01,Junio,2001-06,Junio
RF-07,Plaza Marqués de Salamanca,2001,6,,,,64.8,72.1,67.6,62.9,52.0,42.7,2001-06-01,Junio,2001-06,Junio
RF-16,Arturo Soria,2001,6,,,,60.4,67.9,63.0,58.3,47.9,41.0,2001-06-01,Junio,2001-06,Junio
RF-24,Casa de Campo,2001,6,,,,53.0,60.7,53.4,48.7,45.5,42.8,2001-06-01,Junio,2001-06,Junio
RF-12,Manuel Becerra,2001,6,,,,65.8,71.9,65.8,62.0,54.6,47.8,2001-06-01,Junio,2001-06,Junio
RF-15,Plaza de Castilla ubicación antigua,2001,6,,,,69.3,76.0,71.7,68.0,61.9,53.1,2001-06-01,Junio,2001-06,Junio
RF-23,Calle de Alcalá final,2001,6,,,,62.1,68.2,64.5,61.1,55.6,49.5,2001-06-01,Junio,2001-06,Junio
RF-15,Plaza de Castilla ubicación antigua,2001,7,,,,69.5,78.1,72.0,67.6,61.2,53.3,2001-07-01,Julio,2001-07,Julio
RF-23,Calle de Alcalá final,2001,7,,,,62.3,68.7,64.5,61.1,55.8,50.3,2001-07-01,Julio,2001-07,Julio
RF-01,Paseo de Recoletos,2001,7,,,,68.9,75.0,71.9,67.4,59.4,53.5,2001-07-01,Julio,2001-07,Julio
RF-20,Avenida de Moratalaz,2001,7,,,,62.7,72.3,65.4,58.3,48.3,39.6,2001-07-01,Julio,2001-07,Julio
RF-11,Ramón y Cajal,2001,7,,,,68.7,75.3,71.6,67.4,56.6,46.7,2001-07-01,Julio,2001-07,Julio
RF-18,General Ricardos ubicación antigua,2001,7,,,,55.5,65.8,57.5,49.3,40.1,33.8,2001-07-01,Julio,2001-07,Julio
RF-12,Manuel Becerra,2001,7,,,,63.9,70.4,65.6,61.8,54.6,48.5,2001-07-01,Julio,2001-07,Julio
RF-06,Gregorio Marañón,2001,7,,,,71.1,78.4,74.2,68.7,62.4,56.2,2001-07-01,Julio,2001-07,Julio
RF-02,Carlos V,2001,7,,,,67.8,74.6,70.2,66.3,61.7,56.3,2001-07-01,Julio,2001-07,Julio
RF-14,Plaza Elíptica,2001,7,,,,67.2,75.4,70.1,64.5,58.2,52.0,2001-07-01,Julio,2001-07,Julio
RF-04,Plaza de España,2001,7,,,,64.5,72.1,66.7,63.1,58.1,52.4,2001-07-01,Julio,2001-07,Julio
RF-22,Paseo de Pontones,2001,7,,,,64.2,74.3,66.5,57.9,51.3,47.0,2001-07-01,Julio,2001-07,Julio
RF-16,Arturo Soria,2001,7,,,,60.0,67.9,62.9,57.9,47.5,40.7,2001-07-01,Julio,2001-07,Julio
RF-25,Santa Eugenia,2001,7,,,,68.0,72.9,70.8,67.6,61.7,54.3,2001-07-01,Julio,2001-07,Julio
RF-13,Vallecas,2001,7,,,,60.3,69.9,63.2,55.6,49.4,41.4,2001-07-01,Julio,2001-07,Julio
RF-21,Isaac Peral,2001,7,,,,67.0,75.3,68.0,61.7,52.3,45.0,2001-07-01,Julio,2001-07,Julio
RF-19,Alto de Extremadura,2001,7,,,,61.4,70.9,64.2,57.9,51.2,44.2,2001-07-01,Julio,2001-07,Julio
RF-10,Cuatro Caminos,2001,7,,,,64.6,73.4,68.1,60.1,51.3,43.1,2001-07-01,Julio,2001-07,Julio
RF-09,Plaza Luca de Tena,2001,7,,,,66.6,74.5,69.4,64.4,53.9,45.3,2001-07-01,Julio,2001-07,Julio
RF-24,Casa de Campo,2001,7,,,,51.0,58.4,52.9,48.8,45.7,43.1,2001-07-01,Julio,2001-07,Julio
RF-07,Plaza Marqués de Salamanca,2001,7,,,,64.6,71.4,67.4,62.4,51.7,44.0,2001-07-01,Julio,2001-07,Julio
RF-05,Barrio del Pilar,2001,7,,,,61.5,68.9,64.5,59.4,51.4,43.2,2001-07-01,Julio,2001-07,Julio
RF-03,Plaza del Carmen,2001,7,,,,62.7,71.4,65.0,59.2,52.2,46.4,2001-07-01,Julio,2001-07,Julio
RF-25,Santa Eugenia,2001,8,,,,68.3,73.1,71.2,67.9,61.3,54.0,2001-08-01,Agosto,2001-08,Agosto
RF-16,Arturo Soria,2001,8,,,,59.3,67.6,62.4,56.8,45.9,40.1,2001-08-01,Agosto,2001-08,Agosto
RF-09,Plaza Luca de Tena,2001,8,,,,65.7,73.1,68.9,63.1,52.4,45.1,2001-08-01,Agosto,2001-08,Agosto
RF-22,Paseo de Pontones,2001,8,,,,66.9,76.8,66.8,57.3,50.8,46.7,2001-08-01,Agosto,2001-08,Agosto
RF-08,Escuelas Aguirre,2001,8,,,,76.1,86.5,71.6,66.0,59.2,51.5,2001-08-01,Agosto,2001-08,Agosto
RF-03,Plaza del Carmen,2001,8,,,,61.7,69.8,64.2,58.4,51.4,45.4,2001-08-01,Agosto,2001-08,Agosto
RF-12,Manuel Becerra,2001,8,,,,62.8,70.0,65.1,60.9,53.4,47.9,2001-08-01,Agosto,2001-08,Agosto
RF-14,Plaza Elíptica,2001,8,,,,66.4,74.6,69.4,63.5,57.1,51.2,2001-08-01,Agosto,2001-08,Agosto
RF-02,Carlos V,2001,8,,,,67.2,73.7,69.7,65.7,61.1,55.6,2001-08-01,Agosto,2001-08,Agosto
RF-06,Gregorio Marañón,2001,8,,,,70.1,77.5,73.4,67.4,61.1,55.5,2001-08-01,Agosto,2001-08,Agosto
RF-21,Isaac Peral,2001,8,,,,65.5,73.8,67.0,60.3,50.6,44.3,2001-08-01,Agosto,2001-08,Agosto
RF-01,Paseo de Recoletos,2001,8,,,,68.9,76.3,72.2,66.8,58.4,53.6,2001-08-01,Agosto,2001-08,Agosto
RF-07,Plaza Marqués de Salamanca,2001,8,,,,63.2,70.9,66.6,60.6,49.2,43.5,2001-08-01,Agosto,2001-08,Agosto
RF-05,Barrio del Pilar,2001,8,,,,60.8,68.0,63.6,58.7,50.5,42.8,2001-08-01,Agosto,2001-08,Agosto
RF-24,Casa de Campo,2001,8,,,,52.6,63.2,53.6,48.8,45.5,42.9,2001-08-01,Agosto,2001-08,Agosto
RF-15,Plaza de Castilla ubicación antigua,2001,8,,,,67.6,75.1,70.5,65.5,59.1,51.4,2001-08-01,Agosto,2001-08,Agosto
RF-10,Cuatro Caminos,2001,8,,,,63.6,72.5,67.1,59.1,50.5,42.9,2001-08-01,Agosto,2001-08,Agosto
RF-18,General Ricardos ubicación antigua,2001,8,,,,55.5,65.6,57.3,49.6,39.9,33.1,2001-08-01,Agosto,2001-08,Agosto
RF-23,Calle de Alcalá final,2001,8,,,,61.5,67.0,64.0,60.6,55.8,52.1,2001-08-01,Agosto,2001-08,Agosto
RF-11,Ramón y Cajal,2001,8,,,,67.6,74.6,71.0,65.6,52.4,33.9,2001-08-01,Agosto,2001-08,Agosto
RF-04,Plaza de España,2001,8,,,,64.0,71.6,66.1,62.5,57.2,51.9,2001-08-01,Agosto,2001-08,Agosto
RF-20,Avenida de Moratalaz,2001,8,,,,61.6,71.4,64.2,57.1,46.7,39.0,2001-08-01,Agosto,2001-08,Agosto
RF-13,Vallecas,2001,8,,,,59.6,69.0,62.4,54.6,50.1,41.4,2001-08-01,Agosto,2001-08,Agosto
RF-19,Alto de Extremadura,2001,8,,,,60.6,70.3,63.2,56.7,50.0,43.2,2001-08-01,Agosto,2001-08,Agosto
RF-11,Ramón y Cajal,2001,9,,,,69.1,75.6,71.9,67.9,56.6,46.4,2001-09-01,Septiembre,2001-09,Septiembre
RF-21,Isaac Peral,2001,9,,,,67.7,75.9,68.5,61.9,52.3,44.5,2001-09-01,Septiembre,2001-09,Septiembre
RF-07,Plaza Marqués de Salamanca,2001,9,,,,64.8,72.0,67.9,62.9,52.0,44.1,2001-09-01,Septiembre,2001-09,Septiembre
RF-15,Plaza de Castilla ubicación antigua,2001,9,,,,67.7,74.8,70.6,66.0,59.1,51.3,2001-09-01,Septiembre,2001-09,Septiembre
RF-04,Plaza de España,2001,9,,,,64.9,72.7,67.0,63.3,58.0,52.1,2001-09-01,Septiembre,2001-09,Septiembre
RF-12,Manuel Becerra,2001,9,,,,64.0,70.7,65.9,62.1,54.7,48.3,2001-09-01,Septiembre,2001-09,Septiembre
RF-10,Cuatro Caminos,2001,9,,,,65.4,73.7,68.9,61.5,51.7,42.7,2001-09-01,Septiembre,2001-09,Septiembre
RF-25,Santa Eugenia,2001,9,,,,69.3,74.6,71.8,68.6,61.5,53.8,2001-09-01,Septiembre,2001-09,Septiembre
RF-08,Escuelas Aguirre,2001,9,,,,70.5,80.5,73.1,67.1,60.1,50.9,2001-09-01,Septiembre,2001-09,Septiembre
RF-06,Gregorio Marañón,2001,9,,,,71.3,78.7,74.4,68.8,62.5,55.7,2001-09-01,Septiembre,2001-09,Septiembre
RF-14,Plaza Elíptica,2001,9,,,,68.9,77.4,70.8,65.0,58.0,51.2,2001-09-01,Septiembre,2001-09,Septiembre
RF-13,Vallecas,2001,9,,,,61.3,71.1,64.1,55.9,47.4,41.2,2001-09-01,Septiembre,2001-09,Septiembre
RF-18,General Ricardos ubicación antigua,2001,9,,,,56.7,67.4,58.6,51.1,41.8,36.1,2001-09-01,Septiembre,2001-09,Septiembre
RF-22,Paseo de Pontones,2001,9,,,,64.4,74.5,67.0,58.4,51.2,46.5,2001-09-01,Septiembre,2001-09,Septiembre
RF-03,Plaza del Carmen,2001,9,,,,61.9,70.3,64.7,59.0,51.9,46.4,2001-09-01,Septiembre,2001-09,Septiembre
RF-19,Alto de Extremadura,2001,9,,,,62.1,71.6,64.7,58.3,51.3,43.4,2001-09-01,Septiembre,2001-09,Septiembre
RF-24,Casa de Campo,2001,9,,,,51.5,59.4,53.2,48.8,45.8,43.1,2001-09-01,Septiembre,2001-09,Septiembre
RF-05,Barrio del Pilar,2001,9,,,,61.7,68.8,64.6,59.4,51.2,43.1,2001-09-01,Septiembre,2001-09,Septiembre
RF-02,Carlos V,2001,9,,,,68.1,74.8,70.6,66.6,61.6,55.5,2001-09-01,Septiembre,2001-09,Septiembre
RF-01,Paseo de Recoletos,2001,9,,,,69.1,75.6,72.4,67.2,59.2,53.9,2001-09-01,Septiembre,2001-09,Septiembre
RF-23,Calle de Alcalá final,2001,9,,,,62.8,68.8,65.2,62.0,56.5,50.7,2001-09-01,Septiembre,2001-09,Septiembre
RF-20,Avenida de Moratalaz,2001,9,,,,63.3,72.5,66.0,58.9,48.4,39.7,2001-09-01,Septiembre,2001-09,Septiembre
RF-09,Plaza Luca de Tena,2001,9,,,,66.6,74.6,69.6,64.3,53.2,46.0,2001-09-01,Septiembre,2001-09,Septiembre
RF-16,Arturo Soria,2001,9,,,,60.6,68.3,63.2,58.3,47.6,41.1,2001-09-01,Septiembre,2001-09,Septiembre
RF-23,Calle de Alcalá final,2001,10,,,,63.1,68.5,65.7,62.5,56.0,49.3,2001-10-01,Octubre,2001-10,Octubre
RF-11,Ramón y Cajal,2001,10,,,,69.9,76.2,72.6,68.9,57.0,46.1,2001-10-01,Octubre,2001-10,Octubre
RF-04,Plaza de España,2001,10,,,,65.4,73.0,67.6,63.9,58.2,52.2,2001-10-01,Octubre,2001-10,Octubre
RF-19,Alto de Extremadura,2001,10,,,,62.5,71.6,65.3,59.1,51.7,43.8,2001-10-01,Octubre,2001-10,Octubre
RF-10,Cuatro Caminos,2001,10,,,,66.1,74.2,69.7,62.6,51.7,42.4,2001-10-01,Octubre,2001-10,Octubre
RF-24,Casa de Campo,2001,10,,,,51.3,58.3,52.8,49.2,46.2,43.4,2001-10-01,Octubre,2001-10,Octubre
RF-09,Plaza Luca de Tena,2001,10,,,,66.8,74.6,69.8,64.4,53.5,46.2,2001-10-01,Octubre,2001-10,Octubre
RF-21,Isaac Peral,2001,10,,,,69.1,77.8,69.4,63.1,53.4,44.9,2001-10-01,Octubre,2001-10,Octubre
RF-17,Villaverde,2001,10,,,,57.8,67.1,59.6,52.7,44.1,39.3,2001-10-01,Octubre,2001-10,Octubre
RF-02,Carlos V,2001,10,,,,68.7,75.7,71.1,67.1,61.7,55.2,2001-10-01,Octubre,2001-10,Octubre
RF-18,General Ricardos ubicación antigua,2001,10,,,,56.7,66.4,59.0,51.7,41.9,34.2,2001-10-01,Octubre,2001-10,Octubre
RF-13,Vallecas,2001,10,,,,60.8,70.1,63.9,56.3,46.4,40.4,2001-10-01,Octubre,2001-10,Octubre
RF-15,Plaza de Castilla ubicación antigua,2001,10,,,,68.5,75.2,71.4,66.8,59.3,51.1,2001-10-01,Octubre,2001-10,Octubre
RF-01,Paseo de Recoletos,2001,10,,,,69.4,76.3,72.6,67.2,59.6,53.9,2001-10-01,Octubre,2001-10,Octubre
RF-06,Gregorio Marañón,2001,10,,,,71.8,79.1,74.9,69.4,62.6,55.3,2001-10-01,Octubre,2001-10,Octubre
RF-22,Paseo de Pontones,2001,10,,,,65.0,74.9,67.9,59.2,51.3,46.4,2001-10-01,Octubre,2001-10,Octubre
RF-12,Manuel Becerra,2001,10,,,,67.0,71.6,66.4,62.6,55.2,48.9,2001-10-01,Octubre,2001-10,Octubre
RF-20,Avenida de Moratalaz,2001,10,,,,63.7,73.4,66.8,59.5,47.8,39.6,2001-10-01,Octubre,2001-10,Octubre
RF-25,Santa Eugenia,2001,10,,,,72.1,79.8,73.0,69.9,62.2,53.9,2001-10-01,Octubre,2001-10,Octubre
RF-03,Plaza del Carmen,2001,10,,,,62.2,70.8,64.9,59.0,52.0,45.7,2001-10-01,Octubre,2001-10,Octubre
RF-08,Escuelas Aguirre,2001,10,,,,69.7,76.9,72.2,67.9,61.0,51.2,2001-10-01,Octubre,2001-10,Octubre
RF-07,Plaza Marqués de Salamanca,2001,10,,,,65.7,72.9,68.5,63.8,52.7,43.0,2001-10-01,Octubre,2001-10,Octubre
RF-16,Arturo Soria,2001,10,,,,61.5,69.0,64.3,59.5,47.8,40.7,2001-10-01,Octubre,2001-10,Octubre
RF-05,Barrio del Pilar,2001,10,,,,67.8,80.9,65.5,59.9,51.0,43.0,2001-10-01,Octubre,2001-10,Octubre
RF-14,Plaza Elíptica,2001,10,,,,68.2,76.2,70.9,65.6,57.9,51.1,2001-10-01,Octubre,2001-10,Octubre
RF-25,Santa Eugenia,2001,11,,,,70.2,74.9,73.0,70.1,62.1,55.2,2001-11-01,Noviembre,2001-11,Noviembre
RF-06,Gregorio Marañón,2001,11,,,,71.5,78.6,74.6,69.2,62.8,55.3,2001-11-01,Noviembre,2001-11,Noviembre
RF-24,Casa de Campo,2001,11,,,,53.5,,,,,,2001-11-01,Noviembre,2001-11,Noviembre
RF-13,Vallecas,2001,11,,,,61.0,69.8,64.2,56.4,46.4,40.3,2001-11-01,Noviembre,2001-11,Noviembre
RF-09,Plaza Luca de Tena,2001,11,,,,66.5,73.6,69.5,64.0,53.1,44.7,2001-11-01,Noviembre,2001-11,Noviembre
RF-22,Paseo de Pontones,2001,11,,,,65.1,74.9,67.9,59.5,52.3,47.9,2001-11-01,Noviembre,2001-11,Noviembre
RF-08,Escuelas Aguirre,2001,11,,,,69.9,77.5,72.6,67.9,61.3,51.7,2001-11-01,Noviembre,2001-11,Noviembre
RF-04,Plaza de España,2001,11,,,,66.0,74.1,68.0,64.3,58.9,52.7,2001-11-01,Noviembre,2001-11,Noviembre
RF-11,Ramón y Cajal,2001,11,,,,70.1,76.4,72.9,69.1,57.7,46.8,2001-11-01,Noviembre,2001-11,Noviembre
RF-19,Alto de Extremadura,2001,11,,,,62.6,71.8,65.4,59.2,52.2,44.6,2001-11-01,Noviembre,2001-11,Noviembre
RF-18,General Ricardos ubicación antigua,2001,11,,,,57.7,67.2,59.4,52.1,44.2,38.7,2001-11-01,Noviembre,2001-11,Noviembre
RF-12,Manuel Becerra,2001,11,,,,64.3,71.5,66.4,62.5,55.3,48.5,2001-11-01,Noviembre,2001-11,Noviembre
RF-10,Cuatro Caminos,2001,11,,,,69.8,74.4,69.9,62.6,51.9,42.9,2001-11-01,Noviembre,2001-11,Noviembre
RF-16,Arturo Soria,2001,11,,,,61.5,68.7,64.4,59.6,48.5,40.2,2001-11-01,Noviembre,2001-11,Noviembre
RF-03,Plaza del Carmen,2001,11,,,,62.3,70.6,64.8,58.5,51.2,45.5,2001-11-01,Noviembre,2001-11,Noviembre
RF-20,Avenida de Moratalaz,2001,11,,,,64.0,73.5,66.9,59.7,49.0,40.3,2001-11-01,Noviembre,2001-11,Noviembre
RF-21,Isaac Peral,2001,11,,,,69.3,78.3,69.7,63.4,53.9,45.9,2001-11-01,Noviembre,2001-11,Noviembre
RF-17,Villaverde,2001,11,,,,59.3,68.7,62.1,53.3,44.0,39.2,2001-11-01,Noviembre,2001-11,Noviembre
RF-02,Carlos V,2001,11,,,,68.7,76.0,71.2,67.2,62.0,56.1,2001-11-01,Noviembre,2001-11,Noviembre
RF-07,Plaza Marqués de Salamanca,2001,11,,,,65.9,72.8,68.7,64.1,54.2,44.7,2001-11-01,Noviembre,2001-11,Noviembre
RF-01,Paseo de Recoletos,2001,11,,,,70.0,76.2,73.4,67.9,60.1,54.9,2001-11-01,Noviembre,2001-11,Noviembre
RF-05,Barrio del Pilar,2001,11,,,,61.9,68.7,64.7,59.8,51.4,43.6,2001-11-01,Noviembre,2001-11,Noviembre
RF-14,Plaza Elíptica,2001,11,,,,68.7,76.4,71.2,65.7,58.2,50.9,2001-11-01,Noviembre,2001-11,Noviembre
RF-15,Plaza de Castilla ubicación antigua,2001,11,,,,68.4,74.8,71.3,66.7,59.5,51.3,2001-11-01,Noviembre,2001-11,Noviembre
RF-23,Calle de Alcalá final,2001,11,,,,64.2,69.5,66.8,63.7,57.2,50.7,2001-11-01,Noviembre,2001-11,Noviembre
RF-01,Paseo de Recoletos,2001,12,,,,68.6,75.6,72.0,66.2,59.2,53.2,2001-12-01,Diciembre,2001-12,Diciembre
RF-12,Manuel Becerra,2001,12,,,,66.0,71.9,66.3,62.5,55.6,48.8,2001-12-01,Diciembre,2001-12,Diciembre
RF-09,Plaza Luca de Tena,2001,12,,,,67.1,73.3,68.9,64.0,53.5,44.6,2001-12-01,Diciembre,2001-12,Diciembre
RF-14,Plaza Elíptica,2001,12,,,,69.0,76.2,71.1,65.5,58.6,51.1,2001-12-01,Diciembre,2001-12,Diciembre
RF-05,Barrio del Pilar,2001,12,,,,62.0,68.1,63.6,59.1,51.9,44.8,2001-12-01,Diciembre,2001-12,Diciembre
RF-07,Plaza Marqués de Salamanca,2001,12,,,,66.0,72.7,68.7,64.0,54.5,44.9,2001-12-01,Diciembre,2001-12,Diciembre
RF-16,Arturo Soria,2001,12,,,,62.0,68.9,64.3,59.5,48.9,41.0,2001-12-01,Diciembre,2001-12,Diciembre
RF-08,Escuelas Aguirre,2001,12,,,,70.1,77.6,72.7,68.1,61.9,52.4,2001-12-01,Diciembre,2001-12,Diciembre
RF-11,Ramón y Cajal,2001,12,,,,70.1,76.2,72.8,69.0,58.4,48.2,2001-12-01,Diciembre,2001-12,Diciembre
RF-21,Isaac Peral,2001,12,,,,68.6,77.3,69.4,62.9,54.1,46.3,2001-12-01,Diciembre,2001-12,Diciembre
RF-23,Calle de Alcalá final,2001,12,,,,64.6,68.8,66.1,63.2,57.2,51.1,2001-12-01,Diciembre,2001-12,Diciembre
RF-25,Santa Eugenia,2001,12,,,,70.7,75.0,73.3,70.6,62.8,54.7,2001-12-01,Diciembre,2001-12,Diciembre
RF-22,Paseo de Pontones,2001,12,,,,65.7,75.3,68.2,59.5,52.9,48.1,2001-12-01,Diciembre,2001-12,Diciembre
RF-20,Avenida de Moratalaz,2001,12,,,,63.6,72.8,66.7,59.8,50.0,40.8,2001-12-01,Diciembre,2001-12,Diciembre
RF-24,Casa de Campo,2001,12,,,,51.9,56.7,53.6,50.2,46.7,43.4,2001-12-01,Diciembre,2001-12,Diciembre
RF-18,General Ricardos ubicación antigua,2001,12,,,,62.0,67.5,59.4,52.1,44.1,37.5,2001-12-01,Diciembre,2001-12,Diciembre
RF-02,Carlos V,2001,12,,,,68.6,75.8,71.0,67.1,62.3,56.7,2001-12-01,Diciembre,2001-12,Diciembre
RF-10,Cuatro Caminos,2001,12,,,,66.6,74.7,70.1,62.7,52.8,44.4,2001-12-01,Diciembre,2001-12,Diciembre
RF-04,Plaza de España,2001,12,,,,72.3,75.0,68.0,64.5,59.7,53.2,2001-12-01,Diciembre,2001-12,Diciembre
RF-15,Plaza de Castilla ubicación antigua,2001,12,,,,68.5,74.8,71.3,66.8,60.3,52.5,2001-12-01,Diciembre,2001-12,Diciembre
RF-13,Vallecas,2001,12,,,,64.0,69.9,64.2,56.1,46.4,41.2,2001-12-01,Diciembre,2001-12,Diciembre
RF-19,Alto de Extremadura,2001,12,,,,63.6,71.9,65.3,59.4,52.9,45.4,2001-12-01,Diciembre,2001-12,Diciembre
RF-03,Plaza del Carmen,2001,12,,,,63.7,71.5,65.3,58.8,51.3,45.2,2001-12-01,Diciembre,2001-12,Diciembre
RF-06,Gregorio Marañón,2001,12,,,,71.3,78.5,74.3,69.1,63.1,56.1,2001-12-01,Diciembre,2001-12,Diciembre
RF-17,Villaverde,2001,12,,,,59.9,67.1,59.9,52.9,44.3,38.0,2001-12-01,Diciembre,2001-12,Diciembre
RF-09,Plaza Luca de Tena,2002,1,,,,67.2,74.2,69.3,64.5,53.7,44.8,2002-01-01,Enero,2002-01,Enero
RF-05,Barrio del Pilar,2002,1,,,,62.8,69.2,65.1,60.0,51.4,43.5,2002-01-01,Enero,2002-01,Enero
RF-18,General Ricardos ubicación antigua,2002,1,,,,58.6,67.2,59.2,51.6,42.2,33.9,2002-01-01,Enero,2002-01,Enero
RF-11,Ramón y Cajal,2002,1,,,,70.2,76.3,72.9,69.1,57.3,46.7,2002-01-01,Enero,2002-01,Enero
RF-16,Arturo Soria,2002,1,,,,62.8,69.4,65.2,60.3,48.4,40.4,2002-01-01,Enero,2002-01,Enero
RF-10,Cuatro Caminos,2002,1,,,,66.9,75.2,70.3,62.9,52.6,44.2,2002-01-01,Enero,2002-01,Enero
RF-19,Alto de Extremadura,2002,1,,,,63.3,72.1,65.8,59.8,52.7,45.4,2002-01-01,Enero,2002-01,Enero
RF-25,Santa Eugenia,2002,1,,,,71.0,75.6,73.7,70.9,62.8,54.1,2002-01-01,Enero,2002-01,Enero
RF-04,Plaza de España,2002,1,,,,66.2,73.0,68.1,64.8,59.3,53.0,2002-01-01,Enero,2002-01,Enero
RF-12,Manuel Becerra,2002,1,,,,64.7,72.6,66.7,62.7,55.4,48.7,2002-01-01,Enero,2002-01,Enero
RF-15,Plaza de Castilla ubicación antigua,2002,1,,,,69.2,76.5,72.0,67.3,59.8,51.6,2002-01-01,Enero,2002-01,Enero
RF-17,Villaverde,2002,1,,,,57.8,66.6,59.4,53.4,44.4,37.8,2002-01-01,Enero,2002-01,Enero
RF-14,Plaza Elíptica,2002,1,,,,68.3,76.1,71.1,65.6,58.0,50.7,2002-01-01,Enero,2002-01,Enero
RF-07,Plaza Marqués de Salamanca,2002,1,,,,66.2,73.0,68.9,64.3,52.9,43.7,2002-01-01,Enero,2002-01,Enero
RF-06,Gregorio Marañón,2002,1,,,,71.4,78.4,74.6,69.0,62.5,54.9,2002-01-01,Enero,2002-01,Enero
RF-21,Isaac Peral,2002,1,,,,68.8,77.4,69.7,63.3,53.4,45.8,2002-01-01,Enero,2002-01,Enero
RF-24,Casa de Campo,2002,1,,,,51.2,56.9,53.5,50.1,46.7,42.9,2002-01-01,Enero,2002-01,Enero
RF-02,Carlos V,2002,1,,,,68.9,75.9,71.3,67.1,62.1,56.3,2002-01-01,Enero,2002-01,Enero
RF-23,Calle de Alcalá final,2002,1,,,,63.8,68.9,66.4,63.3,57.0,50.1,2002-01-01,Enero,2002-01,Enero
RF-13,Vallecas,2002,1,,,,62.7,69.9,64.2,56.3,45.7,39.6,2002-01-01,Enero,2002-01,Enero
RF-22,Paseo de Pontones,2002,1,,,,66.9,77.9,68.8,59.7,52.5,48.2,2002-01-01,Enero,2002-01,Enero
RF-01,Paseo de Recoletos,2002,1,,,,69.8,75.9,73.5,67.5,59.5,53.1,2002-01-01,Enero,2002-01,Enero
RF-03,Plaza del Carmen,2002,1,,,,63.2,70.8,65.0,58.8,51.2,44.5,2002-01-01,Enero,2002-01,Enero
RF-20,Avenida de Moratalaz,2002,1,,,,64.1,73.3,66.9,60.1,49.2,40.8,2002-01-01,Enero,2002-01,Enero
RF-06,Gregorio Marañón,2002,2,,,,71.2,77.9,74.4,68.8,62.2,54.6,2002-02-01,Febrero,2002-02,Febrero
RF-09,Plaza Luca de Tena,2002,2,,,,66.3,73.9,69.1,64.5,53.5,44.3,2002-02-01,Febrero,2002-02,Febrero
RF-10,Cuatro Caminos,2002,2,,,,66.4,74.5,69.9,62.8,52.2,43.0,2002-02-01,Febrero,2002-02,Febrero
RF-22,Paseo de Pontones,2002,2,,,,67.6,78.7,69.2,59.8,52.6,48.3,2002-02-01,Febrero,2002-02,Febrero
RF-11,Ramón y Cajal,2002,2,,,,69.8,76.1,72.6,68.8,56.7,46.3,2002-02-01,Febrero,2002-02,Febrero
RF-04,Plaza de España,2002,2,,,,66.2,73.4,67.9,64.6,58.9,52.5,2002-02-01,Febrero,2002-02,Febrero
RF-01,Paseo de Recoletos,2002,2,,,,69.8,75.7,73.0,68.2,60.2,54.1,2002-02-01,Febrero,2002-02,Febrero
RF-12,Manuel Becerra,2002,2,,,,64.2,71.3,66.2,62.5,54.9,47.9,2002-02-01,Febrero,2002-02,Febrero
RF-18,General Ricardos ubicación antigua,2002,2,,,,57.4,67.1,59.0,51.8,42.1,33.1,2002-02-01,Febrero,2002-02,Febrero
RF-07,Plaza Marqués de Salamanca,2002,2,,,,65.7,72.4,68.5,63.8,52.1,43.1,2002-02-01,Febrero,2002-02,Febrero
RF-16,Arturo Soria,2002,2,,,,62.0,68.6,64.5,59.8,48.4,40.5,2002-02-01,Febrero,2002-02,Febrero
RF-13,Vallecas,2002,2,,,,61.9,71.5,64.5,56.9,46.3,40.5,2002-02-01,Febrero,2002-02,Febrero
RF-21,Isaac Peral,2002,2,,,,69.6,77.8,69.4,62.9,53.1,45.4,2002-02-01,Febrero,2002-02,Febrero
RF-23,Calle de Alcalá final,2002,2,,,,63.3,68.5,66.0,62.7,56.3,49.2,2002-02-01,Febrero,2002-02,Febrero
RF-03,Plaza del Carmen,2002,2,,,,62.8,70.9,65.0,58.8,51.1,44.3,2002-02-01,Febrero,2002-02,Febrero
RF-19,Alto de Extremadura,2002,2,,,,62.8,71.9,65.6,59.4,52.3,44.7,2002-02-01,Febrero,2002-02,Febrero
RF-02,Carlos V,2002,2,,,,68.3,75.1,70.9,66.9,61.9,56.0,2002-02-01,Febrero,2002-02,Febrero
RF-05,Barrio del Pilar,2002,2,,,,62.0,68.8,65.3,60.0,51.2,43.2,2002-02-01,Febrero,2002-02,Febrero
RF-20,Avenida de Moratalaz,2002,2,,,,63.6,72.9,66.6,60.0,48.8,40.7,2002-02-01,Febrero,2002-02,Febrero
RF-24,Casa de Campo,2002,2,,,,51.6,58.7,54.0,49.7,46.4,42.7,2002-02-01,Febrero,2002-02,Febrero
RF-17,Villaverde,2002,2,,,,57.5,66.2,59.2,53.4,45.1,39.3,2002-02-01,Febrero,2002-02,Febrero
RF-14,Plaza Elíptica,2002,2,,,,68.1,75.9,70.9,65.5,57.7,50.4,2002-02-01,Febrero,2002-02,Febrero
RF-25,Santa Eugenia,2002,2,,,,69.5,74.5,72.3,69.1,61.5,53.8,2002-02-01,Febrero,2002-02,Febrero
RF-15,Plaza de Castilla ubicación antigua,2002,2,,,,68.9,75.9,71.6,67.1,59.5,50.5,2002-02-01,Febrero,2002-02,Febrero
RF-24,Casa de Campo,2002,3,,,,51.9,59.3,54.1,49.9,46.3,43.2,2002-03-01,Marzo,2002-03,Marzo
RF-25,Santa Eugenia,2002,3,,,,68.7,74.2,71.7,67.9,61.5,53.8,2002-03-01,Marzo,2002-03,Marzo
RF-11,Ramón y Cajal,2002,3,,,,69.3,75.7,72.3,67.8,56.6,46.8,2002-03-01,Marzo,2002-03,Marzo
RF-20,Avenida de Moratalaz,2002,3,,,,63.4,72.9,66.4,59.3,49.2,40.7,2002-03-01,Marzo,2002-03,Marzo
RF-12,Manuel Becerra,2002,3,,,,64.2,71.0,66.2,62.4,55.9,48.3,2002-03-01,Marzo,2002-03,Marzo
RF-14,Plaza Elíptica,2002,3,,,,67.6,75.6,70.7,64.9,57.5,50.4,2002-03-01,Marzo,2002-03,Marzo
RF-07,Plaza Marqués de Salamanca,2002,3,,,,65.3,72.8,68.4,62.9,51.2,42.4,2002-03-01,Marzo,2002-03,Marzo
RF-16,Arturo Soria,2002,3,,,,61.3,68.2,64.4,59.3,48.0,40.7,2002-03-01,Marzo,2002-03,Marzo
RF-21,Isaac Peral,2002,3,,,,68.2,76.8,69.1,62.1,52.8,44.9,2002-03-01,Marzo,2002-03,Marzo
RF-13,Vallecas,2002,3,,,,62.1,70.9,64.3,56.5,46.3,39.8,2002-03-01,Marzo,2002-03,Marzo
RF-05,Barrio del Pilar,2002,3,,,,61.6,68.5,64.7,59.5,51.3,43.4,2002-03-01,Marzo,2002-03,Marzo
RF-23,Calle de Alcalá final,2002,3,,,,63.1,68.8,66.1,62.3,56.3,49.4,2002-03-01,Marzo,2002-03,Marzo
RF-18,General Ricardos ubicación antigua,2002,3,,,,56.8,66.6,58.7,51.0,41.5,33.9,2002-03-01,Marzo,2002-03,Marzo
RF-02,Carlos V,2002,3,,,,68.2,75.1,70.7,66.5,61.7,55.8,2002-03-01,Marzo,2002-03,Marzo
RF-01,Paseo de Recoletos,2002,3,,,,69.7,75.9,73.3,67.7,59.4,52.9,2002-03-01,Marzo,2002-03,Marzo
RF-19,Alto de Extremadura,2002,3,,,,62.5,71.7,65.3,59.0,52.1,44.0,2002-03-01,Marzo,2002-03,Marzo
RF-04,Plaza de España,2002,3,,,,65.5,72.6,67.7,64.3,58.9,52.5,2002-03-01,Marzo,2002-03,Marzo
RF-06,Gregorio Marañón,2002,3,,,,71.2,78.0,74.5,68.8,62.4,55.4,2002-03-01,Marzo,2002-03,Marzo
RF-03,Plaza del Carmen,2002,3,,,,62.1,70.7,64.9,58.8,51.5,45.0,2002-03-01,Marzo,2002-03,Marzo
RF-09,Plaza Luca de Tena,2002,3,,,,66.2,73.4,69.2,64.4,53.2,44.2,2002-03-01,Marzo,2002-03,Marzo
RF-22,Paseo de Pontones,2002,3,,,,64.8,74.9,67.5,58.7,52.1,47.7,2002-03-01,Marzo,2002-03,Marzo
RF-15,Plaza de Castilla ubicación antigua,2002,3,,,,68.5,75.2,71.5,66.7,59.6,51.3,2002-03-01,Marzo,2002-03,Marzo
RF-10,Cuatro Caminos,2002,3,,,,65.9,74.2,69.6,62.0,52.3,44.1,2002-03-01,Marzo,2002-03,Marzo
RF-17,Villaverde,2002,3,,,,57.2,66.6,59.2,52.5,43.8,37.5,2002-03-01,Marzo,2002-03,Marzo
RF-02,Carlos V,2002,4,,,,68.4,76.5,70.7,66.6,61.8,55.6,2002-04-01,Abril,2002-04,Abril
RF-17,Villaverde,2002,4,,,,56.1,65.1,58.4,52.1,42.9,37.5,2002-04-01,Abril,2002-04,Abril
RF-19,Alto de Extremadura,2002,4,,,,62.8,72.3,65.7,59.2,52.0,44.0,2002-04-01,Abril,2002-04,Abril
RF-06,Gregorio Marañón,2002,4,,,,71.4,78.2,74.4,69.0,62.7,54.9,2002-04-01,Abril,2002-04,Abril
RF-01,Paseo de Recoletos,2002,4,,,,69.6,76.1,72.8,67.7,59.5,52.2,2002-04-01,Abril,2002-04,Abril
RF-13,Vallecas,2002,4,,,,61.7,70.7,64.2,56.7,45.4,38.8,2002-04-01,Abril,2002-04,Abril
RF-24,Casa de Campo,2002,4,,,,51.7,59.1,53.8,49.3,46.4,43.3,2002-04-01,Abril,2002-04,Abril
RF-21,Isaac Peral,2002,4,,,,68.2,76.6,68.9,62.4,53.0,44.1,2002-04-01,Abril,2002-04,Abril
RF-12,Manuel Becerra,2002,4,,,,64.4,71.5,66.2,62.5,55.9,48.3,2002-04-01,Abril,2002-04,Abril
RF-15,Plaza de Castilla ubicación antigua,2002,4,,,,68.5,74.8,71.2,66.8,59.5,50.7,2002-04-01,Abril,2002-04,Abril
RF-16,Arturo Soria,2002,4,,,,61.2,67.8,64.1,59.5,47.9,40.1,2002-04-01,Abril,2002-04,Abril
RF-10,Cuatro Caminos,2002,4,,,,66.1,74.2,69.6,62.6,52.1,42.5,2002-04-01,Abril,2002-04,Abril
RF-20,Avenida de Moratalaz,2002,4,,,,63.6,73.1,66.6,59.9,48.5,39.0,2002-04-01,Abril,2002-04,Abril
RF-07,Plaza Marqués de Salamanca,2002,4,,,,65.7,72.8,68.4,63.7,52.5,43.3,2002-04-01,Abril,2002-04,Abril
RF-09,Plaza Luca de Tena,2002,4,,,,66.3,73.8,69.2,64.6,53.5,44.3,2002-04-01,Abril,2002-04,Abril
RF-22,Paseo de Pontones,2002,4,,,,65.0,75.3,67.6,59.1,52.3,47.8,2002-04-01,Abril,2002-04,Abril
RF-18,General Ricardos ubicación antigua,2002,4,,,,57.0,66.8,58.8,51.4,42.4,35.1,2002-04-01,Abril,2002-04,Abril
RF-14,Plaza Elíptica,2002,4,,,,67.7,75.5,70.6,65.2,57.5,50.1,2002-04-01,Abril,2002-04,Abril
RF-05,Barrio del Pilar,2002,4,,,,62.0,69.5,64.8,59.8,50.9,42.6,2002-04-01,Abril,2002-04,Abril
RF-03,Plaza del Carmen,2002,4,,,,62.6,71.1,65.2,59.3,51.8,44.4,2002-04-01,Abril,2002-04,Abril
RF-23,Calle de Alcalá final,2002,4,,,,63.1,69.3,66.0,62.3,56.2,49.1,2002-04-01,Abril,2002-04,Abril
RF-04,Plaza de España,2002,4,,,,65.4,72.4,67.5,64.2,58.4,51.9,2002-04-01,Abril,2002-04,Abril
RF-11,Ramón y Cajal,2002,4,,,,69.4,75.8,72.1,68.3,56.7,45.9,2002-04-01,Abril,2002-04,Abril
RF-25,Santa Eugenia,2002,4,,,,68.9,74.0,71.8,68.4,61.3,53.7,2002-04-01,Abril,2002-04,Abril
RF-07,Plaza Marqués de Salamanca,2002,5,,,,65.2,72.4,68.1,63.0,52.2,43.9,2002-05-01,Mayo,2002-05,Mayo
RF-10,Cuatro Caminos,2002,5,,,,65.5,73.9,69.1,61.7,51.6,42.6,2002-05-01,Mayo,2002-05,Mayo
RF-14,Plaza Elíptica,2002,5,,,,67.5,75.4,70.4,64.9,57.5,50.5,2002-05-01,Mayo,2002-05,Mayo
RF-12,Manuel Becerra,2002,5,,,,64.9,71.7,66.1,62.3,56.0,48.8,2002-05-01,Mayo,2002-05,Mayo
RF-20,Avenida de Moratalaz,2002,5,,,,63.6,73.1,66.5,59.6,48.8,40.1,2002-05-01,Mayo,2002-05,Mayo
RF-11,Ramón y Cajal,2002,5,,,,69.3,75.9,72.0,67.8,56.6,46.4,2002-05-01,Mayo,2002-05,Mayo
RF-01,Paseo de Recoletos,2002,5,,,,70.1,78.0,72.6,67.4,58.9,52.6,2002-05-01,Mayo,2002-05,Mayo
RF-25,Santa Eugenia,2002,5,,,,69.3,74.6,72.3,68.9,61.1,53.2,2002-05-01,Mayo,2002-05,Mayo
RF-03,Plaza del Carmen,2002,5,,,,62.8,71.5,65.1,59.6,52.5,45.7,2002-05-01,Mayo,2002-05,Mayo
RF-09,Plaza Luca de Tena,2002,5,,,,66.2,73.7,69.1,64.4,53.2,43.8,2002-05-01,Mayo,2002-05,Mayo
RF-17,Villaverde,2002,5,,,,56.0,64.7,58.1,51.8,43.3,38.3,2002-05-01,Mayo,2002-05,Mayo
RF-04,Plaza de España,2002,5,,,,65.1,72.8,67.3,63.5,57.8,51.9,2002-05-01,Mayo,2002-05,Mayo
RF-06,Gregorio Marañón,2002,5,,,,71.6,78.8,74.5,68.9,62.5,55.5,2002-05-01,Mayo,2002-05,Mayo
RF-24,Casa de Campo,2002,5,,,,51.9,60.5,54.0,49.3,45.7,43.1,2002-05-01,Mayo,2002-05,Mayo
RF-15,Plaza de Castilla ubicación antigua,2002,5,,,,68.7,75.5,71.6,67.0,59.9,52.0,2002-05-01,Mayo,2002-05,Mayo
RF-19,Alto de Extremadura,2002,5,,,,62.3,71.4,65.1,58.9,52.1,44.5,2002-05-01,Mayo,2002-05,Mayo
RF-18,General Ricardos ubicación antigua,2002,5,,,,57.9,66.9,59.0,51.7,40.2,32.7,2002-05-01,Mayo,2002-05,Mayo
RF-22,Paseo de Pontones,2002,5,,,,64.5,74.3,67.1,58.9,51.9,47.7,2002-05-01,Mayo,2002-05,Mayo
RF-23,Calle de Alcalá final,2002,5,,,,62.9,69.3,65.9,61.6,55.8,49.1,2002-05-01,Mayo,2002-05,Mayo
RF-16,Arturo Soria,2002,5,,,,60.9,67.8,64.0,59.1,47.8,40.7,2002-05-01,Mayo,2002-05,Mayo
RF-13,Vallecas,2002,5,,,,61.5,70.1,63.8,56.3,45.5,38.9,2002-05-01,Mayo,2002-05,Mayo
RF-21,Isaac Peral,2002,5,,,,67.4,75.5,68.4,61.8,52.7,45.0,2002-05-01,Mayo,2002-05,Mayo
RF-02,Carlos V,2002,5,,,,67.9,75.3,70.3,66.1,61.3,55.4,2002-05-01,Mayo,2002-05,Mayo
RF-05,Barrio del Pilar,2002,5,,,,61.6,68.6,64.6,59.4,50.6,42.2,2002-05-01,Mayo,2002-05,Mayo
RF-11,Ramón y Cajal,2002,6,,,,68.9,75.5,71.6,67.5,56.6,46.3,2002-06-01,Junio,2002-06,Junio
RF-01,Paseo de Recoletos,2002,6,,,,68.7,75.1,71.6,66.9,59.2,53.1,2002-06-01,Junio,2002-06,Junio
RF-17,Villaverde,2002,6,,,,55.6,64.5,57.9,51.8,43.1,37.9,2002-06-01,Junio,2002-06,Junio
RF-03,Plaza del Carmen,2002,6,,,,62.8,71.4,65.3,60.0,53.8,47.2,2002-06-01,Junio,2002-06,Junio
RF-16,Arturo Soria,2002,6,,,,60.3,67.0,63.2,58.7,48.3,40.4,2002-06-01,Junio,2002-06,Junio
RF-22,Paseo de Pontones,2002,6,,,,64.4,73.9,67.0,58.6,51.8,47.6,2002-06-01,Junio,2002-06,Junio
RF-09,Plaza Luca de Tena,2002,6,,,,66.3,74.2,69.0,64.5,53.9,44.4,2002-06-01,Junio,2002-06,Junio
RF-04,Plaza de España,2002,6,,,,65.0,72.8,67.1,63.6,58.1,52.1,2002-06-01,Junio,2002-06,Junio
RF-02,Carlos V,2002,6,,,,67.6,74.7,69.9,65.9,61.3,55.2,2002-06-01,Junio,2002-06,Junio
RF-24,Casa de Campo,2002,6,,,,53.8,61.1,53.3,48.8,45.9,43.1,2002-06-01,Junio,2002-06,Junio
RF-06,Gregorio Marañón,2002,6,,,,71.1,77.9,74.1,68.8,62.4,55.3,2002-06-01,Junio,2002-06,Junio
RF-13,Vallecas,2002,6,,,,60.5,69.6,63.1,56.1,49.2,40.8,2002-06-01,Junio,2002-06,Junio
RF-15,Plaza de Castilla ubicación antigua,2002,6,,,,68.4,74.9,71.1,67.0,60.7,52.6,2002-06-01,Junio,2002-06,Junio
RF-23,Calle de Alcalá final,2002,6,,,,62.1,68.1,64.8,61.2,55.7,49.3,2002-06-01,Junio,2002-06,Junio
RF-19,Alto de Extremadura,2002,6,,,,62.1,71.4,64.8,58.6,51.7,44.7,2002-06-01,Junio,2002-06,Junio
RF-20,Avenida de Moratalaz,2002,6,,,,62.8,72.0,65.7,59.1,48.9,39.8,2002-06-01,Junio,2002-06,Junio
RF-14,Plaza Elíptica,2002,6,,,,67.3,74.9,70.0,64.8,58.1,51.1,2002-06-01,Junio,2002-06,Junio
RF-21,Isaac Peral,2002,6,,,,67.5,75.4,68.0,61.7,52.6,45.2,2002-06-01,Junio,2002-06,Junio
RF-25,Santa Eugenia,2002,6,,,,69.0,73.8,71.8,68.8,61.1,53.4,2002-06-01,Junio,2002-06,Junio
RF-05,Barrio del Pilar,2002,6,,,,62.1,70.5,64.8,59.5,51.4,43.1,2002-06-01,Junio,2002-06,Junio
RF-18,General Ricardos ubicación antigua,2002,6,,,,56.8,66.1,58.4,51.3,41.3,34.2,2002-06-01,Junio,2002-06,Junio
RF-10,Cuatro Caminos,2002,6,,,,65.2,73.3,68.6,61.6,52.1,43.1,2002-06-01,Junio,2002-06,Junio
RF-07,Plaza Marqués de Salamanca,2002,6,,,,64.8,71.6,67.5,62.7,52.4,44.4,2002-06-01,Junio,2002-06,Junio
RF-12,Manuel Becerra,2002,6,,,,64.3,71.7,65.8,62.2,55.8,49.2,2002-06-01,Junio,2002-06,Junio
RF-18,General Ricardos ubicación antigua,2002,7,,,,55.2,65.0,57.4,49.6,41.1,34.3,2002-07-01,Julio,2002-07,Julio
RF-02,Carlos V,2002,7,,,,67.4,74.0,69.9,65.8,61.2,55.5,2002-07-01,Julio,2002-07,Julio
RF-07,Plaza Marqués de Salamanca,2002,7,,,,64.7,71.3,67.5,62.7,52.3,45.1,2002-07-01,Julio,2002-07,Julio
RF-16,Arturo Soria,2002,7,,,,60.3,66.8,63.1,58.5,48.1,40.9,2002-07-01,Julio,2002-07,Julio
RF-14,Plaza Elíptica,2002,7,,,,67.0,74.8,69.9,64.4,57.7,51.6,2002-07-01,Julio,2002-07,Julio
RF-13,Vallecas,2002,7,,,,61.4,70.2,63.3,55.8,49.4,40.8,2002-07-01,Julio,2002-07,Julio
RF-03,Plaza del Carmen,2002,7,,,,62.3,70.9,64.8,59.3,53.4,48.4,2002-07-01,Julio,2002-07,Julio
RF-10,Cuatro Caminos,2002,7,,,,65.4,75.2,68.5,60.2,52.0,43.7,2002-07-01,Julio,2002-07,Julio
RF-17,Villaverde,2002,7,,,,63.5,69.5,58.5,51.3,43.1,38.2,2002-07-01,Julio,2002-07,Julio
RF-15,Plaza de Castilla ubicación antigua,2002,7,,,,68.5,75.0,71.3,67.1,61.0,53.2,2002-07-01,Julio,2002-07,Julio
RF-09,Plaza Luca de Tena,2002,7,,,,66.6,74.8,69.2,64.5,53.9,44.6,2002-07-01,Julio,2002-07,Julio
RF-23,Calle de Alcalá final,2002,7,,,,62.3,67.9,65.0,61.5,56.1,50.6,2002-07-01,Julio,2002-07,Julio
RF-01,Paseo de Recoletos,2002,7,,,,68.6,75.2,71.6,66.8,59.1,53.2,2002-07-01,Julio,2002-07,Julio
RF-22,Paseo de Pontones,2002,7,,,,65.6,75.1,67.3,58.2,51.4,47.0,2002-07-01,Julio,2002-07,Julio
RF-21,Isaac Peral,2002,7,,,,66.8,74.4,67.7,61.1,52.0,45.3,2002-07-01,Julio,2002-07,Julio
RF-20,Avenida de Moratalaz,2002,7,,,,62.7,72.4,65.4,58.8,49.1,40.7,2002-07-01,Julio,2002-07,Julio
RF-12,Manuel Becerra,2002,7,,,,63.6,70.5,65.6,62.0,55.8,50.2,2002-07-01,Julio,2002-07,Julio
RF-19,Alto de Extremadura,2002,7,,,,61.6,70.9,64.3,58.0,51.2,44.4,2002-07-01,Julio,2002-07,Julio
RF-25,Santa Eugenia,2002,7,,,,69.2,73.9,71.9,69.0,61.8,54.4,2002-07-01,Julio,2002-07,Julio
RF-06,Gregorio Marañón,2002,7,,,,71.2,78.1,73.9,68.3,62.0,55.6,2002-07-01,Julio,2002-07,Julio
RF-05,Barrio del Pilar,2002,7,,,,62.3,69.6,64.6,59.7,51.8,44.0,2002-07-01,Julio,2002-07,Julio
RF-04,Plaza de España,2002,7,,,,64.7,71.9,66.8,63.4,58.2,52.5,2002-07-01,Julio,2002-07,Julio
RF-11,Ramón y Cajal,2002,7,,,,69.0,77.3,71.6,67.3,56.4,46.7,2002-07-01,Julio,2002-07,Julio
RF-24,Casa de Campo,2002,7,,,,50.5,57.6,52.3,48.7,46.0,43.4,2002-07-01,Julio,2002-07,Julio
RF-23,Calle de Alcalá final,2002,8,,,,61.6,67.1,64.5,60.7,55.5,50.9,2002-08-01,Agosto,2002-08,Agosto
RF-15,Plaza de Castilla ubicación antigua,2002,8,,,,67.7,74.3,70.7,66.1,60.1,51.8,2002-08-01,Agosto,2002-08,Agosto
RF-24,Casa de Campo,2002,8,,,,50.1,57.1,52.2,48.3,45.4,43.0,2002-08-01,Agosto,2002-08,Agosto
RF-22,Paseo de Pontones,2002,8,,,,63.4,73.4,66.0,56.8,50.6,46.2,2002-08-01,Agosto,2002-08,Agosto
RF-05,Barrio del Pilar,2002,8,,,,61.5,68.8,64.2,59.2,51.2,44.0,2002-08-01,Agosto,2002-08,Agosto
RF-14,Plaza Elíptica,2002,8,,,,66.6,74.8,69.5,63.8,56.8,50.7,2002-08-01,Agosto,2002-08,Agosto
RF-07,Plaza Marqués de Salamanca,2002,8,,,,64.1,71.9,66.7,60.4,49.6,44.2,2002-08-01,Agosto,2002-08,Agosto
RF-19,Alto de Extremadura,2002,8,,,,60.8,70.6,63.4,56.9,50.2,43.5,2002-08-01,Agosto,2002-08,Agosto
RF-06,Gregorio Marañón,2002,8,,,,69.7,76.6,73.1,67.0,60.6,54.8,2002-08-01,Agosto,2002-08,Agosto
RF-13,Vallecas,2002,8,,,,59.6,69.4,62.4,54.3,47.0,40.2,2002-08-01,Agosto,2002-08,Agosto
RF-20,Avenida de Moratalaz,2002,8,,,,61.4,70.8,64.3,57.5,47.5,39.8,2002-08-01,Agosto,2002-08,Agosto
RF-18,General Ricardos ubicación antigua,2002,8,,,,55.8,66.5,57.9,49.4,40.2,34.4,2002-08-01,Agosto,2002-08,Agosto
RF-12,Manuel Becerra,2002,8,,,,63.4,69.6,64.8,61.1,54.8,49.6,2002-08-01,Agosto,2002-08,Agosto
RF-11,Ramón y Cajal,2002,8,,,,67.6,74.3,70.8,65.3,54.1,44.5,2002-08-01,Agosto,2002-08,Agosto
RF-25,Santa Eugenia,2002,8,,,,66.7,72.6,70.1,65.4,59.6,53.1,2002-08-01,Agosto,2002-08,Agosto
RF-01,Paseo de Recoletos,2002,8,,,,68.1,74.6,71.6,66.0,58.1,52.5,2002-08-01,Agosto,2002-08,Agosto
RF-04,Plaza de España,2002,8,,,,64.4,72.2,66.6,62.9,57.4,52.7,2002-08-01,Agosto,2002-08,Agosto
RF-17,Villaverde,2002,8,,,,55.0,64.3,56.2,49.4,41.5,37.0,2002-08-01,Agosto,2002-08,Agosto
RF-03,Plaza del Carmen,2002,8,,,,61.8,70.4,64.0,58.3,52.4,47.1,2002-08-01,Agosto,2002-08,Agosto
RF-02,Carlos V,2002,8,,,,66.8,73.4,69.3,65.1,60.4,54.9,2002-08-01,Agosto,2002-08,Agosto
RF-16,Arturo Soria,2002,8,,,,59.4,66.4,62.6,57.3,45.9,39.9,2002-08-01,Agosto,2002-08,Agosto
RF-09,Plaza Luca de Tena,2002,8,,,,65.5,72.7,68.7,63.7,53.2,45.7,2002-08-01,Agosto,2002-08,Agosto
RF-21,Isaac Peral,2002,8,,,,64.6,72.8,66.6,59.3,50.1,44.1,2002-08-01,Agosto,2002-08,Agosto
RF-10,Cuatro Caminos,2002,8,,,,63.6,72.4,67.1,59.0,50.2,42.1,2002-08-01,Agosto,2002-08,Agosto
RF-13,Vallecas,2002,9,,,,59.9,69.3,63.0,55.3,46.0,39.3,2002-09-01,Septiembre,2002-09,Septiembre
RF-19,Alto de Extremadura,2002,9,,,,62.0,71.3,64.7,58.5,51.5,44.1,2002-09-01,Septiembre,2002-09,Septiembre
RF-02,Carlos V,2002,9,,,,67.8,74.7,70.3,66.1,61.3,55.3,2002-09-01,Septiembre,2002-09,Septiembre
RF-09,Plaza Luca de Tena,2002,9,,,,66.7,74.9,69.7,64.8,54.2,45.7,2002-09-01,Septiembre,2002-09,Septiembre
RF-20,Avenida de Moratalaz,2002,9,,,,62.9,72.1,66.0,59.3,48.0,38.8,2002-09-01,Septiembre,2002-09,Septiembre
RF-24,Casa de Campo,2002,9,,,,51.5,60.4,53.5,48.6,45.5,42.9,2002-09-01,Septiembre,2002-09,Septiembre
RF-25,Santa Eugenia,2002,9,,,,66.5,72.3,69.7,65.6,59.3,52.1,2002-09-01,Septiembre,2002-09,Septiembre
RF-21,Isaac Peral,2002,9,,,,66.9,74.5,68.0,61.3,51.8,44.1,2002-09-01,Septiembre,2002-09,Septiembre
RF-14,Plaza Elíptica,2002,9,,,,67.6,75.8,70.4,64.9,57.6,51.0,2002-09-01,Septiembre,2002-09,Septiembre
RF-10,Cuatro Caminos,2002,9,,,,65.3,73.6,68.9,61.6,51.3,42.1,2002-09-01,Septiembre,2002-09,Septiembre
RF-05,Barrio del Pilar,2002,9,,,,61.6,68.7,64.5,59.4,51.2,43.8,2002-09-01,Septiembre,2002-09,Septiembre
RF-07,Plaza Marqués de Salamanca,2002,9,,,,65.0,71.9,67.8,62.6,51.4,43.3,2002-09-01,Septiembre,2002-09,Septiembre
RF-17,Villaverde,2002,9,,,,56.3,65.8,58.1,51.1,42.3,36.4,2002-09-01,Septiembre,2002-09,Septiembre
RF-22,Paseo de Pontones,2002,9,,,,64.1,73.8,66.9,58.3,51.9,47.1,2002-09-01,Septiembre,2002-09,Septiembre
RF-04,Plaza de España,2002,9,,,,65.0,72.2,67.3,63.6,57.7,52.0,2002-09-01,Septiembre,2002-09,Septiembre
RF-18,General Ricardos ubicación antigua,2002,9,,,,82.4,74.5,61.6,51.5,39.7,31.4,2002-09-01,Septiembre,2002-09,Septiembre
RF-16,Arturo Soria,2002,9,,,,60.7,67.6,63.7,58.9,47.4,40.1,2002-09-01,Septiembre,2002-09,Septiembre
RF-03,Plaza del Carmen,2002,9,,,,62.6,71.0,65.0,59.4,52.0,45.9,2002-09-01,Septiembre,2002-09,Septiembre
RF-15,Plaza de Castilla ubicación antigua,2002,9,,,,68.3,75.5,71.3,66.7,59.5,50.5,2002-09-01,Septiembre,2002-09,Septiembre
RF-06,Gregorio Marañón,2002,9,,,,71.0,77.7,74.2,68.7,62.0,55.1,2002-09-01,Septiembre,2002-09,Septiembre
RF-11,Ramón y Cajal,2002,9,,,,69.0,75.2,71.8,67.8,56.0,44.4,2002-09-01,Septiembre,2002-09,Septiembre
RF-01,Paseo de Recoletos,2002,9,,,,68.8,75.2,71.9,67.0,59.0,52.6,2002-09-01,Septiembre,2002-09,Septiembre
RF-12,Manuel Becerra,2002,9,,,,64.9,71.3,65.9,62.3,55.8,49.4,2002-09-01,Septiembre,2002-09,Septiembre
RF-23,Calle de Alcalá final,2002,9,,,,62.2,67.7,64.8,61.5,56.0,49.8,2002-09-01,Septiembre,2002-09,Septiembre
RF-12,Manuel Becerra,2002,10,,,,65.2,72.2,66.6,62.9,56.1,49.7,2002-10-01,Octubre,2002-10,Octubre
RF-04,Plaza de España,2002,10,,,,66.1,73.0,67.8,64.1,57.9,51.8,2002-10-01,Octubre,2002-10,Octubre
RF-01,Paseo de Recoletos,2002,10,,,,69.4,76.5,72.4,67.4,59.5,53.3,2002-10-01,Octubre,2002-10,Octubre
RF-18,General Ricardos ubicación antigua,2002,10,,,,59.5,67.8,59.6,51.8,39.4,31.2,2002-10-01,Octubre,2002-10,Octubre
RF-10,Cuatro Caminos,2002,10,,,,66.1,74.2,69.6,62.7,51.7,42.6,2002-10-01,Octubre,2002-10,Octubre
RF-20,Avenida de Moratalaz,2002,10,,,,63.7,73.0,66.8,59.9,48.4,39.6,2002-10-01,Octubre,2002-10,Octubre
RF-02,Carlos V,2002,10,,,,69.2,77.2,71.1,66.8,61.6,55.5,2002-10-01,Octubre,2002-10,Octubre
RF-16,Arturo Soria,2002,10,,,,61.6,68.2,64.6,59.9,48.0,40.7,2002-10-01,Octubre,2002-10,Octubre
RF-09,Plaza Luca de Tena,2002,10,,,,67.1,74.0,69.9,65.2,54.9,46.5,2002-10-01,Octubre,2002-10,Octubre
RF-03,Plaza del Carmen,2002,10,,,,62.9,71.7,65.2,59.3,51.6,45.7,2002-10-01,Octubre,2002-10,Octubre
RF-11,Ramón y Cajal,2002,10,,,,69.8,76.0,72.6,68.7,56.4,45.0,2002-10-01,Octubre,2002-10,Octubre
RF-14,Plaza Elíptica,2002,10,,,,67.9,75.7,70.7,65.3,57.2,50.1,2002-10-01,Octubre,2002-10,Octubre
RF-19,Alto de Extremadura,2002,10,,,,62.8,71.9,65.6,59.5,52.0,44.8,2002-10-01,Octubre,2002-10,Octubre
RF-17,Villaverde,2002,10,,,,57.5,65.9,58.9,52.3,43.8,38.8,2002-10-01,Octubre,2002-10,Octubre
RF-25,Santa Eugenia,2002,10,,,,67.2,72.8,70.1,66.6,59.6,52.1,2002-10-01,Octubre,2002-10,Octubre
RF-07,Plaza Marqués de Salamanca,2002,10,,,,65.9,72.8,68.5,63.5,51.8,42.9,2002-10-01,Octubre,2002-10,Octubre
RF-22,Paseo de Pontones,2002,10,,,,64.7,74.4,67.6,59.0,52.1,47.2,2002-10-01,Octubre,2002-10,Octubre
RF-21,Isaac Peral,2002,10,,,,68.4,76.7,68.8,62.4,52.9,44.6,2002-10-01,Octubre,2002-10,Octubre
RF-24,Casa de Campo,2002,10,,,,51.9,59.3,53.2,49.0,45.9,43.2,2002-10-01,Octubre,2002-10,Octubre
RF-15,Plaza de Castilla ubicación antigua,2002,10,,,,68.9,75.4,71.8,67.2,59.5,50.1,2002-10-01,Octubre,2002-10,Octubre
RF-05,Barrio del Pilar,2002,10,,,,65.0,76.1,65.7,60.2,51.1,43.9,2002-10-01,Octubre,2002-10,Octubre
RF-23,Calle de Alcalá final,2002,10,,,,63.1,68.5,65.6,62.5,56.1,49.0,2002-10-01,Octubre,2002-10,Octubre
RF-13,Vallecas,2002,10,,,,60.1,69.2,63.3,56.0,45.7,39.6,2002-10-01,Octubre,2002-10,Octubre
RF-06,Gregorio Marañón,2002,10,,,,71.6,78.7,74.8,69.3,62.2,54.9,2002-10-01,Octubre,2002-10,Octubre
RF-18,General Ricardos ubicación antigua,2002,11,,,,59.3,71.0,61.0,51.8,38.6,32.8,2002-11-01,Noviembre,2002-11,Noviembre
RF-23,Calle de Alcalá final,2002,11,,,,63.6,68.8,66.2,63.1,56.6,49.3,2002-11-01,Noviembre,2002-11,Noviembre
RF-21,Isaac Peral,2002,11,,,,68.4,76.4,69.3,62.9,53.7,45.5,2002-11-01,Noviembre,2002-11,Noviembre
RF-03,Plaza del Carmen,2002,11,,,,63.0,72.0,65.5,59.0,51.7,46.1,2002-11-01,Noviembre,2002-11,Noviembre
RF-25,Santa Eugenia,2002,11,,,,67.5,73.3,70.5,66.8,59.7,50.3,2002-11-01,Noviembre,2002-11,Noviembre
RF-17,Villaverde,2002,11,,,,58.0,66.3,59.4,52.9,44.5,38.2,2002-11-01,Noviembre,2002-11,Noviembre
RF-10,Cuatro Caminos,2002,11,,,,66.6,74.6,70.1,62.9,52.5,43.7,2002-11-01,Noviembre,2002-11,Noviembre
RF-05,Barrio del Pilar,2002,11,,,,61.2,67.9,63.9,59.3,51.4,45.5,2002-11-01,Noviembre,2002-11,Noviembre
RF-02,Carlos V,2002,11,,,,68.8,76.1,71.4,67.2,62.2,56.5,2002-11-01,Noviembre,2002-11,Noviembre
RF-11,Ramón y Cajal,2002,11,,,,71.1,78.3,73.8,69.3,57.3,44.8,2002-11-01,Noviembre,2002-11,Noviembre
RF-07,Plaza Marqués de Salamanca,2002,11,,,,66.2,72.8,69.0,63.8,52.0,42.9,2002-11-01,Noviembre,2002-11,Noviembre
RF-22,Paseo de Pontones,2002,11,,,,64.9,74.7,67.8,59.2,52.0,46.9,2002-11-01,Noviembre,2002-11,Noviembre
RF-16,Arturo Soria,2002,11,,,,62.7,69.1,65.6,60.5,48.2,40.6,2002-11-01,Noviembre,2002-11,Noviembre
RF-19,Alto de Extremadura,2002,11,,,,63.1,72.1,65.9,60.0,52.7,45.0,2002-11-01,Noviembre,2002-11,Noviembre
RF-15,Plaza de Castilla ubicación antigua,2002,11,,,,69.3,75.5,72.2,67.8,60.5,51.4,2002-11-01,Noviembre,2002-11,Noviembre
RF-09,Plaza Luca de Tena,2002,11,,,,66.9,73.8,69.7,64.9,55.2,47.1,2002-11-01,Noviembre,2002-11,Noviembre
RF-04,Plaza de España,2002,11,,,,71.5,75.3,68.5,64.7,58.9,52.7,2002-11-01,Noviembre,2002-11,Noviembre
RF-20,Avenida de Moratalaz,2002,11,,,,63.9,73.1,67.2,60.4,49.4,39.6,2002-11-01,Noviembre,2002-11,Noviembre
RF-06,Gregorio Marañón,2002,11,,,,73.0,79.9,74.4,69.2,62.5,55.1,2002-11-01,Noviembre,2002-11,Noviembre
RF-24,Casa de Campo,2002,11,,,,50.9,57.7,53.0,49.4,46.1,43.4,2002-11-01,Noviembre,2002-11,Noviembre
RF-14,Plaza Elíptica,2002,11,,,,68.0,75.7,70.9,65.6,57.8,50.3,2002-11-01,Noviembre,2002-11,Noviembre
RF-13,Vallecas,2002,11,,,,60.0,68.7,63.6,55.8,44.3,38.2,2002-11-01,Noviembre,2002-11,Noviembre
RF-12,Manuel Becerra,2002,11,,,,66.0,72.4,66.6,63.1,56.5,49.3,2002-11-01,Noviembre,2002-11,Noviembre
RF-01,Paseo de Recoletos,2002,11,,,,69.8,76.1,73.1,68.1,60.2,54.0,2002-11-01,Noviembre,2002-11,Noviembre
RF-04,Plaza de España,2002,12,,,,66.4,74.0,68.3,64.8,59.6,53.4,2002-12-01,Diciembre,2002-12,Diciembre
RF-13,Vallecas,2002,12,,,,62.9,69.5,63.7,55.9,45.4,38.8,2002-12-01,Diciembre,2002-12,Diciembre
RF-07,Plaza Marqués de Salamanca,2002,12,,,,66.2,72.8,69.0,63.8,52.5,43.5,2002-12-01,Diciembre,2002-12,Diciembre
RF-15,Plaza de Castilla ubicación antigua,2002,12,,,,69.2,75.4,72.2,67.7,60.9,51.7,2002-12-01,Diciembre,2002-12,Diciembre
RF-12,Manuel Becerra,2002,12,,,,65.4,72.1,66.7,63.1,57.2,50.5,2002-12-01,Diciembre,2002-12,Diciembre
RF-09,Plaza Luca de Tena,2002,12,,,,77.5,74.8,69.6,64.8,55.6,48.0,2002-12-01,Diciembre,2002-12,Diciembre
RF-24,Casa de Campo,2002,12,,,,51.6,58.5,53.6,50.1,46.9,44.3,2002-12-01,Diciembre,2002-12,Diciembre
RF-22,Paseo de Pontones,2002,12,,,,65.7,75.6,68.2,59.4,52.6,47.8,2002-12-01,Diciembre,2002-12,Diciembre
RF-25,Santa Eugenia,2002,12,,,,67.6,73.0,70.6,66.9,60.1,51.7,2002-12-01,Diciembre,2002-12,Diciembre
RF-21,Isaac Peral,2002,12,,,,67.7,75.6,69.1,62.6,54.4,48.3,2002-12-01,Diciembre,2002-12,Diciembre
RF-06,Gregorio Marañón,2002,12,,,,71.9,79.7,74.5,69.2,62.6,55.7,2002-12-01,Diciembre,2002-12,Diciembre
RF-23,Calle de Alcalá final,2002,12,,,,64.5,69.1,66.7,63.4,57.4,51.0,2002-12-01,Diciembre,2002-12,Diciembre
RF-11,Ramón y Cajal,2002,12,,,,70.2,76.0,73.0,69.1,57.9,46.9,2002-12-01,Diciembre,2002-12,Diciembre
RF-02,Carlos V,2002,12,,,,68.9,75.7,71.3,67.2,62.3,57.1,2002-12-01,Diciembre,2002-12,Diciembre
RF-14,Plaza Elíptica,2002,12,,,,68.5,75.9,71.0,65.5,58.5,51.3,2002-12-01,Diciembre,2002-12,Diciembre
RF-18,General Ricardos ubicación antigua,2002,12,,,,62.1,66.4,58.9,51.4,40.4,33.7,2002-12-01,Diciembre,2002-12,Diciembre
RF-03,Plaza del Carmen,2002,12,,,,63.5,71.5,65.2,59.2,52.7,48.7,2002-12-01,Diciembre,2002-12,Diciembre
RF-16,Arturo Soria,2002,12,,,,63.0,68.8,65.5,60.7,49.3,42.0,2002-12-01,Diciembre,2002-12,Diciembre
RF-20,Avenida de Moratalaz,2002,12,,,,64.0,72.9,67.1,60.4,51.0,41.7,2002-12-01,Diciembre,2002-12,Diciembre
RF-17,Villaverde,2002,12,,,,62.3,67.6,59.7,53.2,45.1,38.6,2002-12-01,Diciembre,2002-12,Diciembre
RF-19,Alto de Extremadura,2002,12,,,,64.3,72.8,66.5,60.6,54.3,47.7,2002-12-01,Diciembre,2002-12,Diciembre
RF-10,Cuatro Caminos,2002,12,,,,66.7,74.7,70.2,63.0,53.2,45.0,2002-12-01,Diciembre,2002-12,Diciembre
RF-01,Paseo de Recoletos,2002,12,,,,68.9,76.0,72.0,66.5,59.5,53.6,2002-12-01,Diciembre,2002-12,Diciembre
RF-05,Barrio del Pilar,2002,12,,,,62.2,68.8,63.8,59.4,52.1,46.4,2002-12-01,Diciembre,2002-12,Diciembre
RF-25,Santa Eugenia,2003,1,,,,67.7,72.8,70.5,67.1,59.6,51.5,2003-01-01,Enero,2003-01,Enero
RF-27,Barajas Pueblo,2003,1,,,,64.7,74.1,68.8,57.2,44.9,42.4,2003-01-01,Enero,2003-01,Enero
RF-20,Avenida de Moratalaz,2003,1,,,,64.5,72.8,66.9,60.4,49.8,41.3,2003-01-01,Enero,2003-01,Enero
RF-17,Villaverde,2003,1,,,,60.2,66.4,59.4,53.3,45.0,39.0,2003-01-01,Enero,2003-01,Enero
RF-21,Isaac Peral,2003,1,,,,68.0,75.7,69.1,62.7,53.9,48.5,2003-01-01,Enero,2003-01,Enero
RF-14,Plaza Elíptica,2003,1,,,,68.4,75.9,71.0,65.7,58.0,50.3,2003-01-01,Enero,2003-01,Enero
RF-19,Alto de Extremadura,2003,1,,,,64.6,73.1,66.8,61.2,54.2,46.7,2003-01-01,Enero,2003-01,Enero
RF-03,Plaza del Carmen,2003,1,,,,63.6,71.5,65.1,58.7,51.6,47.4,2003-01-01,Enero,2003-01,Enero
RF-22,Paseo de Pontones,2003,1,,,,66.0,75.0,68.2,59.5,52.6,47.5,2003-01-01,Enero,2003-01,Enero
RF-11,Ramón y Cajal,2003,1,,,,70.1,75.9,73.0,69.2,57.0,45.5,2003-01-01,Enero,2003-01,Enero
RF-23,Calle de Alcalá final,2003,1,,,,64.4,69.3,67.0,63.8,57.3,50.3,2003-01-01,Enero,2003-01,Enero
RF-02,Carlos V,2003,1,,,,68.6,75.3,71.3,67.1,62.0,56.2,2003-01-01,Enero,2003-01,Enero
RF-01,Paseo de Recoletos,2003,1,,,,69.5,75.8,73.0,67.3,59.7,53.3,2003-01-01,Enero,2003-01,Enero
RF-18,General Ricardos ubicación antigua,2003,1,,,,58.7,67.0,58.9,51.5,40.7,33.8,2003-01-01,Enero,2003-01,Enero
RF-16,Arturo Soria,2003,1,,,,62.6,68.8,65.6,60.8,48.7,41.0,2003-01-01,Enero,2003-01,Enero
RF-08,Escuelas Aguirre,2003,1,,,,70.3,77.0,73.8,68.2,61.6,53.1,2003-01-01,Enero,2003-01,Enero
RF-04,Plaza de España,2003,1,,,,65.9,72.8,67.9,64.4,58.6,52.4,2003-01-01,Enero,2003-01,Enero
RF-09,Plaza Luca de Tena,2003,1,,,,66.7,73.9,69.4,64.6,54.7,46.2,2003-01-01,Enero,2003-01,Enero
RF-05,Barrio del Pilar,2003,1,,,,62.7,69.1,65.0,60.2,51.7,45.8,2003-01-01,Enero,2003-01,Enero
RF-26,Embajada,2003,1,,,,66.6,73.4,69.8,64.9,55.8,49.0,2003-01-01,Enero,2003-01,Enero
RF-15,Plaza de Castilla ubicación antigua,2003,1,,,,69.2,75.2,72.2,67.8,60.2,51.1,2003-01-01,Enero,2003-01,Enero
RF-07,Plaza Marqués de Salamanca,2003,1,,,,66.2,72.6,69.0,63.9,51.8,42.4,2003-01-01,Enero,2003-01,Enero
RF-12,Manuel Becerra,2003,1,,,,65.1,71.4,66.6,63.1,56.5,49.1,2003-01-01,Enero,2003-01,Enero
RF-24,Casa de Campo,2003,1,,,,51.9,59.6,53.9,50.0,46.7,44.1,2003-01-01,Enero,2003-01,Enero
RF-10,Cuatro Caminos,2003,1,,,,66.5,74.4,70.0,63.0,52.3,43.9,2003-01-01,Enero,2003-01,Enero
RF-13,Vallecas,2003,1,,,,63.0,69.0,63.7,56.0,45.5,39.8,2003-01-01,Enero,2003-01,Enero
RF-25,Santa Eugenia,2003,2,,,,67.9,73.9,70.8,67.2,59.9,51.3,2003-02-01,Febrero,2003-02,Febrero
RF-14,Plaza Elíptica,2003,2,,,,68.6,76.0,71.0,65.6,57.8,50.2,2003-02-01,Febrero,2003-02,Febrero
RF-05,Barrio del Pilar,2003,2,,,,62.9,71.2,65.6,60.2,51.4,45.2,2003-02-01,Febrero,2003-02,Febrero
RF-09,Plaza Luca de Tena,2003,2,,,,66.1,72.8,69.0,64.4,54.8,46.2,2003-02-01,Febrero,2003-02,Febrero
RF-10,Cuatro Caminos,2003,2,,,,66.3,74.2,69.9,63.0,52.2,44.1,2003-02-01,Febrero,2003-02,Febrero
RF-21,Isaac Peral,2003,2,,,,68.1,75.7,69.0,62.8,53.5,48.0,2003-02-01,Febrero,2003-02,Febrero
RF-08,Escuelas Aguirre,2003,2,,,,70.5,77.3,74.0,68.5,61.5,52.0,2003-02-01,Febrero,2003-02,Febrero
RF-18,General Ricardos ubicación antigua,2003,2,,,,56.7,66.2,58.8,51.4,41.1,33.5,2003-02-01,Febrero,2003-02,Febrero
RF-06,Gregorio Marañón,2003,2,,,,72.0,78.4,75.1,69.7,62.9,55.2,2003-02-01,Febrero,2003-02,Febrero
RF-11,Ramón y Cajal,2003,2,,,,70.2,76.3,73.0,69.1,56.9,45.4,2003-02-01,Febrero,2003-02,Febrero
RF-03,Plaza del Carmen,2003,2,,,,62.6,71.5,65.0,58.5,51.0,45.9,2003-02-01,Febrero,2003-02,Febrero
RF-15,Plaza de Castilla ubicación antigua,2003,2,,,,69.2,75.6,72.1,67.8,60.1,50.5,2003-02-01,Febrero,2003-02,Febrero
RF-27,Barajas Pueblo,2003,2,,,,64.5,74.1,68.8,57.4,46.1,42.8,2003-02-01,Febrero,2003-02,Febrero
RF-16,Arturo Soria,2003,2,,,,62.2,69.0,65.4,60.4,47.9,39.1,2003-02-01,Febrero,2003-02,Febrero
RF-22,Paseo de Pontones,2003,2,,,,65.1,75.0,67.9,59.3,52.2,47.3,2003-02-01,Febrero,2003-02,Febrero
RF-04,Plaza de España,2003,2,,,,65.9,72.8,68.1,64.7,58.8,52.3,2003-02-01,Febrero,2003-02,Febrero
RF-24,Casa de Campo,2003,2,,,,52.0,59.2,53.8,49.5,46.2,43.3,2003-02-01,Febrero,2003-02,Febrero
RF-23,Calle de Alcalá final,2003,2,,,,64.0,69.5,66.6,63.5,56.9,50.0,2003-02-01,Febrero,2003-02,Febrero
RF-17,Villaverde,2003,2,,,,56.4,65.4,59.0,52.6,43.3,37.8,2003-02-01,Febrero,2003-02,Febrero
RF-20,Avenida de Moratalaz,2003,2,,,,63.8,72.9,66.9,60.3,48.9,39.4,2003-02-01,Febrero,2003-02,Febrero
RF-01,Paseo de Recoletos,2003,2,,,,69.8,75.9,73.2,68.0,60.2,53.7,2003-02-01,Febrero,2003-02,Febrero
RF-19,Alto de Extremadura,2003,2,,,,63.0,72.2,65.8,59.7,52.2,44.4,2003-02-01,Febrero,2003-02,Febrero
RF-02,Carlos V,2003,2,,,,69.0,76.4,71.4,67.2,62.1,56.0,2003-02-01,Febrero,2003-02,Febrero
RF-26,Embajada,2003,2,,,,66.7,73.6,70.0,65.1,56.0,49.3,2003-02-01,Febrero,2003-02,Febrero
RF-07,Plaza Marqués de Salamanca,2003,2,,,,66.1,72.8,68.9,64.0,51.6,41.9,2003-02-01,Febrero,2003-02,Febrero
RF-12,Manuel Becerra,2003,2,,,,65.9,73.3,66.7,63.0,56.1,48.4,2003-02-01,Febrero,2003-02,Febrero
RF-13,Vallecas,2003,2,,,,59.7,68.6,63.3,55.5,44.4,38.2,2003-02-01,Febrero,2003-02,Febrero
RF-23,Calle de Alcalá final,2003,3,,,,63.1,68.5,65.8,62.5,56.7,50.0,2003-03-01,Marzo,2003-03,Marzo
RF-10,Cuatro Caminos,2003,3,,,,65.7,73.7,69.2,62.4,52.2,44.0,2003-03-01,Marzo,2003-03,Marzo
RF-11,Ramón y Cajal,2003,3,,,,69.6,75.7,72.4,68.4,57.1,45.8,2003-03-01,Marzo,2003-03,Marzo
RF-05,Barrio del Pilar,2003,3,,,,61.7,68.2,64.6,59.7,51.6,45.5,2003-03-01,Marzo,2003-03,Marzo
RF-02,Carlos V,2003,3,,,,68.5,75.7,71.0,66.9,62.2,56.3,2003-03-01,Marzo,2003-03,Marzo
RF-08,Escuelas Aguirre,2003,3,,,,70.8,77.7,73.6,68.1,61.2,51.9,2003-03-01,Marzo,2003-03,Marzo
RF-03,Plaza del Carmen,2003,3,,,,63.0,72.0,65.0,58.6,50.8,43.4,2003-03-01,Marzo,2003-03,Marzo
RF-18,General Ricardos ubicación antigua,2003,3,,,,56.9,66.3,58.9,52.0,43.1,35.3,2003-03-01,Marzo,2003-03,Marzo
RF-17,Villaverde,2003,3,,,,57.3,65.9,58.8,52.4,43.5,38.3,2003-03-01,Marzo,2003-03,Marzo
RF-20,Avenida de Moratalaz,2003,3,,,,63.4,72.8,66.4,59.3,48.7,38.8,2003-03-01,Marzo,2003-03,Marzo
RF-12,Manuel Becerra,2003,3,,,,64.7,71.1,66.1,62.6,56.2,48.9,2003-03-01,Marzo,2003-03,Marzo
RF-19,Alto de Extremadura,2003,3,,,,62.5,71.6,65.2,59.3,53.0,45.0,2003-03-01,Marzo,2003-03,Marzo
RF-14,Plaza Elíptica,2003,3,,,,67.6,75.3,70.5,65.1,57.8,50.4,2003-03-01,Marzo,2003-03,Marzo
RF-01,Paseo de Recoletos,2003,3,,,,69.4,75.7,72.6,67.6,59.9,53.5,2003-03-01,Marzo,2003-03,Marzo
RF-15,Plaza de Castilla ubicación antigua,2003,3,,,,68.6,74.9,71.6,67.1,60.0,50.5,2003-03-01,Marzo,2003-03,Marzo
RF-06,Gregorio Marañón,2003,3,,,,71.5,78.2,74.8,69.3,62.9,55.5,2003-03-01,Marzo,2003-03,Marzo
RF-13,Vallecas,2003,3,,,,59.7,68.6,62.9,55.4,45.0,39.2,2003-03-01,Marzo,2003-03,Marzo
RF-07,Plaza Marqués de Salamanca,2003,3,,,,65.3,72.4,68.4,63.3,51.5,42.7,2003-03-01,Marzo,2003-03,Marzo
RF-16,Arturo Soria,2003,3,,,,62.0,68.3,64.7,59.9,47.9,39.8,2003-03-01,Marzo,2003-03,Marzo
RF-22,Paseo de Pontones,2003,3,,,,64.8,74.5,67.3,58.8,51.9,46.3,2003-03-01,Marzo,2003-03,Marzo
RF-26,Embajada,2003,3,,,,66.3,73.6,69.5,64.6,56.0,49.6,2003-03-01,Marzo,2003-03,Marzo
RF-27,Barajas Pueblo,2003,3,,,,64.1,73.7,68.4,57.3,47.0,42.6,2003-03-01,Marzo,2003-03,Marzo
RF-25,Santa Eugenia,2003,3,,,,67.4,73.4,70.4,66.8,60.0,51.5,2003-03-01,Marzo,2003-03,Marzo
RF-04,Plaza de España,2003,3,,,,65.7,73.4,67.8,64.3,58.9,52.0,2003-03-01,Marzo,2003-03,Marzo
RF-21,Isaac Peral,2003,3,,,,68.1,75.6,68.5,62.3,53.7,47.4,2003-03-01,Marzo,2003-03,Marzo
RF-24,Casa de Campo,2003,3,,,,51.8,59.0,54.4,49.8,46.6,44.2,2003-03-01,Marzo,2003-03,Marzo
RF-09,Plaza Luca de Tena,2003,3,,,,66.2,73.2,69.1,64.4,54.6,45.9,2003-03-01,Marzo,2003-03,Marzo
RF-13,Vallecas,2003,4,,,,63.2,71.0,62.9,55.1,44.6,38.7,2003-04-01,Abril,2003-04,Abril
RF-20,Avenida de Moratalaz,2003,4,,,,63.3,72.3,66.3,59.6,48.8,40.3,2003-04-01,Abril,2003-04,Abril
RF-03,Plaza del Carmen,2003,4,,,,62.2,70.8,64.7,58.8,51.5,43.6,2003-04-01,Abril,2003-04,Abril
RF-17,Villaverde,2003,4,,,,56.0,64.9,58.4,52.0,42.4,36.3,2003-04-01,Abril,2003-04,Abril
RF-24,Casa de Campo,2003,4,,,,52.5,60.9,54.8,49.7,46.3,44.0,2003-04-01,Abril,2003-04,Abril
RF-07,Plaza Marqués de Salamanca,2003,4,,,,65.0,72.0,68.2,62.8,50.4,42.3,2003-04-01,Abril,2003-04,Abril
RF-27,Barajas Pueblo,2003,4,,,,64.7,74.4,68.3,57.7,45.5,41.3,2003-04-01,Abril,2003-04,Abril
RF-09,Plaza Luca de Tena,2003,4,,,,66.2,73.7,69.2,64.3,54.1,44.8,2003-04-01,Abril,2003-04,Abril
RF-14,Plaza Elíptica,2003,4,,,,67.6,75.5,70.4,64.8,57.4,50.1,2003-04-01,Abril,2003-04,Abril
RF-01,Paseo de Recoletos,2003,4,,,,69.0,75.4,72.3,67.3,59.4,53.3,2003-04-01,Abril,2003-04,Abril
RF-16,Arturo Soria,2003,4,,,,61.7,68.2,64.6,59.5,47.0,39.4,2003-04-01,Abril,2003-04,Abril
RF-15,Plaza de Castilla ubicación antigua,2003,4,,,,68.6,74.9,71.6,67.0,59.4,50.4,2003-04-01,Abril,2003-04,Abril
RF-06,Gregorio Marañón,2003,4,,,,71.3,77.8,74.6,69.0,62.2,55.6,2003-04-01,Abril,2003-04,Abril
RF-25,Santa Eugenia,2003,4,,,,67.1,72.5,70.1,66.4,59.9,51.3,2003-04-01,Abril,2003-04,Abril
RF-19,Alto de Extremadura,2003,4,,,,62.5,71.5,65.1,59.2,51.8,43.8,2003-04-01,Abril,2003-04,Abril
RF-22,Paseo de Pontones,2003,4,,,,64.5,73.9,66.9,58.4,50.9,44.7,2003-04-01,Abril,2003-04,Abril
RF-12,Manuel Becerra,2003,4,,,,64.6,72.0,66.2,62.6,56.1,49.4,2003-04-01,Abril,2003-04,Abril
RF-18,General Ricardos ubicación antigua,2003,4,,,,57.8,67.4,58.6,51.2,39.8,34.0,2003-04-01,Abril,2003-04,Abril
RF-26,Embajada,2003,4,,,,66.0,73.2,69.1,64.3,56.1,49.1,2003-04-01,Abril,2003-04,Abril
RF-02,Carlos V,2003,4,,,,68.7,77.8,70.8,66.4,61.6,55.9,2003-04-01,Abril,2003-04,Abril
RF-05,Barrio del Pilar,2003,4,,,,61.7,68.4,64.5,59.5,51.0,45.1,2003-04-01,Abril,2003-04,Abril
RF-10,Cuatro Caminos,2003,4,,,,65.6,73.7,69.2,61.8,51.5,44.0,2003-04-01,Abril,2003-04,Abril
RF-04,Plaza de España,2003,4,,,,65.6,73.3,67.8,64.1,58.1,52.1,2003-04-01,Abril,2003-04,Abril
RF-21,Isaac Peral,2003,4,,,,66.9,74.7,68.3,61.8,53.0,48.0,2003-04-01,Abril,2003-04,Abril
RF-11,Ramón y Cajal,2003,4,,,,69.2,75.4,72.1,68.0,55.8,44.6,2003-04-01,Abril,2003-04,Abril
RF-08,Escuelas Aguirre,2003,4,,,,70.0,77.5,73.4,67.7,61.0,52.0,2003-04-01,Abril,2003-04,Abril
RF-23,Calle de Alcalá final,2003,4,,,,63.1,68.8,66.1,62.3,56.1,49.2,2003-04-01,Abril,2003-04,Abril
RF-08,Escuelas Aguirre,2003,5,,,,69.4,76.4,72.8,67.2,61.1,52.3,2003-05-01,Mayo,2003-05,Mayo
RF-15,Plaza de Castilla ubicación antigua,2003,5,,,,68.2,74.9,71.1,66.7,59.7,51.4,2003-05-01,Mayo,2003-05,Mayo
RF-24,Casa de Campo,2003,5,,,,51.5,59.0,53.9,49.0,46.0,43.3,2003-05-01,Mayo,2003-05,Mayo
RF-09,Plaza Luca de Tena,2003,5,,,,65.9,73.7,68.8,63.9,54.4,45.4,2003-05-01,Mayo,2003-05,Mayo
RF-23,Calle de Alcalá final,2003,5,,,,63.0,68.8,65.8,62.0,56.6,50.5,2003-05-01,Mayo,2003-05,Mayo
RF-05,Barrio del Pilar,2003,5,,,,61.9,68.8,64.2,59.4,51.6,45.2,2003-05-01,Mayo,2003-05,Mayo
RF-14,Plaza Elíptica,2003,5,,,,67.4,75.3,70.1,64.8,57.8,51.1,2003-05-01,Mayo,2003-05,Mayo
RF-16,Arturo Soria,2003,5,,,,60.6,67.4,63.8,59.0,47.8,41.1,2003-05-01,Mayo,2003-05,Mayo
RF-01,Paseo de Recoletos,2003,5,,,,68.7,75.4,71.8,66.9,59.3,53.1,2003-05-01,Mayo,2003-05,Mayo
RF-22,Paseo de Pontones,2003,5,,,,63.6,73.4,66.5,58.2,51.0,44.3,2003-05-01,Mayo,2003-05,Mayo
RF-11,Ramón y Cajal,2003,5,,,,69.1,75.1,71.7,67.4,53.9,42.3,2003-05-01,Mayo,2003-05,Mayo
RF-07,Plaza Marqués de Salamanca,2003,5,,,,64.7,71.8,67.8,62.5,51.3,43.8,2003-05-01,Mayo,2003-05,Mayo
RF-02,Carlos V,2003,5,,,,70.6,81.3,70.7,66.2,61.6,56.3,2003-05-01,Mayo,2003-05,Mayo
RF-26,Embajada,2003,5,,,,65.0,72.5,68.2,63.0,55.5,48.4,2003-05-01,Mayo,2003-05,Mayo
RF-12,Manuel Becerra,2003,5,,,,64.1,71.3,65.8,62.2,55.7,48.9,2003-05-01,Mayo,2003-05,Mayo
RF-27,Barajas Pueblo,2003,5,,,,63.7,73.3,67.5,57.3,46.4,40.3,2003-05-01,Mayo,2003-05,Mayo
RF-10,Cuatro Caminos,2003,5,,,,65.3,73.4,68.8,61.4,51.9,44.2,2003-05-01,Mayo,2003-05,Mayo
RF-19,Alto de Extremadura,2003,5,,,,62.0,71.3,64.7,58.6,52.0,44.1,2003-05-01,Mayo,2003-05,Mayo
RF-13,Vallecas,2003,5,,,,65.7,73.8,61.7,55.2,46.6,40.4,2003-05-01,Mayo,2003-05,Mayo
RF-17,Villaverde,2003,5,,,,55.8,64.7,58.1,51.8,42.3,37.0,2003-05-01,Mayo,2003-05,Mayo
RF-20,Avenida de Moratalaz,2003,5,,,,63.0,72.2,66.1,59.3,49.7,41.9,2003-05-01,Mayo,2003-05,Mayo
RF-04,Plaza de España,2003,5,,,,65.1,72.9,67.4,63.6,58.1,51.8,2003-05-01,Mayo,2003-05,Mayo
RF-25,Santa Eugenia,2003,5,,,,66.9,72.3,69.9,66.1,60.0,52.1,2003-05-01,Mayo,2003-05,Mayo
RF-18,General Ricardos ubicación antigua,2003,5,,,,59.4,67.4,59.0,52.2,42.3,35.0,2003-05-01,Mayo,2003-05,Mayo
RF-06,Gregorio Marañón,2003,5,,,,71.0,77.7,74.1,68.7,62.4,56.0,2003-05-01,Mayo,2003-05,Mayo
RF-03,Plaza del Carmen,2003,5,,,,62.8,71.8,64.9,59.4,52.6,45.3,2003-05-01,Mayo,2003-05,Mayo
RF-21,Isaac Peral,2003,5,,,,66.8,74.4,68.0,61.7,53.2,47.5,2003-05-01,Mayo,2003-05,Mayo
RF-15,Plaza de Castilla ubicación antigua,2003,6,,,,68.3,74.9,71.0,67.0,60.5,51.6,2003-06-01,Junio,2003-06,Junio
RF-16,Arturo Soria,2003,6,,,,60.9,67.4,63.5,59.0,48.3,41.4,2003-06-01,Junio,2003-06,Junio
RF-26,Embajada,2003,6,,,,64.2,71.0,67.4,62.8,55.4,48.4,2003-06-01,Junio,2003-06,Junio
RF-09,Plaza Luca de Tena,2003,6,,,,66.3,74.6,69.2,64.3,54.7,45.8,2003-06-01,Junio,2003-06,Junio
RF-23,Calle de Alcalá final,2003,6,,,,61.8,67.0,64.3,61.1,55.8,49.3,2003-06-01,Junio,2003-06,Junio
RF-24,Casa de Campo,2003,6,,,,51.4,59.3,53.0,49.1,46.3,43.9,2003-06-01,Junio,2003-06,Junio
RF-04,Plaza de España,2003,6,,,,64.9,72.0,67.0,63.5,57.9,51.5,2003-06-01,Junio,2003-06,Junio
RF-11,Ramón y Cajal,2003,6,,,,69.5,75.9,72.2,68.3,57.0,46.2,2003-06-01,Junio,2003-06,Junio
RF-03,Plaza del Carmen,2003,6,,,,62.5,71.0,64.8,59.3,53.5,47.7,2003-06-01,Junio,2003-06,Junio
RF-18,General Ricardos ubicación antigua,2003,6,,,,56.9,66.5,59.1,52.0,41.0,34.2,2003-06-01,Junio,2003-06,Junio
RF-13,Vallecas,2003,6,,,,58.7,67.5,60.9,55.0,48.6,40.1,2003-06-01,Junio,2003-06,Junio
RF-12,Manuel Becerra,2003,6,,,,65.4,71.1,66.0,62.3,55.7,48.9,2003-06-01,Junio,2003-06,Junio
RF-08,Escuelas Aguirre,2003,6,,,,69.4,76.5,72.7,67.2,61.2,53.2,2003-06-01,Junio,2003-06,Junio
RF-01,Paseo de Recoletos,2003,6,,,,68.7,75.1,71.6,67.1,59.8,53.7,2003-06-01,Junio,2003-06,Junio
RF-10,Cuatro Caminos,2003,6,,,,65.3,73.3,68.7,61.6,51.8,43.7,2003-06-01,Junio,2003-06,Junio
RF-20,Avenida de Moratalaz,2003,6,,,,63.1,72.3,65.8,59.4,49.6,41.6,2003-06-01,Junio,2003-06,Junio
RF-25,Santa Eugenia,2003,6,,,,67.5,71.9,69.6,66.1,60.2,52.3,2003-06-01,Junio,2003-06,Junio
RF-27,Barajas Pueblo,2003,6,,,,62.6,71.9,66.6,56.6,48.1,40.7,2003-06-01,Junio,2003-06,Junio
RF-07,Plaza Marqués de Salamanca,2003,6,,,,64.8,71.7,67.7,62.6,51.1,45.0,2003-06-01,Junio,2003-06,Junio
RF-14,Plaza Elíptica,2003,6,,,,67.2,75.1,69.8,64.6,57.8,51.3,2003-06-01,Junio,2003-06,Junio
RF-17,Villaverde,2003,6,,,,55.9,64.7,57.8,51.7,43.3,37.8,2003-06-01,Junio,2003-06,Junio
RF-22,Paseo de Pontones,2003,6,,,,65.0,74.1,66.5,58.2,50.6,44.2,2003-06-01,Junio,2003-06,Junio
RF-21,Isaac Peral,2003,6,,,,66.8,74.7,68.1,62.0,53.0,47.1,2003-06-01,Junio,2003-06,Junio
RF-05,Barrio del Pilar,2003,6,,,,61.4,67.7,64.0,59.4,51.7,45.2,2003-06-01,Junio,2003-06,Junio
RF-06,Gregorio Marañón,2003,6,,,,71.1,78.0,74.0,68.7,62.1,55.6,2003-06-01,Junio,2003-06,Junio
RF-19,Alto de Extremadura,2003,6,,,,61.9,71.3,64.5,58.5,51.8,44.2,2003-06-01,Junio,2003-06,Junio
RF-02,Carlos V,2003,6,,,,68.1,75.5,70.4,66.2,61.6,56.3,2003-06-01,Junio,2003-06,Junio
RF-10,Cuatro Caminos,2003,7,,,,64.8,73.8,68.1,60.2,51.6,43.4,2003-07-01,Julio,2003-07,Julio
RF-18,General Ricardos ubicación antigua,2003,7,,,,56.0,65.8,57.8,50.0,40.4,33.9,2003-07-01,Julio,2003-07,Julio
RF-03,Plaza del Carmen,2003,7,,,,61.8,70.7,64.4,58.5,52.6,47.5,2003-07-01,Julio,2003-07,Julio
RF-02,Carlos V,2003,7,,,,67.6,74.7,70.2,66.2,61.5,56.3,2003-07-01,Julio,2003-07,Julio
RF-09,Plaza Luca de Tena,2003,7,,,,65.9,73.8,68.7,63.9,54.4,46.1,2003-07-01,Julio,2003-07,Julio
RF-17,Villaverde,2003,7,,,,61.3,68.6,58.0,50.9,42.9,38.1,2003-07-01,Julio,2003-07,Julio
RF-11,Ramón y Cajal,2003,7,,,,68.5,74.7,71.4,67.4,56.0,45.8,2003-07-01,Julio,2003-07,Julio
RF-07,Plaza Marqués de Salamanca,2003,7,,,,64.4,71.4,67.5,62.2,50.6,44.8,2003-07-01,Julio,2003-07,Julio
RF-13,Vallecas,2003,7,,,,58.0,67.0,60.5,54.4,48.1,40.1,2003-07-01,Julio,2003-07,Julio
RF-08,Escuelas Aguirre,2003,7,,,,69.1,76.1,72.6,67.0,61.0,53.7,2003-07-01,Julio,2003-07,Julio
RF-12,Manuel Becerra,2003,7,,,,66.9,70.7,65.7,62.2,56.1,50.1,2003-07-01,Julio,2003-07,Julio
RF-14,Plaza Elíptica,2003,7,,,,68.1,77.4,70.5,64.5,57.6,51.3,2003-07-01,Julio,2003-07,Julio
RF-19,Alto de Extremadura,2003,7,,,,61.5,71.0,64.2,58.0,51.5,44.7,2003-07-01,Julio,2003-07,Julio
RF-05,Barrio del Pilar,2003,7,,,,61.2,67.7,64.0,59.2,51.7,45.1,2003-07-01,Julio,2003-07,Julio
RF-25,Santa Eugenia,2003,7,,,,66.8,72.0,69.7,66.0,60.6,53.2,2003-07-01,Julio,2003-07,Julio
RF-20,Avenida de Moratalaz,2003,7,,,,62.6,71.7,65.3,58.7,49.3,42.0,2003-07-01,Julio,2003-07,Julio
RF-06,Gregorio Marañón,2003,7,,,,70.6,77.5,73.9,68.4,62.0,56.0,2003-07-01,Julio,2003-07,Julio
RF-23,Calle de Alcalá final,2003,7,,,,61.8,66.9,64.1,61.0,56.4,51.2,2003-07-01,Julio,2003-07,Julio
RF-15,Plaza de Castilla ubicación antigua,2003,7,,,,68.3,74.8,71.1,67.0,60.5,52.1,2003-07-01,Julio,2003-07,Julio
RF-26,Embajada,2003,7,,,,64.9,71.7,67.1,62.6,56.0,49.3,2003-07-01,Julio,2003-07,Julio
RF-04,Plaza de España,2003,7,,,,65.0,73.3,67.0,63.4,57.6,52.0,2003-07-01,Julio,2003-07,Julio
RF-16,Arturo Soria,2003,7,,,,60.5,67.2,63.5,58.6,47.4,40.4,2003-07-01,Julio,2003-07,Julio
RF-21,Isaac Peral,2003,7,,,,65.9,74.0,67.7,61.4,52.3,46.4,2003-07-01,Julio,2003-07,Julio
RF-01,Paseo de Recoletos,2003,7,,,,68.9,74.8,71.6,66.9,59.5,53.6,2003-07-01,Julio,2003-07,Julio
RF-22,Paseo de Pontones,2003,7,,,,65.8,74.9,66.5,57.5,50.5,44.9,2003-07-01,Julio,2003-07,Julio
RF-27,Barajas Pueblo,2003,7,,,,61.1,70.7,65.1,54.9,51.6,41.5,2003-07-01,Julio,2003-07,Julio
RF-24,Casa de Campo,2003,7,,,,52.9,62.9,53.0,49.3,46.6,44.4,2003-07-01,Julio,2003-07,Julio
RF-11,Ramón y Cajal,2003,8,,,,67.6,74.7,71.1,65.2,52.0,34.4,2003-08-01,Agosto,2003-08,Agosto
RF-12,Manuel Becerra,2003,8,,,,63.1,69.2,64.8,61.1,55.0,49.7,2003-08-01,Agosto,2003-08,Agosto
RF-08,Escuelas Aguirre,2003,8,,,,68.4,75.5,71.6,66.1,60.1,53.2,2003-08-01,Agosto,2003-08,Agosto
RF-20,Avenida de Moratalaz,2003,8,,,,61.3,70.7,64.0,57.4,48.6,41.9,2003-08-01,Agosto,2003-08,Agosto
RF-23,Calle de Alcalá final,2003,8,,,,61.3,66.7,63.9,60.5,55.7,51.2,2003-08-01,Agosto,2003-08,Agosto
RF-02,Carlos V,2003,8,,,,67.4,76.4,69.5,65.1,60.6,55.8,2003-08-01,Agosto,2003-08,Agosto
RF-27,Barajas Pueblo,2003,8,,,,60.2,69.9,63.5,54.4,52.1,42.3,2003-08-01,Agosto,2003-08,Agosto
RF-26,Embajada,2003,8,,,,63.2,69.9,66.1,61.7,56.2,50.1,2003-08-01,Agosto,2003-08,Agosto
RF-22,Paseo de Pontones,2003,8,,,,62.8,72.8,65.1,56.4,49.9,44.3,2003-08-01,Agosto,2003-08,Agosto
RF-05,Barrio del Pilar,2003,8,,,,61.0,67.8,63.8,58.6,51.4,45.0,2003-08-01,Agosto,2003-08,Agosto
RF-03,Plaza del Carmen,2003,8,,,,61.3,70.2,63.7,57.7,52.1,47.4,2003-08-01,Agosto,2003-08,Agosto
RF-10,Cuatro Caminos,2003,8,,,,63.3,72.0,66.8,58.7,50.2,42.6,2003-08-01,Agosto,2003-08,Agosto
RF-09,Plaza Luca de Tena,2003,8,,,,65.3,72.9,68.3,63.2,53.2,45.6,2003-08-01,Agosto,2003-08,Agosto
RF-25,Santa Eugenia,2003,8,,,,66.5,71.8,69.5,65.8,60.4,52.7,2003-08-01,Agosto,2003-08,Agosto
RF-07,Plaza Marqués de Salamanca,2003,8,,,,62.9,70.5,66.3,59.7,48.3,43.6,2003-08-01,Agosto,2003-08,Agosto
RF-24,Casa de Campo,2003,8,,,,50.2,57.8,52.3,48.4,45.6,43.5,2003-08-01,Agosto,2003-08,Agosto
RF-15,Plaza de Castilla ubicación antigua,2003,8,,,,67.6,74.4,70.8,66.0,59.6,51.8,2003-08-01,Agosto,2003-08,Agosto
RF-04,Plaza de España,2003,8,,,,64.2,71.7,66.3,62.8,57.2,52.3,2003-08-01,Agosto,2003-08,Agosto
RF-19,Alto de Extremadura,2003,8,,,,60.7,70.3,63.2,57.0,50.6,44.0,2003-08-01,Agosto,2003-08,Agosto
RF-17,Villaverde,2003,8,,,,54.7,64.3,56.0,48.8,41.5,37.4,2003-08-01,Agosto,2003-08,Agosto
RF-06,Gregorio Marañón,2003,8,,,,69.5,76.5,72.9,66.8,60.7,55.2,2003-08-01,Agosto,2003-08,Agosto
RF-13,Vallecas,2003,8,,,,57.9,66.8,59.9,53.2,47.5,39.2,2003-08-01,Agosto,2003-08,Agosto
RF-14,Plaza Elíptica,2003,8,,,,66.3,74.5,69.1,63.3,57.0,51.7,2003-08-01,Agosto,2003-08,Agosto
RF-18,General Ricardos ubicación antigua,2003,8,,,,55.6,65.6,57.7,50.7,41.3,34.9,2003-08-01,Agosto,2003-08,Agosto
RF-21,Isaac Peral,2003,8,,,,64.8,72.9,66.4,59.6,50.6,45.1,2003-08-01,Agosto,2003-08,Agosto
RF-16,Arturo Soria,2003,8,,,,59.8,66.7,62.9,57.3,45.8,40.2,2003-08-01,Agosto,2003-08,Agosto
RF-01,Paseo de Recoletos,2003,8,,,,67.8,74.2,71.1,65.7,58.4,53.0,2003-08-01,Agosto,2003-08,Agosto
RF-21,Isaac Peral,2003,9,,,,66.0,73.8,67.8,61.4,51.6,44.2,2003-09-01,Septiembre,2003-09,Septiembre
RF-11,Ramón y Cajal,2003,9,,,,69.7,76.4,72.6,68.5,56.6,44.8,2003-09-01,Septiembre,2003-09,Septiembre
RF-13,Vallecas,2003,9,,,,59.4,68.2,61.2,54.7,46.5,38.6,2003-09-01,Septiembre,2003-09,Septiembre
RF-05,Barrio del Pilar,2003,9,,,,61.3,68.0,64.3,59.4,51.5,45.0,2003-09-01,Septiembre,2003-09,Septiembre
RF-01,Paseo de Recoletos,2003,9,,,,68.8,75.5,71.9,67.0,59.4,53.3,2003-09-01,Septiembre,2003-09,Septiembre
RF-27,Barajas Pueblo,2003,9,,,,62.2,71.6,65.9,55.6,46.9,41.1,2003-09-01,Septiembre,2003-09,Septiembre
RF-04,Plaza de España,2003,9,,,,64.8,71.8,67.1,63.7,58.0,53.1,2003-09-01,Septiembre,2003-09,Septiembre
RF-22,Paseo de Pontones,2003,9,,,,64.3,74.0,66.4,57.8,50.4,44.5,2003-09-01,Septiembre,2003-09,Septiembre
RF-09,Plaza Luca de Tena,2003,9,,,,66.7,75.3,69.6,64.5,54.0,45.7,2003-09-01,Septiembre,2003-09,Septiembre
RF-24,Casa de Campo,2003,9,,,,52.2,61.9,53.1,48.0,45.0,42.5,2003-09-01,Septiembre,2003-09,Septiembre
RF-20,Avenida de Moratalaz,2003,9,,,,62.9,71.9,65.9,59.2,49.1,41.1,2003-09-01,Septiembre,2003-09,Septiembre
RF-25,Santa Eugenia,2003,9,,,,67.4,72.8,70.3,66.9,60.7,52.7,2003-09-01,Septiembre,2003-09,Septiembre
RF-16,Arturo Soria,2003,9,,,,61.0,68.2,63.8,59.0,47.1,40.1,2003-09-01,Septiembre,2003-09,Septiembre
RF-06,Gregorio Marañón,2003,9,,,,71.0,77.9,74.2,68.7,62.1,55.4,2003-09-01,Septiembre,2003-09,Septiembre
RF-26,Embajada,2003,9,,,,64.3,70.8,67.4,63.0,55.9,49.0,2003-09-01,Septiembre,2003-09,Septiembre
RF-23,Calle de Alcalá final,2003,9,,,,62.4,67.6,65.0,61.8,56.3,50.1,2003-09-01,Septiembre,2003-09,Septiembre
RF-10,Cuatro Caminos,2003,9,,,,65.3,73.7,68.8,61.2,51.0,43.3,2003-09-01,Septiembre,2003-09,Septiembre
RF-19,Alto de Extremadura,2003,9,,,,62.1,71.4,64.7,58.5,51.6,44.2,2003-09-01,Septiembre,2003-09,Septiembre
RF-14,Plaza Elíptica,2003,9,,,,69.2,74.9,70.0,64.5,57.8,51.4,2003-09-01,Septiembre,2003-09,Septiembre
RF-07,Plaza Marqués de Salamanca,2003,9,,,,66.1,73.1,68.0,62.6,50.9,43.9,2003-09-01,Septiembre,2003-09,Septiembre
RF-03,Plaza del Carmen,2003,9,,,,62.4,71.6,64.9,58.8,51.5,45.4,2003-09-01,Septiembre,2003-09,Septiembre
RF-08,Escuelas Aguirre,2003,9,,,,69.4,76.7,72.9,67.2,61.0,52.8,2003-09-01,Septiembre,2003-09,Septiembre
RF-15,Plaza de Castilla ubicación antigua,2003,9,,,,68.3,75.0,71.2,66.9,59.8,51.3,2003-09-01,Septiembre,2003-09,Septiembre
RF-17,Villaverde,2003,9,,,,55.9,64.7,57.4,50.6,41.9,36.9,2003-09-01,Septiembre,2003-09,Septiembre
RF-18,General Ricardos ubicación antigua,2003,9,,,,56.5,65.8,58.6,51.8,41.9,35.1,2003-09-01,Septiembre,2003-09,Septiembre
RF-02,Carlos V,2003,9,,,,68.1,75.8,70.6,66.2,61.4,55.7,2003-09-01,Septiembre,2003-09,Septiembre
RF-12,Manuel Becerra,2003,9,,,,64.4,70.7,65.9,62.2,55.7,49.8,2003-09-01,Septiembre,2003-09,Septiembre
RF-26,Embajada,2003,10,,,,65.3,71.7,68.5,64.2,55.9,48.0,2003-10-01,Octubre,2003-10,Octubre
RF-20,Avenida de Moratalaz,2003,10,,,,63.7,72.9,66.9,60.3,48.9,40.5,2003-10-01,Octubre,2003-10,Octubre
RF-22,Paseo de Pontones,2003,10,,,,64.6,74.4,67.5,59.1,51.1,44.7,2003-10-01,Octubre,2003-10,Octubre
RF-25,Santa Eugenia,2003,10,,,,68.6,73.8,71.3,68.3,61.2,52.2,2003-10-01,Octubre,2003-10,Octubre
RF-16,Arturo Soria,2003,10,,,,62.1,68.8,65.1,60.5,48.3,40.6,2003-10-01,Octubre,2003-10,Octubre
RF-06,Gregorio Marañón,2003,10,,,,71.7,78.5,74.8,69.6,62.4,55.2,2003-10-01,Octubre,2003-10,Octubre
RF-17,Villaverde,2003,10,,,,58.0,66.5,59.0,52.7,43.4,36.5,2003-10-01,Octubre,2003-10,Octubre
RF-04,Plaza de España,2003,10,,,,65.7,72.7,67.8,64.3,58.5,52.6,2003-10-01,Octubre,2003-10,Octubre
RF-07,Plaza Marqués de Salamanca,2003,10,,,,66.3,72.8,68.9,63.9,52.0,43.1,2003-10-01,Octubre,2003-10,Octubre
RF-27,Barajas Pueblo,2003,10,,,,62.6,72.2,66.8,55.8,44.2,39.1,2003-10-01,Octubre,2003-10,Octubre
RF-02,Carlos V,2003,10,,,,69.0,76.2,71.5,67.3,62.1,55.9,2003-10-01,Octubre,2003-10,Octubre
RF-12,Manuel Becerra,2003,10,,,,64.8,71.7,66.6,63.0,56.4,49.3,2003-10-01,Octubre,2003-10,Octubre
RF-14,Plaza Elíptica,2003,10,,,,68.4,73.8,71.2,65.9,58.3,51.3,2003-10-01,Octubre,2003-10,Octubre
RF-24,Casa de Campo,2003,10,,,,51.2,58.8,52.8,48.7,45.3,42.5,2003-10-01,Octubre,2003-10,Octubre
RF-18,General Ricardos ubicación antigua,2003,10,,,,58.4,67.8,60.8,53.3,43.5,36.1,2003-10-01,Octubre,2003-10,Octubre
RF-03,Plaza del Carmen,2003,10,,,,62.6,71.9,65.2,58.7,51.2,44.1,2003-10-01,Octubre,2003-10,Octubre
RF-05,Barrio del Pilar,2003,10,,,,64.6,75.6,65.6,60.3,51.5,44.9,2003-10-01,Octubre,2003-10,Octubre
RF-19,Alto de Extremadura,2003,10,,,,62.8,72.0,65.7,59.8,52.4,44.6,2003-10-01,Octubre,2003-10,Octubre
RF-01,Paseo de Recoletos,2003,10,,,,69.7,76.3,72.8,67.6,60.0,53.3,2003-10-01,Octubre,2003-10,Octubre
RF-09,Plaza Luca de Tena,2003,10,,,,66.7,73.8,69.7,64.8,55.0,46.9,2003-10-01,Octubre,2003-10,Octubre
RF-15,Plaza de Castilla ubicación antigua,2003,10,,,,69.4,75.6,72.4,68.1,60.6,51.6,2003-10-01,Octubre,2003-10,Octubre
RF-21,Isaac Peral,2003,10,,,,67.4,75.1,69.0,63.0,53.7,45.1,2003-10-01,Octubre,2003-10,Octubre
RF-13,Vallecas,2003,10,,,,59.4,68.7,61.9,55.7,46.3,37.8,2003-10-01,Octubre,2003-10,Octubre
RF-23,Calle de Alcalá final,2003,10,,,,63.7,68.8,66.2,63.3,57.1,50.1,2003-10-01,Octubre,2003-10,Octubre
RF-08,Escuelas Aguirre,2003,10,,,,70.4,77.5,73.9,68.4,61.7,52.3,2003-10-01,Octubre,2003-10,Octubre
RF-11,Ramón y Cajal,2003,10,,,,70.1,76.3,72.9,69.1,56.9,45.0,2003-10-01,Octubre,2003-10,Octubre
RF-10,Cuatro Caminos,2003,10,,,,66.4,74.5,70.0,62.9,51.4,43.1,2003-10-01,Octubre,2003-10,Octubre
RF-20,Avenida de Moratalaz,2003,11,,,,63.6,72.6,66.7,60.3,50.1,42.1,2003-11-01,Noviembre,2003-11,Noviembre
RF-25,Santa Eugenia,2003,11,,,,68.6,73.5,71.4,68.4,61.4,52.8,2003-11-01,Noviembre,2003-11,Noviembre
RF-23,Calle de Alcalá final,2003,11,,,,63.9,69.1,66.6,63.3,57.6,51.2,2003-11-01,Noviembre,2003-11,Noviembre
RF-17,Villaverde,2003,11,,,,57.2,66.0,58.9,52.6,44.3,38.0,2003-11-01,Noviembre,2003-11,Noviembre
RF-24,Casa de Campo,2003,11,,,,50.4,56.8,52.7,48.7,45.5,43.1,2003-11-01,Noviembre,2003-11,Noviembre
RF-16,Arturo Soria,2003,11,,,,62.4,68.9,65.3,60.6,48.6,41.6,2003-11-01,Noviembre,2003-11,Noviembre
RF-21,Isaac Peral,2003,11,,,,67.9,75.9,69.1,63.1,54.0,45.6,2003-11-01,Noviembre,2003-11,Noviembre
RF-02,Carlos V,2003,11,,,,68.8,76.2,71.3,67.3,62.4,56.6,2003-11-01,Noviembre,2003-11,Noviembre
RF-19,Alto de Extremadura,2003,11,,,,62.7,71.9,65.4,59.8,53.0,45.1,2003-11-01,Noviembre,2003-11,Noviembre
RF-10,Cuatro Caminos,2003,11,,,,66.8,74.9,70.2,63.2,52.3,43.4,2003-11-01,Noviembre,2003-11,Noviembre
RF-15,Plaza de Castilla ubicación antigua,2003,11,,,,69.3,75.5,72.4,68.0,60.9,51.9,2003-11-01,Noviembre,2003-11,Noviembre
RF-22,Paseo de Pontones,2003,11,,,,64.7,74.6,67.6,59.1,51.5,45.1,2003-11-01,Noviembre,2003-11,Noviembre
RF-26,Embajada,2003,11,,,,65.5,71.9,68.6,64.3,55.8,48.4,2003-11-01,Noviembre,2003-11,Noviembre
RF-09,Plaza Luca de Tena,2003,11,,,,66.6,73.5,69.5,64.8,55.1,46.6,2003-11-01,Noviembre,2003-11,Noviembre
RF-18,General Ricardos ubicación antigua,2003,11,,,,61.8,66.0,58.6,51.6,42.1,36.0,2003-11-01,Noviembre,2003-11,Noviembre
RF-11,Ramón y Cajal,2003,11,,,,70.2,76.2,72.9,69.1,57.1,45.6,2003-11-01,Noviembre,2003-11,Noviembre
RF-03,Plaza del Carmen,2003,11,,,,63.9,74.1,65.5,58.7,52.1,47.2,2003-11-01,Noviembre,2003-11,Noviembre
RF-01,Paseo de Recoletos,2003,11,,,,69.9,76.3,73.2,68.1,60.4,54.2,2003-11-01,Noviembre,2003-11,Noviembre
RF-05,Barrio del Pilar,2003,11,,,,61.5,68.8,63.6,59.2,51.4,45.4,2003-11-01,Noviembre,2003-11,Noviembre
RF-28,Cuatro Vientos,2003,11,,,,67.3,75.2,71.1,64.0,52.2,40.0,2003-11-01,Noviembre,2003-11,Noviembre
RF-06,Gregorio Marañón,2003,11,,,,71.7,78.4,74.9,69.5,62.9,55.3,2003-11-01,Noviembre,2003-11,Noviembre
RF-04,Plaza de España,2003,11,,,,65.9,73.5,67.9,64.6,59.0,53.4,2003-11-01,Noviembre,2003-11,Noviembre
RF-27,Barajas Pueblo,2003,11,,,,63.4,73.0,67.2,55.3,43.9,39.2,2003-11-01,Noviembre,2003-11,Noviembre
RF-08,Escuelas Aguirre,2003,11,,,,70.5,77.1,74.0,68.6,62.2,52.7,2003-11-01,Noviembre,2003-11,Noviembre
RF-14,Plaza Elíptica,2003,11,,,,68.4,75.9,71.2,66.1,59.1,52.2,2003-11-01,Noviembre,2003-11,Noviembre
RF-12,Manuel Becerra,2003,11,,,,64.9,71.3,66.5,63.1,56.7,49.8,2003-11-01,Noviembre,2003-11,Noviembre
RF-07,Plaza Marqués de Salamanca,2003,11,,,,65.9,72.5,68.8,63.8,51.8,43.5,2003-11-01,Noviembre,2003-11,Noviembre
RF-13,Vallecas,2003,11,,,,60.9,68.0,61.5,55.7,45.8,38.7,2003-11-01,Noviembre,2003-11,Noviembre
RF-17,Villaverde,2003,12,,,,59.5,67.2,59.5,53.1,44.6,38.4,2003-12-01,Diciembre,2003-12,Diciembre
RF-26,Embajada,2003,12,,,,66.5,72.6,69.6,64.8,56.3,49.1,2003-12-01,Diciembre,2003-12,Diciembre
RF-22,Paseo de Pontones,2003,12,,,,65.3,74.9,67.8,59.3,52.3,46.2,2003-12-01,Diciembre,2003-12,Diciembre
RF-15,Plaza de Castilla ubicación antigua,2003,12,,,,69.5,75.6,72.5,68.2,61.4,52.9,2003-12-01,Diciembre,2003-12,Diciembre
RF-03,Plaza del Carmen,2003,12,,,,65.1,73.0,65.4,59.0,51.6,46.2,2003-12-01,Diciembre,2003-12,Diciembre
RF-10,Cuatro Caminos,2003,12,,,,67.1,74.9,70.4,63.1,52.6,44.5,2003-12-01,Diciembre,2003-12,Diciembre
RF-25,Santa Eugenia,2003,12,,,,68.8,74.0,71.5,68.4,61.3,52.7,2003-12-01,Diciembre,2003-12,Diciembre
RF-06,Gregorio Marañón,2003,12,,,,72.0,78.6,75.0,69.6,63.3,56.6,2003-12-01,Diciembre,2003-12,Diciembre
RF-07,Plaza Marqués de Salamanca,2003,12,,,,66.0,72.8,69.0,63.7,51.8,43.7,2003-12-01,Diciembre,2003-12,Diciembre
RF-09,Plaza Luca de Tena,2003,12,,,,66.6,72.9,69.3,64.6,55.2,46.4,2003-12-01,Diciembre,2003-12,Diciembre
RF-23,Calle de Alcalá final,2003,12,,,,65.0,69.3,66.9,63.9,57.9,51.7,2003-12-01,Diciembre,2003-12,Diciembre
RF-19,Alto de Extremadura,2003,12,,,,63.7,72.0,65.6,60.1,53.7,47.0,2003-12-01,Diciembre,2003-12,Diciembre
RF-20,Avenida de Moratalaz,2003,12,,,,64.0,72.8,67.0,60.5,50.9,42.1,2003-12-01,Diciembre,2003-12,Diciembre
RF-27,Barajas Pueblo,2003,12,,,,63.5,73.0,67.2,55.0,44.2,40.2,2003-12-01,Diciembre,2003-12,Diciembre
RF-21,Isaac Peral,2003,12,,,,67.6,75.6,68.9,62.7,53.7,46.1,2003-12-01,Diciembre,2003-12,Diciembre
RF-18,General Ricardos ubicación antigua,2003,12,,,,60.3,66.0,59.0,52.1,43.1,36.5,2003-12-01,Diciembre,2003-12,Diciembre
RF-13,Vallecas,2003,12,,,,63.1,68.6,61.8,55.8,45.8,39.6,2003-12-01,Diciembre,2003-12,Diciembre
RF-11,Ramón y Cajal,2003,12,,,,70.2,76.2,73.1,69.2,57.5,47.2,2003-12-01,Diciembre,2003-12,Diciembre
RF-02,Carlos V,2003,12,,,,69.1,76.5,71.4,67.4,62.8,57.8,2003-12-01,Diciembre,2003-12,Diciembre
RF-14,Plaza Elíptica,2003,12,,,,68.5,75.7,70.9,65.8,58.9,52.3,2003-12-01,Diciembre,2003-12,Diciembre
RF-01,Paseo de Recoletos,2003,12,,,,68.9,76.0,72.1,66.4,59.5,53.4,2003-12-01,Diciembre,2003-12,Diciembre
RF-05,Barrio del Pilar,2003,12,,,,63.8,67.5,63.6,59.6,51.8,45.5,2003-12-01,Diciembre,2003-12,Diciembre
RF-16,Arturo Soria,2003,12,,,,62.9,68.8,65.4,60.6,49.1,41.8,2003-12-01,Diciembre,2003-12,Diciembre
RF-12,Manuel Becerra,2003,12,,,,65.2,71.7,66.6,63.1,56.8,50.2,2003-12-01,Diciembre,2003-12,Diciembre
RF-04,Plaza de España,2003,12,,,,66.3,73.7,68.2,64.8,59.6,54.0,2003-12-01,Diciembre,2003-12,Diciembre
RF-24,Casa de Campo,2003,12,,,,51.1,57.3,53.5,49.5,45.8,42.4,2003-12-01,Diciembre,2003-12,Diciembre
RF-08,Escuelas Aguirre,2003,12,,,,70.6,77.3,74.0,68.5,62.4,54.1,2003-12-01,Diciembre,2003-12,Diciembre
RF-28,Cuatro Vientos,2003,12,,,,68.1,75.1,71.3,63.9,47.8,37.5,2003-12-01,Diciembre,2003-12,Diciembre
RF-14,Plaza Elíptica,2004,1,,,,68.0,75.5,70.8,65.5,58.3,50.9,2004-01-01,Enero,2004-01,Enero
RF-07,Plaza Marqués de Salamanca,2004,1,,,,65.5,72.0,68.4,63.2,50.9,42.4,2004-01-01,Enero,2004-01,Enero
RF-06,Gregorio Marañón,2004,1,,,,71.4,77.9,74.6,68.9,62.4,55.2,2004-01-01,Enero,2004-01,Enero
RF-28,Cuatro Vientos,2004,1,,,,67.4,75.0,71.0,63.6,46.9,36.1,2004-01-01,Enero,2004-01,Enero
RF-26,Embajada,2004,1,,,,65.9,72.3,69.2,64.4,55.7,48.1,2004-01-01,Enero,2004-01,Enero
RF-21,Isaac Peral,2004,1,,,,68.3,76.6,68.8,62.5,52.8,45.5,2004-01-01,Enero,2004-01,Enero
RF-08,Escuelas Aguirre,2004,1,,,,70.3,76.9,73.7,68.2,61.8,52.6,2004-01-01,Enero,2004-01,Enero
RF-23,Calle de Alcalá final,2004,1,,,,63.8,68.3,66.0,63.0,56.8,49.6,2004-01-01,Enero,2004-01,Enero
RF-22,Paseo de Pontones,2004,1,,,,64.7,73.9,67.4,58.9,51.8,45.3,2004-01-01,Enero,2004-01,Enero
RF-13,Vallecas,2004,1,,,,63.8,68.2,61.4,55.4,44.9,38.2,2004-01-01,Enero,2004-01,Enero
RF-20,Avenida de Moratalaz,2004,1,,,,63.7,72.4,66.6,60.2,50.3,41.5,2004-01-01,Enero,2004-01,Enero
RF-27,Barajas Pueblo,2004,1,,,,62.8,72.6,67.0,55.0,43.7,39.1,2004-01-01,Enero,2004-01,Enero
RF-17,Villaverde,2004,1,,,,59.1,65.7,58.8,52.7,44.2,37.7,2004-01-01,Enero,2004-01,Enero
RF-02,Carlos V,2004,1,,,,68.6,75.7,70.9,66.8,62.1,56.6,2004-01-01,Enero,2004-01,Enero
RF-01,Paseo de Recoletos,2004,1,,,,69.3,75.8,72.9,66.9,59.5,53.3,2004-01-01,Enero,2004-01,Enero
RF-19,Alto de Extremadura,2004,1,,,,65.3,72.0,65.4,59.8,53.1,45.5,2004-01-01,Enero,2004-01,Enero
RF-16,Arturo Soria,2004,1,,,,61.8,68.0,64.8,60.1,48.2,41.1,2004-01-01,Enero,2004-01,Enero
RF-12,Manuel Becerra,2004,1,,,,64.6,71.2,66.3,62.8,56.2,49.3,2004-01-01,Enero,2004-01,Enero
RF-15,Plaza de Castilla ubicación antigua,2004,1,,,,69.4,75.4,72.3,67.9,60.4,51.6,2004-01-01,Enero,2004-01,Enero
RF-04,Plaza de España,2004,1,,,,65.9,72.4,67.8,64.6,59.0,53.0,2004-01-01,Enero,2004-01,Enero
RF-24,Casa de Campo,2004,1,,,,51.2,58.8,53.7,48.8,45.1,41.8,2004-01-01,Enero,2004-01,Enero
RF-10,Cuatro Caminos,2004,1,,,,66.6,74.2,70.1,63.0,51.9,43.3,2004-01-01,Enero,2004-01,Enero
RF-05,Barrio del Pilar,2004,1,,,,62.1,68.4,64.5,59.9,51.3,44.3,2004-01-01,Enero,2004-01,Enero
RF-03,Plaza del Carmen,2004,1,,,,63.7,71.3,64.7,58.2,50.2,43.4,2004-01-01,Enero,2004-01,Enero
RF-18,General Ricardos ubicación antigua,2004,1,,,,63.5,74.6,65.3,52.6,42.6,35.2,2004-01-01,Enero,2004-01,Enero
RF-11,Ramón y Cajal,2004,1,,,,70.0,75.8,72.8,68.9,56.6,45.5,2004-01-01,Enero,2004-01,Enero
RF-09,Plaza Luca de Tena,2004,1,,,,66.6,72.8,68.9,64.2,54.5,45.9,2004-01-01,Enero,2004-01,Enero
RF-25,Santa Eugenia,2004,1,,,,68.1,72.9,70.8,67.8,60.2,50.7,2004-01-01,Enero,2004-01,Enero
RF-13,Vallecas,2004,2,,,,59.1,67.7,61.9,55.6,45.0,39.3,2004-02-01,Febrero,2004-02,Febrero
RF-25,Santa Eugenia,2004,2,,,,68.8,74.7,71.7,68.3,60.8,51.9,2004-02-01,Febrero,2004-02,Febrero
RF-27,Barajas Pueblo,2004,2,,,,62.9,72.7,67.2,55.9,44.4,39.6,2004-02-01,Febrero,2004-02,Febrero
RF-04,Plaza de España,2004,2,,,,66.2,73.3,68.2,64.8,59.3,53.4,2004-02-01,Febrero,2004-02,Febrero
RF-30,Campo de las Naciones,2004,2,,,,62.0,69.9,64.9,59.9,48.5,45.1,2004-02-01,Febrero,2004-02,Febrero
RF-05,Barrio del Pilar,2004,2,,,,62.1,68.9,65.1,60.2,51.5,44.8,2004-02-01,Febrero,2004-02,Febrero
RF-28,Cuatro Vientos,2004,2,,,,67.2,75.0,71.1,63.9,47.1,36.8,2004-02-01,Febrero,2004-02,Febrero
RF-07,Plaza Marqués de Salamanca,2004,2,,,,65.9,72.8,68.9,63.6,51.4,43.1,2004-02-01,Febrero,2004-02,Febrero
RF-12,Manuel Becerra,2004,2,,,,64.7,71.1,66.5,62.8,56.1,49.0,2004-02-01,Febrero,2004-02,Febrero
RF-02,Carlos V,2004,2,,,,68.8,76.0,71.5,67.2,62.2,56.4,2004-02-01,Febrero,2004-02,Febrero
RF-26,Embajada,2004,2,,,,66.0,72.5,69.4,64.6,55.2,47.3,2004-02-01,Febrero,2004-02,Febrero
RF-19,Alto de Extremadura,2004,2,,,,62.9,72.0,65.7,59.9,53.3,45.6,2004-02-01,Febrero,2004-02,Febrero
RF-11,Ramón y Cajal,2004,2,,,,70.3,76.3,73.2,69.2,57.0,46.2,2004-02-01,Febrero,2004-02,Febrero
RF-17,Villaverde,2004,2,,,,56.8,64.9,58.7,52.3,43.3,37.8,2004-02-01,Febrero,2004-02,Febrero
RF-08,Escuelas Aguirre,2004,2,,,,70.3,77.3,73.8,68.3,61.8,52.1,2004-02-01,Febrero,2004-02,Febrero
RF-29,El Pardo,2004,2,,,,58.7,68.5,63.0,52.0,35.8,30.0,2004-02-01,Febrero,2004-02,Febrero
RF-16,Arturo Soria,2004,2,,,,62.0,68.6,65.2,60.4,48.4,41.7,2004-02-01,Febrero,2004-02,Febrero
RF-24,Casa de Campo,2004,2,,,,51.0,57.9,53.6,49.0,45.4,43.0,2004-02-01,Febrero,2004-02,Febrero
RF-23,Calle de Alcalá final,2004,2,,,,64.2,69.8,66.9,63.6,57.5,50.6,2004-02-01,Febrero,2004-02,Febrero
RF-01,Paseo de Recoletos,2004,2,,,,70.0,76.5,73.5,68.1,60.3,54.0,2004-02-01,Febrero,2004-02,Febrero
RF-20,Avenida de Moratalaz,2004,2,,,,63.8,72.7,66.8,60.3,49.6,41.4,2004-02-01,Febrero,2004-02,Febrero
RF-10,Cuatro Caminos,2004,2,,,,67.2,74.9,70.7,64.0,52.0,43.2,2004-02-01,Febrero,2004-02,Febrero
RF-22,Paseo de Pontones,2004,2,,,,64.6,74.5,67.7,59.0,52.0,45.5,2004-02-01,Febrero,2004-02,Febrero
RF-06,Gregorio Marañón,2004,2,,,,71.8,78.4,74.9,69.5,63.0,55.6,2004-02-01,Febrero,2004-02,Febrero
RF-18,General Ricardos ubicación antigua,2004,2,,,,61.8,67.5,59.2,51.9,43.0,34.7,2004-02-01,Febrero,2004-02,Febrero
RF-03,Plaza del Carmen,2004,2,,,,61.8,70.9,64.5,57.9,50.4,43.5,2004-02-01,Febrero,2004-02,Febrero
RF-09,Plaza Luca de Tena,2004,2,,,,66.4,73.2,69.4,64.6,54.7,45.8,2004-02-01,Febrero,2004-02,Febrero
RF-14,Plaza Elíptica,2004,2,,,,67.9,75.4,70.8,65.6,58.0,51.0,2004-02-01,Febrero,2004-02,Febrero
RF-21,Isaac Peral,2004,2,,,,68.5,76.8,69.1,62.9,53.4,45.4,2004-02-01,Febrero,2004-02,Febrero
RF-15,Plaza de Castilla ubicación antigua,2004,2,,,,69.5,75.8,72.5,68.1,60.6,51.2,2004-02-01,Febrero,2004-02,Febrero
RF-28,Cuatro Vientos,2004,3,,,,67.2,75.1,71.0,63.6,45.5,34.7,2004-03-01,Marzo,2004-03,Marzo
RF-01,Paseo de Recoletos,2004,3,,,,69.9,76.3,73.3,67.9,60.0,53.2,2004-03-01,Marzo,2004-03,Marzo
RF-02,Carlos V,2004,3,,,,68.8,76.7,71.4,66.9,61.7,55.6,2004-03-01,Marzo,2004-03,Marzo
RF-25,Santa Eugenia,2004,3,,,,68.7,74.4,71.6,68.1,60.8,51.7,2004-03-01,Marzo,2004-03,Marzo
RF-12,Manuel Becerra,2004,3,,,,64.9,71.9,66.4,62.6,55.6,48.3,2004-03-01,Marzo,2004-03,Marzo
RF-16,Arturo Soria,2004,3,,,,62.1,68.6,65.0,60.2,48.5,41.8,2004-03-01,Marzo,2004-03,Marzo
RF-14,Plaza Elíptica,2004,3,,,,68.2,75.9,70.9,65.7,57.8,50.2,2004-03-01,Marzo,2004-03,Marzo
RF-06,Gregorio Marañón,2004,3,,,,71.7,78.4,74.8,69.4,62.7,55.4,2004-03-01,Marzo,2004-03,Marzo
RF-29,El Pardo,2004,3,,,,58.5,68.3,62.8,52.0,35.5,29.1,2004-03-01,Marzo,2004-03,Marzo
RF-17,Villaverde,2004,3,,,,56.0,64.9,58.7,52.3,42.6,36.7,2004-03-01,Marzo,2004-03,Marzo
RF-21,Isaac Peral,2004,3,,,,68.6,76.6,68.9,62.5,52.6,44.8,2004-03-01,Marzo,2004-03,Marzo
RF-19,Alto de Extremadura,2004,3,,,,62.8,72.1,65.6,59.7,52.5,44.2,2004-03-01,Marzo,2004-03,Marzo
RF-04,Plaza de España,2004,3,,,,66.1,73.7,68.1,64.6,58.6,52.5,2004-03-01,Marzo,2004-03,Marzo
RF-24,Casa de Campo,2004,3,,,,51.0,58.7,53.1,48.4,44.9,41.3,2004-03-01,Marzo,2004-03,Marzo
RF-18,General Ricardos ubicación antigua,2004,3,,,,61.6,68.0,60.1,52.1,42.2,34.1,2004-03-01,Marzo,2004-03,Marzo
RF-15,Plaza de Castilla ubicación antigua,2004,3,,,,69.5,75.6,72.4,68.1,60.0,50.9,2004-03-01,Marzo,2004-03,Marzo
RF-10,Cuatro Caminos,2004,3,,,,67.4,74.8,70.6,64.0,52.6,43.5,2004-03-01,Marzo,2004-03,Marzo
RF-13,Vallecas,2004,3,,,,59.7,67.3,61.2,55.1,44.4,37.8,2004-03-01,Marzo,2004-03,Marzo
RF-05,Barrio del Pilar,2004,3,,,,61.9,68.2,64.8,60.1,50.9,44.0,2004-03-01,Marzo,2004-03,Marzo
RF-22,Paseo de Pontones,2004,3,,,,64.1,73.8,67.2,58.7,51.1,44.3,2004-03-01,Marzo,2004-03,Marzo
RF-03,Plaza del Carmen,2004,3,,,,61.9,70.9,64.5,57.7,50.2,43.5,2004-03-01,Marzo,2004-03,Marzo
RF-07,Plaza Marqués de Salamanca,2004,3,,,,65.7,72.7,68.8,63.6,51.0,42.1,2004-03-01,Marzo,2004-03,Marzo
RF-26,Embajada,2004,3,,,,65.8,72.3,69.1,64.5,55.7,47.8,2004-03-01,Marzo,2004-03,Marzo
RF-30,Campo de las Naciones,2004,3,,,,62.3,70.4,65.2,60.1,48.3,44.0,2004-03-01,Marzo,2004-03,Marzo
RF-11,Ramón y Cajal,2004,3,,,,70.1,76.4,72.9,68.9,56.2,44.8,2004-03-01,Marzo,2004-03,Marzo
RF-27,Barajas Pueblo,2004,3,,,,63.1,72.6,67.1,55.8,42.9,39.0,2004-03-01,Marzo,2004-03,Marzo
RF-20,Avenida de Moratalaz,2004,3,,,,63.7,72.6,66.8,60.3,49.4,40.9,2004-03-01,Marzo,2004-03,Marzo
RF-23,Calle de Alcalá final,2004,3,,,,64.0,70.0,66.6,63.1,56.8,49.5,2004-03-01,Marzo,2004-03,Marzo
RF-08,Escuelas Aguirre,2004,3,,,,70.2,77.1,73.7,68.1,61.5,51.8,2004-03-01,Marzo,2004-03,Marzo
RF-09,Plaza Luca de Tena,2004,3,,,,66.3,73.1,69.1,64.3,54.3,45.2,2004-03-01,Marzo,2004-03,Marzo
RF-01,Paseo de Recoletos,2004,4,,,,69.1,75.4,72.5,67.2,59.4,53.4,2004-04-01,Abril,2004-04,Abril
RF-21,Isaac Peral,2004,4,,,,68.0,75.7,68.2,61.7,51.8,44.6,2004-04-01,Abril,2004-04,Abril
RF-17,Villaverde,2004,4,,,,56.0,64.9,58.3,52.2,42.3,36.4,2004-04-01,Abril,2004-04,Abril
RF-22,Paseo de Pontones,2004,4,,,,63.8,73.5,66.7,58.2,50.9,44.7,2004-04-01,Abril,2004-04,Abril
RF-11,Ramón y Cajal,2004,4,,,,69.4,75.8,72.5,68.1,55.8,45.6,2004-04-01,Abril,2004-04,Abril
RF-16,Arturo Soria,2004,4,,,,61.4,67.9,64.5,59.6,47.9,42.3,2004-04-01,Abril,2004-04,Abril
RF-13,Vallecas,2004,4,,,,61.9,69.3,61.3,55.0,44.6,38.0,2004-04-01,Abril,2004-04,Abril
RF-05,Barrio del Pilar,2004,4,,,,61.4,67.7,64.2,59.5,50.9,44.4,2004-04-01,Abril,2004-04,Abril
RF-27,Barajas Pueblo,2004,4,,,,62.1,71.9,66.2,55.7,42.6,38.5,2004-04-01,Abril,2004-04,Abril
RF-07,Plaza Marqués de Salamanca,2004,4,,,,65.0,71.8,68.0,62.5,50.5,42.6,2004-04-01,Abril,2004-04,Abril
RF-09,Plaza Luca de Tena,2004,4,,,,66.2,73.8,68.9,64.2,54.3,46.2,2004-04-01,Abril,2004-04,Abril
RF-26,Embajada,2004,4,,,,65.3,71.8,68.6,63.8,55.6,47.3,2004-04-01,Abril,2004-04,Abril
RF-19,Alto de Extremadura,2004,4,,,,62.6,71.8,65.2,59.4,52.3,44.8,2004-04-01,Abril,2004-04,Abril
RF-06,Gregorio Marañón,2004,4,,,,71.2,77.9,74.4,68.8,62.3,55.9,2004-04-01,Abril,2004-04,Abril
RF-30,Campo de las Naciones,2004,4,,,,61.3,69.5,64.3,58.8,48.3,43.0,2004-04-01,Abril,2004-04,Abril
RF-08,Escuelas Aguirre,2004,4,,,,69.7,76.7,73.2,67.5,61.2,52.3,2004-04-01,Abril,2004-04,Abril
RF-15,Plaza de Castilla ubicación antigua,2004,4,,,,69.3,76.0,72.3,67.7,60.4,51.5,2004-04-01,Abril,2004-04,Abril
RF-04,Plaza de España,2004,4,,,,65.5,72.8,67.6,64.2,58.3,52.6,2004-04-01,Abril,2004-04,Abril
RF-12,Manuel Becerra,2004,4,,,,64.6,71.1,66.2,62.2,55.7,49.1,2004-04-01,Abril,2004-04,Abril
RF-28,Cuatro Vientos,2004,4,,,,66.5,74.7,70.4,62.7,45.2,34.6,2004-04-01,Abril,2004-04,Abril
RF-02,Carlos V,2004,4,,,,68.1,75.4,70.7,66.2,61.2,56.0,2004-04-01,Abril,2004-04,Abril
RF-18,General Ricardos ubicación antigua,2004,4,,,,56.3,65.4,58.4,51.4,40.7,35.1,2004-04-01,Abril,2004-04,Abril
RF-24,Casa de Campo,2004,4,,,,51.8,60.4,53.8,48.5,44.9,42.2,2004-04-01,Abril,2004-04,Abril
RF-25,Santa Eugenia,2004,4,,,,68.0,73.6,70.9,67.4,60.6,51.8,2004-04-01,Abril,2004-04,Abril
RF-29,El Pardo,2004,4,,,,58.5,68.2,62.6,52.0,35.2,28.8,2004-04-01,Abril,2004-04,Abril
RF-20,Avenida de Moratalaz,2004,4,,,,63.3,72.2,66.3,59.6,49.0,40.8,2004-04-01,Abril,2004-04,Abril
RF-14,Plaza Elíptica,2004,4,,,,67.5,75.2,70.3,64.9,57.7,50.7,2004-04-01,Abril,2004-04,Abril
RF-10,Cuatro Caminos,2004,4,,,,66.5,74.1,70.0,63.2,54.5,45.5,2004-04-01,Abril,2004-04,Abril
RF-03,Plaza del Carmen,2004,4,,,,62.1,70.9,64.5,58.2,50.7,43.5,2004-04-01,Abril,2004-04,Abril
RF-23,Calle de Alcalá final,2004,4,,,,63.2,68.5,65.8,62.6,56.6,49.9,2004-04-01,Abril,2004-04,Abril
RF-11,Ramón y Cajal,2004,5,,,,69.8,76.5,72.7,68.4,56.5,45.6,2004-05-01,Mayo,2004-05,Mayo
RF-30,Campo de las Naciones,2004,5,,,,61.7,69.9,64.7,59.3,47.8,42.9,2004-05-01,Mayo,2004-05,Mayo
RF-09,Plaza Luca de Tena,2004,5,,,,66.0,73.3,68.9,64.3,54.7,46.3,2004-05-01,Mayo,2004-05,Mayo
RF-05,Barrio del Pilar,2004,5,,,,62.3,69.8,64.5,59.6,51.0,44.1,2004-05-01,Mayo,2004-05,Mayo
RF-29,El Pardo,2004,5,,,,59.2,68.5,62.8,52.9,36.8,28.8,2004-05-01,Mayo,2004-05,Mayo
RF-23,Calle de Alcalá final,2004,5,,,,63.7,69.8,66.7,62.7,57.1,50.4,2004-05-01,Mayo,2004-05,Mayo
RF-24,Casa de Campo,2004,5,,,,53.1,62.1,54.0,48.8,45.2,42.6,2004-05-01,Mayo,2004-05,Mayo
RF-13,Vallecas,2004,5,,,,59.0,67.7,61.6,55.7,45.1,37.5,2004-05-01,Mayo,2004-05,Mayo
RF-18,General Ricardos ubicación antigua,2004,5,,,,58.3,66.4,59.4,52.7,42.2,35.2,2004-05-01,Mayo,2004-05,Mayo
RF-03,Plaza del Carmen,2004,5,,,,62.1,71.0,64.7,58.6,51.9,44.8,2004-05-01,Mayo,2004-05,Mayo
RF-22,Paseo de Pontones,2004,5,,,,64.0,73.7,66.9,58.7,51.0,44.4,2004-05-01,Mayo,2004-05,Mayo
RF-10,Cuatro Caminos,2004,5,,,,67.1,74.5,70.2,64.4,53.0,44.0,2004-05-01,Mayo,2004-05,Mayo
RF-04,Plaza de España,2004,5,,,,65.6,73.2,67.7,64.1,58.4,52.7,2004-05-01,Mayo,2004-05,Mayo
RF-26,Embajada,2004,5,,,,65.4,71.9,68.5,63.7,55.3,47.0,2004-05-01,Mayo,2004-05,Mayo
RF-02,Carlos V,2004,5,,,,68.3,76.0,70.9,66.4,61.5,55.5,2004-05-01,Mayo,2004-05,Mayo
RF-06,Gregorio Marañón,2004,5,,,,71.6,78.4,74.6,69.1,62.8,56.2,2004-05-01,Mayo,2004-05,Mayo
RF-01,Paseo de Recoletos,2004,5,,,,69.2,75.9,72.5,67.2,59.6,53.2,2004-05-01,Mayo,2004-05,Mayo
RF-21,Isaac Peral,2004,5,,,,67.7,75.2,68.5,62.2,52.6,44.9,2004-05-01,Mayo,2004-05,Mayo
RF-28,Cuatro Vientos,2004,5,,,,66.4,74.5,70.3,62.8,45.1,34.2,2004-05-01,Mayo,2004-05,Mayo
RF-19,Alto de Extremadura,2004,5,,,,62.5,71.7,65.3,59.5,52.7,44.7,2004-05-01,Mayo,2004-05,Mayo
RF-14,Plaza Elíptica,2004,5,,,,67.5,75.3,70.3,65.1,58.1,51.4,2004-05-01,Mayo,2004-05,Mayo
RF-25,Santa Eugenia,2004,5,,,,68.6,74.6,71.6,67.9,61.0,52.5,2004-05-01,Mayo,2004-05,Mayo
RF-16,Arturo Soria,2004,5,,,,61.4,68.0,64.4,59.6,48.5,42.2,2004-05-01,Mayo,2004-05,Mayo
RF-08,Escuelas Aguirre,2004,5,,,,69.9,77.1,73.4,67.6,61.3,52.6,2004-05-01,Mayo,2004-05,Mayo
RF-17,Villaverde,2004,5,,,,56.2,65.0,58.4,52.0,41.6,35.4,2004-05-01,Mayo,2004-05,Mayo
RF-12,Manuel Becerra,2004,5,,,,64.7,71.6,66.6,62.4,55.6,48.6,2004-05-01,Mayo,2004-05,Mayo
RF-20,Avenida de Moratalaz,2004,5,,,,63.4,72.7,66.6,59.8,49.7,41.2,2004-05-01,Mayo,2004-05,Mayo
RF-27,Barajas Pueblo,2004,5,,,,62.7,72.1,66.4,56.0,42.4,38.0,2004-05-01,Mayo,2004-05,Mayo
RF-07,Plaza Marqués de Salamanca,2004,5,,,,65.4,72.4,68.4,63.1,51.4,43.7,2004-05-01,Mayo,2004-05,Mayo
RF-15,Plaza de Castilla ubicación antigua,2004,5,,,,69.3,75.6,72.2,67.9,60.7,52.1,2004-05-01,Mayo,2004-05,Mayo
RF-02,Carlos V,2004,6,,,,67.7,75.1,70.2,66.0,61.1,55.3,2004-06-01,Junio,2004-06,Junio
RF-01,Paseo de Recoletos,2004,6,,,,68.6,74.8,71.7,67.0,59.6,53.4,2004-06-01,Junio,2004-06,Junio
RF-15,Plaza de Castilla ubicación antigua,2004,6,,,,68.7,75.2,71.4,67.4,61.2,52.6,2004-06-01,Junio,2004-06,Junio
RF-27,Barajas Pueblo,2004,6,,,,61.9,71.0,65.6,55.9,50.8,39.5,2004-06-01,Junio,2004-06,Junio
RF-10,Cuatro Caminos,2004,6,,,,66.0,73.9,69.6,62.2,51.4,41.5,2004-06-01,Junio,2004-06,Junio
RF-23,Calle de Alcalá final,2004,6,,,,62.4,67.5,64.7,61.6,56.3,50.1,2004-06-01,Junio,2004-06,Junio
RF-19,Alto de Extremadura,2004,6,,,,61.9,71.2,64.5,58.5,51.6,44.1,2004-06-01,Junio,2004-06,Junio
RF-25,Santa Eugenia,2004,6,,,,67.5,72.6,70.4,67.0,60.6,52.2,2004-06-01,Junio,2004-06,Junio
RF-17,Villaverde,2004,6,,,,58.3,65.7,58.2,51.6,41.7,36.2,2004-06-01,Junio,2004-06,Junio
RF-16,Arturo Soria,2004,6,,,,60.6,67.4,63.5,58.9,48.2,42.6,2004-06-01,Junio,2004-06,Junio
RF-30,Campo de las Naciones,2004,6,,,,61.4,69.0,63.9,59.2,48.3,42.6,2004-06-01,Junio,2004-06,Junio
RF-13,Vallecas,2004,6,,,,58.7,67.0,61.0,55.7,47.8,38.1,2004-06-01,Junio,2004-06,Junio
RF-12,Manuel Becerra,2004,6,,,,64.5,71.1,65.7,62.0,54.8,48.3,2004-06-01,Junio,2004-06,Junio
RF-04,Plaza de España,2004,6,,,,66.7,77.6,67.7,63.6,57.8,52.2,2004-06-01,Junio,2004-06,Junio
RF-24,Casa de Campo,2004,6,,,,51.1,58.8,52.6,48.3,45.2,42.3,2004-06-01,Junio,2004-06,Junio
RF-03,Plaza del Carmen,2004,6,,,,62.5,70.9,64.9,59.4,53.1,46.9,2004-06-01,Junio,2004-06,Junio
RF-11,Ramón y Cajal,2004,6,,,,69.0,75.2,71.7,67.9,56.1,44.6,2004-06-01,Junio,2004-06,Junio
RF-18,General Ricardos ubicación antigua,2004,6,,,,56.2,64.9,58.1,52.2,42.9,34.4,2004-06-01,Junio,2004-06,Junio
RF-05,Barrio del Pilar,2004,6,,,,61.7,68.1,64.4,59.8,51.1,44.1,2004-06-01,Junio,2004-06,Junio
RF-08,Escuelas Aguirre,2004,6,,,,69.2,76.1,72.7,67.0,60.8,53.1,2004-06-01,Junio,2004-06,Junio
RF-21,Isaac Peral,2004,6,,,,66.6,74.3,67.9,61.9,52.1,44.8,2004-06-01,Junio,2004-06,Junio
RF-26,Embajada,2004,6,,,,64.5,71.0,67.7,63.0,55.3,48.4,2004-06-01,Junio,2004-06,Junio
RF-29,El Pardo,2004,6,,,,58.2,67.6,62.0,52.6,36.4,28.7,2004-06-01,Junio,2004-06,Junio
RF-06,Gregorio Marañón,2004,6,,,,70.9,77.7,73.9,68.7,62.3,55.8,2004-06-01,Junio,2004-06,Junio
RF-28,Cuatro Vientos,2004,6,,,,66.0,73.8,69.6,62.4,44.6,34.4,2004-06-01,Junio,2004-06,Junio
RF-07,Plaza Marqués de Salamanca,2004,6,,,,64.7,71.7,67.6,62.5,51.0,44.5,2004-06-01,Junio,2004-06,Junio
RF-20,Avenida de Moratalaz,2004,6,,,,63.0,71.9,65.7,59.1,49.1,40.9,2004-06-01,Junio,2004-06,Junio
RF-09,Plaza Luca de Tena,2004,6,,,,67.4,77.4,69.0,64.2,54.4,46.1,2004-06-01,Junio,2004-06,Junio
RF-22,Paseo de Pontones,2004,6,,,,63.7,73.2,66.2,58.2,50.5,44.1,2004-06-01,Junio,2004-06,Junio
RF-14,Plaza Elíptica,2004,6,,,,67.5,75.2,69.9,64.6,58.0,51.6,2004-06-01,Junio,2004-06,Junio
RF-21,Isaac Peral,2004,7,,,,66.0,73.5,67.2,61.0,51.8,45.7,2004-07-01,Julio,2004-07,Julio
RF-07,Plaza Marqués de Salamanca,2004,7,,,,64.2,71.2,67.2,61.9,50.5,44.5,2004-07-01,Julio,2004-07,Julio
RF-18,General Ricardos ubicación antigua,2004,7,,,,55.0,64.0,57.6,50.9,41.8,35.2,2004-07-01,Julio,2004-07,Julio
RF-05,Barrio del Pilar,2004,7,,,,62.4,69.9,64.2,59.3,51.5,44.8,2004-07-01,Julio,2004-07,Julio
RF-16,Arturo Soria,2004,7,,,,60.3,67.1,63.4,58.6,47.9,41.2,2004-07-01,Julio,2004-07,Julio
RF-30,Campo de las Naciones,2004,7,,,,60.4,68.3,63.1,57.9,48.4,44.4,2004-07-01,Julio,2004-07,Julio
RF-28,Cuatro Vientos,2004,7,,,,65.8,73.7,69.5,61.7,47.0,37.8,2004-07-01,Julio,2004-07,Julio
RF-08,Escuelas Aguirre,2004,7,,,,68.9,75.9,72.3,66.8,61.2,54.7,2004-07-01,Julio,2004-07,Julio
RF-01,Paseo de Recoletos,2004,7,,,,68.4,74.4,71.5,66.7,59.4,53.6,2004-07-01,Julio,2004-07,Julio
RF-14,Plaza Elíptica,2004,7,,,,67.5,75.2,69.7,64.3,58.1,52.6,2004-07-01,Julio,2004-07,Julio
RF-23,Calle de Alcalá final,2004,7,,,,61.9,67.0,64.4,61.2,56.4,51.1,2004-07-01,Julio,2004-07,Julio
RF-15,Plaza de Castilla ubicación antigua,2004,7,,,,68.5,75.1,71.4,67.3,61.2,53.0,2004-07-01,Julio,2004-07,Julio
RF-25,Santa Eugenia,2004,7,,,,67.4,72.1,70.1,66.9,61.2,53.3,2004-07-01,Julio,2004-07,Julio
RF-06,Gregorio Marañón,2004,7,,,,70.6,77.6,73.7,68.2,62.1,56.1,2004-07-01,Julio,2004-07,Julio
RF-19,Alto de Extremadura,2004,7,,,,61.5,71.0,64.1,58.1,51.8,45.4,2004-07-01,Julio,2004-07,Julio
RF-02,Carlos V,2004,7,,,,67.4,74.8,69.9,65.7,61.2,55.8,2004-07-01,Julio,2004-07,Julio
RF-20,Avenida de Moratalaz,2004,7,,,,62.5,71.6,65.3,58.6,50.3,43.4,2004-07-01,Julio,2004-07,Julio
RF-04,Plaza de España,2004,7,,,,66.2,76.5,67.3,62.8,57.3,52.5,2004-07-01,Julio,2004-07,Julio
RF-12,Manuel Becerra,2004,7,,,,64.6,71.7,65.6,61.6,55.3,49.1,2004-07-01,Julio,2004-07,Julio
RF-11,Ramón y Cajal,2004,7,,,,68.7,74.8,71.6,67.4,55.9,45.5,2004-07-01,Julio,2004-07,Julio
RF-10,Cuatro Caminos,2004,7,,,,65.1,73.8,68.9,60.1,51.0,43.2,2004-07-01,Julio,2004-07,Julio
RF-27,Barajas Pueblo,2004,7,,,,61.2,70.7,64.7,54.7,47.1,40.0,2004-07-01,Julio,2004-07,Julio
RF-03,Plaza del Carmen,2004,7,,,,61.6,70.5,64.2,58.4,52.5,47.0,2004-07-01,Julio,2004-07,Julio
RF-13,Vallecas,2004,7,,,,62.7,74.8,61.9,55.5,48.6,39.3,2004-07-01,Julio,2004-07,Julio
RF-26,Embajada,2004,7,,,,64.4,70.9,67.7,62.9,55.8,48.8,2004-07-01,Julio,2004-07,Julio
RF-22,Paseo de Pontones,2004,7,,,,63.2,72.3,65.6,57.3,50.9,45.5,2004-07-01,Julio,2004-07,Julio
RF-17,Villaverde,2004,7,,,,62.6,67.5,57.7,50.6,42.4,37.4,2004-07-01,Julio,2004-07,Julio
RF-29,El Pardo,2004,7,,,,58.7,67.8,62.2,53.3,37.3,29.7,2004-07-01,Julio,2004-07,Julio
RF-24,Casa de Campo,2004,7,,,,52.3,59.3,53.4,50.2,47.3,43.3,2004-07-01,Julio,2004-07,Julio
RF-09,Plaza Luca de Tena,2004,7,,,,65.5,72.6,67.9,64.0,55.9,48.3,2004-07-01,Julio,2004-07,Julio
RF-09,Plaza Luca de Tena,2004,8,,,,65.8,74.3,67.8,63.1,54.2,46.1,2004-08-01,Agosto,2004-08,Agosto
RF-15,Plaza de Castilla ubicación antigua,2004,8,,,,67.9,74.6,71.0,66.4,59.8,51.3,2004-08-01,Agosto,2004-08,Agosto
RF-29,El Pardo,2004,8,,,,56.8,66.9,60.8,49.5,34.1,28.7,2004-08-01,Agosto,2004-08,Agosto
RF-06,Gregorio Marañón,2004,8,,,,69.1,76.9,72.5,66.2,59.9,54.0,2004-08-01,Agosto,2004-08,Agosto
RF-20,Avenida de Moratalaz,2004,8,,,,61.9,71.0,64.4,57.7,48.6,41.3,2004-08-01,Agosto,2004-08,Agosto
RF-08,Escuelas Aguirre,2004,8,,,,68.3,75.7,71.6,66.1,60.2,54.0,2004-08-01,Agosto,2004-08,Agosto
RF-21,Isaac Peral,2004,8,,,,64.2,72.5,66.3,59.4,49.6,44.1,2004-08-01,Agosto,2004-08,Agosto
RF-25,Santa Eugenia,2004,8,,,,67.1,72.6,69.9,66.5,61.2,55.5,2004-08-01,Agosto,2004-08,Agosto
RF-28,Cuatro Vientos,2004,8,,,,65.1,73.4,69.1,60.1,43.5,36.1,2004-08-01,Agosto,2004-08,Agosto
RF-22,Paseo de Pontones,2004,8,,,,62.8,72.0,65.3,56.5,50.0,44.8,2004-08-01,Agosto,2004-08,Agosto
RF-13,Vallecas,2004,8,,,,58.2,67.7,60.2,54.2,46.1,38.5,2004-08-01,Agosto,2004-08,Agosto
RF-23,Calle de Alcalá final,2004,8,,,,61.1,66.3,63.7,60.3,55.7,51.6,2004-08-01,Agosto,2004-08,Agosto
RF-19,Alto de Extremadura,2004,8,,,,61.0,70.9,63.5,57.5,50.6,44.4,2004-08-01,Agosto,2004-08,Agosto
RF-02,Carlos V,2004,8,,,,68.2,77.5,71.6,64.9,60.2,56.0,2004-08-01,Agosto,2004-08,Agosto
RF-14,Plaza Elíptica,2004,8,,,,66.0,73.8,69.0,63.4,57.0,51.7,2004-08-01,Agosto,2004-08,Agosto
RF-24,Casa de Campo,2004,8,,,,51.1,58.3,53.2,49.8,46.5,42.4,2004-08-01,Agosto,2004-08,Agosto
RF-17,Villaverde,2004,8,,,,54.3,63.8,56.2,49.2,41.8,36.6,2004-08-01,Agosto,2004-08,Agosto
RF-01,Paseo de Recoletos,2004,8,,,,68.1,74.8,71.5,65.9,58.3,52.5,2004-08-01,Agosto,2004-08,Agosto
RF-07,Plaza Marqués de Salamanca,2004,8,,,,62.9,70.8,66.4,59.6,47.9,43.5,2004-08-01,Agosto,2004-08,Agosto
RF-03,Plaza del Carmen,2004,8,,,,61.1,69.9,63.7,57.3,51.2,45.9,2004-08-01,Agosto,2004-08,Agosto
RF-18,General Ricardos ubicación antigua,2004,8,,,,56.8,64.4,57.6,50.6,41.8,32.8,2004-08-01,Agosto,2004-08,Agosto
RF-26,Embajada,2004,8,,,,64.1,70.8,67.6,62.4,55.8,48.4,2004-08-01,Agosto,2004-08,Agosto
RF-12,Manuel Becerra,2004,8,,,,63.0,69.8,64.7,60.7,53.9,47.8,2004-08-01,Agosto,2004-08,Agosto
RF-04,Plaza de España,2004,8,,,,65.5,74.7,67.1,62.2,56.4,52.3,2004-08-01,Agosto,2004-08,Agosto
RF-16,Arturo Soria,2004,8,,,,59.7,66.9,63.3,57.5,46.0,40.2,2004-08-01,Agosto,2004-08,Agosto
RF-10,Cuatro Caminos,2004,8,,,,63.9,72.8,67.7,58.8,49.0,41.7,2004-08-01,Agosto,2004-08,Agosto
RF-11,Ramón y Cajal,2004,8,,,,67.6,74.7,71.1,65.3,53.3,43.5,2004-08-01,Agosto,2004-08,Agosto
RF-05,Barrio del Pilar,2004,8,,,,60.6,67.5,63.7,58.3,50.3,43.1,2004-08-01,Agosto,2004-08,Agosto
RF-30,Campo de las Naciones,2004,8,,,,59.2,67.7,62.3,56.6,47.6,43.2,2004-08-01,Agosto,2004-08,Agosto
RF-27,Barajas Pueblo,2004,8,,,,59.7,69.9,63.3,53.4,43.5,38.7,2004-08-01,Agosto,2004-08,Agosto
RF-30,Campo de las Naciones,2004,9,,,,60.7,68.5,63.6,58.6,48.0,44.0,2004-09-01,Septiembre,2004-09,Septiembre
RF-28,Cuatro Vientos,2004,9,,,,66.6,74.7,69.9,62.6,44.6,35.9,2004-09-01,Septiembre,2004-09,Septiembre
RF-12,Manuel Becerra,2004,9,,,,63.7,70.3,65.6,61.9,54.8,48.1,2004-09-01,Septiembre,2004-09,Septiembre
RF-23,Calle de Alcalá final,2004,9,,,,62.2,67.2,64.7,61.6,56.3,50.4,2004-09-01,Septiembre,2004-09,Septiembre
RF-03,Plaza del Carmen,2004,9,,,,61.6,70.3,64.1,58.2,51.5,45.9,2004-09-01,Septiembre,2004-09,Septiembre
RF-11,Ramón y Cajal,2004,9,,,,69.0,75.1,71.8,67.9,55.6,44.9,2004-09-01,Septiembre,2004-09,Septiembre
RF-18,General Ricardos ubicación antigua,2004,9,,,,57.1,68.5,59.0,52.1,43.2,35.2,2004-09-01,Septiembre,2004-09,Septiembre
RF-10,Cuatro Caminos,2004,9,,,,66.6,74.8,70.2,62.4,51.0,43.0,2004-09-01,Septiembre,2004-09,Septiembre
RF-24,Casa de Campo,2004,9,,,,51.1,58.6,53.7,49.3,45.7,42.3,2004-09-01,Septiembre,2004-09,Septiembre
RF-02,Carlos V,2004,9,,,,70.0,79.5,71.9,65.9,60.6,56.4,2004-09-01,Septiembre,2004-09,Septiembre
RF-09,Plaza Luca de Tena,2004,9,,,,67.6,75.8,70.1,65.6,58.6,49.8,2004-09-01,Septiembre,2004-09,Septiembre
RF-04,Plaza de España,2004,9,,,,67.1,76.9,68.7,62.9,57.0,52.2,2004-09-01,Septiembre,2004-09,Septiembre
RF-08,Escuelas Aguirre,2004,9,,,,69.1,75.9,72.4,67.0,61.1,54.2,2004-09-01,Septiembre,2004-09,Septiembre
RF-15,Plaza de Castilla ubicación antigua,2004,9,,,,68.4,74.8,71.2,67.1,60.2,51.8,2004-09-01,Septiembre,2004-09,Septiembre
RF-21,Isaac Peral,2004,9,,,,66.5,73.9,67.6,61.5,51.6,45.1,2004-09-01,Septiembre,2004-09,Septiembre
RF-20,Avenida de Moratalaz,2004,9,,,,62.9,71.8,65.8,59.2,49.6,41.7,2004-09-01,Septiembre,2004-09,Septiembre
RF-16,Arturo Soria,2004,9,,,,60.8,67.3,63.6,59.0,47.4,40.8,2004-09-01,Septiembre,2004-09,Septiembre
RF-07,Plaza Marqués de Salamanca,2004,9,,,,64.5,71.5,67.7,62.4,50.5,44.1,2004-09-01,Septiembre,2004-09,Septiembre
RF-13,Vallecas,2004,9,,,,58.6,67.7,61.1,55.1,45.8,39.4,2004-09-01,Septiembre,2004-09,Septiembre
RF-22,Paseo de Pontones,2004,9,,,,63.5,73.0,66.4,57.9,50.3,45.1,2004-09-01,Septiembre,2004-09,Septiembre
RF-25,Santa Eugenia,2004,9,,,,67.9,72.7,70.7,67.6,61.5,56.1,2004-09-01,Septiembre,2004-09,Septiembre
RF-29,El Pardo,2004,9,,,,60.1,67.4,61.8,51.5,36.0,29.4,2004-09-01,Septiembre,2004-09,Septiembre
RF-14,Plaza Elíptica,2004,9,,,,67.2,74.7,69.9,64.6,57.8,51.7,2004-09-01,Septiembre,2004-09,Septiembre
RF-26,Embajada,2004,9,,,,64.7,70.9,67.9,63.4,55.4,47.3,2004-09-01,Septiembre,2004-09,Septiembre
RF-06,Gregorio Marañón,2004,9,,,,68.6,76.2,71.4,66.2,59.2,52.3,2004-09-01,Septiembre,2004-09,Septiembre
RF-27,Barajas Pueblo,2004,9,,,,62.5,73.4,65.9,55.1,45.3,39.9,2004-09-01,Septiembre,2004-09,Septiembre
RF-17,Villaverde,2004,9,,,,55.3,64.6,57.5,50.6,42.4,37.6,2004-09-01,Septiembre,2004-09,Septiembre
RF-19,Alto de Extremadura,2004,9,,,,61.8,71.3,64.4,58.3,51.5,44.3,2004-09-01,Septiembre,2004-09,Septiembre
RF-01,Paseo de Recoletos,2004,9,,,,68.7,75.1,71.8,67.0,59.1,52.7,2004-09-01,Septiembre,2004-09,Septiembre
RF-05,Barrio del Pilar,2004,9,,,,61.3,67.8,64.2,59.3,51.0,44.6,2004-09-01,Septiembre,2004-09,Septiembre
RF-04,Plaza de España,2004,10,,,,65.5,74.2,68.0,63.2,57.5,51.8,2004-10-01,Octubre,2004-10,Octubre
RF-13,Vallecas,2004,10,,,,58.8,67.7,61.3,55.1,44.6,39.6,2004-10-01,Octubre,2004-10,Octubre
RF-16,Arturo Soria,2004,10,,,,61.7,68.6,64.7,59.7,48.0,40.8,2004-10-01,Octubre,2004-10,Octubre
RF-21,Isaac Peral,2004,10,,,,67.7,75.0,68.4,62.4,53.5,45.9,2004-10-01,Octubre,2004-10,Octubre
RF-30,Campo de las Naciones,2004,10,,,,61.4,69.7,64.6,58.9,48.6,44.5,2004-10-01,Octubre,2004-10,Octubre
RF-18,General Ricardos ubicación antigua,2004,10,,,,59.3,66.4,58.6,51.4,40.1,32.7,2004-10-01,Octubre,2004-10,Octubre
RF-09,Plaza Luca de Tena,2004,10,,,,68.1,76.3,70.3,66.1,61.0,53.5,2004-10-01,Octubre,2004-10,Octubre
RF-17,Villaverde,2004,10,,,,56.0,65.0,58.4,51.7,43.6,38.6,2004-10-01,Octubre,2004-10,Octubre
RF-07,Plaza Marqués de Salamanca,2004,10,,,,65.3,72.5,68.3,62.9,50.9,42.8,2004-10-01,Octubre,2004-10,Octubre
RF-11,Ramón y Cajal,2004,10,,,,69.8,76.7,72.6,68.4,56.6,45.1,2004-10-01,Octubre,2004-10,Octubre
RF-10,Cuatro Caminos,2004,10,,,,67.1,75.5,70.7,63.0,52.4,43.7,2004-10-01,Octubre,2004-10,Octubre
RF-27,Barajas Pueblo,2004,10,,,,63.9,74.9,67.2,54.3,42.8,36.9,2004-10-01,Octubre,2004-10,Octubre
RF-26,Embajada,2004,10,,,,65.4,71.7,68.8,64.1,55.4,47.1,2004-10-01,Octubre,2004-10,Octubre
RF-22,Paseo de Pontones,2004,10,,,,64.1,73.7,67.2,58.7,51.1,45.5,2004-10-01,Octubre,2004-10,Octubre
RF-24,Casa de Campo,2004,10,,,,51.2,58.6,53.6,49.2,44.7,41.9,2004-10-01,Octubre,2004-10,Octubre
RF-20,Avenida de Moratalaz,2004,10,,,,63.7,72.6,66.7,60.0,49.6,41.6,2004-10-01,Octubre,2004-10,Octubre
RF-03,Plaza del Carmen,2004,10,,,,61.3,70.0,64.1,58.0,51.3,45.2,2004-10-01,Octubre,2004-10,Octubre
RF-05,Barrio del Pilar,2004,10,,,,64.1,74.7,65.1,59.9,51.3,44.8,2004-10-01,Octubre,2004-10,Octubre
RF-29,El Pardo,2004,10,,,,58.7,68.6,62.8,51.9,36.4,29.1,2004-10-01,Octubre,2004-10,Octubre
RF-28,Cuatro Vientos,2004,10,,,,66.8,75.1,70.5,62.9,46.7,38.0,2004-10-01,Octubre,2004-10,Octubre
RF-25,Santa Eugenia,2004,10,,,,68.6,74.5,71.5,67.8,61.4,54.2,2004-10-01,Octubre,2004-10,Octubre
RF-12,Manuel Becerra,2004,10,,,,64.5,70.9,66.2,62.5,55.4,48.6,2004-10-01,Octubre,2004-10,Octubre
RF-06,Gregorio Marañón,2004,10,,,,69.5,77.6,72.2,66.9,60.5,53.2,2004-10-01,Octubre,2004-10,Octubre
RF-15,Plaza de Castilla ubicación antigua,2004,10,,,,69.2,75.5,72.1,67.9,61.0,51.9,2004-10-01,Octubre,2004-10,Octubre
RF-19,Alto de Extremadura,2004,10,,,,62.5,71.7,65.2,59.4,53.1,45.8,2004-10-01,Octubre,2004-10,Octubre
RF-02,Carlos V,2004,10,,,,68.3,76.8,70.2,66.0,61.3,57.1,2004-10-01,Octubre,2004-10,Octubre
RF-23,Calle de Alcalá final,2004,10,,,,62.6,68.1,65.2,62.0,56.4,50.1,2004-10-01,Octubre,2004-10,Octubre
RF-01,Paseo de Recoletos,2004,10,,,,69.2,76.0,72.1,67.3,59.6,53.4,2004-10-01,Octubre,2004-10,Octubre
RF-08,Escuelas Aguirre,2004,10,,,,70.0,76.9,73.3,67.9,61.8,54.3,2004-10-01,Octubre,2004-10,Octubre
RF-14,Plaza Elíptica,2004,10,,,,67.4,75.0,70.4,65.0,58.1,51.6,2004-10-01,Octubre,2004-10,Octubre
RF-27,Barajas Pueblo,2004,11,,,,63.9,74.4,67.8,56.1,43.6,38.0,2004-11-01,Noviembre,2004-11,Noviembre
RF-26,Embajada,2004,11,,,,65.8,72.0,69.2,64.4,54.0,46.0,2004-11-01,Noviembre,2004-11,Noviembre
RF-21,Isaac Peral,2004,11,,,,68.4,76.0,68.7,62.6,53.2,45.3,2004-11-01,Noviembre,2004-11,Noviembre
RF-22,Paseo de Pontones,2004,11,,,,64.4,73.9,67.5,58.9,51.3,45.1,2004-11-01,Noviembre,2004-11,Noviembre
RF-23,Calle de Alcalá final,2004,11,,,,63.9,68.9,66.5,63.5,57.3,50.6,2004-11-01,Noviembre,2004-11,Noviembre
RF-02,Carlos V,2004,11,,,,67.7,75.1,69.9,66.1,61.5,57.2,2004-11-01,Noviembre,2004-11,Noviembre
RF-28,Cuatro Vientos,2004,11,,,,66.7,74.8,70.6,62.3,46.5,36.3,2004-11-01,Noviembre,2004-11,Noviembre
RF-24,Casa de Campo,2004,11,,,,51.9,58.0,54.3,50.2,46.6,43.4,2004-11-01,Noviembre,2004-11,Noviembre
RF-20,Avenida de Moratalaz,2004,11,,,,63.6,72.5,66.8,60.2,49.5,41.8,2004-11-01,Noviembre,2004-11,Noviembre
RF-12,Manuel Becerra,2004,11,,,,65.3,73.6,66.7,62.7,55.6,48.5,2004-11-01,Noviembre,2004-11,Noviembre
RF-29,El Pardo,2004,11,,,,59.2,68.8,63.3,51.9,36.5,29.5,2004-11-01,Noviembre,2004-11,Noviembre
RF-19,Alto de Extremadura,2004,11,,,,62.6,71.9,65.2,59.4,53.0,45.7,2004-11-01,Noviembre,2004-11,Noviembre
RF-17,Villaverde,2004,11,,,,56.3,65.4,58.8,51.8,43.0,37.7,2004-11-01,Noviembre,2004-11,Noviembre
RF-08,Escuelas Aguirre,2004,11,,,,69.9,76.7,73.4,67.9,61.6,53.4,2004-11-01,Noviembre,2004-11,Noviembre
RF-13,Vallecas,2004,11,,,,58.8,67.9,61.2,55.1,44.6,40.3,2004-11-01,Noviembre,2004-11,Noviembre
RF-09,Plaza Luca de Tena,2004,11,,,,67.0,73.6,69.7,65.2,56.8,47.2,2004-11-01,Noviembre,2004-11,Noviembre
RF-30,Campo de las Naciones,2004,11,,,,61.0,68.8,64.1,58.6,47.7,43.4,2004-11-01,Noviembre,2004-11,Noviembre
RF-04,Plaza de España,2004,11,,,,65.3,73.4,67.6,63.5,57.7,51.7,2004-11-01,Noviembre,2004-11,Noviembre
RF-05,Barrio del Pilar,2004,11,,,,60.9,67.0,63.2,59.1,51.2,45.4,2004-11-01,Noviembre,2004-11,Noviembre
RF-10,Cuatro Caminos,2004,11,,,,67.4,75.1,71.0,64.1,53.9,44.6,2004-11-01,Noviembre,2004-11,Noviembre
RF-01,Paseo de Recoletos,2004,11,,,,69.3,76.0,72.4,67.4,59.9,53.5,2004-11-01,Noviembre,2004-11,Noviembre
RF-11,Ramón y Cajal,2004,11,,,,70.0,76.1,72.8,68.9,56.5,45.1,2004-11-01,Noviembre,2004-11,Noviembre
RF-16,Arturo Soria,2004,11,,,,62.0,68.4,64.8,60.0,48.1,40.9,2004-11-01,Noviembre,2004-11,Noviembre
RF-14,Plaza Elíptica,2004,11,,,,67.8,75.4,70.7,65.5,58.2,50.8,2004-11-01,Noviembre,2004-11,Noviembre
RF-15,Plaza de Castilla ubicación antigua,2004,11,,,,69.2,75.1,72.0,68.0,60.7,51.3,2004-11-01,Noviembre,2004-11,Noviembre
RF-25,Santa Eugenia,2004,11,,,,68.9,74.0,71.7,68.6,61.4,54.0,2004-11-01,Noviembre,2004-11,Noviembre
RF-03,Plaza del Carmen,2004,11,,,,61.0,70.2,63.9,57.1,50.0,44.0,2004-11-01,Noviembre,2004-11,Noviembre
RF-07,Plaza Marqués de Salamanca,2004,11,,,,65.8,73.3,68.8,63.6,51.2,42.8,2004-11-01,Noviembre,2004-11,Noviembre
RF-06,Gregorio Marañón,2004,11,,,,69.4,77.0,72.1,67.1,60.5,52.7,2004-11-01,Noviembre,2004-11,Noviembre
RF-18,General Ricardos ubicación antigua,2004,11,,,,57.0,65.4,58.6,52.1,43.9,36.1,2004-11-01,Noviembre,2004-11,Noviembre
RF-07,Plaza Marqués de Salamanca,2004,12,,,,66.9,75.4,69.1,63.5,51.5,43.5,2004-12-01,Diciembre,2004-12,Diciembre
RF-02,Carlos V,2004,12,,,,67.4,74.6,69.6,65.9,61.5,57.2,2004-12-01,Diciembre,2004-12,Diciembre
RF-21,Isaac Peral,2004,12,,,,68.0,75.8,68.4,62.1,53.4,46.2,2004-12-01,Diciembre,2004-12,Diciembre
RF-30,Campo de las Naciones,2004,12,,,,60.5,68.7,63.8,57.5,47.6,43.2,2004-12-01,Diciembre,2004-12,Diciembre
RF-09,Plaza Luca de Tena,2004,12,,,,68.0,73.5,69.4,64.7,55.7,47.6,2004-12-01,Diciembre,2004-12,Diciembre
RF-16,Arturo Soria,2004,12,,,,62.2,68.3,64.9,60.1,48.7,41.8,2004-12-01,Diciembre,2004-12,Diciembre
RF-08,Escuelas Aguirre,2004,12,,,,69.8,76.5,73.2,67.6,61.8,54.4,2004-12-01,Diciembre,2004-12,Diciembre
RF-24,Casa de Campo,2004,12,,,,51.2,57.9,53.7,49.6,46.1,43.1,2004-12-01,Diciembre,2004-12,Diciembre
RF-19,Alto de Extremadura,2004,12,,,,63.7,72.1,65.5,59.8,53.5,46.3,2004-12-01,Diciembre,2004-12,Diciembre
RF-12,Manuel Becerra,2004,12,,,,68.0,79.8,68.1,62.7,55.9,49.6,2004-12-01,Diciembre,2004-12,Diciembre
RF-03,Plaza del Carmen,2004,12,,,,62.1,70.6,64.2,57.8,50.1,44.4,2004-12-01,Diciembre,2004-12,Diciembre
RF-17,Villaverde,2004,12,,,,60.4,66.2,58.9,52.3,43.5,37.9,2004-12-01,Diciembre,2004-12,Diciembre
RF-14,Plaza Elíptica,2004,12,,,,68.1,75.5,70.9,65.5,58.7,52.0,2004-12-01,Diciembre,2004-12,Diciembre
RF-04,Plaza de España,2004,12,,,,66.5,75.6,68.5,64.2,58.5,53.0,2004-12-01,Diciembre,2004-12,Diciembre
RF-25,Santa Eugenia,2004,12,,,,69.2,74.2,71.7,68.5,61.3,53.0,2004-12-01,Diciembre,2004-12,Diciembre
RF-05,Barrio del Pilar,2004,12,,,,62.1,67.1,63.1,59.3,51.8,46.4,2004-12-01,Diciembre,2004-12,Diciembre
RF-28,Cuatro Vientos,2004,12,,,,66.6,74.8,70.6,61.7,43.6,33.4,2004-12-01,Diciembre,2004-12,Diciembre
RF-23,Calle de Alcalá final,2004,12,,,,64.4,69.2,66.7,63.7,57.6,51.3,2004-12-01,Diciembre,2004-12,Diciembre
RF-15,Plaza de Castilla ubicación antigua,2004,12,,,,69.3,75.1,72.1,68.0,61.4,53.0,2004-12-01,Diciembre,2004-12,Diciembre
RF-29,El Pardo,2004,12,,,,59.1,68.8,63.3,51.7,36.8,30.0,2004-12-01,Diciembre,2004-12,Diciembre
RF-20,Avenida de Moratalaz,2004,12,,,,64.1,72.8,66.9,60.4,50.6,42.5,2004-12-01,Diciembre,2004-12,Diciembre
RF-01,Paseo de Recoletos,2004,12,,,,68.4,75.5,71.5,66.2,59.2,53.0,2004-12-01,Diciembre,2004-12,Diciembre
RF-27,Barajas Pueblo,2004,12,,,,62.7,72.3,66.0,55.1,43.2,38.8,2004-12-01,Diciembre,2004-12,Diciembre
RF-11,Ramón y Cajal,2004,12,,,,70.0,75.9,72.8,68.8,57.3,47.4,2004-12-01,Diciembre,2004-12,Diciembre
RF-18,General Ricardos ubicación antigua,2004,12,,,,63.9,73.7,59.0,51.9,42.9,36.9,2004-12-01,Diciembre,2004-12,Diciembre
RF-13,Vallecas,2004,12,,,,64.5,69.4,61.6,55.4,45.8,40.9,2004-12-01,Diciembre,2004-12,Diciembre
RF-10,Cuatro Caminos,2004,12,,,,67.5,75.3,71.1,63.6,54.1,46.2,2004-12-01,Diciembre,2004-12,Diciembre
RF-06,Gregorio Marañón,2004,12,,,,69.5,76.9,72.0,67.1,60.7,54.2,2004-12-01,Diciembre,2004-12,Diciembre
RF-26,Embajada,2004,12,,,,65.7,72.4,69.3,64.0,54.6,46.2,2004-12-01,Diciembre,2004-12,Diciembre
RF-22,Paseo de Pontones,2004,12,,,,64.7,73.9,67.6,59.0,51.8,45.8,2004-12-01,Diciembre,2004-12,Diciembre
RF-28,Cuatro Vientos,2005,1,,,,66.9,74.9,70.8,62.3,46.5,35.2,2005-01-01,Enero,2005-01,Enero
RF-22,Paseo de Pontones,2005,1,,,,64.8,73.6,67.5,58.9,51.7,45.7,2005-01-01,Enero,2005-01,Enero
RF-08,Escuelas Aguirre,2005,1,,,,69.8,76.3,73.2,67.5,61.2,52.3,2005-01-01,Enero,2005-01,Enero
RF-09,Plaza Luca de Tena,2005,1,,,,67.5,72.9,69.2,64.5,55.0,45.6,2005-01-01,Enero,2005-01,Enero
RF-12,Manuel Becerra,2005,1,,,,68.8,81.0,68.5,62.5,55.0,48.0,2005-01-01,Enero,2005-01,Enero
RF-24,Casa de Campo,2005,1,,,,51.8,58.2,54.5,50.3,46.3,42.8,2005-01-01,Enero,2005-01,Enero
RF-07,Plaza Marqués de Salamanca,2005,1,,,,65.4,72.2,68.5,63.1,50.7,43.0,2005-01-01,Enero,2005-01,Enero
RF-03,Plaza del Carmen,2005,1,,,,62.3,70.4,64.1,57.3,49.6,44.0,2005-01-01,Enero,2005-01,Enero
RF-21,Isaac Peral,2005,1,,,,67.9,75.3,68.5,62.1,53.0,45.4,2005-01-01,Enero,2005-01,Enero
RF-30,Campo de las Naciones,2005,1,,,,61.0,69.0,64.2,58.4,47.5,44.3,2005-01-01,Enero,2005-01,Enero
RF-14,Plaza Elíptica,2005,1,,,,68.3,75.7,70.9,65.4,58.0,50.8,2005-01-01,Enero,2005-01,Enero
RF-16,Arturo Soria,2005,1,,,,62.1,68.2,64.9,60.1,48.5,41.5,2005-01-01,Enero,2005-01,Enero
RF-17,Villaverde,2005,1,,,,59.3,65.8,58.9,52.4,43.8,38.4,2005-01-01,Enero,2005-01,Enero
RF-01,Paseo de Recoletos,2005,1,,,,69.1,75.4,72.6,66.8,59.3,52.9,2005-01-01,Enero,2005-01,Enero
RF-18,General Ricardos ubicación antigua,2005,1,,,,61.5,65.7,58.7,52.4,44.6,37.7,2005-01-01,Enero,2005-01,Enero
RF-27,Barajas Pueblo,2005,1,,,,63.0,73.1,66.5,55.4,43.7,39.1,2005-01-01,Enero,2005-01,Enero
RF-04,Plaza de España,2005,1,,,,65.6,72.3,67.7,64.0,58.0,52.2,2005-01-01,Enero,2005-01,Enero
RF-19,Alto de Extremadura,2005,1,,,,63.5,72.2,65.3,59.6,53.3,45.6,2005-01-01,Enero,2005-01,Enero
RF-11,Ramón y Cajal,2005,1,,,,69.5,75.6,72.7,68.0,49.1,35.0,2005-01-01,Enero,2005-01,Enero
RF-13,Vallecas,2005,1,,,,67.4,68.8,61.4,55.1,45.0,40.9,2005-01-01,Enero,2005-01,Enero
RF-25,Santa Eugenia,2005,1,,,,68.8,73.3,71.1,68.2,60.6,51.9,2005-01-01,Enero,2005-01,Enero
RF-05,Barrio del Pilar,2005,1,,,,62.9,68.8,64.6,59.8,51.5,45.2,2005-01-01,Enero,2005-01,Enero
RF-06,Gregorio Marañón,2005,1,,,,69.1,76.4,71.7,66.7,59.9,53.1,2005-01-01,Enero,2005-01,Enero
RF-20,Avenida de Moratalaz,2005,1,,,,65.5,73.4,66.9,60.0,49.2,41.1,2005-01-01,Enero,2005-01,Enero
RF-23,Calle de Alcalá final,2005,1,,,,63.9,68.5,66.3,63.4,56.9,50.2,2005-01-01,Enero,2005-01,Enero
RF-10,Cuatro Caminos,2005,1,,,,67.5,75.1,71.2,63.8,54.4,46.3,2005-01-01,Enero,2005-01,Enero
RF-29,El Pardo,2005,1,,,,59.0,68.7,63.2,51.4,34.9,28.5,2005-01-01,Enero,2005-01,Enero
RF-15,Plaza de Castilla ubicación antigua,2005,1,,,,69.4,75.0,72.1,68.1,60.4,51.4,2005-01-01,Enero,2005-01,Enero
RF-26,Embajada,2005,1,,,,65.7,72.4,69.3,64.0,54.2,46.3,2005-01-01,Enero,2005-01,Enero
RF-02,Carlos V,2005,1,,,,67.1,73.2,69.4,65.8,61.5,57.1,2005-01-01,Enero,2005-01,Enero
RF-24,Casa de Campo,2005,2,,,,51.6,60.0,53.4,49.0,45.1,42.1,2005-02-01,Febrero,2005-02,Febrero
RF-03,Plaza del Carmen,2005,2,,,,61.8,70.5,64.4,57.7,50.2,44.6,2005-02-01,Febrero,2005-02,Febrero
RF-12,Manuel Becerra,2005,2,,,,70.1,81.7,67.8,62.8,55.2,48.0,2005-02-01,Febrero,2005-02,Febrero
RF-30,Campo de las Naciones,2005,2,,,,61.6,69.5,64.5,59.0,47.0,42.4,2005-02-01,Febrero,2005-02,Febrero
RF-25,Santa Eugenia,2005,2,,,,69.1,74.4,71.9,68.7,61.0,52.0,2005-02-01,Febrero,2005-02,Febrero
RF-02,Carlos V,2005,2,,,,68.3,76.8,70.8,66.1,61.3,56.3,2005-02-01,Febrero,2005-02,Febrero
RF-06,Gregorio Marañón,2005,2,,,,70.0,77.7,72.7,67.7,61.1,53.7,2005-02-01,Febrero,2005-02,Febrero
RF-04,Plaza de España,2005,2,,,,66.2,74.0,68.5,64.4,58.4,52.8,2005-02-01,Febrero,2005-02,Febrero
RF-29,El Pardo,2005,2,,,,58.8,68.6,63.1,51.7,33.9,28.4,2005-02-01,Febrero,2005-02,Febrero
RF-07,Plaza Marqués de Salamanca,2005,2,,,,66.9,74.2,69.6,64.0,51.0,43.2,2005-02-01,Febrero,2005-02,Febrero
RF-11,Ramón y Cajal,2005,2,,,,70.3,76.1,73.1,69.1,54.9,41.3,2005-02-01,Febrero,2005-02,Febrero
RF-28,Cuatro Vientos,2005,2,,,,66.9,75.1,70.9,62.6,45.3,34.9,2005-02-01,Febrero,2005-02,Febrero
RF-19,Alto de Extremadura,2005,2,,,,62.8,72.0,65.6,59.7,52.5,44.5,2005-02-01,Febrero,2005-02,Febrero
RF-05,Barrio del Pilar,2005,2,,,,62.0,68.4,65.0,60.2,50.9,45.2,2005-02-01,Febrero,2005-02,Febrero
RF-20,Avenida de Moratalaz,2005,2,,,,64.1,72.7,67.1,60.3,48.9,41.0,2005-02-01,Febrero,2005-02,Febrero
RF-27,Barajas Pueblo,2005,2,,,,62.9,73.1,66.9,55.9,43.2,39.4,2005-02-01,Febrero,2005-02,Febrero
RF-17,Villaverde,2005,2,,,,56.5,65.4,58.9,52.3,42.3,37.1,2005-02-01,Febrero,2005-02,Febrero
RF-14,Plaza Elíptica,2005,2,,,,68.4,75.9,70.8,65.7,57.9,50.6,2005-02-01,Febrero,2005-02,Febrero
RF-21,Isaac Peral,2005,2,,,,68.6,75.6,68.9,62.6,53.1,45.3,2005-02-01,Febrero,2005-02,Febrero
RF-10,Cuatro Caminos,2005,2,,,,68.2,75.8,71.8,65.1,56.1,46.3,2005-02-01,Febrero,2005-02,Febrero
RF-23,Calle de Alcalá final,2005,2,,,,64.3,69.3,67.0,63.8,57.4,50.5,2005-02-01,Febrero,2005-02,Febrero
RF-13,Vallecas,2005,2,,,,59.0,67.8,61.7,55.3,44.1,40.1,2005-02-01,Febrero,2005-02,Febrero
RF-08,Escuelas Aguirre,2005,2,,,,70.0,76.7,73.5,67.9,61.5,52.1,2005-02-01,Febrero,2005-02,Febrero
RF-09,Plaza Luca de Tena,2005,2,,,,67.3,73.7,69.8,65.6,55.4,45.9,2005-02-01,Febrero,2005-02,Febrero
RF-22,Paseo de Pontones,2005,2,,,,64.7,73.7,67.6,59.1,51.2,44.7,2005-02-01,Febrero,2005-02,Febrero
RF-16,Arturo Soria,2005,2,,,,62.2,68.4,65.3,60.6,48.5,40.8,2005-02-01,Febrero,2005-02,Febrero
RF-18,General Ricardos ubicación antigua,2005,2,,,,55.9,64.8,58.5,51.5,42.0,35.0,2005-02-01,Febrero,2005-02,Febrero
RF-26,Embajada,2005,2,,,,65.8,72.4,69.4,64.3,54.3,46.1,2005-02-01,Febrero,2005-02,Febrero
RF-01,Paseo de Recoletos,2005,2,,,,69.8,76.2,73.1,68.0,60.2,53.4,2005-02-01,Febrero,2005-02,Febrero
RF-15,Plaza de Castilla ubicación antigua,2005,2,,,,69.6,75.5,72.5,68.5,60.8,51.5,2005-02-01,Febrero,2005-02,Febrero
RF-29,El Pardo,2005,3,,,,58.4,68.1,62.7,51.4,34.8,28.4,2005-03-01,Marzo,2005-03,Marzo
RF-01,Paseo de Recoletos,2005,3,,,,69.3,75.5,72.5,67.3,59.6,52.8,2005-03-01,Marzo,2005-03,Marzo
RF-27,Barajas Pueblo,2005,3,,,,64.3,74.9,67.9,54.5,43.7,39.4,2005-03-01,Marzo,2005-03,Marzo
RF-20,Avenida de Moratalaz,2005,3,,,,63.2,72.0,66.3,59.5,48.9,41.6,2005-03-01,Marzo,2005-03,Marzo
RF-24,Casa de Campo,2005,3,,,,50.8,58.1,53.5,48.7,44.6,41.3,2005-03-01,Marzo,2005-03,Marzo
RF-05,Barrio del Pilar,2005,3,,,,61.2,67.4,64.2,59.3,50.6,45.4,2005-03-01,Marzo,2005-03,Marzo
RF-11,Ramón y Cajal,2005,3,,,,69.6,75.5,72.4,68.3,55.8,45.9,2005-03-01,Marzo,2005-03,Marzo
RF-19,Alto de Extremadura,2005,3,,,,62.5,71.8,65.1,59.2,52.2,44.4,2005-03-01,Marzo,2005-03,Marzo
RF-14,Plaza Elíptica,2005,3,,,,67.5,75.1,70.4,64.8,57.5,50.5,2005-03-01,Marzo,2005-03,Marzo
RF-03,Plaza del Carmen,2005,3,,,,61.1,69.9,64.0,57.2,49.9,43.8,2005-03-01,Marzo,2005-03,Marzo
RF-12,Manuel Becerra,2005,3,,,,64.4,70.9,65.8,62.2,54.8,47.8,2005-03-01,Marzo,2005-03,Marzo
RF-21,Isaac Peral,2005,3,,,,67.7,75.2,68.2,61.8,52.3,45.2,2005-03-01,Marzo,2005-03,Marzo
RF-02,Carlos V,2005,3,,,,67.7,75.9,70.1,65.8,61.2,56.4,2005-03-01,Marzo,2005-03,Marzo
RF-08,Escuelas Aguirre,2005,3,,,,69.5,76.0,72.9,67.5,60.5,51.7,2005-03-01,Marzo,2005-03,Marzo
RF-18,General Ricardos ubicación antigua,2005,3,,,,56.0,64.6,57.9,50.8,41.3,34.5,2005-03-01,Marzo,2005-03,Marzo
RF-25,Santa Eugenia,2005,3,,,,68.2,73.0,71.0,67.8,60.6,52.0,2005-03-01,Marzo,2005-03,Marzo
RF-09,Plaza Luca de Tena,2005,3,,,,67.1,73.3,69.7,65.7,55.4,46.1,2005-03-01,Marzo,2005-03,Marzo
RF-16,Arturo Soria,2005,3,,,,61.5,67.4,64.3,59.6,47.8,40.4,2005-03-01,Marzo,2005-03,Marzo
RF-28,Cuatro Vientos,2005,3,,,,66.3,74.7,70.2,61.7,45.8,36.1,2005-03-01,Marzo,2005-03,Marzo
RF-30,Campo de las Naciones,2005,3,,,,60.9,68.6,63.8,58.7,47.4,43.8,2005-03-01,Marzo,2005-03,Marzo
RF-04,Plaza de España,2005,3,,,,64.8,71.9,66.9,63.2,57.8,52.7,2005-03-01,Marzo,2005-03,Marzo
RF-06,Gregorio Marañón,2005,3,,,,69.4,77.1,71.8,66.8,60.3,53.0,2005-03-01,Marzo,2005-03,Marzo
RF-26,Embajada,2005,3,,,,65.2,71.8,68.7,63.8,54.6,46.1,2005-03-01,Marzo,2005-03,Marzo
RF-10,Cuatro Caminos,2005,3,,,,66.8,74.9,70.7,63.2,53.3,45.7,2005-03-01,Marzo,2005-03,Marzo
RF-13,Vallecas,2005,3,,,,57.9,66.6,60.8,54.6,43.6,40.2,2005-03-01,Marzo,2005-03,Marzo
RF-07,Plaza Marqués de Salamanca,2005,3,,,,71.1,85.2,69.7,63.0,49.4,42.3,2005-03-01,Marzo,2005-03,Marzo
RF-15,Plaza de Castilla ubicación antigua,2005,3,,,,69.0,75.0,71.9,67.8,60.0,50.9,2005-03-01,Marzo,2005-03,Marzo
RF-23,Calle de Alcalá final,2005,3,,,,62.5,67.6,65.2,61.9,56.3,50.3,2005-03-01,Marzo,2005-03,Marzo
RF-17,Villaverde,2005,3,,,,56.2,65.1,58.3,51.7,42.2,37.0,2005-03-01,Marzo,2005-03,Marzo
RF-22,Paseo de Pontones,2005,3,,,,64.2,73.7,67.1,58.4,50.7,44.9,2005-03-01,Marzo,2005-03,Marzo
RF-25,Santa Eugenia,2005,4,,,,68.3,73.5,71.2,67.9,60.7,51.9,2005-04-01,Abril,2005-04,Abril
RF-23,Calle de Alcalá final,2005,4,,,,62.8,68.0,65.5,62.1,56.4,50.6,2005-04-01,Abril,2005-04,Abril
RF-02,Carlos V,2005,4,,,,67.1,75.3,69.2,65.3,60.8,56.1,2005-04-01,Abril,2005-04,Abril
RF-22,Paseo de Pontones,2005,4,,,,63.7,73.1,67.0,58.6,50.8,44.7,2005-04-01,Abril,2005-04,Abril
RF-21,Isaac Peral,2005,4,,,,67.2,74.8,68.2,62.0,52.8,44.7,2005-04-01,Abril,2005-04,Abril
RF-05,Barrio del Pilar,2005,4,,,,61.5,67.8,64.3,59.6,51.3,45.5,2005-04-01,Abril,2005-04,Abril
RF-06,Gregorio Marañón,2005,4,,,,69.5,77.3,72.2,67.1,60.9,53.3,2005-04-01,Abril,2005-04,Abril
RF-20,Avenida de Moratalaz,2005,4,,,,63.5,72.1,66.3,59.7,49.4,41.6,2005-04-01,Abril,2005-04,Abril
RF-16,Arturo Soria,2005,4,,,,61.4,67.6,64.3,59.9,48.5,40.6,2005-04-01,Abril,2005-04,Abril
RF-04,Plaza de España,2005,4,,,,64.9,71.9,67.0,63.6,58.0,52.8,2005-04-01,Abril,2005-04,Abril
RF-29,El Pardo,2005,4,,,,58.6,68.1,62.8,52.3,35.4,28.5,2005-04-01,Abril,2005-04,Abril
RF-14,Plaza Elíptica,2005,4,,,,67.5,75.2,70.4,65.2,58.0,51.0,2005-04-01,Abril,2005-04,Abril
RF-01,Paseo de Recoletos,2005,4,,,,69.1,75.3,72.2,67.3,59.6,52.9,2005-04-01,Abril,2005-04,Abril
RF-12,Manuel Becerra,2005,4,,,,64.8,71.8,66.4,62.5,55.7,48.7,2005-04-01,Abril,2005-04,Abril
RF-15,Plaza de Castilla ubicación antigua,2005,4,,,,69.2,75.1,71.8,68.0,60.8,51.7,2005-04-01,Abril,2005-04,Abril
RF-11,Ramón y Cajal,2005,4,,,,69.6,75.6,72.2,68.4,56.9,45.9,2005-04-01,Abril,2005-04,Abril
RF-26,Embajada,2005,4,,,,63.8,70.9,67.5,61.6,53.0,44.7,2005-04-01,Abril,2005-04,Abril
RF-17,Villaverde,2005,4,,,,55.9,65.1,58.2,52.1,42.4,36.8,2005-04-01,Abril,2005-04,Abril
RF-19,Alto de Extremadura,2005,4,,,,62.4,71.6,65.0,59.4,52.3,44.6,2005-04-01,Abril,2005-04,Abril
RF-28,Cuatro Vientos,2005,4,,,,65.9,74.0,69.7,61.7,46.2,35.0,2005-04-01,Abril,2005-04,Abril
RF-13,Vallecas,2005,4,,,,59.0,68.0,61.2,55.3,44.1,40.2,2005-04-01,Abril,2005-04,Abril
RF-03,Plaza del Carmen,2005,4,,,,61.8,70.7,64.7,58.4,50.7,43.6,2005-04-01,Abril,2005-04,Abril
RF-07,Plaza Marqués de Salamanca,2005,4,,,,73.9,88.7,69.5,63.3,50.5,42.6,2005-04-01,Abril,2005-04,Abril
RF-08,Escuelas Aguirre,2005,4,,,,69.7,76.2,73.1,67.5,60.4,51.4,2005-04-01,Abril,2005-04,Abril
RF-18,General Ricardos ubicación antigua,2005,4,,,,60.0,69.9,59.0,51.8,40.7,34.8,2005-04-01,Abril,2005-04,Abril
RF-09,Plaza Luca de Tena,2005,4,,,,67.0,73.6,69.7,65.7,55.9,46.8,2005-04-01,Abril,2005-04,Abril
RF-24,Casa de Campo,2005,4,,,,51.9,59.7,53.4,48.8,44.5,41.7,2005-04-01,Abril,2005-04,Abril
RF-27,Barajas Pueblo,2005,4,,,,62.8,72.5,66.1,55.8,44.5,39.2,2005-04-01,Abril,2005-04,Abril
RF-10,Cuatro Caminos,2005,4,,,,67.2,75.0,70.8,63.7,54.1,46.2,2005-04-01,Abril,2005-04,Abril
RF-30,Campo de las Naciones,2005,4,,,,60.9,68.7,63.9,58.7,47.5,42.4,2005-04-01,Abril,2005-04,Abril
RF-05,Barrio del Pilar,2005,5,,,,61.6,69.8,63.5,59.2,52.4,45.7,2005-05-01,Mayo,2005-05,Mayo
RF-24,Casa de Campo,2005,5,,,,51.3,58.8,53.7,49.1,44.3,41.3,2005-05-01,Mayo,2005-05,Mayo
RF-22,Paseo de Pontones,2005,5,,,,63.8,72.6,66.5,58.3,50.7,45.8,2005-05-01,Mayo,2005-05,Mayo
RF-12,Manuel Becerra,2005,5,,,,64.3,71.1,65.9,62.1,54.9,47.8,2005-05-01,Mayo,2005-05,Mayo
RF-17,Villaverde,2005,5,,,,55.9,65.4,58.2,51.8,42.2,36.2,2005-05-01,Mayo,2005-05,Mayo
RF-26,Embajada,2005,5,,,,62.7,69.9,66.5,59.9,52.9,45.2,2005-05-01,Mayo,2005-05,Mayo
RF-02,Carlos V,2005,5,,,,66.9,75.6,68.9,65.1,60.5,55.8,2005-05-01,Mayo,2005-05,Mayo
RF-07,Plaza Marqués de Salamanca,2005,5,,,,72.4,82.4,68.7,62.4,49.6,42.3,2005-05-01,Mayo,2005-05,Mayo
RF-23,Calle de Alcalá final,2005,5,,,,61.8,67.3,64.6,61.0,56.0,50.5,2005-05-01,Mayo,2005-05,Mayo
RF-20,Avenida de Moratalaz,2005,5,,,,63.0,71.9,65.8,59.2,48.9,41.6,2005-05-01,Mayo,2005-05,Mayo
RF-16,Arturo Soria,2005,5,,,,60.8,67.0,63.5,58.9,47.5,40.1,2005-05-01,Mayo,2005-05,Mayo
RF-14,Plaza Elíptica,2005,5,,,,67.5,74.8,70.0,64.7,58.0,51.8,2005-05-01,Mayo,2005-05,Mayo
RF-19,Alto de Extremadura,2005,5,,,,62.0,71.4,64.8,58.8,51.8,44.4,2005-05-01,Mayo,2005-05,Mayo
RF-13,Vallecas,2005,5,,,,58.4,66.6,60.6,55.0,44.3,39.6,2005-05-01,Mayo,2005-05,Mayo
RF-28,Cuatro Vientos,2005,5,,,,65.5,73.9,69.1,60.8,46.3,35.1,2005-05-01,Mayo,2005-05,Mayo
RF-08,Escuelas Aguirre,2005,5,,,,69.2,75.9,72.7,66.7,60.0,51.5,2005-05-01,Mayo,2005-05,Mayo
RF-09,Plaza Luca de Tena,2005,5,,,,66.7,73.6,69.5,65.2,56.7,48.2,2005-05-01,Mayo,2005-05,Mayo
RF-27,Barajas Pueblo,2005,5,,,,61.8,71.9,65.4,55.2,44.2,38.8,2005-05-01,Mayo,2005-05,Mayo
RF-10,Cuatro Caminos,2005,5,,,,66.8,74.7,70.3,63.7,55.6,46.7,2005-05-01,Mayo,2005-05,Mayo
RF-03,Plaza del Carmen,2005,5,,,,61.3,69.9,64.2,58.4,51.5,44.3,2005-05-01,Mayo,2005-05,Mayo
RF-04,Plaza de España,2005,5,,,,64.4,72.3,66.6,62.6,56.7,51.5,2005-05-01,Mayo,2005-05,Mayo
RF-29,El Pardo,2005,5,,,,58.3,67.8,62.3,52.4,34.5,28.4,2005-05-01,Mayo,2005-05,Mayo
RF-21,Isaac Peral,2005,5,,,,67.3,74.4,67.9,61.6,51.8,44.0,2005-05-01,Mayo,2005-05,Mayo
RF-15,Plaza de Castilla ubicación antigua,2005,5,,,,68.6,74.9,71.3,67.4,60.4,52.1,2005-05-01,Mayo,2005-05,Mayo
RF-11,Ramón y Cajal,2005,5,,,,69.1,75.1,71.7,67.8,56.0,46.4,2005-05-01,Mayo,2005-05,Mayo
RF-01,Paseo de Recoletos,2005,5,,,,68.4,74.9,71.6,66.7,59.0,52.7,2005-05-01,Mayo,2005-05,Mayo
RF-18,General Ricardos ubicación antigua,2005,5,,,,57.5,65.3,58.6,52.2,41.0,34.2,2005-05-01,Mayo,2005-05,Mayo
RF-06,Gregorio Marañón,2005,5,,,,69.3,77.0,72.0,66.6,60.3,52.9,2005-05-01,Mayo,2005-05,Mayo
RF-30,Campo de las Naciones,2005,5,,,,61.0,68.9,63.9,58.7,47.0,41.9,2005-05-01,Mayo,2005-05,Mayo
RF-21,Isaac Peral,2005,6,,,,68.5,75.1,68.1,61.9,52.2,45.1,2005-06-01,Junio,2005-06,Junio
RF-24,Casa de Campo,2005,6,,,,51.3,58.7,52.9,49.3,45.7,41.5,2005-06-01,Junio,2005-06,Junio
RF-22,Paseo de Pontones,2005,6,,,,64.3,73.2,67.0,58.8,51.5,47.1,2005-06-01,Junio,2005-06,Junio
RF-08,Escuelas Aguirre,2005,6,,,,74.7,76.5,72.7,66.2,58.5,52.9,2005-06-01,Junio,2005-06,Junio
RF-17,Villaverde,2005,6,,,,57.0,66.3,57.7,51.2,41.8,36.8,2005-06-01,Junio,2005-06,Junio
RF-19,Alto de Extremadura,2005,6,,,,61.7,71.0,64.5,58.4,51.2,44.0,2005-06-01,Junio,2005-06,Junio
RF-18,General Ricardos ubicación antigua,2005,6,,,,57.6,67.5,59.9,52.8,40.4,34.9,2005-06-01,Junio,2005-06,Junio
RF-15,Plaza de Castilla ubicación antigua,2005,6,,,,69.0,75.9,71.5,67.7,60.6,52.4,2005-06-01,Junio,2005-06,Junio
RF-26,Embajada,2005,6,,,,63.0,69.9,66.5,60.3,53.1,45.8,2005-06-01,Junio,2005-06,Junio
RF-04,Plaza de España,2005,6,,,,64.6,72.9,66.7,62.9,57.0,51.9,2005-06-01,Junio,2005-06,Junio
RF-12,Manuel Becerra,2005,6,,,,64.5,70.9,65.8,62.2,55.0,48.4,2005-06-01,Junio,2005-06,Junio
RF-10,Cuatro Caminos,2005,6,,,,66.9,74.6,70.4,63.6,55.5,45.6,2005-06-01,Junio,2005-06,Junio
RF-09,Plaza Luca de Tena,2005,6,,,,66.7,74.4,69.3,65.0,57.1,49.6,2005-06-01,Junio,2005-06,Junio
RF-11,Ramón y Cajal,2005,6,,,,69.1,75.6,71.8,68.0,53.1,38.5,2005-06-01,Junio,2005-06,Junio
RF-06,Gregorio Marañón,2005,6,,,,69.9,78.0,72.4,67.0,61.0,53.7,2005-06-01,Junio,2005-06,Junio
RF-01,Paseo de Recoletos,2005,6,,,,68.9,76.1,71.7,67.2,59.8,53.7,2005-06-01,Junio,2005-06,Junio
RF-29,El Pardo,2005,6,,,,58.7,68.1,62.4,53.0,36.9,28.6,2005-06-01,Junio,2005-06,Junio
RF-03,Plaza del Carmen,2005,6,,,,61.6,70.3,64.4,58.7,52.0,46.3,2005-06-01,Junio,2005-06,Junio
RF-28,Cuatro Vientos,2005,6,,,,65.6,73.9,69.0,61.2,46.2,36.2,2005-06-01,Junio,2005-06,Junio
RF-13,Vallecas,2005,6,,,,59.4,68.0,60.9,55.5,47.2,39.9,2005-06-01,Junio,2005-06,Junio
RF-14,Plaza Elíptica,2005,6,,,,67.3,74.8,70.0,64.8,58.4,53.3,2005-06-01,Junio,2005-06,Junio
RF-07,Plaza Marqués de Salamanca,2005,6,,,,64.6,71.7,67.6,62.6,50.8,45.1,2005-06-01,Junio,2005-06,Junio
RF-23,Calle de Alcalá final,2005,6,,,,63.4,70.4,64.8,61.5,56.5,50.5,2005-06-01,Junio,2005-06,Junio
RF-02,Carlos V,2005,6,,,,66.6,75.0,68.7,65.0,60.5,55.9,2005-06-01,Junio,2005-06,Junio
RF-05,Barrio del Pilar,2005,6,,,,61.6,68.3,64.3,59.9,52.6,45.4,2005-06-01,Junio,2005-06,Junio
RF-16,Arturo Soria,2005,6,,,,60.7,67.2,63.6,59.1,48.8,41.2,2005-06-01,Junio,2005-06,Junio
RF-30,Campo de las Naciones,2005,6,,,,60.6,68.6,63.5,58.2,47.5,42.7,2005-06-01,Junio,2005-06,Junio
RF-20,Avenida de Moratalaz,2005,6,,,,62.9,71.9,65.8,59.3,49.9,42.3,2005-06-01,Junio,2005-06,Junio
RF-27,Barajas Pueblo,2005,6,,,,61.6,71.7,65.2,55.4,45.5,40.1,2005-06-01,Junio,2005-06,Junio
RF-28,Cuatro Vientos,2005,7,,,,65.1,73.3,68.8,60.2,46.4,35.6,2005-07-01,Julio,2005-07,Julio
RF-16,Arturo Soria,2005,7,,,,60.0,66.4,63.0,58.4,48.2,42.6,2005-07-01,Julio,2005-07,Julio
RF-27,Barajas Pueblo,2005,7,,,,60.6,70.9,63.9,54.2,45.6,40.3,2005-07-01,Julio,2005-07,Julio
RF-17,Villaverde,2005,7,,,,61.7,66.8,57.1,50.0,42.8,38.0,2005-07-01,Julio,2005-07,Julio
RF-10,Cuatro Caminos,2005,7,,,,66.0,74.8,69.6,61.4,54.1,45.0,2005-07-01,Julio,2005-07,Julio
RF-01,Paseo de Recoletos,2005,7,,,,68.3,75.1,71.2,66.5,59.2,53.9,2005-07-01,Julio,2005-07,Julio
RF-30,Campo de las Naciones,2005,7,,,,59.2,67.8,62.4,56.0,46.8,42.1,2005-07-01,Julio,2005-07,Julio
RF-20,Avenida de Moratalaz,2005,7,,,,62.4,71.6,65.2,58.6,50.0,43.3,2005-07-01,Julio,2005-07,Julio
RF-05,Barrio del Pilar,2005,7,,,,62.4,70.7,64.2,59.5,52.8,46.0,2005-07-01,Julio,2005-07,Julio
RF-23,Calle de Alcalá final,2005,7,,,,61.9,67.8,64.4,61.0,56.4,51.9,2005-07-01,Julio,2005-07,Julio
RF-21,Isaac Peral,2005,7,,,,66.7,74.0,67.3,60.8,51.9,46.1,2005-07-01,Julio,2005-07,Julio
RF-14,Plaza Elíptica,2005,7,,,,66.9,74.6,69.6,64.2,58.0,52.1,2005-07-01,Julio,2005-07,Julio
RF-24,Casa de Campo,2005,7,,,,50.9,57.0,52.7,49.7,46.6,41.8,2005-07-01,Julio,2005-07,Julio
RF-19,Alto de Extremadura,2005,7,,,,61.1,70.5,63.7,57.6,51.0,44.2,2005-07-01,Julio,2005-07,Julio
RF-15,Plaza de Castilla ubicación antigua,2005,7,,,,68.7,75.4,71.4,67.4,60.8,53.5,2005-07-01,Julio,2005-07,Julio
RF-04,Plaza de España,2005,7,,,,63.7,70.5,65.7,62.2,57.0,51.7,2005-07-01,Julio,2005-07,Julio
RF-09,Plaza Luca de Tena,2005,7,,,,65.9,72.7,68.5,64.3,56.6,50.3,2005-07-01,Julio,2005-07,Julio
RF-12,Manuel Becerra,2005,7,,,,64.8,69.9,65.1,61.6,55.1,49.2,2005-07-01,Julio,2005-07,Julio
RF-29,El Pardo,2005,7,,,,58.7,69.7,62.0,52.1,39.4,30.9,2005-07-01,Julio,2005-07,Julio
RF-06,Gregorio Marañón,2005,7,,,,69.0,76.9,71.7,66.3,60.7,54.3,2005-07-01,Julio,2005-07,Julio
RF-03,Plaza del Carmen,2005,7,,,,61.2,70.5,64.0,57.6,51.3,46.4,2005-07-01,Julio,2005-07,Julio
RF-22,Paseo de Pontones,2005,7,,,,63.3,72.0,66.1,57.7,51.6,47.4,2005-07-01,Julio,2005-07,Julio
RF-07,Plaza Marqués de Salamanca,2005,7,,,,63.9,71.1,67.1,61.5,50.4,45.3,2005-07-01,Julio,2005-07,Julio
RF-02,Carlos V,2005,7,,,,66.3,74.1,68.5,64.7,60.3,55.7,2005-07-01,Julio,2005-07,Julio
RF-26,Embajada,2005,7,,,,62.4,69.5,66.1,59.6,53.4,46.4,2005-07-01,Julio,2005-07,Julio
RF-11,Ramón y Cajal,2005,7,,,,68.8,74.9,71.6,67.4,56.5,48.1,2005-07-01,Julio,2005-07,Julio
RF-13,Vallecas,2005,7,,,,69.3,81.4,62.8,55.4,50.1,39.9,2005-07-01,Julio,2005-07,Julio
RF-18,General Ricardos ubicación antigua,2005,7,,,,55.3,64.9,57.7,50.2,40.4,34.7,2005-07-01,Julio,2005-07,Julio
RF-08,Escuelas Aguirre,2005,7,,,,69.6,76.3,72.4,65.9,57.8,53.4,2005-07-01,Julio,2005-07,Julio
RF-03,Plaza del Carmen,2005,8,,,,60.4,69.7,63.4,56.8,50.2,45.7,2005-08-01,Agosto,2005-08,Agosto
RF-09,Plaza Luca de Tena,2005,8,,,,66.1,73.6,68.7,64.4,57.2,49.0,2005-08-01,Agosto,2005-08,Agosto
RF-07,Plaza Marqués de Salamanca,2005,8,,,,62.7,70.6,66.3,59.7,48.3,44.5,2005-08-01,Agosto,2005-08,Agosto
RF-08,Escuelas Aguirre,2005,8,,,,68.4,75.9,72.3,65.3,56.8,52.1,2005-08-01,Agosto,2005-08,Agosto
RF-30,Campo de las Naciones,2005,8,,,,58.2,66.8,61.5,54.9,45.8,41.8,2005-08-01,Agosto,2005-08,Agosto
RF-27,Barajas Pueblo,2005,8,,,,60.6,71.0,63.8,54.3,45.7,40.6,2005-08-01,Agosto,2005-08,Agosto
RF-10,Cuatro Caminos,2005,8,,,,64.8,73.4,68.5,60.4,53.1,42.9,2005-08-01,Agosto,2005-08,Agosto
RF-13,Vallecas,2005,8,,,,62.5,71.4,60.4,54.1,49.5,39.6,2005-08-01,Agosto,2005-08,Agosto
RF-01,Paseo de Recoletos,2005,8,,,,67.8,74.0,71.0,65.7,58.3,53.0,2005-08-01,Agosto,2005-08,Agosto
RF-12,Manuel Becerra,2005,8,,,,63.1,69.3,64.8,61.0,54.3,49.0,2005-08-01,Agosto,2005-08,Agosto
RF-06,Gregorio Marañón,2005,8,,,,68.0,75.7,70.8,65.5,59.1,52.8,2005-08-01,Agosto,2005-08,Agosto
RF-14,Plaza Elíptica,2005,8,,,,66.3,73.9,69.4,63.6,57.0,51.2,2005-08-01,Agosto,2005-08,Agosto
RF-21,Isaac Peral,2005,8,,,,64.8,72.9,66.4,59.4,49.8,44.4,2005-08-01,Agosto,2005-08,Agosto
RF-20,Avenida de Moratalaz,2005,8,,,,61.7,70.8,64.4,57.5,48.4,41.8,2005-08-01,Agosto,2005-08,Agosto
RF-24,Casa de Campo,2005,8,,,,50.7,56.4,52.6,49.7,46.7,41.8,2005-08-01,Agosto,2005-08,Agosto
RF-29,El Pardo,2005,8,,,,57.9,68.0,61.0,49.5,38.8,29.4,2005-08-01,Agosto,2005-08,Agosto
RF-19,Alto de Extremadura,2005,8,,,,60.3,70.4,62.9,56.6,49.7,42.7,2005-08-01,Agosto,2005-08,Agosto
RF-11,Ramón y Cajal,2005,8,,,,68.0,74.6,71.3,65.9,54.4,46.9,2005-08-01,Agosto,2005-08,Agosto
RF-04,Plaza de España,2005,8,,,,63.5,71.1,65.8,62.0,56.4,52.0,2005-08-01,Agosto,2005-08,Agosto
RF-18,General Ricardos ubicación antigua,2005,8,,,,56.2,66.2,58.2,50.2,41.1,36.2,2005-08-01,Agosto,2005-08,Agosto
RF-02,Carlos V,2005,8,,,,67.0,76.1,69.1,64.7,59.9,55.2,2005-08-01,Agosto,2005-08,Agosto
RF-17,Villaverde,2005,8,,,,53.9,63.2,55.6,49.4,44.2,42.1,2005-08-01,Agosto,2005-08,Agosto
RF-15,Plaza de Castilla ubicación antigua,2005,8,,,,68.1,74.9,71.1,66.4,59.3,51.8,2005-08-01,Agosto,2005-08,Agosto
RF-22,Paseo de Pontones,2005,8,,,,62.6,71.4,65.5,56.9,51.0,46.7,2005-08-01,Agosto,2005-08,Agosto
RF-23,Calle de Alcalá final,2005,8,,,,61.9,68.1,64.2,60.8,56.2,52.0,2005-08-01,Agosto,2005-08,Agosto
RF-28,Cuatro Vientos,2005,8,,,,64.2,72.9,68.2,58.5,44.1,35.3,2005-08-01,Agosto,2005-08,Agosto
RF-05,Barrio del Pilar,2005,8,,,,62.6,71.4,64.7,59.3,52.2,45.3,2005-08-01,Agosto,2005-08,Agosto
RF-16,Arturo Soria,2005,8,,,,59.9,66.7,63.1,57.9,46.6,41.9,2005-08-01,Agosto,2005-08,Agosto
RF-26,Embajada,2005,8,,,,62.2,69.6,66.2,59.2,53.5,47.2,2005-08-01,Agosto,2005-08,Agosto
RF-28,Cuatro Vientos,2005,9,,,,65.4,73.5,69.1,60.5,45.7,35.6,2005-09-01,Septiembre,2005-09,Septiembre
RF-15,Plaza de Castilla ubicación antigua,2005,9,,,,69.5,77.7,71.8,67.5,60.5,53.1,2005-09-01,Septiembre,2005-09,Septiembre
RF-12,Manuel Becerra,2005,9,,,,63.8,70.4,65.5,62.0,55.2,48.8,2005-09-01,Septiembre,2005-09,Septiembre
RF-27,Barajas Pueblo,2005,9,,,,61.4,71.7,65.0,54.7,44.5,39.7,2005-09-01,Septiembre,2005-09,Septiembre
RF-13,Vallecas,2005,9,,,,58.7,67.4,60.7,54.9,45.2,38.1,2005-09-01,Septiembre,2005-09,Septiembre
RF-08,Escuelas Aguirre,2005,9,,,,68.9,75.8,72.6,66.2,57.7,52.0,2005-09-01,Septiembre,2005-09,Septiembre
RF-04,Plaza de España,2005,9,,,,65.3,74.7,67.2,63.0,57.7,53.2,2005-09-01,Septiembre,2005-09,Septiembre
RF-29,El Pardo,2005,9,,,,63.4,68.6,62.0,51.7,36.6,28.7,2005-09-01,Septiembre,2005-09,Septiembre
RF-16,Arturo Soria,2005,9,,,,60.7,66.8,63.6,59.1,48.1,41.8,2005-09-01,Septiembre,2005-09,Septiembre
RF-09,Plaza Luca de Tena,2005,9,,,,66.8,73.6,69.5,65.2,56.4,47.2,2005-09-01,Septiembre,2005-09,Septiembre
RF-01,Paseo de Recoletos,2005,9,,,,68.5,74.7,71.6,66.8,59.2,53.5,2005-09-01,Septiembre,2005-09,Septiembre
RF-11,Ramón y Cajal,2005,9,,,,69.1,75.1,71.9,68.0,56.3,47.6,2005-09-01,Septiembre,2005-09,Septiembre
RF-18,General Ricardos ubicación antigua,2005,9,,,,57.2,67.1,58.7,51.2,41.4,34.7,2005-09-01,Septiembre,2005-09,Septiembre
RF-23,Calle de Alcalá final,2005,9,,,,62.6,67.8,65.1,61.9,56.8,51.9,2005-09-01,Septiembre,2005-09,Septiembre
RF-05,Barrio del Pilar,2005,9,,,,62.9,70.1,65.1,60.3,53.4,45.3,2005-09-01,Septiembre,2005-09,Septiembre
RF-22,Paseo de Pontones,2005,9,,,,64.3,72.5,66.9,58.4,50.9,45.5,2005-09-01,Septiembre,2005-09,Septiembre
RF-02,Carlos V,2005,9,,,,69.4,77.9,70.3,65.7,60.8,55.7,2005-09-01,Septiembre,2005-09,Septiembre
RF-19,Alto de Extremadura,2005,9,,,,61.5,70.9,63.9,58.0,51.3,44.3,2005-09-01,Septiembre,2005-09,Septiembre
RF-21,Isaac Peral,2005,9,,,,67.6,74.5,67.8,61.4,51.9,45.3,2005-09-01,Septiembre,2005-09,Septiembre
RF-24,Casa de Campo,2005,9,,,,51.7,60.0,53.8,49.4,46.0,42.3,2005-09-01,Septiembre,2005-09,Septiembre
RF-03,Plaza del Carmen,2005,9,,,,61.0,69.7,63.9,57.5,50.4,44.4,2005-09-01,Septiembre,2005-09,Septiembre
RF-20,Avenida de Moratalaz,2005,9,,,,62.8,71.8,65.9,59.1,48.6,41.0,2005-09-01,Septiembre,2005-09,Septiembre
RF-14,Plaza Elíptica,2005,9,,,,67.2,74.7,70.1,64.7,57.6,51.1,2005-09-01,Septiembre,2005-09,Septiembre
RF-17,Villaverde,2005,9,,,,54.9,64.1,57.0,50.3,41.9,36.8,2005-09-01,Septiembre,2005-09,Septiembre
RF-07,Plaza Marqués de Salamanca,2005,9,,,,64.4,71.3,67.6,62.0,49.8,43.9,2005-09-01,Septiembre,2005-09,Septiembre
RF-26,Embajada,2005,9,,,,63.2,70.1,66.9,60.5,53.4,46.5,2005-09-01,Septiembre,2005-09,Septiembre
RF-30,Campo de las Naciones,2005,9,,,,60.5,68.7,63.5,57.7,46.5,42.5,2005-09-01,Septiembre,2005-09,Septiembre
RF-10,Cuatro Caminos,2005,9,,,,65.8,74.2,69.6,61.9,53.6,43.6,2005-09-01,Septiembre,2005-09,Septiembre
RF-06,Gregorio Marañón,2005,9,,,,69.2,76.9,72.0,66.5,60.0,53.5,2005-09-01,Septiembre,2005-09,Septiembre
RF-04,Plaza de España,2005,10,,,,64.8,72.9,67.4,62.7,57.3,52.0,2005-10-01,Octubre,2005-10,Octubre
RF-19,Alto de Extremadura,2005,10,,,,61.8,71.0,64.6,58.6,51.7,44.0,2005-10-01,Octubre,2005-10,Octubre
RF-12,Manuel Becerra,2005,10,,,,64.5,71.1,66.1,62.6,55.9,49.0,2005-10-01,Octubre,2005-10,Octubre
RF-24,Casa de Campo,2005,10,,,,50.9,57.8,52.9,49.0,45.4,41.9,2005-10-01,Octubre,2005-10,Octubre
RF-11,Ramón y Cajal,2005,10,,,,69.8,75.7,72.6,68.6,57.1,47.8,2005-10-01,Octubre,2005-10,Octubre
RF-30,Campo de las Naciones,2005,10,,,,61.2,69.2,64.6,58.5,47.1,43.1,2005-10-01,Octubre,2005-10,Octubre
RF-15,Plaza de Castilla ubicación antigua,2005,10,,,,69.2,75.3,72.0,67.9,61.4,53.2,2005-10-01,Octubre,2005-10,Octubre
RF-22,Paseo de Pontones,2005,10,,,,64.6,73.6,67.8,59.2,51.9,46.0,2005-10-01,Octubre,2005-10,Octubre
RF-14,Plaza Elíptica,2005,10,,,,67.7,75.0,70.4,65.4,57.7,50.4,2005-10-01,Octubre,2005-10,Octubre
RF-08,Escuelas Aguirre,2005,10,,,,70.1,77.8,73.6,66.5,58.8,52.9,2005-10-01,Octubre,2005-10,Octubre
RF-29,El Pardo,2005,10,,,,58.8,68.1,62.4,51.5,36.5,29.0,2005-10-01,Octubre,2005-10,Octubre
RF-26,Embajada,2005,10,,,,64.0,70.9,67.8,61.5,53.5,46.4,2005-10-01,Octubre,2005-10,Octubre
RF-06,Gregorio Marañón,2005,10,,,,70.1,77.8,73.1,67.7,61.4,54.2,2005-10-01,Octubre,2005-10,Octubre
RF-21,Isaac Peral,2005,10,,,,67.9,75.6,68.4,62.3,53.4,45.7,2005-10-01,Octubre,2005-10,Octubre
RF-02,Carlos V,2005,10,,,,68.3,76.8,70.3,66.2,61.2,56.0,2005-10-01,Octubre,2005-10,Octubre
RF-09,Plaza Luca de Tena,2005,10,,,,67.6,74.0,70.2,65.8,56.9,46.5,2005-10-01,Octubre,2005-10,Octubre
RF-18,General Ricardos ubicación antigua,2005,10,,,,56.0,65.4,58.3,51.2,41.5,34.5,2005-10-01,Octubre,2005-10,Octubre
RF-07,Plaza Marqués de Salamanca,2005,10,,,,65.2,72.1,68.2,63.0,50.8,43.0,2005-10-01,Octubre,2005-10,Octubre
RF-16,Arturo Soria,2005,10,,,,61.8,68.0,64.7,60.1,48.5,40.9,2005-10-01,Octubre,2005-10,Octubre
RF-20,Avenida de Moratalaz,2005,10,,,,63.8,72.8,67.0,59.8,48.7,40.8,2005-10-01,Octubre,2005-10,Octubre
RF-17,Villaverde,2005,10,,,,55.6,64.4,57.8,51.1,42.1,35.9,2005-10-01,Octubre,2005-10,Octubre
RF-03,Plaza del Carmen,2005,10,,,,61.2,70.2,64.1,57.6,50.7,44.7,2005-10-01,Octubre,2005-10,Octubre
RF-01,Paseo de Recoletos,2005,10,,,,69.1,75.7,72.3,67.3,59.8,54.1,2005-10-01,Octubre,2005-10,Octubre
RF-27,Barajas Pueblo,2005,10,,,,62.0,72.4,65.9,54.7,45.2,39.4,2005-10-01,Octubre,2005-10,Octubre
RF-23,Calle de Alcalá final,2005,10,,,,63.1,67.9,65.5,62.5,57.5,52.1,2005-10-01,Octubre,2005-10,Octubre
RF-10,Cuatro Caminos,2005,10,,,,66.6,74.8,70.3,62.9,54.0,43.4,2005-10-01,Octubre,2005-10,Octubre
RF-28,Cuatro Vientos,2005,10,,,,66.1,74.5,69.8,61.1,43.7,32.6,2005-10-01,Octubre,2005-10,Octubre
RF-05,Barrio del Pilar,2005,10,,,,64.6,75.7,65.6,60.1,52.2,46.2,2005-10-01,Octubre,2005-10,Octubre
RF-13,Vallecas,2005,10,,,,58.9,68.2,61.5,55.2,44.4,38.2,2005-10-01,Octubre,2005-10,Octubre
RF-13,Vallecas,2005,11,,,,58.8,67.5,61.4,55.2,44.1,38.4,2005-11-01,Noviembre,2005-11,Noviembre
RF-12,Manuel Becerra,2005,11,,,,64.7,71.3,66.5,62.9,56.0,49.2,2005-11-01,Noviembre,2005-11,Noviembre
RF-16,Arturo Soria,2005,11,,,,62.4,68.7,65.3,60.6,48.4,40.7,2005-11-01,Noviembre,2005-11,Noviembre
RF-09,Plaza Luca de Tena,2005,11,,,,67.5,73.9,70.4,66.0,57.1,46.9,2005-11-01,Noviembre,2005-11,Noviembre
RF-15,Plaza de Castilla ubicación antigua,2005,11,,,,69.6,75.5,72.5,68.4,61.8,53.6,2005-11-01,Noviembre,2005-11,Noviembre
RF-29,El Pardo,2005,11,,,,58.8,68.6,63.1,51.5,36.0,28.7,2005-11-01,Noviembre,2005-11,Noviembre
RF-06,Gregorio Marañón,2005,11,,,,70.5,78.1,73.5,68.1,61.5,54.1,2005-11-01,Noviembre,2005-11,Noviembre
RF-07,Plaza Marqués de Salamanca,2005,11,,,,65.8,72.5,68.7,63.5,50.7,43.1,2005-11-01,Noviembre,2005-11,Noviembre
RF-17,Villaverde,2005,11,,,,56.5,65.0,58.3,51.9,42.8,37.3,2005-11-01,Noviembre,2005-11,Noviembre
RF-23,Calle de Alcalá final,2005,11,,,,63.8,70.1,66.0,63.0,58.0,54.1,2005-11-01,Noviembre,2005-11,Noviembre
RF-10,Cuatro Caminos,2005,11,,,,67.0,75.3,70.9,63.3,53.4,43.2,2005-11-01,Noviembre,2005-11,Noviembre
RF-04,Plaza de España,2005,11,,,,65.7,74.8,68.5,63.2,57.4,52.0,2005-11-01,Noviembre,2005-11,Noviembre
RF-26,Embajada,2005,11,,,,64.4,71.5,68.3,61.8,52.9,45.9,2005-11-01,Noviembre,2005-11,Noviembre
RF-03,Plaza del Carmen,2005,11,,,,61.4,70.4,64.2,57.4,50.1,44.2,2005-11-01,Noviembre,2005-11,Noviembre
RF-02,Carlos V,2005,11,,,,68.6,77.1,70.9,66.6,61.4,56.1,2005-11-01,Noviembre,2005-11,Noviembre
RF-28,Cuatro Vientos,2005,11,,,,66.6,74.9,70.4,62.0,46.5,36.1,2005-11-01,Noviembre,2005-11,Noviembre
RF-27,Barajas Pueblo,2005,11,,,,63.0,73.0,66.7,55.1,43.7,39.8,2005-11-01,Noviembre,2005-11,Noviembre
RF-24,Casa de Campo,2005,11,,,,51.1,57.3,52.7,48.7,44.9,42.4,2005-11-01,Noviembre,2005-11,Noviembre
RF-20,Avenida de Moratalaz,2005,11,,,,63.8,72.8,67.1,59.9,48.7,41.3,2005-11-01,Noviembre,2005-11,Noviembre
RF-05,Barrio del Pilar,2005,11,,,,61.3,67.7,64.1,59.7,51.8,45.8,2005-11-01,Noviembre,2005-11,Noviembre
RF-01,Paseo de Recoletos,2005,11,,,,69.8,76.3,73.0,68.0,60.1,53.4,2005-11-01,Noviembre,2005-11,Noviembre
RF-21,Isaac Peral,2005,11,,,,68.8,76.4,68.9,62.7,53.6,45.8,2005-11-01,Noviembre,2005-11,Noviembre
RF-18,General Ricardos ubicación antigua,2005,11,,,,55.8,64.9,58.2,50.9,41.0,34.5,2005-11-01,Noviembre,2005-11,Noviembre
RF-08,Escuelas Aguirre,2005,11,,,,70.1,77.0,73.8,67.1,59.8,52.8,2005-11-01,Noviembre,2005-11,Noviembre
RF-14,Plaza Elíptica,2005,11,,,,68.2,75.4,70.9,65.9,58.1,50.9,2005-11-01,Noviembre,2005-11,Noviembre
RF-22,Paseo de Pontones,2005,11,,,,65.2,74.0,68.2,59.7,52.0,45.6,2005-11-01,Noviembre,2005-11,Noviembre
RF-11,Ramón y Cajal,2005,11,,,,70.4,76.2,73.2,69.3,57.2,47.9,2005-11-01,Noviembre,2005-11,Noviembre
RF-19,Alto de Extremadura,2005,11,,,,62.2,71.0,64.8,59.1,52.1,44.2,2005-11-01,Noviembre,2005-11,Noviembre
RF-30,Campo de las Naciones,2005,11,,,,61.8,70.5,65.0,58.9,46.7,42.8,2005-11-01,Noviembre,2005-11,Noviembre
RF-14,Plaza Elíptica,2005,12,,,,69.0,75.4,70.8,65.9,58.5,51.6,2005-12-01,Diciembre,2005-12,Diciembre
RF-01,Paseo de Recoletos,2005,12,,,,68.6,75.4,71.9,66.6,59.5,53.3,2005-12-01,Diciembre,2005-12,Diciembre
RF-11,Ramón y Cajal,2005,12,,,,70.3,75.9,73.1,69.2,57.9,48.9,2005-12-01,Diciembre,2005-12,Diciembre
RF-09,Plaza Luca de Tena,2005,12,,,,67.5,73.2,70.0,65.6,56.6,48.2,2005-12-01,Diciembre,2005-12,Diciembre
RF-12,Manuel Becerra,2005,12,,,,65.1,71.3,66.3,62.9,56.0,49.4,2005-12-01,Diciembre,2005-12,Diciembre
RF-15,Plaza de Castilla ubicación antigua,2005,12,,,,69.9,76.6,72.6,68.5,62.2,54.9,2005-12-01,Diciembre,2005-12,Diciembre
RF-26,Embajada,2005,12,,,,65.8,71.8,68.6,61.5,52.7,46.5,2005-12-01,Diciembre,2005-12,Diciembre
RF-22,Paseo de Pontones,2005,12,,,,65.5,73.8,68.4,59.7,52.6,46.8,2005-12-01,Diciembre,2005-12,Diciembre
RF-10,Cuatro Caminos,2005,12,,,,67.1,75.3,70.8,63.3,54.0,44.9,2005-12-01,Diciembre,2005-12,Diciembre
RF-28,Cuatro Vientos,2005,12,,,,66.9,74.9,70.5,62.1,47.9,38.6,2005-12-01,Diciembre,2005-12,Diciembre
RF-29,El Pardo,2005,12,,,,60.8,68.6,63.1,51.3,35.7,28.8,2005-12-01,Diciembre,2005-12,Diciembre
RF-21,Isaac Peral,2005,12,,,,67.3,75.2,68.4,62.1,53.7,46.8,2005-12-01,Diciembre,2005-12,Diciembre
RF-27,Barajas Pueblo,2005,12,,,,65.2,73.9,67.5,54.9,43.8,40.0,2005-12-01,Diciembre,2005-12,Diciembre
RF-08,Escuelas Aguirre,2005,12,,,,69.8,76.7,73.4,67.0,60.5,53.8,2005-12-01,Diciembre,2005-12,Diciembre
RF-05,Barrio del Pilar,2005,12,,,,62.7,68.8,64.2,59.7,51.1,45.4,2005-12-01,Diciembre,2005-12,Diciembre
RF-03,Plaza del Carmen,2005,12,,,,64.0,72.8,65.5,58.0,49.6,44.1,2005-12-01,Diciembre,2005-12,Diciembre
RF-24,Casa de Campo,2005,12,,,,50.7,57.4,53.3,48.9,45.3,43.1,2005-12-01,Diciembre,2005-12,Diciembre
RF-13,Vallecas,2005,12,,,,64.5,70.6,61.7,55.4,44.9,39.8,2005-12-01,Diciembre,2005-12,Diciembre
RF-30,Campo de las Naciones,2005,12,,,,61.1,69.2,64.4,57.7,47.8,44.0,2005-12-01,Diciembre,2005-12,Diciembre
RF-19,Alto de Extremadura,2005,12,,,,63.4,71.1,64.9,59.5,53.4,46.6,2005-12-01,Diciembre,2005-12,Diciembre
RF-06,Gregorio Marañón,2005,12,,,,70.3,78.0,73.1,67.9,61.6,54.9,2005-12-01,Diciembre,2005-12,Diciembre
RF-04,Plaza de España,2005,12,,,,65.4,73.1,67.4,63.4,58.5,53.9,2005-12-01,Diciembre,2005-12,Diciembre
RF-16,Arturo Soria,2005,12,,,,62.8,68.7,65.4,60.6,48.8,41.4,2005-12-01,Diciembre,2005-12,Diciembre
RF-23,Calle de Alcalá final,2005,12,,,,63.2,67.9,65.5,62.4,56.7,51.1,2005-12-01,Diciembre,2005-12,Diciembre
RF-02,Carlos V,2005,12,,,,68.9,77.8,71.0,66.6,61.9,57.1,2005-12-01,Diciembre,2005-12,Diciembre
RF-07,Plaza Marqués de Salamanca,2005,12,,,,65.5,72.3,68.5,63.3,51.2,43.6,2005-12-01,Diciembre,2005-12,Diciembre
RF-20,Avenida de Moratalaz,2005,12,,,,63.6,72.5,67.0,59.9,49.6,42.2,2005-12-01,Diciembre,2005-12,Diciembre
RF-18,General Ricardos ubicación antigua,2005,12,,,,63.9,65.9,58.2,50.6,39.5,29.3,2005-12-01,Diciembre,2005-12,Diciembre
RF-21,Isaac Peral,2006,1,,,,67.4,75.5,68.7,62.3,52.9,45.9,2006-01-01,Enero,2006-01,Enero
RF-19,Alto de Extremadura,2006,1,,,,65.1,71.4,64.9,59.3,52.2,44.8,2006-01-01,Enero,2006-01,Enero
RF-08,Escuelas Aguirre,2006,1,,,,70.4,77.9,73.6,67.3,60.5,52.6,2006-01-01,Enero,2006-01,Enero
RF-30,Campo de las Naciones,2006,1,,,,61.6,69.7,64.9,58.7,46.5,41.6,2006-01-01,Enero,2006-01,Enero
RF-22,Paseo de Pontones,2006,1,,,,66.0,73.8,68.5,59.7,51.9,45.1,2006-01-01,Enero,2006-01,Enero
RF-03,Plaza del Carmen,2006,1,,,,62.3,70.5,64.6,57.5,49.2,43.7,2006-01-01,Enero,2006-01,Enero
RF-28,Cuatro Vientos,2006,1,,,,67.3,74.7,70.5,62.1,45.9,35.9,2006-01-01,Enero,2006-01,Enero
RF-11,Ramón y Cajal,2006,1,,,,70.4,76.0,73.3,69.3,56.9,46.9,2006-01-01,Enero,2006-01,Enero
RF-15,Plaza de Castilla ubicación antigua,2006,1,,,,70.1,75.9,73.1,68.7,61.4,53.6,2006-01-01,Enero,2006-01,Enero
RF-05,Barrio del Pilar,2006,1,,,,63.7,68.0,64.7,60.1,50.7,45.2,2006-01-01,Enero,2006-01,Enero
RF-01,Paseo de Recoletos,2006,1,,,,69.7,75.9,73.4,67.4,59.8,53.4,2006-01-01,Enero,2006-01,Enero
RF-14,Plaza Elíptica,2006,1,,,,68.5,75.6,70.8,65.9,57.9,50.5,2006-01-01,Enero,2006-01,Enero
RF-20,Avenida de Moratalaz,2006,1,,,,64.0,72.8,67.0,59.9,48.4,42.1,2006-01-01,Enero,2006-01,Enero
RF-24,Casa de Campo,2006,1,,,,50.3,57.1,52.8,48.5,44.6,42.3,2006-01-01,Enero,2006-01,Enero
RF-18,General Ricardos ubicación antigua,2006,1,,,,62.1,64.4,58.0,50.8,40.9,34.8,2006-01-01,Enero,2006-01,Enero
RF-02,Carlos V,2006,1,,,,67.8,74.3,70.2,66.5,61.6,56.2,2006-01-01,Enero,2006-01,Enero
RF-29,El Pardo,2006,1,,,,59.1,68.8,63.2,51.2,33.5,28.4,2006-01-01,Enero,2006-01,Enero
RF-09,Plaza Luca de Tena,2006,1,,,,69.4,74.1,70.4,65.8,56.1,46.9,2006-01-01,Enero,2006-01,Enero
RF-07,Plaza Marqués de Salamanca,2006,1,,,,65.6,72.1,68.7,63.5,50.3,43.3,2006-01-01,Enero,2006-01,Enero
RF-10,Cuatro Caminos,2006,1,,,,67.4,75.4,71.1,63.9,54.4,46.4,2006-01-01,Enero,2006-01,Enero
RF-04,Plaza de España,2006,1,,,,65.6,72.1,67.2,63.4,58.2,53.1,2006-01-01,Enero,2006-01,Enero
RF-26,Embajada,2006,1,,,,65.5,72.0,68.7,61.8,52.0,45.5,2006-01-01,Enero,2006-01,Enero
RF-06,Gregorio Marañón,2006,1,,,,70.2,77.7,73.2,67.9,61.1,54.0,2006-01-01,Enero,2006-01,Enero
RF-23,Calle de Alcalá final,2006,1,,,,63.8,68.4,65.8,62.6,56.3,50.0,2006-01-01,Enero,2006-01,Enero
RF-16,Arturo Soria,2006,1,,,,62.7,68.7,65.6,60.8,47.6,40.8,2006-01-01,Enero,2006-01,Enero
RF-12,Manuel Becerra,2006,1,,,,65.6,71.5,66.2,62.8,55.8,48.7,2006-01-01,Enero,2006-01,Enero
RF-13,Vallecas,2006,1,,,,65.3,68.5,61.5,55.1,43.7,39.2,2006-01-01,Enero,2006-01,Enero
RF-27,Barajas Pueblo,2006,1,,,,63.5,73.5,67.1,55.1,43.8,40.1,2006-01-01,Enero,2006-01,Enero
RF-15,Plaza de Castilla ubicación antigua,2006,2,,,,69.9,76.2,72.6,68.5,61.6,53.8,2006-02-01,Febrero,2006-02,Febrero
RF-23,Calle de Alcalá final,2006,2,,,,62.9,68.0,65.2,61.9,56.1,49.7,2006-02-01,Febrero,2006-02,Febrero
RF-10,Cuatro Caminos,2006,2,,,,67.5,75.4,71.2,64.0,54.8,44.7,2006-02-01,Febrero,2006-02,Febrero
RF-07,Plaza Marqués de Salamanca,2006,2,,,,65.4,71.9,68.5,63.4,50.2,43.2,2006-02-01,Febrero,2006-02,Febrero
RF-14,Plaza Elíptica,2006,2,,,,68.1,75.6,70.9,65.8,58.3,50.8,2006-02-01,Febrero,2006-02,Febrero
RF-11,Ramón y Cajal,2006,2,,,,70.3,76.1,73.2,69.3,56.7,46.1,2006-02-01,Febrero,2006-02,Febrero
RF-22,Paseo de Pontones,2006,2,,,,65.2,73.8,68.4,59.7,51.9,45.5,2006-02-01,Febrero,2006-02,Febrero
RF-20,Avenida de Moratalaz,2006,2,,,,69.7,76.7,67.9,60.2,48.1,41.1,2006-02-01,Febrero,2006-02,Febrero
RF-02,Carlos V,2006,2,,,,68.0,75.1,70.4,66.6,61.6,56.3,2006-02-01,Febrero,2006-02,Febrero
RF-03,Plaza del Carmen,2006,2,,,,62.1,71.2,65.1,58.0,49.6,44.5,2006-02-01,Febrero,2006-02,Febrero
RF-13,Vallecas,2006,2,,,,59.0,67.8,61.3,55.1,43.7,39.4,2006-02-01,Febrero,2006-02,Febrero
RF-06,Gregorio Marañón,2006,2,,,,70.3,77.8,73.2,67.9,61.2,54.0,2006-02-01,Febrero,2006-02,Febrero
RF-26,Embajada,2006,2,,,,64.4,71.8,68.4,61.2,52.1,45.8,2006-02-01,Febrero,2006-02,Febrero
RF-08,Escuelas Aguirre,2006,2,,,,70.7,78.2,73.7,67.5,61.5,55.5,2006-02-01,Febrero,2006-02,Febrero
RF-29,El Pardo,2006,2,,,,59.1,68.9,63.2,51.6,34.0,28.4,2006-02-01,Febrero,2006-02,Febrero
RF-09,Plaza Luca de Tena,2006,2,,,,67.2,73.4,70.0,65.4,56.0,46.7,2006-02-01,Febrero,2006-02,Febrero
RF-18,General Ricardos ubicación antigua,2006,2,,,,55.6,64.6,58.2,51.1,42.3,34.9,2006-02-01,Febrero,2006-02,Febrero
RF-21,Isaac Peral,2006,2,,,,67.3,75.4,68.7,62.6,53.7,46.5,2006-02-01,Febrero,2006-02,Febrero
RF-19,Alto de Extremadura,2006,2,,,,62.6,71.1,65.0,59.7,53.0,45.6,2006-02-01,Febrero,2006-02,Febrero
RF-05,Barrio del Pilar,2006,2,,,,61.5,67.7,64.6,59.8,49.9,43.2,2006-02-01,Febrero,2006-02,Febrero
RF-30,Campo de las Naciones,2006,2,,,,61.4,69.3,64.6,59.1,47.3,43.1,2006-02-01,Febrero,2006-02,Febrero
RF-28,Cuatro Vientos,2006,2,,,,66.4,74.3,70.1,62.0,46.6,37.3,2006-02-01,Febrero,2006-02,Febrero
RF-16,Arturo Soria,2006,2,,,,62.5,69.2,65.7,60.9,48.0,40.7,2006-02-01,Febrero,2006-02,Febrero
RF-24,Casa de Campo,2006,2,,,,51.4,59.0,54.1,48.7,44.9,42.7,2006-02-01,Febrero,2006-02,Febrero
RF-27,Barajas Pueblo,2006,2,,,,62.7,72.9,66.7,54.8,44.5,40.3,2006-02-01,Febrero,2006-02,Febrero
RF-04,Plaza de España,2006,2,,,,66.1,74.5,67.4,63.4,58.3,53.3,2006-02-01,Febrero,2006-02,Febrero
RF-12,Manuel Becerra,2006,2,,,,68.6,80.2,66.7,62.9,55.6,48.2,2006-02-01,Febrero,2006-02,Febrero
RF-02,Carlos V,2006,3,,,,68.3,75.6,70.0,66.3,61.2,56.0,2006-03-01,Marzo,2006-03,Marzo
RF-05,Barrio del Pilar,2006,3,,,,61.8,68.3,64.9,59.8,49.8,42.8,2006-03-01,Marzo,2006-03,Marzo
RF-19,Alto de Extremadura,2006,3,,,,62.5,70.9,64.9,59.4,52.9,45.8,2006-03-01,Marzo,2006-03,Marzo
RF-24,Casa de Campo,2006,3,,,,51.4,60.0,53.8,48.3,44.1,41.2,2006-03-01,Marzo,2006-03,Marzo
RF-03,Plaza del Carmen,2006,3,,,,63.8,73.5,65.9,58.8,50.7,45.1,2006-03-01,Marzo,2006-03,Marzo
RF-22,Paseo de Pontones,2006,3,,,,65.3,73.9,68.5,59.7,51.7,45.3,2006-03-01,Marzo,2006-03,Marzo
RF-21,Isaac Peral,2006,3,,,,67.0,75.2,68.4,62.5,53.9,46.6,2006-03-01,Marzo,2006-03,Marzo
RF-20,Avenida de Moratalaz,2006,3,,,,63.9,73.6,67.0,59.9,48.8,42.1,2006-03-01,Marzo,2006-03,Marzo
RF-08,Escuelas Aguirre,2006,3,,,,70.3,76.8,73.1,67.1,60.8,56.1,2006-03-01,Marzo,2006-03,Marzo
RF-29,El Pardo,2006,3,,,,58.8,68.4,62.9,51.6,34.6,28.4,2006-03-01,Marzo,2006-03,Marzo
RF-06,Gregorio Marañón,2006,3,,,,70.3,77.8,73.2,67.8,61.2,53.6,2006-03-01,Marzo,2006-03,Marzo
RF-16,Arturo Soria,2006,3,,,,62.3,68.6,65.5,60.7,48.1,40.3,2006-03-01,Marzo,2006-03,Marzo
RF-13,Vallecas,2006,3,,,,58.4,66.9,61.0,55.2,43.8,38.2,2006-03-01,Marzo,2006-03,Marzo
RF-12,Manuel Becerra,2006,3,,,,64.7,71.5,66.3,62.8,55.9,48.8,2006-03-01,Marzo,2006-03,Marzo
RF-09,Plaza Luca de Tena,2006,3,,,,66.7,73.1,69.6,65.1,56.5,47.5,2006-03-01,Marzo,2006-03,Marzo
RF-23,Calle de Alcalá final,2006,3,,,,62.7,67.4,64.5,61.4,55.6,49.3,2006-03-01,Marzo,2006-03,Marzo
RF-27,Barajas Pueblo,2006,3,,,,62.4,72.6,66.3,54.9,44.0,40.3,2006-03-01,Marzo,2006-03,Marzo
RF-10,Cuatro Caminos,2006,3,,,,67.1,75.0,70.9,63.7,54.7,44.2,2006-03-01,Marzo,2006-03,Marzo
RF-30,Campo de las Naciones,2006,3,,,,61.5,69.0,64.6,59.5,48.3,43.6,2006-03-01,Marzo,2006-03,Marzo
RF-07,Plaza Marqués de Salamanca,2006,3,,,,65.3,72.0,68.3,63.2,50.3,43.1,2006-03-01,Marzo,2006-03,Marzo
RF-26,Embajada,2006,3,,,,63.8,71.4,67.8,60.5,52.8,45.4,2006-03-01,Marzo,2006-03,Marzo
RF-28,Cuatro Vientos,2006,3,,,,66.4,74.7,70.1,62.2,47.5,38.6,2006-03-01,Marzo,2006-03,Marzo
RF-04,Plaza de España,2006,3,,,,65.1,72.8,67.2,63.3,58.3,53.2,2006-03-01,Marzo,2006-03,Marzo
RF-11,Ramón y Cajal,2006,3,,,,70.2,76.3,73.0,69.0,56.6,45.7,2006-03-01,Marzo,2006-03,Marzo
RF-15,Plaza de Castilla ubicación antigua,2006,3,,,,70.3,77.0,72.6,68.0,61.2,52.9,2006-03-01,Marzo,2006-03,Marzo
RF-01,Paseo de Recoletos,2006,3,,,,69.9,76.6,73.3,68.0,60.3,53.8,2006-03-01,Marzo,2006-03,Marzo
RF-18,General Ricardos ubicación antigua,2006,3,,,,55.7,64.3,58.0,51.1,38.9,33.4,2006-03-01,Marzo,2006-03,Marzo
RF-14,Plaza Elíptica,2006,3,,,,67.8,75.0,70.5,65.6,57.8,50.3,2006-03-01,Marzo,2006-03,Marzo
RF-02,Carlos V,2006,4,,,,68.5,78.5,69.6,65.4,60.4,55.4,2006-04-01,Abril,2006-04,Abril
RF-04,Plaza de España,2006,4,,,,64.6,72.2,66.7,62.7,57.8,53.0,2006-04-01,Abril,2006-04,Abril
RF-29,El Pardo,2006,4,,,,58.8,68.6,62.7,51.1,34.1,28.5,2006-04-01,Abril,2006-04,Abril
RF-26,Embajada,2006,4,,,,63.3,70.8,67.2,59.6,52.6,45.3,2006-04-01,Abril,2006-04,Abril
RF-15,Plaza de Castilla ubicación antigua,2006,4,,,,69.3,75.7,72.0,67.5,60.9,53.0,2006-04-01,Abril,2006-04,Abril
RF-16,Arturo Soria,2006,4,,,,61.7,67.9,64.6,59.6,47.1,39.9,2006-04-01,Abril,2006-04,Abril
RF-28,Cuatro Vientos,2006,4,,,,65.6,74.0,69.4,60.8,45.7,35.8,2006-04-01,Abril,2006-04,Abril
RF-13,Vallecas,2006,4,,,,59.0,67.7,60.7,54.6,43.4,37.4,2006-04-01,Abril,2006-04,Abril
RF-01,Paseo de Recoletos,2006,4,,,,69.0,75.5,72.4,67.2,59.6,53.8,2006-04-01,Abril,2006-04,Abril
RF-09,Plaza Luca de Tena,2006,4,,,,66.6,73.9,69.5,64.8,56.2,47.7,2006-04-01,Abril,2006-04,Abril
RF-18,General Ricardos ubicación antigua,2006,4,,,,56.2,65.2,58.4,51.4,40.2,34.6,2006-04-01,Abril,2006-04,Abril
RF-23,Calle de Alcalá final,2006,4,,,,62.9,68.1,65.4,61.8,56.3,50.0,2006-04-01,Abril,2006-04,Abril
RF-27,Barajas Pueblo,2006,4,,,,62.0,72.1,65.7,55.3,44.1,39.9,2006-04-01,Abril,2006-04,Abril
RF-10,Cuatro Caminos,2006,4,,,,66.5,74.5,70.1,63.4,55.6,48.5,2006-04-01,Abril,2006-04,Abril
RF-30,Campo de las Naciones,2006,4,,,,60.4,68.7,63.6,57.6,46.2,41.3,2006-04-01,Abril,2006-04,Abril
RF-05,Barrio del Pilar,2006,4,,,,61.9,68.6,64.8,59.4,50.8,43.5,2006-04-01,Abril,2006-04,Abril
RF-07,Plaza Marqués de Salamanca,2006,4,,,,64.6,71.7,67.7,61.9,49.9,44.0,2006-04-01,Abril,2006-04,Abril
RF-21,Isaac Peral,2006,4,,,,65.8,74.0,67.6,61.3,52.2,45.1,2006-04-01,Abril,2006-04,Abril
RF-12,Manuel Becerra,2006,4,,,,64.1,70.6,65.9,62.2,55.0,48.1,2006-04-01,Abril,2006-04,Abril
RF-19,Alto de Extremadura,2006,4,,,,61.7,70.6,64.3,58.5,51.6,45.1,2006-04-01,Abril,2006-04,Abril
RF-06,Gregorio Marañón,2006,4,,,,69.7,77.3,72.7,67.2,60.5,53.7,2006-04-01,Abril,2006-04,Abril
RF-03,Plaza del Carmen,2006,4,,,,62.9,71.3,65.3,59.0,51.5,45.8,2006-04-01,Abril,2006-04,Abril
RF-14,Plaza Elíptica,2006,4,,,,67.4,74.6,70.1,64.9,57.6,50.6,2006-04-01,Abril,2006-04,Abril
RF-22,Paseo de Pontones,2006,4,,,,65.0,73.8,67.9,58.5,50.7,44.8,2006-04-01,Abril,2006-04,Abril
RF-20,Avenida de Moratalaz,2006,4,,,,62.6,71.6,65.8,58.7,47.9,41.3,2006-04-01,Abril,2006-04,Abril
RF-24,Casa de Campo,2006,4,,,,51.3,59.1,53.9,48.7,44.0,41.2,2006-04-01,Abril,2006-04,Abril
RF-08,Escuelas Aguirre,2006,4,,,,68.0,75.1,71.4,65.4,58.7,51.3,2006-04-01,Abril,2006-04,Abril
RF-11,Ramón y Cajal,2006,4,,,,69.3,75.6,72.4,67.7,55.7,45.9,2006-04-01,Abril,2006-04,Abril
RF-09,Plaza Luca de Tena,2006,5,,,,66.6,75.6,69.1,64.6,55.8,47.6,2006-05-01,Mayo,2006-05,Mayo
RF-16,Arturo Soria,2006,5,,,,61.2,67.4,64.0,59.3,47.1,40.4,2006-05-01,Mayo,2006-05,Mayo
RF-24,Casa de Campo,2006,5,,,,53.3,62.4,54.3,48.7,43.1,39.4,2006-05-01,Mayo,2006-05,Mayo
RF-27,Barajas Pueblo,2006,5,,,,61.5,71.8,65.5,54.8,44.5,39.3,2006-05-01,Mayo,2006-05,Mayo
RF-11,Ramón y Cajal,2006,5,,,,69.2,75.5,72.1,67.9,55.6,45.5,2006-05-01,Mayo,2006-05,Mayo
RF-06,Gregorio Marañón,2006,5,,,,69.6,77.4,72.5,66.9,60.3,53.3,2006-05-01,Mayo,2006-05,Mayo
RF-18,General Ricardos ubicación antigua,2006,5,,,,56.0,65.3,58.4,52.0,41.0,35.5,2006-05-01,Mayo,2006-05,Mayo
RF-13,Vallecas,2006,5,,,,58.6,66.7,60.6,55.0,45.1,37.9,2006-05-01,Mayo,2006-05,Mayo
RF-22,Paseo de Pontones,2006,5,,,,64.3,72.9,67.4,58.5,50.4,44.8,2006-05-01,Mayo,2006-05,Mayo
RF-03,Plaza del Carmen,2006,5,,,,63.4,72.3,66.0,60.0,52.4,46.2,2006-05-01,Mayo,2006-05,Mayo
RF-23,Calle de Alcalá final,2006,5,,,,65.7,77.1,65.9,62.1,56.6,49.9,2006-05-01,Mayo,2006-05,Mayo
RF-01,Paseo de Recoletos,2006,5,,,,68.7,75.6,71.7,66.8,59.4,53.6,2006-05-01,Mayo,2006-05,Mayo
RF-08,Escuelas Aguirre,2006,5,,,,67.9,74.9,71.2,65.5,58.9,51.4,2006-05-01,Mayo,2006-05,Mayo
RF-15,Plaza de Castilla ubicación antigua,2006,5,,,,69.1,75.6,71.7,67.7,60.8,52.8,2006-05-01,Mayo,2006-05,Mayo
RF-26,Embajada,2006,5,,,,62.9,70.4,66.9,59.5,52.8,44.9,2006-05-01,Mayo,2006-05,Mayo
RF-19,Alto de Extremadura,2006,5,,,,61.4,70.4,64.0,58.2,51.0,43.9,2006-05-01,Mayo,2006-05,Mayo
RF-21,Isaac Peral,2006,5,,,,66.4,74.5,67.7,61.4,52.3,45.3,2006-05-01,Mayo,2006-05,Mayo
RF-28,Cuatro Vientos,2006,5,,,,65.1,73.5,68.7,60.3,45.4,35.7,2006-05-01,Mayo,2006-05,Mayo
RF-07,Plaza Marqués de Salamanca,2006,5,,,,65.2,73.7,67.9,62.3,49.8,44.0,2006-05-01,Mayo,2006-05,Mayo
RF-02,Carlos V,2006,5,,,,66.9,76.0,68.8,65.1,60.2,54.8,2006-05-01,Mayo,2006-05,Mayo
RF-10,Cuatro Caminos,2006,5,,,,66.5,74.8,70.2,63.0,54.2,44.8,2006-05-01,Mayo,2006-05,Mayo
RF-20,Avenida de Moratalaz,2006,5,,,,62.8,71.8,65.7,58.7,47.6,41.5,2006-05-01,Mayo,2006-05,Mayo
RF-14,Plaza Elíptica,2006,5,,,,67.2,74.4,69.8,64.9,57.6,50.5,2006-05-01,Mayo,2006-05,Mayo
RF-04,Plaza de España,2006,5,,,,64.5,72.2,66.6,62.6,57.8,53.0,2006-05-01,Mayo,2006-05,Mayo
RF-05,Barrio del Pilar,2006,5,,,,64.2,75.7,64.4,58.6,50.7,43.6,2006-05-01,Mayo,2006-05,Mayo
RF-29,El Pardo,2006,5,,,,58.0,67.6,62.1,51.7,35.3,28.6,2006-05-01,Mayo,2006-05,Mayo
RF-30,Campo de las Naciones,2006,5,,,,60.3,68.1,63.3,57.8,46.4,41.2,2006-05-01,Mayo,2006-05,Mayo
RF-12,Manuel Becerra,2006,5,,,,64.5,72.0,66.1,62.1,54.6,47.9,2006-05-01,Mayo,2006-05,Mayo
RF-05,Barrio del Pilar,2006,6,,,,62.2,68.9,65.3,60.0,52.6,45.6,2006-06-01,Junio,2006-06,Junio
RF-20,Avenida de Moratalaz,2006,6,,,,63.1,72.6,65.8,59.2,49.2,42.5,2006-06-01,Junio,2006-06,Junio
RF-30,Campo de las Naciones,2006,6,,,,60.5,68.8,63.4,58.1,47.5,41.7,2006-06-01,Junio,2006-06,Junio
RF-23,Calle de Alcalá final,2006,6,,,,64.5,72.1,66.1,62.5,57.0,50.3,2006-06-01,Junio,2006-06,Junio
RF-22,Paseo de Pontones,2006,6,,,,64.2,73.0,67.3,58.7,50.9,45.3,2006-06-01,Junio,2006-06,Junio
RF-09,Plaza Luca de Tena,2006,6,,,,66.4,73.7,69.1,64.8,56.9,50.5,2006-06-01,Junio,2006-06,Junio
RF-07,Plaza Marqués de Salamanca,2006,6,,,,65.6,72.1,67.6,62.5,50.1,44.4,2006-06-01,Junio,2006-06,Junio
RF-21,Isaac Peral,2006,6,,,,66.3,74.4,67.6,61.7,52.7,46.3,2006-06-01,Junio,2006-06,Junio
RF-25,Santa Eugenia,2006,6,,,,69.7,74.4,72.4,69.4,63.2,55.0,2006-06-01,Junio,2006-06,Junio
RF-10,Cuatro Caminos,2006,6,,,,66.5,74.6,70.1,62.5,53.8,44.3,2006-06-01,Junio,2006-06,Junio
RF-18,General Ricardos ubicación antigua,2006,6,,,,58.2,64.7,58.4,51.9,40.6,35.4,2006-06-01,Junio,2006-06,Junio
RF-03,Plaza del Carmen,2006,6,,,,63.0,71.3,65.3,59.7,52.9,47.6,2006-06-01,Junio,2006-06,Junio
RF-11,Ramón y Cajal,2006,6,,,,69.3,75.7,72.0,68.1,56.0,46.0,2006-06-01,Junio,2006-06,Junio
RF-16,Arturo Soria,2006,6,,,,61.0,67.8,64.0,59.5,48.7,43.1,2006-06-01,Junio,2006-06,Junio
RF-12,Manuel Becerra,2006,6,,,,64.3,71.3,65.7,62.0,55.0,48.5,2006-06-01,Junio,2006-06,Junio
RF-29,El Pardo,2006,6,,,,58.2,67.5,62.1,52.8,35.8,28.6,2006-06-01,Junio,2006-06,Junio
RF-27,Barajas Pueblo,2006,6,,,,61.8,71.7,65.6,55.0,45.7,40.1,2006-06-01,Junio,2006-06,Junio
RF-15,Plaza de Castilla ubicación antigua,2006,6,,,,69.0,75.7,71.5,67.6,61.2,54.2,2006-06-01,Junio,2006-06,Junio
RF-14,Plaza Elíptica,2006,6,,,,67.2,74.5,69.8,64.9,58.0,51.5,2006-06-01,Junio,2006-06,Junio
RF-28,Cuatro Vientos,2006,6,,,,64.3,73.4,65.6,59.2,45.7,36.3,2006-06-01,Junio,2006-06,Junio
RF-02,Carlos V,2006,6,,,,66.4,73.3,68.2,65.0,60.5,55.4,2006-06-01,Junio,2006-06,Junio
RF-08,Escuelas Aguirre,2006,6,,,,68.1,75.1,71.3,65.9,59.5,52.4,2006-06-01,Junio,2006-06,Junio
RF-06,Gregorio Marañón,2006,6,,,,69.7,77.6,72.6,67.2,60.7,53.7,2006-06-01,Junio,2006-06,Junio
RF-04,Plaza de España,2006,6,,,,64.9,72.4,66.9,63.3,58.1,53.3,2006-06-01,Junio,2006-06,Junio
RF-24,Casa de Campo,2006,6,,,,52.5,61.6,54.1,50.1,45.3,40.6,2006-06-01,Junio,2006-06,Junio
RF-01,Paseo de Recoletos,2006,6,,,,68.7,75.3,71.6,67.1,60.0,54.3,2006-06-01,Junio,2006-06,Junio
RF-19,Alto de Extremadura,2006,6,,,,61.5,70.5,64.0,58.1,51.2,44.2,2006-06-01,Junio,2006-06,Junio
RF-13,Vallecas,2006,6,,,,58.6,67.2,60.9,55.5,48.2,38.5,2006-06-01,Junio,2006-06,Junio
RF-26,Embajada,2006,6,,,,63.1,70.4,66.9,60.3,53.2,45.7,2006-06-01,Junio,2006-06,Junio
RF-26,Embajada,2006,7,,,,62.4,69.7,66.3,59.4,53.5,47.2,2006-07-01,Julio,2006-07,Julio
RF-07,Plaza Marqués de Salamanca,2006,7,,,,64.0,71.5,67.0,61.6,49.7,44.2,2006-07-01,Julio,2006-07,Julio
RF-21,Isaac Peral,2006,7,,,,65.2,73.2,66.9,60.9,52.9,47.8,2006-07-01,Julio,2006-07,Julio
RF-04,Plaza de España,2006,7,,,,66.3,75.9,67.8,63.2,57.8,52.9,2006-07-01,Julio,2006-07,Julio
RF-19,Alto de Extremadura,2006,7,,,,61.0,70.2,63.4,57.3,50.8,45.1,2006-07-01,Julio,2006-07,Julio
RF-29,El Pardo,2006,7,,,,59.5,67.2,61.6,51.4,36.4,29.3,2006-07-01,Julio,2006-07,Julio
RF-10,Cuatro Caminos,2006,7,,,,65.4,74.5,68.8,60.7,53.8,45.3,2006-07-01,Julio,2006-07,Julio
RF-20,Avenida de Moratalaz,2006,7,,,,63.4,73.0,65.4,58.4,49.5,43.3,2006-07-01,Julio,2006-07,Julio
RF-14,Plaza Elíptica,2006,7,,,,66.7,74.0,69.4,64.4,57.8,51.8,2006-07-01,Julio,2006-07,Julio
RF-25,Santa Eugenia,2006,7,,,,69.5,75.1,71.9,68.7,63.0,55.6,2006-07-01,Julio,2006-07,Julio
RF-03,Plaza del Carmen,2006,7,,,,62.1,71.1,64.7,58.6,52.4,48.4,2006-07-01,Julio,2006-07,Julio
RF-18,General Ricardos ubicación antigua,2006,7,,,,55.0,64.2,57.2,50.0,39.5,30.4,2006-07-01,Julio,2006-07,Julio
RF-28,Cuatro Vientos,2006,7,,,,64.7,72.5,65.5,59.0,45.5,36.5,2006-07-01,Julio,2006-07,Julio
RF-11,Ramón y Cajal,2006,7,,,,68.5,74.8,71.5,67.0,55.9,47.8,2006-07-01,Julio,2006-07,Julio
RF-22,Paseo de Pontones,2006,7,,,,69.0,78.3,67.1,58.1,51.1,46.6,2006-07-01,Julio,2006-07,Julio
RF-23,Calle de Alcalá final,2006,7,,,,63.0,69.7,64.9,61.6,56.9,51.2,2006-07-01,Julio,2006-07,Julio
RF-06,Gregorio Marañón,2006,7,,,,69.1,76.6,72.0,66.5,60.2,53.8,2006-07-01,Julio,2006-07,Julio
RF-12,Manuel Becerra,2006,7,,,,63.8,70.9,65.5,61.5,54.8,48.9,2006-07-01,Julio,2006-07,Julio
RF-01,Paseo de Recoletos,2006,7,,,,67.9,74.3,71.0,66.4,59.7,54.5,2006-07-01,Julio,2006-07,Julio
RF-05,Barrio del Pilar,2006,7,,,,62.7,70.0,65.2,59.8,53.0,46.0,2006-07-01,Julio,2006-07,Julio
RF-24,Casa de Campo,2006,7,,,,52.9,63.7,53.8,50.2,46.0,42.0,2006-07-01,Julio,2006-07,Julio
RF-27,Barajas Pueblo,2006,7,,,,61.4,71.0,64.6,53.8,45.3,40.3,2006-07-01,Julio,2006-07,Julio
RF-08,Escuelas Aguirre,2006,7,,,,67.5,74.5,70.8,65.2,59.3,53.7,2006-07-01,Julio,2006-07,Julio
RF-09,Plaza Luca de Tena,2006,7,,,,65.9,73.0,68.7,64.0,56.4,51.6,2006-07-01,Julio,2006-07,Julio
RF-30,Campo de las Naciones,2006,7,,,,61.8,67.4,62.2,56.1,46.2,41.3,2006-07-01,Julio,2006-07,Julio
RF-13,Vallecas,2006,7,,,,75.9,84.1,61.7,55.3,49.5,38.8,2006-07-01,Julio,2006-07,Julio
RF-15,Plaza de Castilla ubicación antigua,2006,7,,,,68.8,75.6,71.2,67.3,60.8,53.5,2006-07-01,Julio,2006-07,Julio
RF-16,Arturo Soria,2006,7,,,,60.2,66.8,63.3,58.5,47.9,43.2,2006-07-01,Julio,2006-07,Julio
RF-02,Carlos V,2006,7,,,,65.6,72.2,67.8,64.4,60.1,55.7,2006-07-01,Julio,2006-07,Julio
RF-02,Carlos V,2006,8,,,,65.5,71.7,67.9,64.1,59.4,55.1,2006-08-01,Agosto,2006-08,Agosto
RF-18,General Ricardos ubicación antigua,2006,8,,,,55.0,64.3,57.5,50.1,41.0,35.9,2006-08-01,Agosto,2006-08,Agosto
RF-23,Calle de Alcalá final,2006,8,,,,62.5,67.6,64.9,61.8,56.8,51.6,2006-08-01,Agosto,2006-08,Agosto
RF-15,Plaza de Castilla ubicación antigua,2006,8,,,,68.4,74.7,71.2,67.0,60.2,53.9,2006-08-01,Agosto,2006-08,Agosto
RF-04,Plaza de España,2006,8,,,,64.4,72.7,66.5,62.6,57.1,52.6,2006-08-01,Agosto,2006-08,Agosto
RF-20,Avenida de Moratalaz,2006,8,,,,61.1,70.4,63.8,57.1,48.1,41.9,2006-08-01,Agosto,2006-08,Agosto
RF-16,Arturo Soria,2006,8,,,,59.9,66.8,63.3,57.8,46.5,41.9,2006-08-01,Agosto,2006-08,Agosto
RF-06,Gregorio Marañón,2006,8,,,,68.1,75.8,71.1,65.7,58.8,52.9,2006-08-01,Agosto,2006-08,Agosto
RF-13,Vallecas,2006,8,,,,58.3,67.6,60.1,54.0,43.6,37.8,2006-08-01,Agosto,2006-08,Agosto
RF-25,Santa Eugenia,2006,8,,,,68.7,73.8,71.6,68.2,62.1,54.5,2006-08-01,Agosto,2006-08,Agosto
RF-07,Plaza Marqués de Salamanca,2006,8,,,,62.8,70.9,66.2,59.6,48.0,43.4,2006-08-01,Agosto,2006-08,Agosto
RF-12,Manuel Becerra,2006,8,,,,67.3,80.4,67.3,60.9,53.4,47.4,2006-08-01,Agosto,2006-08,Agosto
RF-01,Paseo de Recoletos,2006,8,,,,67.8,74.0,71.1,66.0,58.9,53.8,2006-08-01,Agosto,2006-08,Agosto
RF-14,Plaza Elíptica,2006,8,,,,66.1,73.5,69.2,63.8,57.2,51.3,2006-08-01,Agosto,2006-08,Agosto
RF-08,Escuelas Aguirre,2006,8,,,,67.8,76.9,70.6,64.6,58.3,52.9,2006-08-01,Agosto,2006-08,Agosto
RF-27,Barajas Pueblo,2006,8,,,,60.7,71.2,64.1,54.1,45.7,40.2,2006-08-01,Agosto,2006-08,Agosto
RF-28,Cuatro Vientos,2006,8,,,,67.2,80.1,66.6,58.3,43.5,35.7,2006-08-01,Agosto,2006-08,Agosto
RF-19,Alto de Extremadura,2006,8,,,,60.3,70.0,62.8,56.5,49.3,43.6,2006-08-01,Agosto,2006-08,Agosto
RF-21,Isaac Peral,2006,8,,,,63.5,72.0,66.0,59.3,50.7,45.7,2006-08-01,Agosto,2006-08,Agosto
RF-29,El Pardo,2006,8,,,,56.8,66.9,60.6,48.4,34.0,28.7,2006-08-01,Agosto,2006-08,Agosto
RF-26,Embajada,2006,8,,,,62.1,69.9,66.0,58.6,53.6,47.8,2006-08-01,Agosto,2006-08,Agosto
RF-30,Campo de las Naciones,2006,8,,,,58.1,66.6,61.3,54.8,45.4,41.1,2006-08-01,Agosto,2006-08,Agosto
RF-11,Ramón y Cajal,2006,8,,,,67.7,74.6,71.1,65.4,54.0,47.2,2006-08-01,Agosto,2006-08,Agosto
RF-24,Casa de Campo,2006,8,,,,52.7,63.8,54.3,49.8,45.0,41.0,2006-08-01,Agosto,2006-08,Agosto
RF-09,Plaza Luca de Tena,2006,8,,,,65.6,72.7,68.7,63.3,55.3,50.8,2006-08-01,Agosto,2006-08,Agosto
RF-03,Plaza del Carmen,2006,8,,,,62.1,71.8,64.5,57.6,51.2,47.0,2006-08-01,Agosto,2006-08,Agosto
RF-05,Barrio del Pilar,2006,8,,,,61.4,68.0,64.6,59.0,51.8,44.5,2006-08-01,Agosto,2006-08,Agosto
RF-22,Paseo de Pontones,2006,8,,,,62.7,72.1,66.1,57.2,50.7,46.1,2006-08-01,Agosto,2006-08,Agosto
RF-10,Cuatro Caminos,2006,8,,,,64.2,74.0,65.9,58.5,51.1,42.4,2006-08-01,Agosto,2006-08,Agosto
RF-10,Cuatro Caminos,2006,9,,,,66.6,72.3,67.2,60.6,53.2,44.4,2006-09-01,Septiembre,2006-09,Septiembre
RF-13,Vallecas,2006,9,,,,59.1,67.9,60.9,54.8,42.9,37.3,2006-09-01,Septiembre,2006-09,Septiembre
RF-18,General Ricardos ubicación antigua,2006,9,,,,55.7,65.0,58.0,50.9,40.6,34.7,2006-09-01,Septiembre,2006-09,Septiembre
RF-12,Manuel Becerra,2006,9,,,,67.9,79.5,69.3,61.9,54.5,48.3,2006-09-01,Septiembre,2006-09,Septiembre
RF-03,Plaza del Carmen,2006,9,,,,62.2,71.0,64.9,58.9,52.0,47.2,2006-09-01,Septiembre,2006-09,Septiembre
RF-19,Alto de Extremadura,2006,9,,,,61.4,70.7,63.9,57.9,51.1,45.0,2006-09-01,Septiembre,2006-09,Septiembre
RF-24,Casa de Campo,2006,9,,,,52.4,63.6,53.9,48.9,43.4,39.6,2006-09-01,Septiembre,2006-09,Septiembre
RF-06,Gregorio Marañón,2006,9,,,,69.7,77.4,72.6,67.1,60.5,53.7,2006-09-01,Septiembre,2006-09,Septiembre
RF-04,Plaza de España,2006,9,,,,65.0,72.9,67.1,63.3,58.0,52.8,2006-09-01,Septiembre,2006-09,Septiembre
RF-29,El Pardo,2006,9,,,,60.5,68.0,61.9,51.4,36.0,28.8,2006-09-01,Septiembre,2006-09,Septiembre
RF-01,Paseo de Recoletos,2006,9,,,,68.6,75.0,71.7,66.9,59.9,54.4,2006-09-01,Septiembre,2006-09,Septiembre
RF-25,Santa Eugenia,2006,9,,,,69.5,74.2,72.1,69.2,62.5,54.2,2006-09-01,Septiembre,2006-09,Septiembre
RF-16,Arturo Soria,2006,9,,,,60.9,67.1,63.9,59.3,46.9,40.7,2006-09-01,Septiembre,2006-09,Septiembre
RF-11,Ramón y Cajal,2006,9,,,,69.1,75.1,72.0,67.9,56.1,46.1,2006-09-01,Septiembre,2006-09,Septiembre
RF-15,Plaza de Castilla ubicación antigua,2006,9,,,,68.9,75.5,71.5,67.3,61.2,54.7,2006-09-01,Septiembre,2006-09,Septiembre
RF-09,Plaza Luca de Tena,2006,9,,,,66.2,73.7,69.1,64.1,55.9,50.8,2006-09-01,Septiembre,2006-09,Septiembre
RF-05,Barrio del Pilar,2006,9,,,,62.6,69.6,65.7,60.2,52.3,45.4,2006-09-01,Septiembre,2006-09,Septiembre
RF-14,Plaza Elíptica,2006,9,,,,67.1,74.3,69.9,65.0,57.8,51.1,2006-09-01,Septiembre,2006-09,Septiembre
RF-20,Avenida de Moratalaz,2006,9,,,,62.3,71.5,65.4,58.7,47.6,39.5,2006-09-01,Septiembre,2006-09,Septiembre
RF-26,Embajada,2006,9,,,,63.1,70.5,66.8,59.7,53.7,46.9,2006-09-01,Septiembre,2006-09,Septiembre
RF-28,Cuatro Vientos,2006,9,,,,65.9,76.6,67.3,59.3,44.0,36.1,2006-09-01,Septiembre,2006-09,Septiembre
RF-21,Isaac Peral,2006,9,,,,65.2,73.5,67.2,61.2,52.1,46.3,2006-09-01,Septiembre,2006-09,Septiembre
RF-07,Plaza Marqués de Salamanca,2006,9,,,,64.5,72.1,67.6,62.2,49.7,43.8,2006-09-01,Septiembre,2006-09,Septiembre
RF-08,Escuelas Aguirre,2006,9,,,,68.7,75.1,71.8,67.0,61.8,54.5,2006-09-01,Septiembre,2006-09,Septiembre
RF-27,Barajas Pueblo,2006,9,,,,61.8,71.9,65.2,54.1,44.4,39.6,2006-09-01,Septiembre,2006-09,Septiembre
RF-30,Campo de las Naciones,2006,9,,,,63.9,75.9,65.4,58.2,47.0,42.3,2006-09-01,Septiembre,2006-09,Septiembre
RF-02,Carlos V,2006,9,,,,66.3,73.0,68.5,65.0,60.4,55.6,2006-09-01,Septiembre,2006-09,Septiembre
RF-23,Calle de Alcalá final,2006,9,,,,62.5,67.5,64.9,62.0,56.9,51.1,2006-09-01,Septiembre,2006-09,Septiembre
RF-22,Paseo de Pontones,2006,9,,,,64.0,72.7,67.3,58.6,50.9,45.6,2006-09-01,Septiembre,2006-09,Septiembre
RF-11,Ramón y Cajal,2006,10,,,,69.7,76.0,72.8,68.4,56.2,46.5,2006-10-01,Octubre,2006-10,Octubre
RF-02,Carlos V,2006,10,,,,67.1,73.6,69.3,65.7,61.0,55.8,2006-10-01,Octubre,2006-10,Octubre
RF-14,Plaza Elíptica,2006,10,,,,67.6,75.0,70.5,65.3,57.9,50.6,2006-10-01,Octubre,2006-10,Octubre
RF-03,Plaza del Carmen,2006,10,,,,62.2,71.1,64.9,58.7,51.8,46.1,2006-10-01,Octubre,2006-10,Octubre
RF-27,Barajas Pueblo,2006,10,,,,62.1,72.4,66.1,55.0,45.1,39.9,2006-10-01,Octubre,2006-10,Octubre
RF-20,Avenida de Moratalaz,2006,10,,,,63.1,72.2,66.4,59.7,48.0,40.2,2006-10-01,Octubre,2006-10,Octubre
RF-21,Isaac Peral,2006,10,,,,66.0,74.7,68.3,62.0,52.9,46.3,2006-10-01,Octubre,2006-10,Octubre
RF-08,Escuelas Aguirre,2006,10,,,,69.7,76.3,72.7,67.8,63.3,58.4,2006-10-01,Octubre,2006-10,Octubre
RF-30,Campo de las Naciones,2006,10,,,,61.3,69.4,64.6,58.8,48.0,43.1,2006-10-01,Octubre,2006-10,Octubre
RF-13,Vallecas,2006,10,,,,59.4,67.9,61.5,55.3,44.1,38.7,2006-10-01,Octubre,2006-10,Octubre
RF-06,Gregorio Marañón,2006,10,,,,70.7,78.4,73.7,68.0,61.5,54.3,2006-10-01,Octubre,2006-10,Octubre
RF-26,Embajada,2006,10,,,,63.9,71.5,67.8,60.9,53.8,47.2,2006-10-01,Octubre,2006-10,Octubre
RF-29,El Pardo,2006,10,,,,58.3,68.0,62.5,51.6,36.1,29.1,2006-10-01,Octubre,2006-10,Octubre
RF-10,Cuatro Caminos,2006,10,,,,65.5,74.2,68.5,61.5,54.1,46.5,2006-10-01,Octubre,2006-10,Octubre
RF-12,Manuel Becerra,2006,10,,,,70.5,82.7,71.2,62.4,54.7,48.4,2006-10-01,Octubre,2006-10,Octubre
RF-18,General Ricardos ubicación antigua,2006,10,,,,55.8,64.8,58.2,51.4,41.5,35.3,2006-10-01,Octubre,2006-10,Octubre
RF-07,Plaza Marqués de Salamanca,2006,10,,,,65.2,72.5,68.4,62.9,50.9,44.9,2006-10-01,Octubre,2006-10,Octubre
RF-09,Plaza Luca de Tena,2006,10,,,,66.9,73.7,69.7,64.7,56.4,50.7,2006-10-01,Octubre,2006-10,Octubre
RF-25,Santa Eugenia,2006,10,,,,70.7,75.9,73.6,70.1,63.1,54.6,2006-10-01,Octubre,2006-10,Octubre
RF-01,Paseo de Recoletos,2006,10,,,,69.5,76.3,72.5,67.5,60.3,54.3,2006-10-01,Octubre,2006-10,Octubre
RF-28,Cuatro Vientos,2006,10,,,,65.7,75.0,68.8,60.5,46.8,37.6,2006-10-01,Octubre,2006-10,Octubre
RF-22,Paseo de Pontones,2006,10,,,,64.8,73.7,68.2,59.2,51.3,45.7,2006-10-01,Octubre,2006-10,Octubre
RF-05,Barrio del Pilar,2006,10,,,,65.2,74.8,66.8,61.1,52.4,45.3,2006-10-01,Octubre,2006-10,Octubre
RF-16,Arturo Soria,2006,10,,,,62.2,68.7,65.0,60.0,47.7,41.5,2006-10-01,Octubre,2006-10,Octubre
RF-24,Casa de Campo,2006,10,,,,50.7,58.2,53.2,48.3,43.3,40.2,2006-10-01,Octubre,2006-10,Octubre
RF-15,Plaza de Castilla ubicación antigua,2006,10,,,,69.4,75.9,71.9,68.0,61.9,55.2,2006-10-01,Octubre,2006-10,Octubre
RF-04,Plaza de España,2006,10,,,,65.8,74.4,67.9,63.8,58.5,52.7,2006-10-01,Octubre,2006-10,Octubre
RF-23,Calle de Alcalá final,2006,10,,,,63.5,68.8,65.9,62.8,56.8,50.3,2006-10-01,Octubre,2006-10,Octubre
RF-19,Alto de Extremadura,2006,10,,,,61.8,70.8,64.5,58.4,51.5,45.1,2006-10-01,Octubre,2006-10,Octubre
RF-02,Carlos V,2006,11,,,,67.9,74.2,70.1,66.7,62.5,58.6,2006-11-01,Noviembre,2006-11,Noviembre
RF-29,El Pardo,2006,11,,,,59.0,68.8,63.4,52.0,36.4,29.0,2006-11-01,Noviembre,2006-11,Noviembre
RF-25,Santa Eugenia,2006,11,,,,71.2,76.0,74.0,71.0,63.3,53.9,2006-11-01,Noviembre,2006-11,Noviembre
RF-18,General Ricardos ubicación antigua,2006,11,,,,55.9,64.7,58.3,51.9,42.2,35.0,2006-11-01,Noviembre,2006-11,Noviembre
RF-09,Plaza Luca de Tena,2006,11,,,,66.9,73.7,69.9,64.9,56.2,49.7,2006-11-01,Noviembre,2006-11,Noviembre
RF-23,Calle de Alcalá final,2006,11,,,,64.5,69.4,67.0,64.0,57.6,50.5,2006-11-01,Noviembre,2006-11,Noviembre
RF-08,Escuelas Aguirre,2006,11,,,,69.8,76.4,73.0,67.8,61.2,53.2,2006-11-01,Noviembre,2006-11,Noviembre
RF-11,Ramón y Cajal,2006,11,,,,70.3,76.5,73.3,69.2,57.1,46.0,2006-11-01,Noviembre,2006-11,Noviembre
RF-19,Alto de Extremadura,2006,11,,,,62.2,70.8,64.7,58.9,52.3,45.2,2006-11-01,Noviembre,2006-11,Noviembre
RF-24,Casa de Campo,2006,11,,,,50.9,58.0,53.4,48.6,43.7,40.5,2006-11-01,Noviembre,2006-11,Noviembre
RF-20,Avenida de Moratalaz,2006,11,,,,63.8,72.8,66.9,60.4,48.3,39.8,2006-11-01,Noviembre,2006-11,Noviembre
RF-13,Vallecas,2006,11,,,,59.1,67.6,61.5,55.4,44.0,37.8,2006-11-01,Noviembre,2006-11,Noviembre
RF-28,Cuatro Vientos,2006,11,,,,65.4,74.2,69.1,61.3,46.4,37.9,2006-11-01,Noviembre,2006-11,Noviembre
RF-07,Plaza Marqués de Salamanca,2006,11,,,,66.0,72.9,69.1,63.8,50.8,44.0,2006-11-01,Noviembre,2006-11,Noviembre
RF-01,Paseo de Recoletos,2006,11,,,,70.1,76.3,73.2,68.2,60.8,54.7,2006-11-01,Noviembre,2006-11,Noviembre
RF-16,Arturo Soria,2006,11,,,,62.6,69.1,65.8,60.9,48.0,40.3,2006-11-01,Noviembre,2006-11,Noviembre
RF-05,Barrio del Pilar,2006,11,,,,62.3,70.1,65.3,59.7,51.7,44.4,2006-11-01,Noviembre,2006-11,Noviembre
RF-04,Plaza de España,2006,11,,,,66.2,74.7,68.3,64.4,59.0,52.8,2006-11-01,Noviembre,2006-11,Noviembre
RF-27,Barajas Pueblo,2006,11,,,,62.6,72.8,66.6,55.5,45.4,40.8,2006-11-01,Noviembre,2006-11,Noviembre
RF-06,Gregorio Marañón,2006,11,,,,71.3,78.8,74.4,68.7,62.0,54.3,2006-11-01,Noviembre,2006-11,Noviembre
RF-26,Embajada,2006,11,,,,64.6,71.9,68.5,61.5,54.1,47.4,2006-11-01,Noviembre,2006-11,Noviembre
RF-03,Plaza del Carmen,2006,11,,,,62.2,71.2,65.0,58.5,51.4,44.9,2006-11-01,Noviembre,2006-11,Noviembre
RF-12,Manuel Becerra,2006,11,,,,66.7,75.3,68.3,63.2,55.9,49.1,2006-11-01,Noviembre,2006-11,Noviembre
RF-21,Isaac Peral,2006,11,,,,66.3,74.9,68.6,62.4,53.2,46.3,2006-11-01,Noviembre,2006-11,Noviembre
RF-22,Paseo de Pontones,2006,11,,,,65.4,74.4,68.9,59.7,51.7,45.5,2006-11-01,Noviembre,2006-11,Noviembre
RF-15,Plaza de Castilla ubicación antigua,2006,11,,,,69.7,75.8,72.3,68.3,62.3,54.8,2006-11-01,Noviembre,2006-11,Noviembre
RF-10,Cuatro Caminos,2006,11,,,,66.2,75.0,69.3,62.3,53.9,44.7,2006-11-01,Noviembre,2006-11,Noviembre
RF-14,Plaza Elíptica,2006,11,,,,68.1,75.4,70.9,65.8,58.5,50.9,2006-11-01,Noviembre,2006-11,Noviembre
RF-30,Campo de las Naciones,2006,11,,,,61.9,69.6,65.3,59.8,48.3,43.9,2006-11-01,Noviembre,2006-11,Noviembre
RF-20,Avenida de Moratalaz,2006,12,,,,63.6,72.1,66.5,60.0,49.7,41.2,2006-12-01,Diciembre,2006-12,Diciembre
RF-12,Manuel Becerra,2006,12,,,,65.9,73.9,65.8,61.2,54.8,49.3,2006-12-01,Diciembre,2006-12,Diciembre
RF-05,Barrio del Pilar,2006,12,,,,62.9,69.6,63.1,58.7,50.6,43.4,2006-12-01,Diciembre,2006-12,Diciembre
RF-09,Plaza Luca de Tena,2006,12,,,,67.6,73.2,69.7,64.6,56.4,50.7,2006-12-01,Diciembre,2006-12,Diciembre
RF-14,Plaza Elíptica,2006,12,,,,68.6,75.4,71.1,65.7,59.1,52.2,2006-12-01,Diciembre,2006-12,Diciembre
RF-08,Escuelas Aguirre,2006,12,,,,69.2,75.8,72.5,67.2,61.0,53.5,2006-12-01,Diciembre,2006-12,Diciembre
RF-18,General Ricardos ubicación antigua,2006,12,,,,65.9,65.0,58.3,51.1,42.5,35.9,2006-12-01,Diciembre,2006-12,Diciembre
RF-21,Isaac Peral,2006,12,,,,65.8,74.7,68.1,61.9,53.5,47.3,2006-12-01,Diciembre,2006-12,Diciembre
RF-13,Vallecas,2006,12,,,,64.3,68.2,61.3,55.2,45.5,40.1,2006-12-01,Diciembre,2006-12,Diciembre
RF-27,Barajas Pueblo,2006,12,,,,64.5,73.4,66.6,54.9,45.9,41.3,2006-12-01,Diciembre,2006-12,Diciembre
RF-30,Campo de las Naciones,2006,12,,,,61.0,68.7,64.1,58.4,47.6,42.7,2006-12-01,Diciembre,2006-12,Diciembre
RF-23,Calle de Alcalá final,2006,12,,,,65.4,69.2,66.7,64.0,58.1,51.7,2006-12-01,Diciembre,2006-12,Diciembre
RF-07,Plaza Marqués de Salamanca,2006,12,,,,65.5,72.0,68.5,63.3,51.0,44.0,2006-12-01,Diciembre,2006-12,Diciembre
RF-28,Cuatro Vientos,2006,12,,,,66.3,73.2,68.2,59.9,46.3,37.7,2006-12-01,Diciembre,2006-12,Diciembre
RF-03,Plaza del Carmen,2006,12,,,,63.3,71.9,65.2,58.7,51.4,45.2,2006-12-01,Diciembre,2006-12,Diciembre
RF-29,El Pardo,2006,12,,,,59.0,68.8,63.3,51.2,36.6,29.6,2006-12-01,Diciembre,2006-12,Diciembre
RF-15,Plaza de Castilla ubicación antigua,2006,12,,,,69.7,75.4,72.3,68.1,62.6,55.7,2006-12-01,Diciembre,2006-12,Diciembre
RF-22,Paseo de Pontones,2006,12,,,,65.3,73.9,68.6,59.4,52.3,46.9,2006-12-01,Diciembre,2006-12,Diciembre
RF-19,Alto de Extremadura,2006,12,,,,63.2,70.8,64.5,58.8,52.8,46.1,2006-12-01,Diciembre,2006-12,Diciembre
RF-10,Cuatro Caminos,2006,12,,,,65.8,74.0,68.4,61.8,53.9,45.1,2006-12-01,Diciembre,2006-12,Diciembre
RF-26,Embajada,2006,12,,,,64.8,72.1,68.6,61.6,54.3,47.6,2006-12-01,Diciembre,2006-12,Diciembre
RF-06,Gregorio Marañón,2006,12,,,,70.5,77.8,73.4,68.0,61.8,55.1,2006-12-01,Diciembre,2006-12,Diciembre
RF-04,Plaza de España,2006,12,,,,66.4,74.9,68.1,64.3,59.6,54.2,2006-12-01,Diciembre,2006-12,Diciembre
RF-25,Santa Eugenia,2006,12,,,,70.8,74.9,73.4,70.5,63.4,54.7,2006-12-01,Diciembre,2006-12,Diciembre
RF-01,Paseo de Recoletos,2006,12,,,,69.6,76.0,72.8,67.8,60.6,54.6,2006-12-01,Diciembre,2006-12,Diciembre
RF-11,Ramón y Cajal,2006,12,,,,70.1,76.0,73.0,68.9,57.6,47.6,2006-12-01,Diciembre,2006-12,Diciembre
RF-24,Casa de Campo,2006,12,,,,51.2,59.7,54.0,48.3,43.3,40.4,2006-12-01,Diciembre,2006-12,Diciembre
RF-16,Arturo Soria,2006,12,,,,62.2,68.4,65.3,60.3,48.5,41.7,2006-12-01,Diciembre,2006-12,Diciembre
RF-24,Casa de Campo,2007,1,,,,50.5,58.2,52.8,47.7,42.4,39.5,2007-01-01,Enero,2007-01,Enero
RF-06,Gregorio Marañón,2007,1,,,,70.7,78.0,73.5,67.9,61.0,54.0,2007-01-01,Enero,2007-01,Enero
RF-26,Embajada,2007,1,,,,64.3,72.0,68.5,60.4,52.2,45.1,2007-01-01,Enero,2007-01,Enero
RF-08,Escuelas Aguirre,2007,1,,,,69.4,76.1,72.8,67.3,60.2,52.7,2007-01-01,Enero,2007-01,Enero
RF-22,Paseo de Pontones,2007,1,,,,66.2,74.0,68.6,59.4,51.7,45.2,2007-01-01,Enero,2007-01,Enero
RF-28,Cuatro Vientos,2007,1,,,,67.3,73.1,68.4,59.9,43.6,34.6,2007-01-01,Enero,2007-01,Enero
RF-27,Barajas Pueblo,2007,1,,,,64.0,73.3,66.8,54.8,44.0,39.5,2007-01-01,Enero,2007-01,Enero
RF-20,Avenida de Moratalaz,2007,1,,,,63.6,72.2,66.7,60.2,50.7,39.0,2007-01-01,Enero,2007-01,Enero
RF-13,Vallecas,2007,1,,,,67.8,73.7,62.0,55.3,43.6,36.4,2007-01-01,Enero,2007-01,Enero
RF-19,Alto de Extremadura,2007,1,,,,63.2,71.2,64.7,58.7,51.5,43.7,2007-01-01,Enero,2007-01,Enero
RF-05,Barrio del Pilar,2007,1,,,,64.4,73.5,66.8,60.3,50.7,41.3,2007-01-01,Enero,2007-01,Enero
RF-01,Paseo de Recoletos,2007,1,,,,70.0,76.5,73.5,68.0,60.4,53.5,2007-01-01,Enero,2007-01,Enero
RF-03,Plaza del Carmen,2007,1,,,,63.7,71.5,64.9,58.0,50.5,44.0,2007-01-01,Enero,2007-01,Enero
RF-16,Arturo Soria,2007,1,,,,62.3,68.7,65.5,60.5,47.3,39.1,2007-01-01,Enero,2007-01,Enero
RF-04,Plaza de España,2007,1,,,,67.0,74.4,68.1,64.4,58.7,52.5,2007-01-01,Enero,2007-01,Enero
RF-18,General Ricardos ubicación antigua,2007,1,,,,62.3,64.4,58.0,50.5,35.9,28.6,2007-01-01,Enero,2007-01,Enero
RF-10,Cuatro Caminos,2007,1,,,,65.6,73.5,68.9,62.2,54.2,46.5,2007-01-01,Enero,2007-01,Enero
RF-15,Plaza de Castilla ubicación antigua,2007,1,,,,69.7,75.4,72.5,68.1,61.6,54.2,2007-01-01,Enero,2007-01,Enero
RF-07,Plaza Marqués de Salamanca,2007,1,,,,65.5,72.0,68.7,63.4,49.9,42.1,2007-01-01,Enero,2007-01,Enero
RF-30,Campo de las Naciones,2007,1,,,,61.2,68.6,64.5,59.2,46.6,39.9,2007-01-01,Enero,2007-01,Enero
RF-11,Ramón y Cajal,2007,1,,,,70.3,76.1,73.3,69.1,56.2,45.0,2007-01-01,Enero,2007-01,Enero
RF-12,Manuel Becerra,2007,1,,,,64.1,70.6,64.9,61.1,54.0,48.3,2007-01-01,Enero,2007-01,Enero
RF-29,El Pardo,2007,1,,,,59.1,68.8,63.4,51.5,33.3,28.3,2007-01-01,Enero,2007-01,Enero
RF-25,Santa Eugenia,2007,1,,,,71.0,75.2,73.6,70.6,62.5,52.8,2007-01-01,Enero,2007-01,Enero
RF-14,Plaza Elíptica,2007,1,,,,68.2,75.6,71.1,65.7,58.4,50.5,2007-01-01,Enero,2007-01,Enero
RF-23,Calle de Alcalá final,2007,1,,,,64.8,69.5,66.8,64.0,57.0,49.5,2007-01-01,Enero,2007-01,Enero
RF-09,Plaza Luca de Tena,2007,1,,,,67.0,73.1,69.7,64.6,55.8,49.3,2007-01-01,Enero,2007-01,Enero
RF-21,Isaac Peral,2007,1,,,,66.1,74.9,68.6,62.3,52.5,45.7,2007-01-01,Enero,2007-01,Enero
RF-30,Campo de las Naciones,2007,2,,,,62.0,69.6,64.9,60.0,48.5,42.3,2007-02-01,Febrero,2007-02,Febrero
RF-03,Plaza del Carmen,2007,2,,,,61.8,70.8,64.7,58.1,50.8,44.1,2007-02-01,Febrero,2007-02,Febrero
RF-01,Paseo de Recoletos,2007,2,,,,70.5,76.7,73.8,68.7,61.3,54.4,2007-02-01,Febrero,2007-02,Febrero
RF-14,Plaza Elíptica,2007,2,,,,68.1,75.5,70.9,65.7,58.1,50.5,2007-02-01,Febrero,2007-02,Febrero
RF-09,Plaza Luca de Tena,2007,2,,,,66.6,73.3,69.6,64.7,55.8,47.9,2007-02-01,Febrero,2007-02,Febrero
RF-04,Plaza de España,2007,2,,,,65.7,73.5,67.8,64.3,58.9,53.0,2007-02-01,Febrero,2007-02,Febrero
RF-29,El Pardo,2007,2,,,,58.8,68.5,63.1,51.9,34.7,28.4,2007-02-01,Febrero,2007-02,Febrero
RF-18,General Ricardos ubicación antigua,2007,2,,,,55.7,64.3,58.3,51.0,38.7,34.6,2007-02-01,Febrero,2007-02,Febrero
RF-28,Cuatro Vientos,2007,2,,,,65.0,73.6,68.9,60.9,46.2,36.2,2007-02-01,Febrero,2007-02,Febrero
RF-06,Gregorio Marañón,2007,2,,,,70.9,78.3,73.8,68.2,61.6,54.1,2007-02-01,Febrero,2007-02,Febrero
RF-12,Manuel Becerra,2007,2,,,,64.1,70.7,65.2,61.5,54.7,49.0,2007-02-01,Febrero,2007-02,Febrero
RF-23,Calle de Alcalá final,2007,2,,,,63.9,69.3,66.4,63.3,56.8,49.7,2007-02-01,Febrero,2007-02,Febrero
RF-26,Embajada,2007,2,,,,64.4,71.9,68.5,61.0,53.1,46.4,2007-02-01,Febrero,2007-02,Febrero
RF-25,Santa Eugenia,2007,2,,,,70.9,75.6,73.7,70.7,63.0,53.7,2007-02-01,Febrero,2007-02,Febrero
RF-24,Casa de Campo,2007,2,,,,51.9,61.0,53.9,48.0,43.3,41.0,2007-02-01,Febrero,2007-02,Febrero
RF-21,Isaac Peral,2007,2,,,,66.4,74.9,68.8,62.6,53.0,46.4,2007-02-01,Febrero,2007-02,Febrero
RF-16,Arturo Soria,2007,2,,,,62.5,68.9,65.8,61.0,48.0,40.6,2007-02-01,Febrero,2007-02,Febrero
RF-19,Alto de Extremadura,2007,2,,,,62.8,71.3,65.1,59.4,52.7,45.3,2007-02-01,Febrero,2007-02,Febrero
RF-07,Plaza Marqués de Salamanca,2007,2,,,,65.4,72.4,68.6,63.5,49.9,42.0,2007-02-01,Febrero,2007-02,Febrero
RF-11,Ramón y Cajal,2007,2,,,,70.4,76.5,73.4,69.2,56.4,45.1,2007-02-01,Febrero,2007-02,Febrero
RF-13,Vallecas,2007,2,,,,60.5,70.5,62.6,55.6,44.0,38.5,2007-02-01,Febrero,2007-02,Febrero
RF-08,Escuelas Aguirre,2007,2,,,,69.8,76.4,72.9,67.8,61.4,55.5,2007-02-01,Febrero,2007-02,Febrero
RF-22,Paseo de Pontones,2007,2,,,,64.8,73.6,68.4,59.5,51.6,45.3,2007-02-01,Febrero,2007-02,Febrero
RF-05,Barrio del Pilar,2007,2,,,,63.2,70.2,66.6,60.7,50.3,42.2,2007-02-01,Febrero,2007-02,Febrero
RF-20,Avenida de Moratalaz,2007,2,,,,63.3,72.1,66.6,59.9,48.0,39.4,2007-02-01,Febrero,2007-02,Febrero
RF-10,Cuatro Caminos,2007,2,,,,65.9,73.9,69.2,62.9,55.5,53.1,2007-02-01,Febrero,2007-02,Febrero
RF-27,Barajas Pueblo,2007,2,,,,62.5,72.9,66.7,54.4,43.7,40.1,2007-02-01,Febrero,2007-02,Febrero
RF-15,Plaza de Castilla ubicación antigua,2007,2,,,,69.7,75.7,72.4,68.2,61.8,54.4,2007-02-01,Febrero,2007-02,Febrero
RF-01,Paseo de Recoletos,2007,3,,,,70.2,76.5,73.3,68.4,60.9,53.5,2007-03-01,Marzo,2007-03,Marzo
RF-29,El Pardo,2007,3,,,,58.6,68.3,62.9,51.7,34.6,28.4,2007-03-01,Marzo,2007-03,Marzo
RF-26,Embajada,2007,3,,,,64.4,71.7,68.1,60.7,53.0,45.7,2007-03-01,Marzo,2007-03,Marzo
RF-05,Barrio del Pilar,2007,3,,,,63.3,71.1,66.0,60.1,50.3,41.2,2007-03-01,Marzo,2007-03,Marzo
RF-14,Plaza Elíptica,2007,3,,,,67.8,75.2,70.7,65.4,57.9,50.4,2007-03-01,Marzo,2007-03,Marzo
RF-27,Barajas Pueblo,2007,3,,,,62.6,72.8,66.8,55.3,43.9,40.1,2007-03-01,Marzo,2007-03,Marzo
RF-24,Casa de Campo,2007,3,,,,51.3,60.7,53.8,47.2,42.6,40.9,2007-03-01,Marzo,2007-03,Marzo
RF-08,Escuelas Aguirre,2007,3,,,,69.1,75.8,72.4,67.0,60.3,53.2,2007-03-01,Marzo,2007-03,Marzo
RF-18,General Ricardos ubicación antigua,2007,3,,,,56.0,65.1,58.3,51.2,39.6,34.8,2007-03-01,Marzo,2007-03,Marzo
RF-23,Calle de Alcalá final,2007,3,,,,64.1,70.1,66.8,63.3,57.0,50.0,2007-03-01,Marzo,2007-03,Marzo
RF-12,Manuel Becerra,2007,3,,,,64.5,71.2,65.5,61.5,54.4,48.5,2007-03-01,Marzo,2007-03,Marzo
RF-11,Ramón y Cajal,2007,3,,,,70.0,75.9,72.9,69.0,57.4,46.1,2007-03-01,Marzo,2007-03,Marzo
RF-09,Plaza Luca de Tena,2007,3,,,,66.1,72.5,69.1,64.4,55.3,45.8,2007-03-01,Marzo,2007-03,Marzo
RF-20,Avenida de Moratalaz,2007,3,,,,62.9,71.8,66.3,59.4,47.4,39.2,2007-03-01,Marzo,2007-03,Marzo
RF-07,Plaza Marqués de Salamanca,2007,3,,,,65.5,72.4,68.4,63.2,49.7,42.1,2007-03-01,Marzo,2007-03,Marzo
RF-25,Santa Eugenia,2007,3,,,,70.6,75.2,73.4,70.4,62.9,53.4,2007-03-01,Marzo,2007-03,Marzo
RF-04,Plaza de España,2007,3,,,,65.7,73.2,68.0,64.2,58.8,52.4,2007-03-01,Marzo,2007-03,Marzo
RF-03,Plaza del Carmen,2007,3,,,,62.5,71.6,64.9,58.4,51.0,44.4,2007-03-01,Marzo,2007-03,Marzo
RF-22,Paseo de Pontones,2007,3,,,,65.0,73.6,68.2,59.2,51.3,45.1,2007-03-01,Marzo,2007-03,Marzo
RF-13,Vallecas,2007,3,,,,59.3,68.8,61.7,55.5,43.6,38.3,2007-03-01,Marzo,2007-03,Marzo
RF-16,Arturo Soria,2007,3,,,,61.9,68.4,65.1,60.4,47.7,40.3,2007-03-01,Marzo,2007-03,Marzo
RF-30,Campo de las Naciones,2007,3,,,,61.9,69.4,64.6,59.6,47.0,41.0,2007-03-01,Marzo,2007-03,Marzo
RF-06,Gregorio Marañón,2007,3,,,,70.5,77.9,73.5,68.0,61.4,54.1,2007-03-01,Marzo,2007-03,Marzo
RF-21,Isaac Peral,2007,3,,,,65.8,74.3,68.4,62.3,53.1,46.5,2007-03-01,Marzo,2007-03,Marzo
RF-10,Cuatro Caminos,2007,3,,,,65.8,73.9,69.0,62.6,55.7,52.9,2007-03-01,Marzo,2007-03,Marzo
RF-15,Plaza de Castilla ubicación antigua,2007,3,,,,69.6,75.8,72.3,68.0,61.4,54.2,2007-03-01,Marzo,2007-03,Marzo
RF-28,Cuatro Vientos,2007,3,,,,64.7,73.4,68.5,60.5,44.8,35.7,2007-03-01,Marzo,2007-03,Marzo
RF-19,Alto de Extremadura,2007,3,,,,62.3,70.9,64.7,58.9,52.1,44.8,2007-03-01,Marzo,2007-03,Marzo
RF-29,El Pardo,2007,4,,,,63.4,75.8,63.5,51.8,34.6,28.5,2007-04-01,Abril,2007-04,Abril
RF-23,Calle de Alcalá final,2007,4,,,,63.8,68.9,66.4,63.2,57.4,50.2,2007-04-01,Abril,2007-04,Abril
RF-11,Ramón y Cajal,2007,4,,,,69.7,75.9,72.7,68.2,57.6,49.5,2007-04-01,Abril,2007-04,Abril
RF-09,Plaza Luca de Tena,2007,4,,,,66.1,73.0,69.3,64.3,55.1,45.5,2007-04-01,Abril,2007-04,Abril
RF-19,Alto de Extremadura,2007,4,,,,61.8,70.8,64.4,58.1,50.9,43.9,2007-04-01,Abril,2007-04,Abril
RF-10,Cuatro Caminos,2007,4,,,,65.2,73.5,68.4,61.7,55.4,53.3,2007-04-01,Abril,2007-04,Abril
RF-25,Santa Eugenia,2007,4,,,,71.3,76.3,73.9,70.5,63.0,53.9,2007-04-01,Abril,2007-04,Abril
RF-04,Plaza de España,2007,4,,,,65.8,73.8,68.0,64.2,58.8,53.2,2007-04-01,Abril,2007-04,Abril
RF-15,Plaza de Castilla ubicación antigua,2007,4,,,,69.2,75.4,72.2,67.8,61.4,54.5,2007-04-01,Abril,2007-04,Abril
RF-14,Plaza Elíptica,2007,4,,,,67.4,74.7,70.4,65.0,57.9,50.7,2007-04-01,Abril,2007-04,Abril
RF-05,Barrio del Pilar,2007,4,,,,62.5,69.4,65.6,59.9,51.0,42.7,2007-04-01,Abril,2007-04,Abril
RF-30,Campo de las Naciones,2007,4,,,,61.3,69.3,64.4,58.8,45.7,40.5,2007-04-01,Abril,2007-04,Abril
RF-16,Arturo Soria,2007,4,,,,61.9,68.3,64.9,59.8,47.0,39.6,2007-04-01,Abril,2007-04,Abril
RF-18,General Ricardos ubicación antigua,2007,4,,,,56.3,65.6,58.6,51.3,39.9,34.9,2007-04-01,Abril,2007-04,Abril
RF-08,Escuelas Aguirre,2007,4,,,,68.9,75.9,72.3,66.7,60.3,52.5,2007-04-01,Abril,2007-04,Abril
RF-01,Paseo de Recoletos,2007,4,,,,69.9,75.9,73.0,68.2,60.6,53.9,2007-04-01,Abril,2007-04,Abril
RF-03,Plaza del Carmen,2007,4,,,,67.2,75.0,65.5,58.8,51.4,44.9,2007-04-01,Abril,2007-04,Abril
RF-13,Vallecas,2007,4,,,,64.7,73.7,62.1,55.2,43.4,37.3,2007-04-01,Abril,2007-04,Abril
RF-27,Barajas Pueblo,2007,4,,,,62.6,72.5,66.2,55.3,44.2,40.0,2007-04-01,Abril,2007-04,Abril
RF-12,Manuel Becerra,2007,4,,,,67.0,72.8,65.8,61.4,54.6,49.0,2007-04-01,Abril,2007-04,Abril
RF-06,Gregorio Marañón,2007,4,,,,70.4,78.0,73.6,67.7,61.1,54.4,2007-04-01,Abril,2007-04,Abril
RF-22,Paseo de Pontones,2007,4,,,,64.2,73.4,67.8,58.6,51.0,45.2,2007-04-01,Abril,2007-04,Abril
RF-07,Plaza Marqués de Salamanca,2007,4,,,,65.1,72.4,68.3,62.4,49.3,42.0,2007-04-01,Abril,2007-04,Abril
RF-24,Casa de Campo,2007,4,,,,51.4,59.8,53.6,47.8,42.8,40.8,2007-04-01,Abril,2007-04,Abril
RF-21,Isaac Peral,2007,4,,,,65.0,73.5,67.8,61.5,52.1,46.0,2007-04-01,Abril,2007-04,Abril
RF-20,Avenida de Moratalaz,2007,4,,,,62.8,71.9,65.9,58.9,47.7,38.1,2007-04-01,Abril,2007-04,Abril
RF-28,Cuatro Vientos,2007,4,,,,64.9,73.7,68.7,60.3,43.5,35.0,2007-04-01,Abril,2007-04,Abril
RF-26,Embajada,2007,4,,,,63.9,71.5,67.8,60.5,53.6,46.4,2007-04-01,Abril,2007-04,Abril
RF-21,Isaac Peral,2007,5,,,,65.8,74.0,68.0,61.8,52.3,45.7,2007-05-01,Mayo,2007-05,Mayo
RF-11,Ramón y Cajal,2007,5,,,,69.6,75.9,72.5,68.3,58.4,51.8,2007-05-01,Mayo,2007-05,Mayo
RF-03,Plaza del Carmen,2007,5,,,,68.2,78.3,66.0,59.2,52.0,45.6,2007-05-01,Mayo,2007-05,Mayo
RF-01,Paseo de Recoletos,2007,5,,,,69.3,75.5,72.5,67.8,60.4,54.0,2007-05-01,Mayo,2007-05,Mayo
RF-04,Plaza de España,2007,5,,,,65.4,73.9,67.5,63.5,58.2,52.0,2007-05-01,Mayo,2007-05,Mayo
RF-07,Plaza Marqués de Salamanca,2007,5,,,,64.8,72.4,68.0,62.5,49.9,42.4,2007-05-01,Mayo,2007-05,Mayo
RF-30,Campo de las Naciones,2007,5,,,,61.1,69.2,64.0,58.6,46.6,40.9,2007-05-01,Mayo,2007-05,Mayo
RF-20,Avenida de Moratalaz,2007,5,,,,63.1,72.4,66.0,58.9,47.9,39.5,2007-05-01,Mayo,2007-05,Mayo
RF-12,Manuel Becerra,2007,5,,,,64.8,72.9,66.0,61.7,54.8,49.2,2007-05-01,Mayo,2007-05,Mayo
RF-15,Plaza de Castilla ubicación antigua,2007,5,,,,69.2,75.5,72.0,67.7,61.1,54.1,2007-05-01,Mayo,2007-05,Mayo
RF-10,Cuatro Caminos,2007,5,,,,65.2,73.7,68.3,61.6,54.3,47.2,2007-05-01,Mayo,2007-05,Mayo
RF-08,Escuelas Aguirre,2007,5,,,,68.7,75.7,72.0,66.5,59.9,52.3,2007-05-01,Mayo,2007-05,Mayo
RF-27,Barajas Pueblo,2007,5,,,,62.4,72.3,66.3,55.6,44.4,40.2,2007-05-01,Mayo,2007-05,Mayo
RF-22,Paseo de Pontones,2007,5,,,,64.1,73.1,67.2,58.6,51.1,45.2,2007-05-01,Mayo,2007-05,Mayo
RF-24,Casa de Campo,2007,5,,,,51.9,60.9,53.8,47.9,42.8,41.0,2007-05-01,Mayo,2007-05,Mayo
RF-18,General Ricardos ubicación antigua,2007,5,,,,58.6,66.0,58.7,52.1,39.7,34.9,2007-05-01,Mayo,2007-05,Mayo
RF-06,Gregorio Marañón,2007,5,,,,70.2,77.9,73.3,67.6,61.1,54.4,2007-05-01,Mayo,2007-05,Mayo
RF-14,Plaza Elíptica,2007,5,,,,67.4,74.8,70.3,65.1,58.3,52.3,2007-05-01,Mayo,2007-05,Mayo
RF-23,Calle de Alcalá final,2007,5,,,,63.4,69.0,66.0,62.6,56.9,50.6,2007-05-01,Mayo,2007-05,Mayo
RF-28,Cuatro Vientos,2007,5,,,,64.8,73.6,68.6,60.5,44.8,34.6,2007-05-01,Mayo,2007-05,Mayo
RF-05,Barrio del Pilar,2007,5,,,,64.1,72.4,65.6,60.1,50.5,41.5,2007-05-01,Mayo,2007-05,Mayo
RF-29,El Pardo,2007,5,,,,59.5,70.0,62.8,52.0,35.9,28.6,2007-05-01,Mayo,2007-05,Mayo
RF-09,Plaza Luca de Tena,2007,5,,,,65.8,72.7,68.8,64.1,55.0,45.9,2007-05-01,Mayo,2007-05,Mayo
RF-25,Santa Eugenia,2007,5,,,,70.3,75.5,73.2,69.9,62.5,53.3,2007-05-01,Mayo,2007-05,Mayo
RF-16,Arturo Soria,2007,5,,,,61.1,67.7,64.3,59.3,47.2,40.4,2007-05-01,Mayo,2007-05,Mayo
RF-19,Alto de Extremadura,2007,5,,,,61.7,70.8,64.3,58.5,51.7,44.5,2007-05-01,Mayo,2007-05,Mayo
RF-26,Embajada,2007,5,,,,63.6,71.3,67.5,60.2,53.7,46.4,2007-05-01,Mayo,2007-05,Mayo
RF-13,Vallecas,2007,5,,,,58.9,67.5,61.2,55.3,44.6,38.8,2007-05-01,Mayo,2007-05,Mayo
RF-08,Escuelas Aguirre,2007,6,,,,68.9,75.9,71.8,66.7,60.4,53.2,2007-06-01,Junio,2007-06,Junio
RF-22,Paseo de Pontones,2007,6,,,,63.9,72.9,67.0,58.5,50.8,44.8,2007-06-01,Junio,2007-06,Junio
RF-05,Barrio del Pilar,2007,6,,,,63.2,70.8,65.9,60.4,51.3,42.1,2007-06-01,Junio,2007-06,Junio
RF-15,Plaza de Castilla ubicación antigua,2007,6,,,,69.1,75.2,71.9,67.6,61.3,54.2,2007-06-01,Junio,2007-06,Junio
RF-03,Plaza del Carmen,2007,6,,,,63.5,73.3,65.5,59.4,53.0,47.2,2007-06-01,Junio,2007-06,Junio
RF-28,Cuatro Vientos,2007,6,,,,65.2,73.6,68.6,60.9,45.0,35.0,2007-06-01,Junio,2007-06,Junio
RF-20,Avenida de Moratalaz,2007,6,,,,62.7,71.7,65.7,59.1,48.7,40.1,2007-06-01,Junio,2007-06,Junio
RF-12,Manuel Becerra,2007,6,,,,65.0,71.8,65.8,61.7,54.8,48.5,2007-06-01,Junio,2007-06,Junio
RF-16,Arturo Soria,2007,6,,,,61.0,67.4,63.9,59.3,47.7,40.4,2007-06-01,Junio,2007-06,Junio
RF-11,Ramón y Cajal,2007,6,,,,69.5,75.7,72.1,68.2,58.0,48.0,2007-06-01,Junio,2007-06,Junio
RF-04,Plaza de España,2007,6,,,,67.0,76.6,67.6,63.4,58.1,52.4,2007-06-01,Junio,2007-06,Junio
RF-24,Casa de Campo,2007,6,,,,50.9,59.3,53.6,48.2,42.4,40.5,2007-06-01,Junio,2007-06,Junio
RF-30,Campo de las Naciones,2007,6,,,,60.9,68.9,63.7,58.6,47.5,41.3,2007-06-01,Junio,2007-06,Junio
RF-14,Plaza Elíptica,2007,6,,,,67.2,74.7,70.0,64.8,57.9,50.5,2007-06-01,Junio,2007-06,Junio
RF-06,Gregorio Marañón,2007,6,,,,70.3,78.0,73.0,67.5,61.1,54.2,2007-06-01,Junio,2007-06,Junio
RF-25,Santa Eugenia,2007,6,,,,69.9,74.6,72.6,69.8,62.9,54.0,2007-06-01,Junio,2007-06,Junio
RF-10,Cuatro Caminos,2007,6,,,,64.8,72.9,67.8,61.3,53.9,46.9,2007-06-01,Junio,2007-06,Junio
RF-19,Alto de Extremadura,2007,6,,,,61.5,70.7,64.2,58.3,51.0,43.6,2007-06-01,Junio,2007-06,Junio
RF-27,Barajas Pueblo,2007,6,,,,61.5,71.5,65.4,54.7,45.1,40.5,2007-06-01,Junio,2007-06,Junio
RF-13,Vallecas,2007,6,,,,59.0,66.9,61.0,55.5,46.0,38.3,2007-06-01,Junio,2007-06,Junio
RF-18,General Ricardos ubicación antigua,2007,6,,,,63.4,65.9,58.2,51.4,39.2,34.5,2007-06-01,Junio,2007-06,Junio
RF-26,Embajada,2007,6,,,,63.3,70.7,67.1,60.4,54.2,47.3,2007-06-01,Junio,2007-06,Junio
RF-09,Plaza Luca de Tena,2007,6,,,,66.5,74.2,69.4,64.6,55.5,46.5,2007-06-01,Junio,2007-06,Junio
RF-21,Isaac Peral,2007,6,,,,65.7,73.8,67.8,61.9,52.5,46.3,2007-06-01,Junio,2007-06,Junio
RF-01,Paseo de Recoletos,2007,6,,,,69.4,75.9,72.0,67.6,60.6,54.5,2007-06-01,Junio,2007-06,Junio
RF-07,Plaza Marqués de Salamanca,2007,6,,,,64.8,71.9,67.7,62.6,50.3,42.7,2007-06-01,Junio,2007-06,Junio
RF-23,Calle de Alcalá final,2007,6,,,,62.5,67.4,64.9,62.0,56.7,50.4,2007-06-01,Junio,2007-06,Junio
RF-29,El Pardo,2007,6,,,,60.6,72.0,62.7,52.6,36.6,29.1,2007-06-01,Junio,2007-06,Junio
RF-09,Plaza Luca de Tena,2007,7,,,,65.6,72.4,68.7,63.9,55.4,46.8,2007-07-01,Julio,2007-07,Julio
RF-25,Santa Eugenia,2007,7,,,,69.4,74.0,72.2,69.2,62.5,53.7,2007-07-01,Julio,2007-07,Julio
RF-16,Arturo Soria,2007,7,,,,60.0,66.5,63.3,58.3,47.0,41.0,2007-07-01,Julio,2007-07,Julio
RF-30,Campo de las Naciones,2007,7,,,,59.7,67.8,62.8,57.1,47.0,41.3,2007-07-01,Julio,2007-07,Julio
RF-10,Cuatro Caminos,2007,7,,,,64.1,73.7,66.8,59.6,53.2,50.4,2007-07-01,Julio,2007-07,Julio
RF-04,Plaza de España,2007,7,,,,66.2,77.1,67.0,63.0,58.0,52.7,2007-07-01,Julio,2007-07,Julio
RF-11,Ramón y Cajal,2007,7,,,,68.6,74.9,71.7,67.2,56.9,47.1,2007-07-01,Julio,2007-07,Julio
RF-13,Vallecas,2007,7,,,,78.1,89.8,61.8,54.8,44.9,38.4,2007-07-01,Julio,2007-07,Julio
RF-03,Plaza del Carmen,2007,7,,,,66.4,76.6,65.4,58.7,52.5,47.9,2007-07-01,Julio,2007-07,Julio
RF-12,Manuel Becerra,2007,7,,,,63.6,70.4,65.6,61.2,54.6,49.4,2007-07-01,Julio,2007-07,Julio
RF-27,Barajas Pueblo,2007,7,,,,60.6,70.8,64.5,54.4,45.8,41.2,2007-07-01,Julio,2007-07,Julio
RF-21,Isaac Peral,2007,7,,,,64.5,72.7,67.0,61.0,52.1,47.0,2007-07-01,Julio,2007-07,Julio
RF-07,Plaza Marqués de Salamanca,2007,7,,,,64.0,71.0,67.1,61.5,49.7,43.5,2007-07-01,Julio,2007-07,Julio
RF-19,Alto de Extremadura,2007,7,,,,60.9,70.2,63.6,57.6,50.4,43.7,2007-07-01,Julio,2007-07,Julio
RF-22,Paseo de Pontones,2007,7,,,,63.1,72.0,66.1,57.4,50.4,44.9,2007-07-01,Julio,2007-07,Julio
RF-06,Gregorio Marañón,2007,7,,,,69.2,76.7,72.3,66.7,60.2,54.1,2007-07-01,Julio,2007-07,Julio
RF-24,Casa de Campo,2007,7,,,,50.7,58.4,52.7,48.3,43.5,40.4,2007-07-01,Julio,2007-07,Julio
RF-23,Calle de Alcalá final,2007,7,,,,62.4,67.6,64.9,61.6,56.5,51.0,2007-07-01,Julio,2007-07,Julio
RF-05,Barrio del Pilar,2007,7,,,,63.9,70.6,65.1,59.9,52.0,42.2,2007-07-01,Julio,2007-07,Julio
RF-08,Escuelas Aguirre,2007,7,,,,67.7,74.6,70.8,65.5,59.2,52.7,2007-07-01,Julio,2007-07,Julio
RF-29,El Pardo,2007,7,,,,58.7,68.0,62.3,53.2,36.7,30.0,2007-07-01,Julio,2007-07,Julio
RF-28,Cuatro Vientos,2007,7,,,,64.2,72.8,67.8,59.8,44.8,36.0,2007-07-01,Julio,2007-07,Julio
RF-20,Avenida de Moratalaz,2007,7,,,,61.9,71.0,64.7,58.0,48.3,40.8,2007-07-01,Julio,2007-07,Julio
RF-18,General Ricardos ubicación antigua,2007,7,,,,56.7,67.4,57.9,50.4,39.3,34.8,2007-07-01,Julio,2007-07,Julio
RF-01,Paseo de Recoletos,2007,7,,,,68.4,74.1,71.6,67.2,60.0,54.2,2007-07-01,Julio,2007-07,Julio
RF-15,Plaza de Castilla ubicación antigua,2007,7,,,,68.7,74.9,71.6,67.2,60.9,54.6,2007-07-01,Julio,2007-07,Julio
RF-26,Embajada,2007,7,,,,63.0,70.4,66.7,59.9,54.3,48.7,2007-07-01,Julio,2007-07,Julio
RF-14,Plaza Elíptica,2007,7,,,,67.1,75.0,70.1,64.5,57.6,50.6,2007-07-01,Julio,2007-07,Julio
RF-26,Embajada,2007,8,,,,62.6,70.5,66.5,59.3,54.3,48.2,2007-08-01,Agosto,2007-08,Agosto
RF-21,Isaac Peral,2007,8,,,,63.4,71.9,66.2,59.6,50.7,46.0,2007-08-01,Agosto,2007-08,Agosto
RF-27,Barajas Pueblo,2007,8,,,,61.0,71.0,64.8,54.7,45.9,40.9,2007-08-01,Agosto,2007-08,Agosto
RF-29,El Pardo,2007,8,,,,58.4,68.4,61.6,49.8,35.6,29.6,2007-08-01,Agosto,2007-08,Agosto
RF-12,Manuel Becerra,2007,8,,,,63.9,69.2,64.4,60.1,53.9,49.1,2007-08-01,Agosto,2007-08,Agosto
RF-18,General Ricardos ubicación antigua,2007,8,,,,55.4,66.0,57.1,49.4,39.4,34.1,2007-08-01,Agosto,2007-08,Agosto
RF-11,Ramón y Cajal,2007,8,,,,67.5,74.3,71.0,65.3,53.6,45.1,2007-08-01,Agosto,2007-08,Agosto
RF-03,Plaza del Carmen,2007,8,,,,66.7,72.7,64.3,57.6,51.8,47.5,2007-08-01,Agosto,2007-08,Agosto
RF-07,Plaza Marqués de Salamanca,2007,8,,,,62.7,70.7,66.4,59.5,48.3,42.9,2007-08-01,Agosto,2007-08,Agosto
RF-13,Vallecas,2007,8,,,,57.3,66.1,59.7,53.9,44.2,38.4,2007-08-01,Agosto,2007-08,Agosto
RF-20,Avenida de Moratalaz,2007,8,,,,61.1,70.3,63.7,57.1,48.0,40.5,2007-08-01,Agosto,2007-08,Agosto
RF-22,Paseo de Pontones,2007,8,,,,62.3,71.8,65.3,56.8,50.4,45.3,2007-08-01,Agosto,2007-08,Agosto
RF-24,Casa de Campo,2007,8,,,,50.2,57.7,52.7,48.4,44.7,42.6,2007-08-01,Agosto,2007-08,Agosto
RF-23,Calle de Alcalá final,2007,8,,,,62.4,67.5,65.1,61.6,56.3,51.3,2007-08-01,Agosto,2007-08,Agosto
RF-16,Arturo Soria,2007,8,,,,60.0,66.8,63.4,57.4,45.8,40.8,2007-08-01,Agosto,2007-08,Agosto
RF-01,Paseo de Recoletos,2007,8,,,,68.1,74.1,71.5,66.6,59.2,53.7,2007-08-01,Agosto,2007-08,Agosto
RF-06,Gregorio Marañón,2007,8,,,,68.3,75.8,71.5,65.8,59.1,53.6,2007-08-01,Agosto,2007-08,Agosto
RF-09,Plaza Luca de Tena,2007,8,,,,65.2,71.9,68.5,62.8,54.5,46.0,2007-08-01,Agosto,2007-08,Agosto
RF-28,Cuatro Vientos,2007,8,,,,63.0,72.1,66.7,57.9,43.1,34.8,2007-08-01,Agosto,2007-08,Agosto
RF-05,Barrio del Pilar,2007,8,,,,61.3,68.1,64.6,59.0,50.9,42.9,2007-08-01,Agosto,2007-08,Agosto
RF-10,Cuatro Caminos,2007,8,,,,62.5,71.0,65.5,58.4,51.7,45.2,2007-08-01,Agosto,2007-08,Agosto
RF-08,Escuelas Aguirre,2007,8,,,,66.8,74.0,70.1,64.6,58.1,52.1,2007-08-01,Agosto,2007-08,Agosto
RF-19,Alto de Extremadura,2007,8,,,,60.4,69.9,63.0,56.7,49.7,43.5,2007-08-01,Agosto,2007-08,Agosto
RF-04,Plaza de España,2007,8,,,,64.2,72.1,66.3,62.6,57.6,52.6,2007-08-01,Agosto,2007-08,Agosto
RF-25,Santa Eugenia,2007,8,,,,69.4,74.3,72.1,69.0,62.2,53.9,2007-08-01,Agosto,2007-08,Agosto
RF-14,Plaza Elíptica,2007,8,,,,67.1,75.7,70.1,64.2,57.0,50.4,2007-08-01,Agosto,2007-08,Agosto
RF-30,Campo de las Naciones,2007,8,,,,59.3,67.4,62.4,56.4,45.7,40.5,2007-08-01,Agosto,2007-08,Agosto
RF-15,Plaza de Castilla ubicación antigua,2007,8,,,,68.1,74.5,71.4,66.4,59.2,52.3,2007-08-01,Agosto,2007-08,Agosto
RF-11,Ramón y Cajal,2007,9,,,,69.0,75.1,71.9,67.7,56.2,46.2,2007-09-01,Septiembre,2007-09,Septiembre
RF-14,Plaza Elíptica,2007,9,,,,66.9,74.6,69.8,64.7,57.6,50.8,2007-09-01,Septiembre,2007-09,Septiembre
RF-07,Plaza Marqués de Salamanca,2007,9,,,,64.3,71.2,67.6,62.1,50.1,43.4,2007-09-01,Septiembre,2007-09,Septiembre
RF-27,Barajas Pueblo,2007,9,,,,61.5,71.7,65.3,54.7,45.4,41.0,2007-09-01,Septiembre,2007-09,Septiembre
RF-09,Plaza Luca de Tena,2007,9,,,,65.9,73.1,68.9,64.1,54.7,44.7,2007-09-01,Septiembre,2007-09,Septiembre
RF-16,Arturo Soria,2007,9,,,,60.9,67.0,63.8,58.9,46.6,40.9,2007-09-01,Septiembre,2007-09,Septiembre
RF-23,Calle de Alcalá final,2007,9,,,,63.0,68.0,65.4,62.4,57.2,50.7,2007-09-01,Septiembre,2007-09,Septiembre
RF-04,Plaza de España,2007,9,,,,65.4,73.9,67.4,63.5,58.4,53.0,2007-09-01,Septiembre,2007-09,Septiembre
RF-06,Gregorio Marañón,2007,9,,,,69.7,77.2,72.7,67.1,60.8,54.4,2007-09-01,Septiembre,2007-09,Septiembre
RF-03,Plaza del Carmen,2007,9,,,,65.8,76.6,66.4,58.8,50.7,33.9,2007-09-01,Septiembre,2007-09,Septiembre
RF-25,Santa Eugenia,2007,9,,,,70.0,74.5,72.7,69.9,62.9,54.4,2007-09-01,Septiembre,2007-09,Septiembre
RF-28,Cuatro Vientos,2007,9,,,,64.5,72.9,68.2,59.8,43.6,35.1,2007-09-01,Septiembre,2007-09,Septiembre
RF-30,Campo de las Naciones,2007,9,,,,61.1,68.8,63.8,58.6,46.6,41.3,2007-09-01,Septiembre,2007-09,Septiembre
RF-10,Cuatro Caminos,2007,9,,,,64.1,72.5,67.4,60.3,51.5,44.2,2007-09-01,Septiembre,2007-09,Septiembre
RF-24,Casa de Campo,2007,9,,,,51.8,61.2,52.7,47.5,44.0,42.3,2007-09-01,Septiembre,2007-09,Septiembre
RF-29,El Pardo,2007,9,,,,60.1,68.0,62.0,51.4,36.6,30.0,2007-09-01,Septiembre,2007-09,Septiembre
RF-12,Manuel Becerra,2007,9,,,,63.9,70.6,65.6,61.5,54.9,49.6,2007-09-01,Septiembre,2007-09,Septiembre
RF-18,General Ricardos ubicación antigua,2007,9,,,,54.9,64.1,56.9,49.8,39.7,35.4,2007-09-01,Septiembre,2007-09,Septiembre
RF-20,Avenida de Moratalaz,2007,9,,,,62.2,71.1,65.3,58.7,48.5,40.2,2007-09-01,Septiembre,2007-09,Septiembre
RF-26,Embajada,2007,9,,,,63.4,70.9,67.2,59.9,54.0,47.6,2007-09-01,Septiembre,2007-09,Septiembre
RF-01,Paseo de Recoletos,2007,9,,,,68.9,74.9,72.0,67.5,60.1,54.2,2007-09-01,Septiembre,2007-09,Septiembre
RF-21,Isaac Peral,2007,9,,,,65.2,73.3,67.5,61.5,52.5,46.7,2007-09-01,Septiembre,2007-09,Septiembre
RF-15,Plaza de Castilla ubicación antigua,2007,9,,,,68.7,74.6,71.7,67.2,60.7,53.1,2007-09-01,Septiembre,2007-09,Septiembre
RF-08,Escuelas Aguirre,2007,9,,,,67.9,74.8,71.2,65.7,58.6,51.1,2007-09-01,Septiembre,2007-09,Septiembre
RF-22,Paseo de Pontones,2007,9,,,,63.4,72.3,66.6,58.0,50.9,45.2,2007-09-01,Septiembre,2007-09,Septiembre
RF-05,Barrio del Pilar,2007,9,,,,62.7,69.8,65.5,59.9,50.9,42.1,2007-09-01,Septiembre,2007-09,Septiembre
RF-13,Vallecas,2007,9,,,,58.1,67.1,60.7,54.5,44.0,38.3,2007-09-01,Septiembre,2007-09,Septiembre
RF-19,Alto de Extremadura,2007,9,,,,61.5,70.9,64.0,57.8,50.2,43.5,2007-09-01,Septiembre,2007-09,Septiembre
RF-12,Manuel Becerra,2007,10,,,,64.7,71.5,66.2,62.3,55.3,50.2,2007-10-01,Octubre,2007-10,Octubre
RF-04,Plaza de España,2007,10,,,,65.7,73.4,67.9,64.1,58.6,52.8,2007-10-01,Octubre,2007-10,Octubre
RF-05,Barrio del Pilar,2007,10,,,,63.9,73.7,66.2,60.6,50.5,41.5,2007-10-01,Octubre,2007-10,Octubre
RF-23,Calle de Alcalá final,2007,10,,,,64.5,71.4,66.5,63.5,57.6,50.7,2007-10-01,Octubre,2007-10,Octubre
RF-16,Arturo Soria,2007,10,,,,61.3,67.8,64.5,59.7,47.0,41.0,2007-10-01,Octubre,2007-10,Octubre
RF-14,Plaza Elíptica,2007,10,,,,67.6,75.3,70.4,65.4,57.9,50.6,2007-10-01,Octubre,2007-10,Octubre
RF-28,Cuatro Vientos,2007,10,,,,64.9,73.3,68.8,60.4,43.6,34.3,2007-10-01,Octubre,2007-10,Octubre
RF-24,Casa de Campo,2007,10,,,,50.1,57.1,52.1,47.3,43.9,41.4,2007-10-01,Octubre,2007-10,Octubre
RF-18,General Ricardos ubicación antigua,2007,10,,,,56.1,65.2,57.2,50.2,40.5,35.3,2007-10-01,Octubre,2007-10,Octubre
RF-01,Paseo de Recoletos,2007,10,,,,69.7,75.9,72.8,68.0,60.2,53.8,2007-10-01,Octubre,2007-10,Octubre
RF-15,Plaza de Castilla ubicación antigua,2007,10,,,,69.2,74.9,72.2,67.7,61.0,53.2,2007-10-01,Octubre,2007-10,Octubre
RF-19,Alto de Extremadura,2007,10,,,,61.7,70.6,64.4,58.2,50.4,43.3,2007-10-01,Octubre,2007-10,Octubre
RF-27,Barajas Pueblo,2007,10,,,,62.6,72.3,66.3,55.6,45.5,40.7,2007-10-01,Octubre,2007-10,Octubre
RF-20,Avenida de Moratalaz,2007,10,,,,62.8,71.8,66.1,59.5,47.1,38.7,2007-10-01,Octubre,2007-10,Octubre
RF-13,Vallecas,2007,10,,,,59.1,68.3,61.5,55.1,43.8,37.8,2007-10-01,Octubre,2007-10,Octubre
RF-06,Gregorio Marañón,2007,10,,,,70.5,77.8,73.5,67.9,61.3,54.7,2007-10-01,Octubre,2007-10,Octubre
RF-26,Embajada,2007,10,,,,64.0,71.5,67.9,60.7,53.6,46.6,2007-10-01,Octubre,2007-10,Octubre
RF-03,Plaza del Carmen,2007,10,,,,64.2,73.9,66.4,59.2,51.5,45.5,2007-10-01,Octubre,2007-10,Octubre
RF-11,Ramón y Cajal,2007,10,,,,69.7,75.8,72.6,68.5,56.8,47.2,2007-10-01,Octubre,2007-10,Octubre
RF-30,Campo de las Naciones,2007,10,,,,61.3,69.0,64.3,59.3,46.0,40.9,2007-10-01,Octubre,2007-10,Octubre
RF-07,Plaza Marqués de Salamanca,2007,10,,,,65.2,72.0,68.3,63.1,50.2,42.6,2007-10-01,Octubre,2007-10,Octubre
RF-21,Isaac Peral,2007,10,,,,66.4,74.9,68.6,62.4,53.7,47.0,2007-10-01,Octubre,2007-10,Octubre
RF-08,Escuelas Aguirre,2007,10,,,,68.6,75.6,72.0,66.4,58.9,51.2,2007-10-01,Octubre,2007-10,Octubre
RF-22,Paseo de Pontones,2007,10,,,,63.9,72.8,67.2,58.6,51.0,45.2,2007-10-01,Octubre,2007-10,Octubre
RF-25,Santa Eugenia,2007,10,,,,70.7,75.0,73.4,70.6,62.6,53.7,2007-10-01,Octubre,2007-10,Octubre
RF-29,El Pardo,2007,10,,,,58.3,68.0,62.2,51.3,36.9,29.9,2007-10-01,Octubre,2007-10,Octubre
RF-10,Cuatro Caminos,2007,10,,,,65.2,73.8,68.5,61.3,51.4,43.6,2007-10-01,Octubre,2007-10,Octubre
RF-09,Plaza Luca de Tena,2007,10,,,,66.4,72.8,69.2,64.3,54.8,45.1,2007-10-01,Octubre,2007-10,Octubre
RF-28,Cuatro Vientos,2007,11,,,,65.0,73.6,69.1,60.4,44.6,36.2,2007-11-01,Noviembre,2007-11,Noviembre
RF-26,Embajada,2007,11,,,,64.4,71.9,68.4,60.9,53.3,46.5,2007-11-01,Noviembre,2007-11,Noviembre
RF-01,Paseo de Recoletos,2007,11,,,,70.0,76.0,73.0,68.2,60.5,53.8,2007-11-01,Noviembre,2007-11,Noviembre
RF-30,Campo de las Naciones,2007,11,,,,61.9,69.4,64.8,60.0,47.3,42.1,2007-11-01,Noviembre,2007-11,Noviembre
RF-15,Plaza de Castilla ubicación antigua,2007,11,,,,69.3,75.2,72.4,67.8,61.1,53.4,2007-11-01,Noviembre,2007-11,Noviembre
RF-03,Plaza del Carmen,2007,11,,,,63.6,72.6,65.7,58.9,51.4,44.4,2007-11-01,Noviembre,2007-11,Noviembre
RF-06,Gregorio Marañón,2007,11,,,,70.5,78.2,73.5,67.8,61.4,54.7,2007-11-01,Noviembre,2007-11,Noviembre
RF-08,Escuelas Aguirre,2007,11,,,,69.0,76.3,72.3,66.6,59.4,51.4,2007-11-01,Noviembre,2007-11,Noviembre
RF-04,Plaza de España,2007,11,,,,65.8,73.6,68.0,64.3,59.2,53.2,2007-11-01,Noviembre,2007-11,Noviembre
RF-22,Paseo de Pontones,2007,11,,,,64.8,82.4,69.1,58.9,51.5,45.8,2007-11-01,Noviembre,2007-11,Noviembre
RF-23,Calle de Alcalá final,2007,11,,,,64.4,69.0,66.8,64.0,57.8,50.6,2007-11-01,Noviembre,2007-11,Noviembre
RF-05,Barrio del Pilar,2007,11,,,,62.0,69.1,65.0,59.5,49.2,41.5,2007-11-01,Noviembre,2007-11,Noviembre
RF-16,Arturo Soria,2007,11,,,,61.8,68.4,65.0,60.0,47.3,41.8,2007-11-01,Noviembre,2007-11,Noviembre
RF-12,Manuel Becerra,2007,11,,,,64.8,71.6,66.4,62.3,55.5,50.2,2007-11-01,Noviembre,2007-11,Noviembre
RF-20,Avenida de Moratalaz,2007,11,,,,63.1,72.1,66.3,59.6,47.7,40.2,2007-11-01,Noviembre,2007-11,Noviembre
RF-18,General Ricardos ubicación antigua,2007,11,,,,56.4,65.7,57.1,49.9,42.0,38.0,2007-11-01,Noviembre,2007-11,Noviembre
RF-11,Ramón y Cajal,2007,11,,,,71.9,76.8,72.8,68.6,57.5,47.7,2007-11-01,Noviembre,2007-11,Noviembre
RF-13,Vallecas,2007,11,,,,59.7,67.7,61.5,55.0,44.4,39.8,2007-11-01,Noviembre,2007-11,Noviembre
RF-19,Alto de Extremadura,2007,11,,,,61.6,70.5,64.4,58.5,51.6,44.8,2007-11-01,Noviembre,2007-11,Noviembre
RF-29,El Pardo,2007,11,,,,58.8,68.7,62.9,51.4,35.3,29.1,2007-11-01,Noviembre,2007-11,Noviembre
RF-09,Plaza Luca de Tena,2007,11,,,,66.6,73.5,69.4,64.2,54.4,45.2,2007-11-01,Noviembre,2007-11,Noviembre
RF-27,Barajas Pueblo,2007,11,,,,63.0,72.8,66.9,56.9,48.5,43.1,2007-11-01,Noviembre,2007-11,Noviembre
RF-07,Plaza Marqués de Salamanca,2007,11,,,,65.4,72.4,68.5,63.0,50.1,42.5,2007-11-01,Noviembre,2007-11,Noviembre
RF-25,Santa Eugenia,2007,11,,,,70.9,75.7,73.7,70.6,62.6,53.6,2007-11-01,Noviembre,2007-11,Noviembre
RF-14,Plaza Elíptica,2007,11,,,,68.0,75.5,70.9,65.6,58.1,51.3,2007-11-01,Noviembre,2007-11,Noviembre
RF-21,Isaac Peral,2007,11,,,,66.6,74.9,68.7,62.4,53.7,47.3,2007-11-01,Noviembre,2007-11,Noviembre
RF-10,Cuatro Caminos,2007,11,,,,65.2,73.7,68.5,61.4,52.0,44.7,2007-11-01,Noviembre,2007-11,Noviembre
RF-24,Casa de Campo,2007,11,,,,49.8,57.1,52.6,47.9,44.2,42.3,2007-11-01,Noviembre,2007-11,Noviembre
RF-24,Casa de Campo,2007,12,,,,50.1,56.9,52.6,48.4,44.8,43.1,2007-12-01,Diciembre,2007-12,Diciembre
RF-05,Barrio del Pilar,2007,12,,,,63.9,71.5,62.8,58.2,49.4,42.2,2007-12-01,Diciembre,2007-12,Diciembre
RF-16,Arturo Soria,2007,12,,,,62.3,68.6,65.4,60.4,48.1,42.1,2007-12-01,Diciembre,2007-12,Diciembre
RF-29,El Pardo,2007,12,,,,59.1,68.6,63.0,51.3,35.9,29.0,2007-12-01,Diciembre,2007-12,Diciembre
RF-04,Plaza de España,2007,12,,,,65.9,72.9,67.9,64.4,59.6,53.7,2007-12-01,Diciembre,2007-12,Diciembre
RF-28,Cuatro Vientos,2007,12,,,,67.6,73.7,69.4,60.7,46.1,36.8,2007-12-01,Diciembre,2007-12,Diciembre
RF-06,Gregorio Marañón,2007,12,,,,70.3,77.7,73.2,67.8,61.6,55.2,2007-12-01,Diciembre,2007-12,Diciembre
RF-30,Campo de las Naciones,2007,12,,,,61.2,68.6,64.3,58.8,47.6,43.4,2007-12-01,Diciembre,2007-12,Diciembre
RF-15,Plaza de Castilla ubicación antigua,2007,12,,,,69.6,75.2,72.7,68.1,62.0,54.7,2007-12-01,Diciembre,2007-12,Diciembre
RF-01,Paseo de Recoletos,2007,12,,,,70.0,76.6,72.9,67.7,60.6,54.3,2007-12-01,Diciembre,2007-12,Diciembre
RF-25,Santa Eugenia,2007,12,,,,71.3,75.9,73.9,71.0,63.4,54.3,2007-12-01,Diciembre,2007-12,Diciembre
RF-26,Embajada,2007,12,,,,65.8,72.3,68.8,60.6,53.5,47.1,2007-12-01,Diciembre,2007-12,Diciembre
RF-18,General Ricardos ubicación antigua,2007,12,,,,66.4,65.2,57.0,49.7,41.7,36.6,2007-12-01,Diciembre,2007-12,Diciembre
RF-20,Avenida de Moratalaz,2007,12,,,,63.3,72.0,66.5,59.9,49.2,40.5,2007-12-01,Diciembre,2007-12,Diciembre
RF-27,Barajas Pueblo,2007,12,,,,64.5,73.3,66.9,57.0,49.4,45.9,2007-12-01,Diciembre,2007-12,Diciembre
RF-07,Plaza Marqués de Salamanca,2007,12,,,,65.5,72.2,68.6,63.2,50.8,42.9,2007-12-01,Diciembre,2007-12,Diciembre
RF-03,Plaza del Carmen,2007,12,,,,65.5,71.2,65.1,58.7,51.8,45.6,2007-12-01,Diciembre,2007-12,Diciembre
RF-14,Plaza Elíptica,2007,12,,,,67.9,74.8,70.9,65.4,58.7,52.1,2007-12-01,Diciembre,2007-12,Diciembre
RF-19,Alto de Extremadura,2007,12,,,,62.2,70.4,64.5,58.8,52.1,45.3,2007-12-01,Diciembre,2007-12,Diciembre
RF-11,Ramón y Cajal,2007,12,,,,70.0,76.2,72.9,68.6,57.8,48.2,2007-12-01,Diciembre,2007-12,Diciembre
RF-21,Isaac Peral,2007,12,,,,66.1,74.3,68.3,62.2,54.3,48.4,2007-12-01,Diciembre,2007-12,Diciembre
RF-23,Calle de Alcalá final,2007,12,,,,65.4,69.8,67.3,64.3,58.4,52.0,2007-12-01,Diciembre,2007-12,Diciembre
RF-09,Plaza Luca de Tena,2007,12,,,,66.5,72.6,69.4,64.1,55.0,47.0,2007-12-01,Diciembre,2007-12,Diciembre
RF-10,Cuatro Caminos,2007,12,,,,66.0,73.6,68.4,61.3,52.3,45.6,2007-12-01,Diciembre,2007-12,Diciembre
RF-08,Escuelas Aguirre,2007,12,,,,68.9,75.9,72.2,66.6,59.9,53.0,2007-12-01,Diciembre,2007-12,Diciembre
RF-22,Paseo de Pontones,2007,12,,,,64.7,73.3,67.9,58.8,52.0,46.4,2007-12-01,Diciembre,2007-12,Diciembre
RF-12,Manuel Becerra,2007,12,,,,66.3,71.7,66.3,62.3,55.9,50.8,2007-12-01,Diciembre,2007-12,Diciembre
RF-13,Vallecas,2007,12,,,,63.1,67.9,61.5,55.0,44.8,39.5,2007-12-01,Diciembre,2007-12,Diciembre
RF-13,Vallecas,2008,1,,,,65.0,68.7,61.8,55.0,43.8,38.0,2008-01-01,Enero,2008-01,Enero
RF-01,Paseo de Recoletos,2008,1,,,,70.1,76.1,73.4,68.0,60.2,53.3,2008-01-01,Enero,2008-01,Enero
RF-04,Plaza de España,2008,1,,,,66.2,73.3,68.2,64.6,59.1,53.4,2008-01-01,Enero,2008-01,Enero
RF-14,Plaza Elíptica,2008,1,,,,67.8,74.8,70.7,65.4,57.8,50.9,2008-01-01,Enero,2008-01,Enero
RF-26,Embajada,2008,1,,,,64.5,72.3,68.7,60.8,53.2,46.6,2008-01-01,Enero,2008-01,Enero
RF-21,Isaac Peral,2008,1,,,,66.5,75.0,68.6,62.7,55.7,49.9,2008-01-01,Enero,2008-01,Enero
RF-08,Escuelas Aguirre,2008,1,,,,69.0,75.9,72.4,66.8,59.7,52.4,2008-01-01,Enero,2008-01,Enero
RF-10,Cuatro Caminos,2008,1,,,,65.7,73.6,68.8,62.1,53.8,45.0,2008-01-01,Enero,2008-01,Enero
RF-30,Campo de las Naciones,2008,1,,,,61.8,69.3,64.7,59.6,47.3,42.2,2008-01-01,Enero,2008-01,Enero
RF-28,Cuatro Vientos,2008,1,,,,66.8,74.1,69.8,61.3,45.3,35.4,2008-01-01,Enero,2008-01,Enero
RF-25,Santa Eugenia,2008,1,,,,71.3,75.7,73.9,71.2,62.6,53.0,2008-01-01,Enero,2008-01,Enero
RF-20,Avenida de Moratalaz,2008,1,,,,63.8,72.1,66.6,59.9,47.6,39.7,2008-01-01,Enero,2008-01,Enero
RF-15,Plaza de Castilla ubicación antigua,2008,1,,,,69.6,75.4,72.7,68.1,61.3,53.1,2008-01-01,Enero,2008-01,Enero
RF-09,Plaza Luca de Tena,2008,1,,,,66.6,72.9,69.4,64.0,54.7,46.4,2008-01-01,Enero,2008-01,Enero
RF-19,Alto de Extremadura,2008,1,,,,63.2,71.0,64.9,59.4,51.9,44.5,2008-01-01,Enero,2008-01,Enero
RF-29,El Pardo,2008,1,,,,58.9,68.5,62.9,51.2,34.8,28.5,2008-01-01,Enero,2008-01,Enero
RF-03,Plaza del Carmen,2008,1,,,,63.2,70.4,64.7,58.1,51.5,45.1,2008-01-01,Enero,2008-01,Enero
RF-12,Manuel Becerra,2008,1,,,,66.8,71.3,66.0,62.2,55.5,49.9,2008-01-01,Enero,2008-01,Enero
RF-23,Calle de Alcalá final,2008,1,,,,64.5,69.3,66.8,64.0,57.2,50.3,2008-01-01,Enero,2008-01,Enero
RF-18,General Ricardos ubicación antigua,2008,1,,,,66.2,65.2,57.2,49.8,39.8,34.4,2008-01-01,Enero,2008-01,Enero
RF-07,Plaza Marqués de Salamanca,2008,1,,,,65.5,72.3,68.6,63.4,50.0,42.2,2008-01-01,Enero,2008-01,Enero
RF-27,Barajas Pueblo,2008,1,,,,63.9,72.9,66.9,54.9,46.3,41.8,2008-01-01,Enero,2008-01,Enero
RF-22,Paseo de Pontones,2008,1,,,,65.5,73.0,67.7,58.8,51.3,45.3,2008-01-01,Enero,2008-01,Enero
RF-11,Ramón y Cajal,2008,1,,,,69.7,75.8,72.8,68.5,56.7,46.7,2008-01-01,Enero,2008-01,Enero
RF-06,Gregorio Marañón,2008,1,,,,70.6,77.9,73.6,67.9,61.2,54.4,2008-01-01,Enero,2008-01,Enero
RF-05,Barrio del Pilar,2008,1,,,,62.9,68.8,65.2,59.5,48.6,40.6,2008-01-01,Enero,2008-01,Enero
RF-24,Casa de Campo,2008,1,,,,50.1,57.8,52.6,47.7,43.5,41.4,2008-01-01,Enero,2008-01,Enero
RF-16,Arturo Soria,2008,1,,,,62.5,69.0,65.8,60.7,47.0,41.2,2008-01-01,Enero,2008-01,Enero
RF-19,Alto de Extremadura,2008,2,,,,62.1,70.9,64.8,59.2,50.9,43.2,2008-02-01,Febrero,2008-02,Febrero
RF-15,Plaza de Castilla ubicación antigua,2008,2,,,,69.6,75.3,72.7,68.2,61.5,53.6,2008-02-01,Febrero,2008-02,Febrero
RF-30,Campo de las Naciones,2008,2,,,,62.2,69.6,65.0,60.4,47.7,42.3,2008-02-01,Febrero,2008-02,Febrero
RF-18,General Ricardos ubicación antigua,2008,2,,,,55.8,64.8,57.5,50.6,41.2,35.6,2008-02-01,Febrero,2008-02,Febrero
RF-25,Santa Eugenia,2008,2,,,,71.5,75.9,74.2,71.5,63.0,54.0,2008-02-01,Febrero,2008-02,Febrero
RF-14,Plaza Elíptica,2008,2,,,,67.7,74.8,70.4,65.4,57.9,50.8,2008-02-01,Febrero,2008-02,Febrero
RF-29,El Pardo,2008,2,,,,58.6,68.3,62.8,51.3,34.2,28.5,2008-02-01,Febrero,2008-02,Febrero
RF-07,Plaza Marqués de Salamanca,2008,2,,,,65.7,72.5,68.7,63.7,50.7,42.4,2008-02-01,Febrero,2008-02,Febrero
RF-11,Ramón y Cajal,2008,2,,,,69.7,75.8,72.8,68.6,56.9,46.4,2008-02-01,Febrero,2008-02,Febrero
RF-20,Avenida de Moratalaz,2008,2,,,,64.4,72.3,66.5,59.9,47.2,39.5,2008-02-01,Febrero,2008-02,Febrero
RF-26,Embajada,2008,2,,,,64.6,72.0,68.6,61.3,53.2,46.5,2008-02-01,Febrero,2008-02,Febrero
RF-28,Cuatro Vientos,2008,2,,,,65.7,74.0,69.8,61.3,44.5,36.2,2008-02-01,Febrero,2008-02,Febrero
RF-05,Barrio del Pilar,2008,2,,,,62.5,68.9,65.9,60.2,49.2,41.2,2008-02-01,Febrero,2008-02,Febrero
RF-22,Paseo de Pontones,2008,2,,,,64.5,73.5,67.6,58.9,51.2,45.2,2008-02-01,Febrero,2008-02,Febrero
RF-23,Calle de Alcalá final,2008,2,,,,63.9,68.7,66.5,63.5,56.9,50.5,2008-02-01,Febrero,2008-02,Febrero
RF-24,Casa de Campo,2008,2,,,,50.4,57.3,52.2,47.3,43.2,41.4,2008-02-01,Febrero,2008-02,Febrero
RF-27,Barajas Pueblo,2008,2,,,,62.9,73.0,67.1,55.7,46.1,41.5,2008-02-01,Febrero,2008-02,Febrero
RF-16,Arturo Soria,2008,2,,,,62.3,68.7,65.6,60.6,47.4,41.4,2008-02-01,Febrero,2008-02,Febrero
RF-12,Manuel Becerra,2008,2,,,,64.8,71.6,66.2,62.5,55.5,49.6,2008-02-01,Febrero,2008-02,Febrero
RF-06,Gregorio Marañón,2008,2,,,,70.7,77.8,73.9,68.3,61.8,55.0,2008-02-01,Febrero,2008-02,Febrero
RF-09,Plaza Luca de Tena,2008,2,,,,66.1,72.6,69.4,64.2,54.7,45.8,2008-02-01,Febrero,2008-02,Febrero
RF-08,Escuelas Aguirre,2008,2,,,,69.1,75.8,72.4,67.0,60.1,52.8,2008-02-01,Febrero,2008-02,Febrero
RF-21,Isaac Peral,2008,2,,,,66.7,75.1,68.6,62.7,54.4,47.5,2008-02-01,Febrero,2008-02,Febrero
RF-04,Plaza de España,2008,2,,,,66.2,73.6,68.2,64.7,59.6,53.7,2008-02-01,Febrero,2008-02,Febrero
RF-10,Cuatro Caminos,2008,2,,,,65.6,73.7,69.0,62.2,52.3,45.1,2008-02-01,Febrero,2008-02,Febrero
RF-03,Plaza del Carmen,2008,2,,,,62.8,71.6,65.4,58.8,52.2,45.2,2008-02-01,Febrero,2008-02,Febrero
RF-13,Vallecas,2008,2,,,,58.2,66.7,61.1,54.9,43.4,38.8,2008-02-01,Febrero,2008-02,Febrero
RF-01,Paseo de Recoletos,2008,2,,,,70.0,75.9,73.4,68.5,60.9,54.0,2008-02-01,Febrero,2008-02,Febrero
RF-13,Vallecas,2008,3,,,,57.7,66.4,60.6,54.2,42.7,37.9,2008-03-01,Marzo,2008-03,Marzo
RF-09,Plaza Luca de Tena,2008,3,,,,65.4,72.0,68.7,63.5,54.1,46.0,2008-03-01,Marzo,2008-03,Marzo
RF-10,Cuatro Caminos,2008,3,,,,64.9,72.9,68.3,61.3,51.4,44.7,2008-03-01,Marzo,2008-03,Marzo
RF-16,Arturo Soria,2008,3,,,,61.5,68.9,64.8,59.5,46.8,41.3,2008-03-01,Marzo,2008-03,Marzo
RF-23,Calle de Alcalá final,2008,3,,,,62.8,68.6,65.3,62.0,55.7,49.3,2008-03-01,Marzo,2008-03,Marzo
RF-04,Plaza de España,2008,3,,,,65.5,73.0,67.7,64.1,59.2,53.2,2008-03-01,Marzo,2008-03,Marzo
RF-29,El Pardo,2008,3,,,,58.2,67.7,62.1,50.9,36.3,28.9,2008-03-01,Marzo,2008-03,Marzo
RF-28,Cuatro Vientos,2008,3,,,,64.8,73.3,68.8,60.1,44.7,36.1,2008-03-01,Marzo,2008-03,Marzo
RF-07,Plaza Marqués de Salamanca,2008,3,,,,64.4,71.3,67.8,62.2,49.7,42.0,2008-03-01,Marzo,2008-03,Marzo
RF-25,Santa Eugenia,2008,3,,,,70.1,74.7,72.9,70.0,62.0,52.2,2008-03-01,Marzo,2008-03,Marzo
RF-06,Gregorio Marañón,2008,3,,,,69.8,77.1,73.0,67.3,60.7,53.9,2008-03-01,Marzo,2008-03,Marzo
RF-24,Casa de Campo,2008,3,,,,51.4,61.8,54.0,47.3,42.1,34.5,2008-03-01,Marzo,2008-03,Marzo
RF-11,Ramón y Cajal,2008,3,,,,69.0,75.6,72.2,67.5,56.2,45.8,2008-03-01,Marzo,2008-03,Marzo
RF-26,Embajada,2008,3,,,,63.7,71.6,67.9,59.9,52.9,45.8,2008-03-01,Marzo,2008-03,Marzo
RF-14,Plaza Elíptica,2008,3,,,,66.8,74.0,69.9,64.6,57.4,50.3,2008-03-01,Marzo,2008-03,Marzo
RF-03,Plaza del Carmen,2008,3,,,,62.3,71.2,64.9,58.5,52.0,46.0,2008-03-01,Marzo,2008-03,Marzo
RF-20,Avenida de Moratalaz,2008,3,,,,63.5,71.9,65.9,59.1,47.7,40.0,2008-03-01,Marzo,2008-03,Marzo
RF-18,General Ricardos ubicación antigua,2008,3,,,,55.5,65.0,56.9,49.7,39.3,34.5,2008-03-01,Marzo,2008-03,Marzo
RF-27,Barajas Pueblo,2008,3,,,,61.9,72.1,65.9,54.6,45.4,41.6,2008-03-01,Marzo,2008-03,Marzo
RF-30,Campo de las Naciones,2008,3,,,,61.0,69.0,63.9,58.4,46.5,40.7,2008-03-01,Marzo,2008-03,Marzo
RF-05,Barrio del Pilar,2008,3,,,,62.0,68.7,65.3,59.4,48.5,39.9,2008-03-01,Marzo,2008-03,Marzo
RF-01,Paseo de Recoletos,2008,3,,,,69.4,75.2,72.8,67.8,60.0,53.4,2008-03-01,Marzo,2008-03,Marzo
RF-21,Isaac Peral,2008,3,,,,65.9,74.8,67.9,61.8,53.0,47.1,2008-03-01,Marzo,2008-03,Marzo
RF-22,Paseo de Pontones,2008,3,,,,63.1,72.1,66.7,57.9,50.7,44.5,2008-03-01,Marzo,2008-03,Marzo
RF-08,Escuelas Aguirre,2008,3,,,,68.2,75.0,71.6,66.2,59.1,51.2,2008-03-01,Marzo,2008-03,Marzo
RF-12,Manuel Becerra,2008,3,,,,64.5,71.6,65.7,61.8,55.2,49.9,2008-03-01,Marzo,2008-03,Marzo
RF-15,Plaza de Castilla ubicación antigua,2008,3,,,,68.7,74.6,71.9,67.0,60.6,52.8,2008-03-01,Marzo,2008-03,Marzo
RF-19,Alto de Extremadura,2008,3,,,,61.8,70.4,64.4,58.8,51.5,44.3,2008-03-01,Marzo,2008-03,Marzo
RF-12,Manuel Becerra,2008,4,,,,64.9,71.3,65.9,62.2,55.4,49.4,2008-04-01,Abril,2008-04,Abril
RF-26,Embajada,2008,4,,,,64.0,71.6,68.0,60.8,52.6,45.6,2008-04-01,Abril,2008-04,Abril
RF-08,Escuelas Aguirre,2008,4,,,,68.8,75.7,72.1,66.7,59.5,50.9,2008-04-01,Abril,2008-04,Abril
RF-19,Alto de Extremadura,2008,4,,,,62.2,70.1,64.9,59.4,51.6,44.2,2008-04-01,Abril,2008-04,Abril
RF-03,Plaza del Carmen,2008,4,,,,62.6,71.3,65.2,58.9,52.0,45.0,2008-04-01,Abril,2008-04,Abril
RF-06,Gregorio Marañón,2008,4,,,,70.6,77.9,73.8,68.0,61.4,54.2,2008-04-01,Abril,2008-04,Abril
RF-16,Arturo Soria,2008,4,,,,61.6,68.0,64.9,60.0,47.7,41.4,2008-04-01,Abril,2008-04,Abril
RF-27,Barajas Pueblo,2008,4,,,,62.1,72.2,66.2,54.9,45.6,41.7,2008-04-01,Abril,2008-04,Abril
RF-05,Barrio del Pilar,2008,4,,,,62.7,70.6,65.6,59.7,48.9,39.8,2008-04-01,Abril,2008-04,Abril
RF-13,Vallecas,2008,4,,,,72.5,72.9,61.8,55.4,43.2,38.1,2008-04-01,Abril,2008-04,Abril
RF-07,Plaza Marqués de Salamanca,2008,4,,,,65.0,71.9,68.1,63.1,50.6,42.8,2008-04-01,Abril,2008-04,Abril
RF-22,Paseo de Pontones,2008,4,,,,64.5,72.7,67.0,58.6,50.9,44.3,2008-04-01,Abril,2008-04,Abril
RF-23,Calle de Alcalá final,2008,4,,,,62.8,68.5,65.2,61.8,55.6,49.2,2008-04-01,Abril,2008-04,Abril
RF-10,Cuatro Caminos,2008,4,,,,65.6,73.8,68.9,62.3,53.5,45.4,2008-04-01,Abril,2008-04,Abril
RF-21,Isaac Peral,2008,4,,,,69.4,76.5,68.7,62.6,53.9,47.2,2008-04-01,Abril,2008-04,Abril
RF-01,Paseo de Recoletos,2008,4,,,,69.3,75.4,72.5,67.8,60.6,53.6,2008-04-01,Abril,2008-04,Abril
RF-04,Plaza de España,2008,4,,,,65.8,73.4,68.0,64.4,58.7,52.2,2008-04-01,Abril,2008-04,Abril
RF-20,Avenida de Moratalaz,2008,4,,,,63.1,72.1,66.3,59.6,48.1,39.8,2008-04-01,Abril,2008-04,Abril
RF-18,General Ricardos ubicación antigua,2008,4,,,,56.2,65.9,58.1,50.8,38.8,34.3,2008-04-01,Abril,2008-04,Abril
RF-14,Plaza Elíptica,2008,4,,,,67.0,74.3,70.0,64.8,57.2,50.0,2008-04-01,Abril,2008-04,Abril
RF-25,Santa Eugenia,2008,4,,,,70.8,75.7,73.7,70.6,62.6,52.6,2008-04-01,Abril,2008-04,Abril
RF-30,Campo de las Naciones,2008,4,,,,62.3,70.8,65.0,60.0,48.0,41.7,2008-04-01,Abril,2008-04,Abril
RF-11,Ramón y Cajal,2008,4,,,,69.3,75.6,72.2,68.1,56.5,45.8,2008-04-01,Abril,2008-04,Abril
RF-15,Plaza de Castilla ubicación antigua,2008,4,,,,68.9,74.9,72.1,67.3,60.7,53.0,2008-04-01,Abril,2008-04,Abril
RF-29,El Pardo,2008,4,,,,58.7,68.3,62.6,51.8,35.3,28.6,2008-04-01,Abril,2008-04,Abril
RF-24,Casa de Campo,2008,4,,,,56.2,62.7,54.6,48.2,43.6,41.7,2008-04-01,Abril,2008-04,Abril
RF-28,Cuatro Vientos,2008,4,,,,65.7,74.4,69.6,61.3,45.6,35.8,2008-04-01,Abril,2008-04,Abril
RF-09,Plaza Luca de Tena,2008,4,,,,66.0,72.8,69.1,64.1,54.4,45.3,2008-04-01,Abril,2008-04,Abril
RF-12,Manuel Becerra,2008,5,,,,64.4,71.3,65.8,61.9,55.1,49.1,2008-05-01,Mayo,2008-05,Mayo
RF-16,Arturo Soria,2008,5,,,,61.1,67.7,64.5,59.3,46.5,40.2,2008-05-01,Mayo,2008-05,Mayo
RF-04,Plaza de España,2008,5,,,,65.6,73.3,67.8,64.0,58.8,52.4,2008-05-01,Mayo,2008-05,Mayo
RF-23,Calle de Alcalá final,2008,5,,,,62.3,68.0,64.9,61.5,55.8,49.4,2008-05-01,Mayo,2008-05,Mayo
RF-18,General Ricardos ubicación antigua,2008,5,,,,56.7,65.3,57.7,50.3,38.7,33.8,2008-05-01,Mayo,2008-05,Mayo
RF-30,Campo de las Naciones,2008,5,,,,61.5,69.6,64.5,59.1,46.1,40.6,2008-05-01,Mayo,2008-05,Mayo
RF-05,Barrio del Pilar,2008,5,,,,63.0,71.5,65.3,59.4,49.5,40.2,2008-05-01,Mayo,2008-05,Mayo
RF-07,Plaza Marqués de Salamanca,2008,5,,,,64.8,72.1,68.1,62.5,50.5,43.1,2008-05-01,Mayo,2008-05,Mayo
RF-24,Casa de Campo,2008,5,,,,50.9,59.1,53.6,47.9,43.4,42.0,2008-05-01,Mayo,2008-05,Mayo
RF-27,Barajas Pueblo,2008,5,,,,61.5,71.8,65.6,54.0,44.6,39.8,2008-05-01,Mayo,2008-05,Mayo
RF-20,Avenida de Moratalaz,2008,5,,,,62.8,72.1,65.9,59.0,47.8,38.5,2008-05-01,Mayo,2008-05,Mayo
RF-22,Paseo de Pontones,2008,5,,,,63.3,72.3,66.6,58.0,50.6,44.2,2008-05-01,Mayo,2008-05,Mayo
RF-14,Plaza Elíptica,2008,5,,,,66.8,74.0,69.9,64.6,57.4,50.1,2008-05-01,Mayo,2008-05,Mayo
RF-11,Ramón y Cajal,2008,5,,,,68.8,75.3,71.9,67.4,55.2,45.2,2008-05-01,Mayo,2008-05,Mayo
RF-08,Escuelas Aguirre,2008,5,,,,68.9,76.0,72.0,66.4,59.4,51.2,2008-05-01,Mayo,2008-05,Mayo
RF-13,Vallecas,2008,5,,,,58.8,68.9,61.1,54.6,42.3,37.1,2008-05-01,Mayo,2008-05,Mayo
RF-28,Cuatro Vientos,2008,5,,,,65.1,73.8,69.1,60.7,45.2,35.7,2008-05-01,Mayo,2008-05,Mayo
RF-26,Embajada,2008,5,,,,63.7,71.4,67.7,60.1,52.1,45.8,2008-05-01,Mayo,2008-05,Mayo
RF-01,Paseo de Recoletos,2008,5,,,,69.5,75.9,72.6,67.7,60.1,53.6,2008-05-01,Mayo,2008-05,Mayo
RF-03,Plaza del Carmen,2008,5,,,,62.7,70.8,65.1,59.2,52.9,46.0,2008-05-01,Mayo,2008-05,Mayo
RF-15,Plaza de Castilla ubicación antigua,2008,5,,,,69.3,75.7,72.0,66.9,60.6,53.1,2008-05-01,Mayo,2008-05,Mayo
RF-10,Cuatro Caminos,2008,5,,,,64.8,73.3,68.3,61.0,51.7,44.2,2008-05-01,Mayo,2008-05,Mayo
RF-09,Plaza Luca de Tena,2008,5,,,,65.6,72.7,68.8,63.6,54.3,45.7,2008-05-01,Mayo,2008-05,Mayo
RF-19,Alto de Extremadura,2008,5,,,,61.6,69.8,64.5,58.8,51.0,43.8,2008-05-01,Mayo,2008-05,Mayo
RF-06,Gregorio Marañón,2008,5,,,,70.3,77.9,73.5,67.5,61.1,54.1,2008-05-01,Mayo,2008-05,Mayo
RF-25,Santa Eugenia,2008,5,,,,70.8,75.7,73.7,70.4,63.1,53.8,2008-05-01,Mayo,2008-05,Mayo
RF-29,El Pardo,2008,5,,,,58.5,67.6,62.0,51.3,35.1,28.4,2008-05-01,Mayo,2008-05,Mayo
RF-21,Isaac Peral,2008,5,,,,65.5,73.6,68.0,61.7,52.9,46.6,2008-05-01,Mayo,2008-05,Mayo
RF-11,Ramón y Cajal,2008,6,,,,68.9,75.5,71.7,67.4,55.5,46.0,2008-06-01,Junio,2008-06,Junio
RF-04,Plaza de España,2008,6,,,,67.5,78.3,69.1,64.2,58.9,52.4,2008-06-01,Junio,2008-06,Junio
RF-12,Manuel Becerra,2008,6,,,,66.2,72.1,65.8,61.8,55.1,49.6,2008-06-01,Junio,2008-06,Junio
RF-10,Cuatro Caminos,2008,6,,,,64.7,73.0,67.9,60.9,52.1,44.2,2008-06-01,Junio,2008-06,Junio
RF-03,Plaza del Carmen,2008,6,,,,62.9,71.0,65.2,59.5,53.7,47.4,2008-06-01,Junio,2008-06,Junio
RF-19,Alto de Extremadura,2008,6,,,,61.8,70.5,64.4,58.5,50.3,42.7,2008-06-01,Junio,2008-06,Junio
RF-08,Escuelas Aguirre,2008,6,,,,68.7,76.1,71.6,66.2,59.4,51.4,2008-06-01,Junio,2008-06,Junio
RF-14,Plaza Elíptica,2008,6,,,,67.1,74.5,69.9,64.5,57.8,50.6,2008-06-01,Junio,2008-06,Junio
RF-24,Casa de Campo,2008,6,,,,50.6,57.8,52.9,48.2,43.4,41.0,2008-06-01,Junio,2008-06,Junio
RF-22,Paseo de Pontones,2008,6,,,,63.7,72.9,66.5,58.2,50.6,44.4,2008-06-01,Junio,2008-06,Junio
RF-25,Santa Eugenia,2008,6,,,,70.5,75.2,73.2,70.2,63.4,54.4,2008-06-01,Junio,2008-06,Junio
RF-30,Campo de las Naciones,2008,6,,,,60.7,68.5,63.6,58.3,46.3,40.1,2008-06-01,Junio,2008-06,Junio
RF-18,General Ricardos ubicación antigua,2008,6,,,,63.2,65.0,57.6,50.9,39.6,34.5,2008-06-01,Junio,2008-06,Junio
RF-29,El Pardo,2008,6,,,,58.8,68.1,62.0,52.1,35.8,28.6,2008-06-01,Junio,2008-06,Junio
RF-15,Plaza de Castilla ubicación antigua,2008,6,,,,68.4,74.7,71.5,66.7,60.5,53.3,2008-06-01,Junio,2008-06,Junio
RF-28,Cuatro Vientos,2008,6,,,,65.0,73.5,68.7,60.6,46.1,38.9,2008-06-01,Junio,2008-06,Junio
RF-13,Vallecas,2008,6,,,,60.3,68.0,61.0,55.0,44.2,38.0,2008-06-01,Junio,2008-06,Junio
RF-20,Avenida de Moratalaz,2008,6,,,,62.6,71.8,65.2,58.6,48.6,39.9,2008-06-01,Junio,2008-06,Junio
RF-01,Paseo de Recoletos,2008,6,,,,71.3,80.0,72.6,67.8,60.1,53.4,2008-06-01,Junio,2008-06,Junio
RF-23,Calle de Alcalá final,2008,6,,,,62.8,68.2,65.2,62.1,56.6,50.7,2008-06-01,Junio,2008-06,Junio
RF-26,Embajada,2008,6,,,,63.3,70.9,67.2,60.0,52.5,46.1,2008-06-01,Junio,2008-06,Junio
RF-16,Arturo Soria,2008,6,,,,60.9,67.6,64.1,59.1,47.4,40.9,2008-06-01,Junio,2008-06,Junio
RF-09,Plaza Luca de Tena,2008,6,,,,65.8,73.6,68.7,63.6,54.6,45.6,2008-06-01,Junio,2008-06,Junio
RF-21,Isaac Peral,2008,6,,,,65.3,73.6,67.8,61.9,53.5,47.2,2008-06-01,Junio,2008-06,Junio
RF-06,Gregorio Marañón,2008,6,,,,70.5,78.9,73.1,67.3,61.1,54.4,2008-06-01,Junio,2008-06,Junio
RF-27,Barajas Pueblo,2008,6,,,,62.7,72.7,66.0,55.3,46.3,41.6,2008-06-01,Junio,2008-06,Junio
RF-05,Barrio del Pilar,2008,6,,,,62.6,70.2,65.5,59.9,51.1,43.0,2008-06-01,Junio,2008-06,Junio
RF-07,Plaza Marqués de Salamanca,2008,6,,,,65.2,72.3,67.9,62.6,51.1,43.6,2008-06-01,Junio,2008-06,Junio
RF-09,Plaza Luca de Tena,2008,7,,,,65.3,72.5,68.4,63.4,54.7,45.9,2008-07-01,Julio,2008-07,Julio
RF-21,Isaac Peral,2008,7,,,,64.4,72.7,67.1,61.3,53.5,49.6,2008-07-01,Julio,2008-07,Julio
RF-19,Alto de Extremadura,2008,7,,,,60.8,69.5,63.6,57.7,50.5,43.4,2008-07-01,Julio,2008-07,Julio
RF-12,Manuel Becerra,2008,7,,,,63.5,70.0,65.0,61.1,54.5,49.5,2008-07-01,Julio,2008-07,Julio
RF-04,Plaza de España,2008,7,,,,66.1,76.3,67.4,63.4,58.3,52.6,2008-07-01,Julio,2008-07,Julio
RF-30,Campo de las Naciones,2008,7,,,,60.0,67.8,62.7,57.8,47.0,41.2,2008-07-01,Julio,2008-07,Julio
RF-25,Santa Eugenia,2008,7,,,,69.5,74.0,72.1,69.3,62.9,54.6,2008-07-01,Julio,2008-07,Julio
RF-13,Vallecas,2008,7,,,,58.8,69.6,60.7,54.7,43.8,37.6,2008-07-01,Julio,2008-07,Julio
RF-28,Cuatro Vientos,2008,7,,,,64.7,73.4,68.4,59.9,44.2,36.4,2008-07-01,Julio,2008-07,Julio
RF-26,Embajada,2008,7,,,,62.7,70.5,66.6,59.1,52.5,47.1,2008-07-01,Julio,2008-07,Julio
RF-27,Barajas Pueblo,2008,7,,,,60.5,70.8,64.4,53.6,45.8,41.4,2008-07-01,Julio,2008-07,Julio
RF-05,Barrio del Pilar,2008,7,,,,61.8,68.7,64.9,59.4,51.1,41.8,2008-07-01,Julio,2008-07,Julio
RF-18,General Ricardos ubicación antigua,2008,7,,,,55.5,65.2,57.2,50.1,39.1,33.7,2008-07-01,Julio,2008-07,Julio
RF-20,Avenida de Moratalaz,2008,7,,,,62.4,72.1,64.3,57.8,47.9,39.8,2008-07-01,Julio,2008-07,Julio
RF-06,Gregorio Marañón,2008,7,,,,69.2,76.6,72.3,66.5,60.2,53.9,2008-07-01,Julio,2008-07,Julio
RF-22,Paseo de Pontones,2008,7,,,,62.4,71.6,65.5,56.8,49.7,44.3,2008-07-01,Julio,2008-07,Julio
RF-16,Arturo Soria,2008,7,,,,60.0,66.6,63.3,58.2,46.5,40.8,2008-07-01,Julio,2008-07,Julio
RF-24,Casa de Campo,2008,7,,,,50.2,57.5,52.7,48.2,43.4,41.5,2008-07-01,Julio,2008-07,Julio
RF-07,Plaza Marqués de Salamanca,2008,7,,,,63.7,70.9,67.0,61.5,49.8,43.2,2008-07-01,Julio,2008-07,Julio
RF-01,Paseo de Recoletos,2008,7,,,,68.5,74.7,71.7,67.1,59.7,54.0,2008-07-01,Julio,2008-07,Julio
RF-10,Cuatro Caminos,2008,7,,,,64.3,74.5,67.0,59.2,51.7,44.9,2008-07-01,Julio,2008-07,Julio
RF-03,Plaza del Carmen,2008,7,,,,62.5,70.8,64.8,58.9,53.7,50.3,2008-07-01,Julio,2008-07,Julio
RF-08,Escuelas Aguirre,2008,7,,,,67.7,74.9,70.9,65.5,58.7,51.7,2008-07-01,Julio,2008-07,Julio
RF-14,Plaza Elíptica,2008,7,,,,66.2,73.3,69.4,63.8,57.2,50.4,2008-07-01,Julio,2008-07,Julio
RF-15,Plaza de Castilla ubicación antigua,2008,7,,,,67.4,73.6,70.5,65.5,59.3,52.8,2008-07-01,Julio,2008-07,Julio
RF-11,Ramón y Cajal,2008,7,,,,68.2,75.0,71.1,66.5,55.2,47.2,2008-07-01,Julio,2008-07,Julio
RF-23,Calle de Alcalá final,2008,7,,,,62.3,67.4,64.9,61.7,56.2,50.6,2008-07-01,Julio,2008-07,Julio
RF-29,El Pardo,2008,7,,,,58.5,67.5,61.6,52.1,37.5,29.3,2008-07-01,Julio,2008-07,Julio
RF-01,Paseo de Recoletos,2008,8,,,,67.8,73.9,71.2,66.1,58.7,52.9,2008-08-01,Agosto,2008-08,Agosto
RF-10,Cuatro Caminos,2008,8,,,,62.1,70.5,65.4,58.1,50.0,44.2,2008-08-01,Agosto,2008-08,Agosto
RF-09,Plaza Luca de Tena,2008,8,,,,64.7,71.4,68.0,62.5,54.1,45.0,2008-08-01,Agosto,2008-08,Agosto
RF-21,Isaac Peral,2008,8,,,,63.3,71.8,66.1,59.8,52.8,50.0,2008-08-01,Agosto,2008-08,Agosto
RF-27,Barajas Pueblo,2008,8,,,,59.9,70.3,63.3,53.1,46.1,42.3,2008-08-01,Agosto,2008-08,Agosto
RF-05,Barrio del Pilar,2008,8,,,,60.8,67.6,63.8,58.6,50.8,41.5,2008-08-01,Agosto,2008-08,Agosto
RF-22,Paseo de Pontones,2008,8,,,,61.9,71.5,64.7,55.9,49.6,44.4,2008-08-01,Agosto,2008-08,Agosto
RF-16,Arturo Soria,2008,8,,,,59.9,66.6,63.0,56.9,45.5,41.0,2008-08-01,Agosto,2008-08,Agosto
RF-12,Manuel Becerra,2008,8,,,,64.8,73.9,64.6,60.0,53.6,48.7,2008-08-01,Agosto,2008-08,Agosto
RF-08,Escuelas Aguirre,2008,8,,,,66.6,74.0,69.9,64.2,57.3,50.6,2008-08-01,Agosto,2008-08,Agosto
RF-14,Plaza Elíptica,2008,8,,,,65.6,72.8,68.9,63.0,56.7,50.0,2008-08-01,Agosto,2008-08,Agosto
RF-11,Ramón y Cajal,2008,8,,,,66.7,73.9,70.2,64.2,52.9,45.3,2008-08-01,Agosto,2008-08,Agosto
RF-26,Embajada,2008,8,,,,61.8,70.1,65.9,57.9,52.5,47.1,2008-08-01,Agosto,2008-08,Agosto
RF-15,Plaza de Castilla ubicación antigua,2008,8,,,,66.8,73.7,70.1,64.5,58.2,52.0,2008-08-01,Agosto,2008-08,Agosto
RF-03,Plaza del Carmen,2008,8,,,,60.4,69.2,62.9,56.7,52.4,49.4,2008-08-01,Agosto,2008-08,Agosto
RF-18,General Ricardos ubicación antigua,2008,8,,,,54.6,64.8,56.6,48.7,39.0,33.6,2008-08-01,Agosto,2008-08,Agosto
RF-07,Plaza Marqués de Salamanca,2008,8,,,,62.3,70.0,65.7,59.0,47.7,42.1,2008-08-01,Agosto,2008-08,Agosto
RF-23,Calle de Alcalá final,2008,8,,,,62.4,68.2,64.7,61.1,55.8,50.3,2008-08-01,Agosto,2008-08,Agosto
RF-28,Cuatro Vientos,2008,8,,,,63.1,72.2,66.9,58.0,43.5,37.2,2008-08-01,Agosto,2008-08,Agosto
RF-13,Vallecas,2008,8,,,,56.6,65.0,59.3,53.6,43.0,37.8,2008-08-01,Agosto,2008-08,Agosto
RF-20,Avenida de Moratalaz,2008,8,,,,61.0,70.5,63.0,56.6,46.6,39.2,2008-08-01,Agosto,2008-08,Agosto
RF-06,Gregorio Marañón,2008,8,,,,67.9,75.6,71.1,65.3,58.8,53.0,2008-08-01,Agosto,2008-08,Agosto
RF-29,El Pardo,2008,8,,,,57.9,67.6,60.8,50.5,37.3,29.9,2008-08-01,Agosto,2008-08,Agosto
RF-04,Plaza de España,2008,8,,,,64.3,71.8,66.4,62.9,57.8,52.1,2008-08-01,Agosto,2008-08,Agosto
RF-25,Santa Eugenia,2008,8,,,,68.9,73.5,71.6,68.7,62.3,53.7,2008-08-01,Agosto,2008-08,Agosto
RF-19,Alto de Extremadura,2008,8,,,,60.0,69.3,62.7,56.5,49.2,42.8,2008-08-01,Agosto,2008-08,Agosto
RF-30,Campo de las Naciones,2008,8,,,,58.5,66.6,61.4,56.0,44.9,40.3,2008-08-01,Agosto,2008-08,Agosto
RF-24,Casa de Campo,2008,8,,,,50.6,57.2,52.6,48.4,42.8,41.2,2008-08-01,Agosto,2008-08,Agosto
RF-19,Alto de Extremadura,2008,9,,,,61.2,69.7,63.9,58.0,50.2,43.6,2008-09-01,Septiembre,2008-09,Septiembre
RF-04,Plaza de España,2008,9,,,,68.3,73.7,67.8,64.0,58.6,52.7,2008-09-01,Septiembre,2008-09,Septiembre
RF-08,Escuelas Aguirre,2008,9,,,,68.4,75.3,71.4,66.1,58.9,51.1,2008-09-01,Septiembre,2008-09,Septiembre
RF-20,Avenida de Moratalaz,2008,9,,,,66.7,74.9,66.0,58.6,47.6,39.0,2008-09-01,Septiembre,2008-09,Septiembre
RF-03,Plaza del Carmen,2008,9,,,,62.6,70.7,64.6,58.4,52.6,48.6,2008-09-01,Septiembre,2008-09,Septiembre
RF-14,Plaza Elíptica,2008,9,,,,66.7,73.6,69.8,64.3,57.5,50.3,2008-09-01,Septiembre,2008-09,Septiembre
RF-12,Manuel Becerra,2008,9,,,,64.3,71.1,65.5,61.6,55.1,49.6,2008-09-01,Septiembre,2008-09,Septiembre
RF-23,Calle de Alcalá final,2008,9,,,,62.7,67.7,64.9,61.9,55.9,49.3,2008-09-01,Septiembre,2008-09,Septiembre
RF-11,Ramón y Cajal,2008,9,,,,68.5,74.9,71.5,67.1,55.1,46.1,2008-09-01,Septiembre,2008-09,Septiembre
RF-16,Arturo Soria,2008,9,,,,61.7,67.6,64.0,59.0,46.3,39.8,2008-09-01,Septiembre,2008-09,Septiembre
RF-10,Cuatro Caminos,2008,9,,,,64.5,72.5,67.8,60.9,51.8,44.4,2008-09-01,Septiembre,2008-09,Septiembre
RF-01,Paseo de Recoletos,2008,9,,,,68.8,74.8,72.0,67.3,59.7,53.6,2008-09-01,Septiembre,2008-09,Septiembre
RF-05,Barrio del Pilar,2008,9,,,,61.8,68.8,65.0,59.7,50.4,40.6,2008-09-01,Septiembre,2008-09,Septiembre
RF-06,Gregorio Marañón,2008,9,,,,69.7,76.9,72.8,66.9,60.6,53.7,2008-09-01,Septiembre,2008-09,Septiembre
RF-18,General Ricardos ubicación antigua,2008,9,,,,56.0,64.5,57.1,50.2,39.1,33.5,2008-09-01,Septiembre,2008-09,Septiembre
RF-30,Campo de las Naciones,2008,9,,,,60.3,68.1,63.3,58.0,45.7,40.5,2008-09-01,Septiembre,2008-09,Septiembre
RF-25,Santa Eugenia,2008,9,,,,70.1,74.4,72.7,70.0,62.6,54.0,2008-09-01,Septiembre,2008-09,Septiembre
RF-24,Casa de Campo,2008,9,,,,49.9,58.6,52.7,46.9,42.4,40.6,2008-09-01,Septiembre,2008-09,Septiembre
RF-26,Embajada,2008,9,,,,63.1,70.8,67.0,59.7,52.5,46.5,2008-09-01,Septiembre,2008-09,Septiembre
RF-22,Paseo de Pontones,2008,9,,,,64.2,72.4,66.4,57.6,50.2,44.4,2008-09-01,Septiembre,2008-09,Septiembre
RF-29,El Pardo,2008,9,,,,63.2,69.3,62.3,53.6,39.7,31.0,2008-09-01,Septiembre,2008-09,Septiembre
RF-21,Isaac Peral,2008,9,,,,65.4,73.9,67.7,61.8,53.8,49.0,2008-09-01,Septiembre,2008-09,Septiembre
RF-13,Vallecas,2008,9,,,,58.1,66.7,60.8,54.8,43.4,37.8,2008-09-01,Septiembre,2008-09,Septiembre
RF-27,Barajas Pueblo,2008,9,,,,61.2,71.4,65.3,54.1,46.5,42.4,2008-09-01,Septiembre,2008-09,Septiembre
RF-28,Cuatro Vientos,2008,9,,,,64.6,73.0,68.6,60.5,44.0,36.1,2008-09-01,Septiembre,2008-09,Septiembre
RF-07,Plaza Marqués de Salamanca,2008,9,,,,64.4,71.4,67.5,62.2,49.8,42.0,2008-09-01,Septiembre,2008-09,Septiembre
RF-15,Plaza de Castilla ubicación antigua,2008,9,,,,67.8,73.8,71.1,66.0,59.5,51.7,2008-09-01,Septiembre,2008-09,Septiembre
RF-09,Plaza Luca de Tena,2008,9,,,,66.3,73.2,68.8,63.7,54.6,46.4,2008-09-01,Septiembre,2008-09,Septiembre
RF-13,Vallecas,2008,10,,,,58.9,67.8,61.6,55.4,44.0,37.8,2008-10-01,Octubre,2008-10,Octubre
RF-27,Barajas Pueblo,2008,10,,,,62.3,72.2,66.4,55.0,45.6,39.5,2008-10-01,Octubre,2008-10,Octubre
RF-06,Gregorio Marañón,2008,10,,,,70.8,78.5,73.8,68.0,61.6,54.2,2008-10-01,Octubre,2008-10,Octubre
RF-15,Plaza de Castilla ubicación antigua,2008,10,,,,71.1,,,,,,2008-10-01,Octubre,2008-10,Octubre
RF-26,Embajada,2008,10,,,,64.0,71.7,68.0,60.6,52.5,45.7,2008-10-01,Octubre,2008-10,Octubre
RF-29,El Pardo,2008,10,,,,59.2,69.0,63.0,52.1,36.1,29.3,2008-10-01,Octubre,2008-10,Octubre
RF-10,Cuatro Caminos,2008,10,,,,65.7,74.1,69.0,62.1,53.7,45.5,2008-10-01,Octubre,2008-10,Octubre
RF-09,Plaza Luca de Tena,2008,10,,,,66.2,73.3,69.2,64.0,54.6,45.9,2008-10-01,Octubre,2008-10,Octubre
RF-05,Barrio del Pilar,2008,10,,,,63.7,72.3,66.0,60.7,50.4,41.0,2008-10-01,Octubre,2008-10,Octubre
RF-20,Avenida de Moratalaz,2008,10,,,,63.3,72.3,66.6,59.8,47.9,39.4,2008-10-01,Octubre,2008-10,Octubre
RF-03,Plaza del Carmen,2008,10,,,,62.6,70.9,65.4,58.9,51.9,45.4,2008-10-01,Octubre,2008-10,Octubre
RF-21,Isaac Peral,2008,10,,,,66.4,74.8,68.6,62.8,54.8,49.0,2008-10-01,Octubre,2008-10,Octubre
RF-16,Arturo Soria,2008,10,,,,62.3,68.7,65.2,60.1,46.6,39.4,2008-10-01,Octubre,2008-10,Octubre
RF-23,Calle de Alcalá final,2008,10,,,,64.1,70.2,66.3,62.7,55.9,48.3,2008-10-01,Octubre,2008-10,Octubre
RF-04,Plaza de España,2008,10,,,,66.3,74.5,68.6,64.5,59.3,53.0,2008-10-01,Octubre,2008-10,Octubre
RF-07,Plaza Marqués de Salamanca,2008,10,,,,65.3,72.5,68.6,63.4,50.8,42.0,2008-10-01,Octubre,2008-10,Octubre
RF-30,Campo de las Naciones,2008,10,,,,61.7,69.3,64.7,59.7,46.2,40.5,2008-10-01,Octubre,2008-10,Octubre
RF-25,Santa Eugenia,2008,10,,,,71.3,76.3,74.1,71.2,63.2,53.8,2008-10-01,Octubre,2008-10,Octubre
RF-19,Alto de Extremadura,2008,10,,,,61.5,69.8,64.5,58.4,50.1,42.4,2008-10-01,Octubre,2008-10,Octubre
RF-24,Casa de Campo,2008,10,,,,49.8,58.1,52.1,46.7,42.7,41.3,2008-10-01,Octubre,2008-10,Octubre
RF-08,Escuelas Aguirre,2008,10,,,,69.0,76.0,72.3,66.8,59.4,50.9,2008-10-01,Octubre,2008-10,Octubre
RF-22,Paseo de Pontones,2008,10,,,,64.0,72.8,67.2,58.5,50.7,44.4,2008-10-01,Octubre,2008-10,Octubre
RF-18,General Ricardos ubicación antigua,2008,10,,,,57.8,65.1,57.9,50.9,39.6,33.9,2008-10-01,Octubre,2008-10,Octubre
RF-14,Plaza Elíptica,2008,10,,,,67.5,74.8,70.5,65.2,57.8,50.7,2008-10-01,Octubre,2008-10,Octubre
RF-12,Manuel Becerra,2008,10,,,,64.5,71.1,65.9,62.1,55.6,50.1,2008-10-01,Octubre,2008-10,Octubre
RF-28,Cuatro Vientos,2008,10,,,,65.6,74.1,69.6,61.5,44.0,36.2,2008-10-01,Octubre,2008-10,Octubre
RF-01,Paseo de Recoletos,2008,10,,,,69.8,76.3,72.8,68.1,60.7,53.7,2008-10-01,Octubre,2008-10,Octubre
RF-11,Ramón y Cajal,2008,10,,,,69.6,75.8,72.4,68.1,55.4,46.0,2008-10-01,Octubre,2008-10,Octubre
RF-01,Paseo de Recoletos,2008,11,,,,70.0,76.2,73.2,68.4,60.9,53.6,2008-11-01,Noviembre,2008-11,Noviembre
RF-11,Ramón y Cajal,2008,11,,,,69.4,75.6,72.4,68.2,56.0,46.0,2008-11-01,Noviembre,2008-11,Noviembre
RF-03,Plaza del Carmen,2008,11,,,,62.5,70.9,65.0,58.3,51.4,44.9,2008-11-01,Noviembre,2008-11,Noviembre
RF-08,Escuelas Aguirre,2008,11,,,,69.4,76.2,72.7,67.2,59.9,51.3,2008-11-01,Noviembre,2008-11,Noviembre
RF-22,Paseo de Pontones,2008,11,,,,64.1,73.0,67.4,58.6,51.1,44.8,2008-11-01,Noviembre,2008-11,Noviembre
RF-16,Arturo Soria,2008,11,,,,63.5,72.8,65.8,60.6,46.7,40.4,2008-11-01,Noviembre,2008-11,Noviembre
RF-23,Calle de Alcalá final,2008,11,,,,64.0,69.5,66.3,63.1,56.5,48.3,2008-11-01,Noviembre,2008-11,Noviembre
RF-28,Cuatro Vientos,2008,11,,,,66.2,74.0,70.3,62.3,47.6,38.6,2008-11-01,Noviembre,2008-11,Noviembre
RF-30,Campo de las Naciones,2008,11,,,,61.3,68.4,64.4,59.5,46.9,41.1,2008-11-01,Noviembre,2008-11,Noviembre
RF-04,Plaza de España,2008,11,,,,66.5,74.7,68.7,64.7,59.6,53.0,2008-11-01,Noviembre,2008-11,Noviembre
RF-19,Alto de Extremadura,2008,11,,,,61.5,69.4,64.2,58.4,49.7,40.8,2008-11-01,Noviembre,2008-11,Noviembre
RF-12,Manuel Becerra,2008,11,,,,64.5,70.8,65.8,62.2,55.6,49.8,2008-11-01,Noviembre,2008-11,Noviembre
RF-06,Gregorio Marañón,2008,11,,,,70.7,77.8,73.8,68.2,61.9,54.4,2008-11-01,Noviembre,2008-11,Noviembre
RF-24,Casa de Campo,2008,11,,,,49.6,57.6,52.0,46.6,43.2,42.0,2008-11-01,Noviembre,2008-11,Noviembre
RF-18,General Ricardos ubicación antigua,2008,11,,,,55.9,64.8,57.1,50.0,39.5,33.4,2008-11-01,Noviembre,2008-11,Noviembre
RF-05,Barrio del Pilar,2008,11,,,,62.0,68.7,65.0,59.8,48.9,40.6,2008-11-01,Noviembre,2008-11,Noviembre
RF-07,Plaza Marqués de Salamanca,2008,11,,,,65.3,71.9,68.6,63.5,51.0,42.4,2008-11-01,Noviembre,2008-11,Noviembre
RF-09,Plaza Luca de Tena,2008,11,,,,65.8,72.5,69.0,63.7,54.2,45.2,2008-11-01,Noviembre,2008-11,Noviembre
RF-25,Santa Eugenia,2008,11,,,,71.2,75.4,73.8,71.3,63.6,54.2,2008-11-01,Noviembre,2008-11,Noviembre
RF-20,Avenida de Moratalaz,2008,11,,,,63.3,71.9,66.5,60.3,48.1,40.1,2008-11-01,Noviembre,2008-11,Noviembre
RF-29,El Pardo,2008,11,,,,58.9,68.8,62.8,51.5,35.7,29.5,2008-11-01,Noviembre,2008-11,Noviembre
RF-13,Vallecas,2008,11,,,,58.2,66.3,61.1,55.0,44.1,38.1,2008-11-01,Noviembre,2008-11,Noviembre
RF-21,Isaac Peral,2008,11,,,,66.5,74.7,68.6,62.9,54.6,48.2,2008-11-01,Noviembre,2008-11,Noviembre
RF-27,Barajas Pueblo,2008,11,,,,62.6,72.7,66.9,55.2,44.7,39.4,2008-11-01,Noviembre,2008-11,Noviembre
RF-26,Embajada,2008,11,,,,64.0,71.8,68.2,60.3,52.3,45.5,2008-11-01,Noviembre,2008-11,Noviembre
RF-14,Plaza Elíptica,2008,11,,,,67.4,74.3,70.5,65.3,58.1,51.2,2008-11-01,Noviembre,2008-11,Noviembre
RF-10,Cuatro Caminos,2008,11,,,,65.3,73.4,68.9,62.1,52.3,44.7,2008-11-01,Noviembre,2008-11,Noviembre
RF-24,Casa de Campo,2008,12,,,,49.4,56.8,52.0,47.2,43.8,42.4,2008-12-01,Diciembre,2008-12,Diciembre
RF-12,Manuel Becerra,2008,12,,,,64.8,70.8,65.8,62.1,55.5,49.7,2008-12-01,Diciembre,2008-12,Diciembre
RF-18,General Ricardos ubicación antigua,2008,12,,,,65.2,65.2,57.5,50.2,39.8,33.7,2008-12-01,Diciembre,2008-12,Diciembre
RF-09,Plaza Luca de Tena,2008,12,,,,66.0,72.5,69.3,63.8,54.3,45.7,2008-12-01,Diciembre,2008-12,Diciembre
RF-06,Gregorio Marañón,2008,12,,,,70.9,78.0,74.1,68.4,62.0,55.2,2008-12-01,Diciembre,2008-12,Diciembre
RF-26,Embajada,2008,12,,,,64.4,72.3,68.6,60.6,53.0,46.3,2008-12-01,Diciembre,2008-12,Diciembre
RF-22,Paseo de Pontones,2008,12,,,,64.5,73.3,67.8,58.6,51.6,45.8,2008-12-01,Diciembre,2008-12,Diciembre
RF-05,Barrio del Pilar,2008,12,,,,61.4,67.1,63.5,58.5,48.3,40.2,2008-12-01,Diciembre,2008-12,Diciembre
RF-13,Vallecas,2008,12,,,,61.0,66.7,61.2,54.8,44.4,38.6,2008-12-01,Diciembre,2008-12,Diciembre
RF-25,Santa Eugenia,2008,12,,,,71.8,76.0,74.5,71.9,64.0,55.0,2008-12-01,Diciembre,2008-12,Diciembre
RF-19,Alto de Extremadura,2008,12,,,,61.9,69.6,64.5,58.7,50.3,41.5,2008-12-01,Diciembre,2008-12,Diciembre
RF-04,Plaza de España,2008,12,,,,66.5,74.5,68.7,64.9,60.0,54.1,2008-12-01,Diciembre,2008-12,Diciembre
RF-21,Isaac Peral,2008,12,,,,66.1,74.7,68.4,62.5,54.2,48.0,2008-12-01,Diciembre,2008-12,Diciembre
RF-27,Barajas Pueblo,2008,12,,,,62.7,72.9,66.8,54.8,44.8,39.3,2008-12-01,Diciembre,2008-12,Diciembre
RF-30,Campo de las Naciones,2008,12,,,,61.1,68.5,64.4,58.8,47.5,42.4,2008-12-01,Diciembre,2008-12,Diciembre
RF-28,Cuatro Vientos,2008,12,,,,67.1,74.7,71.1,63.4,49.8,43.3,2008-12-01,Diciembre,2008-12,Diciembre
RF-10,Cuatro Caminos,2008,12,,,,65.9,74.0,69.4,62.2,52.9,45.9,2008-12-01,Diciembre,2008-12,Diciembre
RF-08,Escuelas Aguirre,2008,12,,,,69.3,76.0,72.6,67.2,60.0,52.1,2008-12-01,Diciembre,2008-12,Diciembre
RF-14,Plaza Elíptica,2008,12,,,,67.5,74.4,70.7,65.2,58.3,51.8,2008-12-01,Diciembre,2008-12,Diciembre
RF-16,Arturo Soria,2008,12,,,,63.3,69.1,65.8,60.6,47.2,40.8,2008-12-01,Diciembre,2008-12,Diciembre
RF-03,Plaza del Carmen,2008,12,,,,62.9,70.8,64.9,58.4,51.6,45.8,2008-12-01,Diciembre,2008-12,Diciembre
RF-01,Paseo de Recoletos,2008,12,,,,70.1,76.4,73.2,68.3,61.0,53.8,2008-12-01,Diciembre,2008-12,Diciembre
RF-23,Calle de Alcalá final,2008,12,,,,65.1,69.9,66.7,63.3,56.7,49.3,2008-12-01,Diciembre,2008-12,Diciembre
RF-11,Ramón y Cajal,2008,12,,,,69.5,75.6,72.6,68.3,56.5,47.0,2008-12-01,Diciembre,2008-12,Diciembre
RF-20,Avenida de Moratalaz,2008,12,,,,63.6,72.2,66.7,60.3,48.8,40.4,2008-12-01,Diciembre,2008-12,Diciembre
RF-07,Plaza Marqués de Salamanca,2008,12,,,,65.6,72.5,68.8,63.3,50.6,42.6,2008-12-01,Diciembre,2008-12,Diciembre
RF-29,El Pardo,2008,12,,,,59.8,69.2,63.5,51.4,35.8,29.2,2008-12-01,Diciembre,2008-12,Diciembre
RF-01,Paseo de Recoletos,2009,1,,,,69.9,75.9,73.4,68.1,60.7,53.1,2009-01-01,Enero,2009-01,Enero
RF-24,Casa de Campo,2009,1,,,,51.0,60.4,52.1,46.6,43.4,42.2,2009-01-01,Enero,2009-01,Enero
RF-18,General Ricardos ubicación antigua,2009,1,,,,64.3,64.2,57.3,49.6,39.7,33.5,2009-01-01,Enero,2009-01,Enero
RF-20,Avenida de Moratalaz,2009,1,,,,63.5,72.0,66.6,59.9,47.6,39.2,2009-01-01,Enero,2009-01,Enero
RF-22,Paseo de Pontones,2009,1,,,,64.6,72.8,67.6,58.3,51.0,44.8,2009-01-01,Enero,2009-01,Enero
RF-23,Calle de Alcalá final,2009,1,,,,64.2,68.6,65.8,62.7,55.5,47.7,2009-01-01,Enero,2009-01,Enero
RF-19,Alto de Extremadura,2009,1,,,,62.1,69.6,64.5,58.6,49.5,40.3,2009-01-01,Enero,2009-01,Enero
RF-04,Plaza de España,2009,1,,,,66.4,73.2,68.4,64.7,59.4,53.3,2009-01-01,Enero,2009-01,Enero
RF-27,Barajas Pueblo,2009,1,,,,62.5,72.6,66.4,54.0,43.5,38.4,2009-01-01,Enero,2009-01,Enero
RF-03,Plaza del Carmen,2009,1,,,,62.6,70.4,64.6,57.8,51.4,45.4,2009-01-01,Enero,2009-01,Enero
RF-21,Isaac Peral,2009,1,,,,66.0,74.3,68.2,62.5,53.7,47.7,2009-01-01,Enero,2009-01,Enero
RF-12,Manuel Becerra,2009,1,,,,64.9,70.6,65.7,62.0,55.2,48.9,2009-01-01,Enero,2009-01,Enero
RF-14,Plaza Elíptica,2009,1,,,,67.8,74.4,70.8,65.1,57.8,50.9,2009-01-01,Enero,2009-01,Enero
RF-05,Barrio del Pilar,2009,1,,,,63.2,68.7,65.2,59.7,48.2,39.3,2009-01-01,Enero,2009-01,Enero
RF-07,Plaza Marqués de Salamanca,2009,1,,,,65.3,71.7,68.7,63.2,50.3,42.2,2009-01-01,Enero,2009-01,Enero
RF-30,Campo de las Naciones,2009,1,,,,61.0,68.5,64.5,58.6,46.7,41.8,2009-01-01,Enero,2009-01,Enero
RF-09,Plaza Luca de Tena,2009,1,,,,66.6,72.9,69.7,63.0,53.1,43.7,2009-01-01,Enero,2009-01,Enero
RF-11,Ramón y Cajal,2009,1,,,,69.5,75.3,72.6,68.2,56.0,46.0,2009-01-01,Enero,2009-01,Enero
RF-10,Cuatro Caminos,2009,1,,,,65.7,73.6,69.3,62.2,52.2,45.2,2009-01-01,Enero,2009-01,Enero
RF-08,Escuelas Aguirre,2009,1,,,,69.1,75.7,72.5,67.0,59.7,51.5,2009-01-01,Enero,2009-01,Enero
RF-25,Santa Eugenia,2009,1,,,,71.6,75.9,74.4,71.5,63.0,53.1,2009-01-01,Enero,2009-01,Enero
RF-16,Arturo Soria,2009,1,,,,62.5,68.8,65.9,60.7,46.6,39.7,2009-01-01,Enero,2009-01,Enero
RF-06,Gregorio Marañón,2009,1,,,,70.8,77.9,74.0,68.2,61.6,54.4,2009-01-01,Enero,2009-01,Enero
RF-29,El Pardo,2009,1,,,,60.3,70.6,63.7,51.1,34.2,28.5,2009-01-01,Enero,2009-01,Enero
RF-13,Vallecas,2009,1,,,,61.2,66.8,61.0,54.5,42.8,37.5,2009-01-01,Enero,2009-01,Enero
RF-26,Embajada,2009,1,,,,64.4,72.5,68.6,60.1,52.1,45.5,2009-01-01,Enero,2009-01,Enero
RF-28,Cuatro Vientos,2009,1,,,,66.3,74.3,70.3,62.3,47.5,39.2,2009-01-01,Enero,2009-01,Enero
RF-29,El Pardo,2009,2,,,,59.0,68.9,63.1,51.8,36.3,31.6,2009-02-01,Febrero,2009-02,Febrero
RF-20,Avenida de Moratalaz,2009,2,,,,63.2,71.8,66.4,59.9,47.3,39.6,2009-02-01,Febrero,2009-02,Febrero
RF-09,Plaza Luca de Tena,2009,2,,,,66.2,73.3,70.1,63.0,52.6,43.5,2009-02-01,Febrero,2009-02,Febrero
RF-13,Vallecas,2009,2,,,,58.1,66.4,60.9,54.6,43.3,38.7,2009-02-01,Febrero,2009-02,Febrero
RF-26,Embajada,2009,2,,,,64.3,72.2,68.6,60.6,52.3,46.0,2009-02-01,Febrero,2009-02,Febrero
RF-08,Escuelas Aguirre,2009,2,,,,69.1,76.0,72.5,67.1,60.2,54.6,2009-02-01,Febrero,2009-02,Febrero
RF-10,Cuatro Caminos,2009,2,,,,65.6,73.9,69.2,62.3,52.2,44.9,2009-02-01,Febrero,2009-02,Febrero
RF-14,Plaza Elíptica,2009,2,,,,67.5,74.4,70.7,65.3,57.9,51.1,2009-02-01,Febrero,2009-02,Febrero
RF-05,Barrio del Pilar,2009,2,,,,62.0,68.7,65.2,60.1,48.7,40.4,2009-02-01,Febrero,2009-02,Febrero
RF-16,Arturo Soria,2009,2,,,,62.5,69.0,65.8,60.7,46.9,40.2,2009-02-01,Febrero,2009-02,Febrero
RF-18,General Ricardos ubicación antigua,2009,2,,,,54.8,64.0,57.5,50.5,41.1,34.6,2009-02-01,Febrero,2009-02,Febrero
RF-28,Cuatro Vientos,2009,2,,,,66.0,74.4,70.2,61.8,46.7,41.5,2009-02-01,Febrero,2009-02,Febrero
RF-22,Paseo de Pontones,2009,2,,,,64.1,72.7,67.4,58.5,51.3,45.3,2009-02-01,Febrero,2009-02,Febrero
RF-24,Casa de Campo,2009,2,,,,49.5,57.5,52.1,46.7,43.5,42.3,2009-02-01,Febrero,2009-02,Febrero
RF-27,Barajas Pueblo,2009,2,,,,62.5,72.8,66.8,54.7,44.3,39.7,2009-02-01,Febrero,2009-02,Febrero
RF-06,Gregorio Marañón,2009,2,,,,70.8,78.1,74.0,68.2,61.6,54.5,2009-02-01,Febrero,2009-02,Febrero
RF-03,Plaza del Carmen,2009,2,,,,61.7,70.7,64.6,57.7,51.5,45.1,2009-02-01,Febrero,2009-02,Febrero
RF-12,Manuel Becerra,2009,2,,,,64.6,70.3,65.6,62.1,55.0,48.8,2009-02-01,Febrero,2009-02,Febrero
RF-19,Alto de Extremadura,2009,2,,,,61.6,69.7,64.5,58.7,49.5,41.2,2009-02-01,Febrero,2009-02,Febrero
RF-11,Ramón y Cajal,2009,2,,,,69.4,75.8,72.5,68.3,55.6,44.4,2009-02-01,Febrero,2009-02,Febrero
RF-04,Plaza de España,2009,2,,,,66.3,74.0,68.6,65.0,60.1,54.0,2009-02-01,Febrero,2009-02,Febrero
RF-30,Campo de las Naciones,2009,2,,,,62.4,70.3,65.2,60.1,47.6,42.1,2009-02-01,Febrero,2009-02,Febrero
RF-01,Paseo de Recoletos,2009,2,,,,69.8,75.9,73.3,68.2,60.6,53.1,2009-02-01,Febrero,2009-02,Febrero
RF-23,Calle de Alcalá final,2009,2,,,,62.7,68.3,65.3,62.1,55.4,47.7,2009-02-01,Febrero,2009-02,Febrero
RF-07,Plaza Marqués de Salamanca,2009,2,,,,65.5,72.3,68.7,63.5,50.4,41.7,2009-02-01,Febrero,2009-02,Febrero
RF-21,Isaac Peral,2009,2,,,,66.3,74.5,68.8,63.0,54.5,48.3,2009-02-01,Febrero,2009-02,Febrero
RF-25,Santa Eugenia,2009,2,,,,71.6,76.1,74.4,71.5,63.6,54.1,2009-02-01,Febrero,2009-02,Febrero
RF-14,Plaza Elíptica,2009,3,,,,66.9,73.8,70.1,64.6,57.4,50.8,2009-03-01,Marzo,2009-03,Marzo
RF-26,Embajada,2009,3,,,,63.6,71.6,67.8,59.9,51.9,44.8,2009-03-01,Marzo,2009-03,Marzo
RF-13,Vallecas,2009,3,,,,57.7,66.1,60.7,54.9,43.2,38.6,2009-03-01,Marzo,2009-03,Marzo
RF-20,Avenida de Moratalaz,2009,3,,,,63.0,72.2,66.0,59.2,47.4,40.1,2009-03-01,Marzo,2009-03,Marzo
RF-16,Arturo Soria,2009,3,,,,63.6,68.3,64.9,59.5,46.0,39.6,2009-03-01,Marzo,2009-03,Marzo
RF-23,Calle de Alcalá final,2009,3,,,,62.2,67.8,64.9,61.4,55.1,47.6,2009-03-01,Marzo,2009-03,Marzo
RF-25,Santa Eugenia,2009,3,,,,70.9,75.8,73.7,70.7,62.8,54.0,2009-03-01,Marzo,2009-03,Marzo
RF-19,Alto de Extremadura,2009,3,,,,61.2,69.3,64.0,58.0,49.2,40.5,2009-03-01,Marzo,2009-03,Marzo
RF-24,Casa de Campo,2009,3,,,,50.5,59.6,53.0,46.7,43.2,42.1,2009-03-01,Marzo,2009-03,Marzo
RF-18,General Ricardos ubicación antigua,2009,3,,,,55.0,64.4,57.6,50.7,40.8,35.2,2009-03-01,Marzo,2009-03,Marzo
RF-21,Isaac Peral,2009,3,,,,65.9,74.0,68.3,62.5,54.0,47.4,2009-03-01,Marzo,2009-03,Marzo
RF-27,Barajas Pueblo,2009,3,,,,61.9,72.3,65.9,54.6,44.8,39.3,2009-03-01,Marzo,2009-03,Marzo
RF-22,Paseo de Pontones,2009,3,,,,63.4,72.2,66.8,58.1,50.8,44.9,2009-03-01,Marzo,2009-03,Marzo
RF-29,El Pardo,2009,3,,,,58.7,68.3,62.5,52.0,37.5,34.0,2009-03-01,Marzo,2009-03,Marzo
RF-28,Cuatro Vientos,2009,3,,,,65.4,73.8,69.5,61.3,46.2,40.7,2009-03-01,Marzo,2009-03,Marzo
RF-12,Manuel Becerra,2009,3,,,,64.4,70.3,65.4,61.7,54.7,48.9,2009-03-01,Marzo,2009-03,Marzo
RF-06,Gregorio Marañón,2009,3,,,,70.3,77.5,73.5,67.5,60.9,53.7,2009-03-01,Marzo,2009-03,Marzo
RF-04,Plaza de España,2009,3,,,,65.8,73.1,68.0,64.6,59.5,53.2,2009-03-01,Marzo,2009-03,Marzo
RF-11,Ramón y Cajal,2009,3,,,,68.8,74.9,71.9,67.5,55.1,45.0,2009-03-01,Marzo,2009-03,Marzo
RF-30,Campo de las Naciones,2009,3,,,,61.2,68.7,64.1,59.1,45.7,39.8,2009-03-01,Marzo,2009-03,Marzo
RF-07,Plaza Marqués de Salamanca,2009,3,,,,64.8,71.7,68.1,62.8,50.3,42.2,2009-03-01,Marzo,2009-03,Marzo
RF-08,Escuelas Aguirre,2009,3,,,,68.4,75.1,71.8,66.5,59.6,54.2,2009-03-01,Marzo,2009-03,Marzo
RF-05,Barrio del Pilar,2009,3,,,,61.7,68.4,64.9,59.7,48.6,40.4,2009-03-01,Marzo,2009-03,Marzo
RF-10,Cuatro Caminos,2009,3,,,,65.0,73.2,68.6,61.5,51.7,43.3,2009-03-01,Marzo,2009-03,Marzo
RF-09,Plaza Luca de Tena,2009,3,,,,65.9,73.1,69.7,63.0,52.5,43.4,2009-03-01,Marzo,2009-03,Marzo
RF-01,Paseo de Recoletos,2009,3,,,,69.8,78.1,72.7,67.6,59.4,51.9,2009-03-01,Marzo,2009-03,Marzo
RF-03,Plaza del Carmen,2009,3,,,,61.2,70.0,64.2,57.6,51.2,45.0,2009-03-01,Marzo,2009-03,Marzo
RF-11,Ramón y Cajal,2009,4,,,,68.7,75.0,71.8,67.2,54.8,44.5,2009-04-01,Abril,2009-04,Abril
RF-04,Plaza de España,2009,4,,,,65.6,72.9,67.8,64.3,59.1,52.9,2009-04-01,Abril,2009-04,Abril
RF-10,Cuatro Caminos,2009,4,,,,64.9,72.9,68.4,61.0,51.1,43.8,2009-04-01,Abril,2009-04,Abril
RF-06,Gregorio Marañón,2009,4,,,,70.2,77.4,73.5,67.4,60.6,53.8,2009-04-01,Abril,2009-04,Abril
RF-21,Isaac Peral,2009,4,,,,65.6,73.8,68.1,62.1,53.1,47.2,2009-04-01,Abril,2009-04,Abril
RF-03,Plaza del Carmen,2009,4,,,,61.6,70.7,64.4,58.0,51.3,44.6,2009-04-01,Abril,2009-04,Abril
RF-23,Calle de Alcalá final,2009,4,,,,61.9,67.8,64.4,60.9,54.3,47.6,2009-04-01,Abril,2009-04,Abril
RF-14,Plaza Elíptica,2009,4,,,,66.8,73.8,70.0,64.5,57.2,50.6,2009-04-01,Abril,2009-04,Abril
RF-20,Avenida de Moratalaz,2009,4,,,,62.3,71.3,65.6,58.9,46.8,38.9,2009-04-01,Abril,2009-04,Abril
RF-18,General Ricardos ubicación antigua,2009,4,,,,56.2,65.8,58.1,50.8,39.7,33.8,2009-04-01,Abril,2009-04,Abril
RF-22,Paseo de Pontones,2009,4,,,,63.0,72.0,66.6,57.7,50.2,44.0,2009-04-01,Abril,2009-04,Abril
RF-08,Escuelas Aguirre,2009,4,,,,68.4,75.1,71.7,66.4,59.4,53.4,2009-04-01,Abril,2009-04,Abril
RF-26,Embajada,2009,4,,,,63.3,71.3,67.6,59.4,52.0,45.2,2009-04-01,Abril,2009-04,Abril
RF-16,Arturo Soria,2009,4,,,,61.3,67.8,64.5,59.1,45.2,39.1,2009-04-01,Abril,2009-04,Abril
RF-19,Alto de Extremadura,2009,4,,,,61.0,69.3,64.0,58.0,48.9,40.7,2009-04-01,Abril,2009-04,Abril
RF-29,El Pardo,2009,4,,,,58.1,67.3,61.9,51.3,36.3,33.4,2009-04-01,Abril,2009-04,Abril
RF-05,Barrio del Pilar,2009,4,,,,61.9,68.8,65.0,59.7,48.4,39.3,2009-04-01,Abril,2009-04,Abril
RF-07,Plaza Marqués de Salamanca,2009,4,,,,64.7,71.6,67.9,62.3,49.7,41.4,2009-04-01,Abril,2009-04,Abril
RF-30,Campo de las Naciones,2009,4,,,,62.2,70.9,63.9,57.6,44.6,39.3,2009-04-01,Abril,2009-04,Abril
RF-25,Santa Eugenia,2009,4,,,,66.8,72.7,69.6,66.2,58.5,49.4,2009-04-01,Abril,2009-04,Abril
RF-09,Plaza Luca de Tena,2009,4,,,,65.5,72.6,69.4,62.5,52.1,42.4,2009-04-01,Abril,2009-04,Abril
RF-13,Vallecas,2009,4,,,,68.3,71.8,61.1,54.9,41.9,37.2,2009-04-01,Abril,2009-04,Abril
RF-24,Casa de Campo,2009,4,,,,51.8,61.6,53.5,46.9,42.4,41.2,2009-04-01,Abril,2009-04,Abril
RF-27,Barajas Pueblo,2009,4,,,,61.8,72.3,66.0,54.2,43.5,37.9,2009-04-01,Abril,2009-04,Abril
RF-01,Paseo de Recoletos,2009,4,,,,68.9,75.4,72.2,67.4,59.0,51.7,2009-04-01,Abril,2009-04,Abril
RF-12,Manuel Becerra,2009,4,,,,64.1,70.9,65.4,61.5,54.3,48.3,2009-04-01,Abril,2009-04,Abril
RF-28,Cuatro Vientos,2009,4,,,,65.5,74.1,69.6,61.0,44.2,38.4,2009-04-01,Abril,2009-04,Abril
RF-21,Isaac Peral,2009,5,,,,65.7,73.8,67.9,62.2,53.9,48.1,2009-05-01,Mayo,2009-05,Mayo
RF-16,Arturo Soria,2009,5,,,,60.5,67.0,63.8,58.7,45.9,39.3,2009-05-01,Mayo,2009-05,Mayo
RF-12,Manuel Becerra,2009,5,,,,64.4,71.0,65.4,61.4,54.5,48.6,2009-05-01,Mayo,2009-05,Mayo
RF-26,Embajada,2009,5,,,,62.8,70.7,66.9,59.1,51.8,45.3,2009-05-01,Mayo,2009-05,Mayo
RF-23,Calle de Alcalá final,2009,5,,,,61.3,66.9,63.7,60.5,54.3,47.3,2009-05-01,Mayo,2009-05,Mayo
RF-24,Casa de Campo,2009,5,,,,51.3,60.3,53.4,47.1,42.2,41.0,2009-05-01,Mayo,2009-05,Mayo
RF-08,Escuelas Aguirre,2009,5,,,,68.1,74.8,71.3,66.1,59.7,52.2,2009-05-01,Mayo,2009-05,Mayo
RF-18,General Ricardos ubicación antigua,2009,5,,,,56.7,65.5,57.9,51.6,41.0,34.4,2009-05-01,Mayo,2009-05,Mayo
RF-01,Paseo de Recoletos,2009,5,,,,69.7,79.4,71.9,67.1,58.6,51.7,2009-05-01,Mayo,2009-05,Mayo
RF-20,Avenida de Moratalaz,2009,5,,,,62.9,71.8,65.5,58.5,47.7,39.2,2009-05-01,Mayo,2009-05,Mayo
RF-27,Barajas Pueblo,2009,5,,,,61.3,71.3,65.3,54.1,44.4,38.6,2009-05-01,Mayo,2009-05,Mayo
RF-22,Paseo de Pontones,2009,5,,,,63.1,71.9,66.3,58.0,50.5,44.3,2009-05-01,Mayo,2009-05,Mayo
RF-28,Cuatro Vientos,2009,5,,,,65.3,73.8,69.1,60.8,44.5,39.0,2009-05-01,Mayo,2009-05,Mayo
RF-13,Vallecas,2009,5,,,,57.6,65.9,60.6,55.2,42.9,37.9,2009-05-01,Mayo,2009-05,Mayo
RF-06,Gregorio Marañón,2009,5,,,,70.0,77.5,73.0,67.0,60.7,53.6,2009-05-01,Mayo,2009-05,Mayo
RF-11,Ramón y Cajal,2009,5,,,,68.4,74.7,71.4,67.1,55.7,45.3,2009-05-01,Mayo,2009-05,Mayo
RF-14,Plaza Elíptica,2009,5,,,,66.6,73.4,69.6,64.4,57.5,50.5,2009-05-01,Mayo,2009-05,Mayo
RF-30,Campo de las Naciones,2009,5,,,,60.7,68.7,63.5,58.5,45.9,39.8,2009-05-01,Mayo,2009-05,Mayo
RF-09,Plaza Luca de Tena,2009,5,,,,65.9,73.7,69.4,63.0,52.9,42.8,2009-05-01,Mayo,2009-05,Mayo
RF-29,El Pardo,2009,5,,,,58.2,67.2,61.8,52.1,36.7,29.8,2009-05-01,Mayo,2009-05,Mayo
RF-07,Plaza Marqués de Salamanca,2009,5,,,,64.4,71.4,67.6,62.1,50.1,42.1,2009-05-01,Mayo,2009-05,Mayo
RF-03,Plaza del Carmen,2009,5,,,,61.9,70.5,64.4,58.5,52.8,47.3,2009-05-01,Mayo,2009-05,Mayo
RF-19,Alto de Extremadura,2009,5,,,,62.2,72.4,64.6,58.1,49.2,40.7,2009-05-01,Mayo,2009-05,Mayo
RF-04,Plaza de España,2009,5,,,,65.4,73.2,67.7,64.0,59.1,53.0,2009-05-01,Mayo,2009-05,Mayo
RF-05,Barrio del Pilar,2009,5,,,,61.6,68.6,64.7,59.6,49.7,40.5,2009-05-01,Mayo,2009-05,Mayo
RF-10,Cuatro Caminos,2009,5,,,,64.6,72.5,67.9,60.7,51.9,43.4,2009-05-01,Mayo,2009-05,Mayo
RF-25,Santa Eugenia,2009,5,,,,66.8,72.1,69.5,66.3,59.0,50.5,2009-05-01,Mayo,2009-05,Mayo
RF-07,Plaza Marqués de Salamanca,2009,6,,,,64.4,71.2,67.4,62.2,50.0,42.6,2009-06-01,Junio,2009-06,Junio
RF-03,Plaza del Carmen,2009,6,,,,62.5,71.9,64.8,58.9,53.4,48.7,2009-06-01,Junio,2009-06,Junio
RF-28,Cuatro Vientos,2009,6,,,,65.1,73.5,69.1,60.9,44.2,38.0,2009-06-01,Junio,2009-06,Junio
RF-30,Campo de las Naciones,2009,6,,,,63.7,74.0,63.8,58.0,44.3,39.3,2009-06-01,Junio,2009-06,Junio
RF-29,El Pardo,2009,6,,,,58.7,67.6,62.1,53.5,38.7,30.3,2009-06-01,Junio,2009-06,Junio
RF-22,Paseo de Pontones,2009,6,,,,64.4,73.1,66.5,58.1,50.4,44.7,2009-06-01,Junio,2009-06,Junio
RF-26,Embajada,2009,6,,,,62.7,70.5,66.8,59.3,52.1,45.5,2009-06-01,Junio,2009-06,Junio
RF-16,Arturo Soria,2009,6,,,,60.3,66.9,63.6,58.7,46.2,40.1,2009-06-01,Junio,2009-06,Junio
RF-05,Barrio del Pilar,2009,6,,,,61.8,68.8,64.7,59.8,50.9,41.2,2009-06-01,Junio,2009-06,Junio
RF-19,Alto de Extremadura,2009,6,,,,61.4,70.6,64.2,58.1,49.0,41.0,2009-06-01,Junio,2009-06,Junio
RF-20,Avenida de Moratalaz,2009,6,,,,62.2,71.2,65.3,58.7,48.0,40.3,2009-06-01,Junio,2009-06,Junio
RF-12,Manuel Becerra,2009,6,,,,64.5,70.7,65.3,61.4,54.4,48.9,2009-06-01,Junio,2009-06,Junio
RF-06,Gregorio Marañón,2009,6,,,,69.8,77.3,72.9,66.9,60.6,53.6,2009-06-01,Junio,2009-06,Junio
RF-13,Vallecas,2009,6,,,,58.6,66.4,60.7,55.2,43.5,37.9,2009-06-01,Junio,2009-06,Junio
RF-10,Cuatro Caminos,2009,6,,,,64.7,72.6,68.0,61.0,52.8,45.2,2009-06-01,Junio,2009-06,Junio
RF-21,Isaac Peral,2009,6,,,,65.6,73.7,67.9,62.6,54.7,50.3,2009-06-01,Junio,2009-06,Junio
RF-09,Plaza Luca de Tena,2009,6,,,,65.8,73.7,69.2,62.8,53.2,42.9,2009-06-01,Junio,2009-06,Junio
RF-01,Paseo de Recoletos,2009,6,,,,69.0,78.2,71.5,66.8,58.3,51.0,2009-06-01,Junio,2009-06,Junio
RF-25,Santa Eugenia,2009,6,,,,66.7,71.9,69.3,66.3,59.2,51.2,2009-06-01,Junio,2009-06,Junio
RF-04,Plaza de España,2009,6,,,,65.7,73.6,67.8,64.0,58.8,52.7,2009-06-01,Junio,2009-06,Junio
RF-14,Plaza Elíptica,2009,6,,,,67.3,74.7,70.1,65.5,57.7,50.8,2009-06-01,Junio,2009-06,Junio
RF-23,Calle de Alcalá final,2009,6,,,,61.0,66.3,63.4,60.3,54.3,47.5,2009-06-01,Junio,2009-06,Junio
RF-11,Ramón y Cajal,2009,6,,,,68.4,74.6,71.3,67.1,55.2,45.2,2009-06-01,Junio,2009-06,Junio
RF-18,General Ricardos ubicación antigua,2009,6,,,,56.1,64.9,57.8,52.4,43.2,33.9,2009-06-01,Junio,2009-06,Junio
RF-27,Barajas Pueblo,2009,6,,,,61.3,71.3,65.3,54.5,45.8,39.0,2009-06-01,Junio,2009-06,Junio
RF-08,Escuelas Aguirre,2009,6,,,,68.3,75.0,71.4,66.2,60.0,54.7,2009-06-01,Junio,2009-06,Junio
RF-24,Casa de Campo,2009,6,,,,50.1,58.4,52.9,47.4,41.9,40.7,2009-06-01,Junio,2009-06,Junio
RF-30,Campo de las Naciones,2009,7,,,,59.8,67.7,62.9,57.4,45.2,39.8,2009-07-01,Julio,2009-07,Julio
RF-07,Plaza Marqués de Salamanca,2009,7,,,,63.9,70.8,67.0,61.7,49.8,42.7,2009-07-01,Julio,2009-07,Julio
RF-04,Plaza de España,2009,7,,,,67.9,77.7,68.1,64.1,59.1,53.0,2009-07-01,Julio,2009-07,Julio
RF-09,Plaza Luca de Tena,2009,7,,,,65.1,72.4,68.7,62.4,53.6,44.2,2009-07-01,Julio,2009-07,Julio
RF-14,Plaza Elíptica,2009,7,,,,66.8,74.0,69.8,64.6,57.7,50.7,2009-07-01,Julio,2009-07,Julio
RF-03,Plaza del Carmen,2009,7,,,,62.6,71.4,64.7,58.7,53.4,48.7,2009-07-01,Julio,2009-07,Julio
RF-25,Santa Eugenia,2009,7,,,,65.5,71.1,68.4,64.9,57.5,49.8,2009-07-01,Julio,2009-07,Julio
RF-18,General Ricardos ubicación antigua,2009,7,,,,55.7,64.8,57.4,52.0,43.3,34.8,2009-07-01,Julio,2009-07,Julio
RF-24,Casa de Campo,2009,7,,,,50.7,59.9,52.7,47.9,42.7,41.1,2009-07-01,Julio,2009-07,Julio
RF-28,Cuatro Vientos,2009,7,,,,64.6,73.2,68.7,60.2,44.8,38.6,2009-07-01,Julio,2009-07,Julio
RF-29,El Pardo,2009,7,,,,58.3,67.1,61.8,53.1,40.6,31.5,2009-07-01,Julio,2009-07,Julio
RF-27,Barajas Pueblo,2009,7,,,,60.1,70.4,64.2,53.1,45.3,38.8,2009-07-01,Julio,2009-07,Julio
RF-22,Paseo de Pontones,2009,7,,,,62.5,71.7,65.6,57.3,50.5,44.9,2009-07-01,Julio,2009-07,Julio
RF-08,Escuelas Aguirre,2009,7,,,,67.9,74.8,71.1,65.7,59.3,52.6,2009-07-01,Julio,2009-07,Julio
RF-26,Embajada,2009,7,,,,62.3,70.2,66.4,58.8,52.7,46.8,2009-07-01,Julio,2009-07,Julio
RF-12,Manuel Becerra,2009,7,,,,63.5,69.9,64.9,61.0,54.3,49.2,2009-07-01,Julio,2009-07,Julio
RF-23,Calle de Alcalá final,2009,7,,,,60.8,66.0,63.2,60.1,54.7,48.4,2009-07-01,Julio,2009-07,Julio
RF-20,Avenida de Moratalaz,2009,7,,,,62.6,72.2,65.4,58.4,48.0,40.1,2009-07-01,Julio,2009-07,Julio
RF-05,Barrio del Pilar,2009,7,,,,61.5,68.2,64.3,59.5,51.4,43.2,2009-07-01,Julio,2009-07,Julio
RF-19,Alto de Extremadura,2009,7,,,,62.0,71.3,65.0,58.0,49.8,43.1,2009-07-01,Julio,2009-07,Julio
RF-16,Arturo Soria,2009,7,,,,59.8,66.4,63.2,58.0,46.0,40.2,2009-07-01,Julio,2009-07,Julio
RF-21,Isaac Peral,2009,7,,,,65.0,73.0,67.4,62.0,53.5,49.1,2009-07-01,Julio,2009-07,Julio
RF-06,Gregorio Marañón,2009,7,,,,69.4,76.8,72.6,66.7,60.4,53.9,2009-07-01,Julio,2009-07,Julio
RF-13,Vallecas,2009,7,,,,59.1,69.8,60.9,55.3,44.3,37.3,2009-07-01,Julio,2009-07,Julio
RF-10,Cuatro Caminos,2009,7,,,,64.1,72.0,67.4,60.5,52.8,46.3,2009-07-01,Julio,2009-07,Julio
RF-11,Ramón y Cajal,2009,7,,,,68.0,74.2,71.0,66.5,55.8,46.6,2009-07-01,Julio,2009-07,Julio
RF-18,General Ricardos ubicación antigua,2009,8,,,,54.6,64.2,56.3,51.1,42.2,35.1,2009-08-01,Agosto,2009-08,Agosto
RF-03,Plaza del Carmen,2009,8,,,,62.3,71.6,63.6,57.4,52.6,48.7,2009-08-01,Agosto,2009-08,Agosto
RF-29,El Pardo,2009,8,,,,57.2,66.6,60.8,51.3,38.8,30.6,2009-08-01,Agosto,2009-08,Agosto
RF-19,Alto de Extremadura,2009,8,,,,60.2,70.1,62.9,56.0,47.8,42.1,2009-08-01,Agosto,2009-08,Agosto
RF-26,Embajada,2009,8,,,,61.6,70.0,65.7,57.7,52.8,47.1,2009-08-01,Agosto,2009-08,Agosto
RF-25,Santa Eugenia,2009,8,,,,64.2,69.5,66.8,63.3,56.2,49.1,2009-08-01,Agosto,2009-08,Agosto
RF-23,Calle de Alcalá final,2009,8,,,,60.6,66.2,62.9,59.4,53.5,48.2,2009-08-01,Agosto,2009-08,Agosto
RF-06,Gregorio Marañón,2009,8,,,,68.1,75.5,71.5,65.4,58.9,52.8,2009-08-01,Agosto,2009-08,Agosto
RF-04,Plaza de España,2009,8,,,,64.5,71.9,66.5,63.1,58.0,52.2,2009-08-01,Agosto,2009-08,Agosto
RF-31,Sanchinarro,2009,8,,,,59.9,70.5,64.5,51.4,42.1,36.8,2009-08-01,Agosto,2009-08,Agosto
RF-14,Plaza Elíptica,2009,8,,,,65.7,72.7,68.9,63.1,57.0,50.0,2009-08-01,Agosto,2009-08,Agosto
RF-17,Villaverde,2009,8,,,,59.4,68.8,62.9,55.1,41.3,36.0,2009-08-01,Agosto,2009-08,Agosto
RF-12,Manuel Becerra,2009,8,,,,62.4,68.5,64.0,59.9,53.5,48.7,2009-08-01,Agosto,2009-08,Agosto
RF-28,Cuatro Vientos,2009,8,,,,63.3,72.4,67.4,58.5,42.8,35.4,2009-08-01,Agosto,2009-08,Agosto
RF-11,Ramón y Cajal,2009,8,,,,66.5,73.3,69.9,64.1,53.7,45.4,2009-08-01,Agosto,2009-08,Agosto
RF-30,Campo de las Naciones,2009,8,,,,60.2,68.6,61.8,56.2,43.7,39.8,2009-08-01,Agosto,2009-08,Agosto
RF-13,Vallecas,2009,8,,,,56.7,65.2,59.5,54.3,42.9,37.6,2009-08-01,Agosto,2009-08,Agosto
RF-08,Escuelas Aguirre,2009,8,,,,66.5,73.7,69.9,64.3,57.6,51.0,2009-08-01,Agosto,2009-08,Agosto
RF-22,Paseo de Pontones,2009,8,,,,61.6,71.2,64.6,56.2,50.0,44.5,2009-08-01,Agosto,2009-08,Agosto
RF-20,Avenida de Moratalaz,2009,8,,,,60.6,69.9,63.4,56.7,46.9,39.5,2009-08-01,Agosto,2009-08,Agosto
RF-27,Barajas Pueblo,2009,8,,,,59.9,70.1,63.0,52.6,45.5,39.0,2009-08-01,Agosto,2009-08,Agosto
RF-10,Cuatro Caminos,2009,8,,,,62.4,70.7,65.7,58.3,50.1,43.0,2009-08-01,Agosto,2009-08,Agosto
RF-21,Isaac Peral,2009,8,,,,63.8,72.2,66.7,60.6,52.6,49.1,2009-08-01,Agosto,2009-08,Agosto
RF-07,Plaza Marqués de Salamanca,2009,8,,,,62.3,69.9,66.0,59.3,47.9,42.1,2009-08-01,Agosto,2009-08,Agosto
RF-09,Plaza Luca de Tena,2009,8,,,,65.0,73.1,68.3,61.0,52.3,42.7,2009-08-01,Agosto,2009-08,Agosto
RF-24,Casa de Campo,2009,8,,,,49.3,71.0,52.4,47.6,42.2,35.8,2009-08-01,Agosto,2009-08,Agosto
RF-05,Barrio del Pilar,2009,8,,,,60.9,67.8,63.9,58.4,50.8,42.3,2009-08-01,Agosto,2009-08,Agosto
RF-16,Arturo Soria,2009,8,,,,59.2,66.1,62.7,56.8,44.3,39.6,2009-08-01,Agosto,2009-08,Agosto
RF-19,Alto de Extremadura,2009,9,,,,61.1,70.1,63.9,57.6,48.3,41.8,2009-09-01,Septiembre,2009-09,Septiembre
RF-16,Arturo Soria,2009,9,,,,60.4,67.2,63.9,58.8,45.2,40.0,2009-09-01,Septiembre,2009-09,Septiembre
RF-27,Barajas Pueblo,2009,9,,,,61.4,71.5,65.4,54.5,45.9,38.3,2009-09-01,Septiembre,2009-09,Septiembre
RF-17,Villaverde,2009,9,,,,59.2,68.1,62.6,56.0,40.8,35.4,2009-09-01,Septiembre,2009-09,Septiembre
RF-04,Plaza de España,2009,9,,,,68.9,77.5,68.2,64.3,58.6,52.6,2009-09-01,Septiembre,2009-09,Septiembre
RF-26,Embajada,2009,9,,,,62.8,70.7,67.0,59.3,52.4,46.0,2009-09-01,Septiembre,2009-09,Septiembre
RF-07,Plaza Marqués de Salamanca,2009,9,,,,64.7,71.4,68.0,62.6,50.2,42.8,2009-09-01,Septiembre,2009-09,Septiembre
RF-12,Manuel Becerra,2009,9,,,,64.1,70.4,65.5,61.6,54.8,49.9,2009-09-01,Septiembre,2009-09,Septiembre
RF-05,Barrio del Pilar,2009,9,,,,61.9,68.8,64.9,59.7,50.5,41.9,2009-09-01,Septiembre,2009-09,Septiembre
RF-08,Escuelas Aguirre,2009,9,,,,68.1,74.9,71.4,65.9,59.0,52.0,2009-09-01,Septiembre,2009-09,Septiembre
RF-10,Cuatro Caminos,2009,9,,,,64.6,72.7,68.1,61.1,52.5,44.5,2009-09-01,Septiembre,2009-09,Septiembre
RF-23,Calle de Alcalá final,2009,9,,,,63.0,70.4,65.3,61.1,53.0,46.4,2009-09-01,Septiembre,2009-09,Septiembre
RF-21,Isaac Peral,2009,9,,,,65.6,73.9,68.0,62.5,54.6,49.1,2009-09-01,Septiembre,2009-09,Septiembre
RF-09,Plaza Luca de Tena,2009,9,,,,65.4,72.8,69.0,62.5,52.7,42.8,2009-09-01,Septiembre,2009-09,Septiembre
RF-31,Sanchinarro,2009,9,,,,61.4,71.5,66.3,53.2,42.5,36.8,2009-09-01,Septiembre,2009-09,Septiembre
RF-24,Casa de Campo,2009,9,,,,49.4,57.1,51.6,46.5,42.2,41.1,2009-09-01,Septiembre,2009-09,Septiembre
RF-14,Plaza Elíptica,2009,9,,,,66.8,73.7,69.9,64.8,58.2,50.8,2009-09-01,Septiembre,2009-09,Septiembre
RF-06,Gregorio Marañón,2009,9,,,,69.9,77.0,73.1,67.1,60.8,54.0,2009-09-01,Septiembre,2009-09,Septiembre
RF-29,El Pardo,2009,9,,,,59.8,67.6,62.1,52.8,39.1,30.4,2009-09-01,Septiembre,2009-09,Septiembre
RF-22,Paseo de Pontones,2009,9,,,,63.1,72.1,66.5,58.1,51.1,44.9,2009-09-01,Septiembre,2009-09,Septiembre
RF-11,Ramón y Cajal,2009,9,,,,68.4,74.6,71.5,67.3,55.5,46.1,2009-09-01,Septiembre,2009-09,Septiembre
RF-20,Avenida de Moratalaz,2009,9,,,,62.2,71.1,65.3,58.7,47.4,39.3,2009-09-01,Septiembre,2009-09,Septiembre
RF-18,General Ricardos ubicación antigua,2009,9,,,,56.0,65.3,57.3,51.2,42.1,34.8,2009-09-01,Septiembre,2009-09,Septiembre
RF-30,Campo de las Naciones,2009,9,,,,60.8,68.9,63.3,58.3,43.9,38.4,2009-09-01,Septiembre,2009-09,Septiembre
RF-03,Plaza del Carmen,2009,9,,,,61.8,70.1,64.5,58.6,53.0,47.9,2009-09-01,Septiembre,2009-09,Septiembre
RF-13,Vallecas,2009,9,,,,57.4,65.6,60.4,54.8,42.6,37.6,2009-09-01,Septiembre,2009-09,Septiembre
RF-28,Cuatro Vientos,2009,9,,,,65.0,73.6,69.1,60.4,44.2,36.0,2009-09-01,Septiembre,2009-09,Septiembre
RF-25,Santa Eugenia,2009,9,,,,65.3,70.8,68.3,64.8,56.4,48.7,2009-09-01,Septiembre,2009-09,Septiembre
RF-29,El Pardo,2009,10,,,,58.9,68.0,62.4,52.1,36.9,30.4,2009-10-01,Octubre,2009-10,Octubre
RF-12,Manuel Becerra,2009,10,,,,64.7,70.9,65.8,62.0,55.1,50.0,2009-10-01,Octubre,2009-10,Octubre
RF-08,Escuelas Aguirre,2009,10,,,,68.4,74.9,71.7,66.5,59.6,52.4,2009-10-01,Octubre,2009-10,Octubre
RF-10,Cuatro Caminos,2009,10,,,,64.9,72.9,68.4,61.4,52.2,44.4,2009-10-01,Octubre,2009-10,Octubre
RF-28,Cuatro Vientos,2009,10,,,,65.7,74.1,69.7,61.2,45.6,41.4,2009-10-01,Octubre,2009-10,Octubre
RF-23,Calle de Alcalá final,2009,10,,,,63.6,70.0,66.2,62.3,54.6,47.1,2009-10-01,Octubre,2009-10,Octubre
RF-25,Santa Eugenia,2009,10,,,,65.6,70.9,68.6,65.3,56.8,48.4,2009-10-01,Octubre,2009-10,Octubre
RF-09,Plaza Luca de Tena,2009,10,,,,65.6,72.5,69.1,62.5,52.8,43.0,2009-10-01,Octubre,2009-10,Octubre
RF-30,Campo de las Naciones,2009,10,,,,60.5,67.9,63.5,58.7,45.1,39.0,2009-10-01,Octubre,2009-10,Octubre
RF-13,Vallecas,2009,10,,,,58.3,67.2,60.9,54.7,42.7,38.1,2009-10-01,Octubre,2009-10,Octubre
RF-31,Sanchinarro,2009,10,,,,62.0,71.9,66.8,53.9,43.5,38.1,2009-10-01,Octubre,2009-10,Octubre
RF-14,Plaza Elíptica,2009,10,,,,67.4,75.0,70.2,65.1,58.3,50.9,2009-10-01,Octubre,2009-10,Octubre
RF-11,Ramón y Cajal,2009,10,,,,69.0,75.9,71.9,67.6,56.3,46.8,2009-10-01,Octubre,2009-10,Octubre
RF-24,Casa de Campo,2009,10,,,,50.0,59.4,51.9,46.5,42.6,41.2,2009-10-01,Octubre,2009-10,Octubre
RF-21,Isaac Peral,2009,10,,,,66.2,74.5,68.4,62.8,54.9,48.3,2009-10-01,Octubre,2009-10,Octubre
RF-20,Avenida de Moratalaz,2009,10,,,,62.5,71.3,65.7,59.2,47.1,39.3,2009-10-01,Octubre,2009-10,Octubre
RF-17,Villaverde,2009,10,,,,59.1,67.3,62.0,55.9,42.0,36.5,2009-10-01,Octubre,2009-10,Octubre
RF-22,Paseo de Pontones,2009,10,,,,63.8,72.4,66.8,58.5,51.4,44.6,2009-10-01,Octubre,2009-10,Octubre
RF-16,Arturo Soria,2009,10,,,,61.3,67.7,64.5,59.3,45.5,40.4,2009-10-01,Octubre,2009-10,Octubre
RF-03,Plaza del Carmen,2009,10,,,,62.3,70.4,64.7,58.8,52.8,47.2,2009-10-01,Octubre,2009-10,Octubre
RF-07,Plaza Marqués de Salamanca,2009,10,,,,64.9,71.5,68.0,62.8,50.5,42.3,2009-10-01,Octubre,2009-10,Octubre
RF-06,Gregorio Marañón,2009,10,,,,70.5,77.7,73.6,67.6,61.6,54.9,2009-10-01,Octubre,2009-10,Octubre
RF-27,Barajas Pueblo,2009,10,,,,61.5,71.4,65.5,53.8,44.0,38.0,2009-10-01,Octubre,2009-10,Octubre
RF-04,Plaza de España,2009,10,,,,66.4,74.2,68.7,64.9,59.6,53.2,2009-10-01,Octubre,2009-10,Octubre
RF-05,Barrio del Pilar,2009,10,,,,63.5,73.1,65.9,60.4,50.4,41.7,2009-10-01,Octubre,2009-10,Octubre
RF-26,Embajada,2009,10,,,,63.3,70.9,67.3,59.8,52.5,46.2,2009-10-01,Octubre,2009-10,Octubre
RF-18,General Ricardos ubicación antigua,2009,10,,,,56.0,65.3,58.0,52.6,41.7,34.7,2009-10-01,Octubre,2009-10,Octubre
RF-19,Alto de Extremadura,2009,10,,,,61.1,69.6,64.0,58.0,48.8,41.6,2009-10-01,Octubre,2009-10,Octubre
RF-28,Cuatro Vientos,2009,11,,,,65.7,74.0,70.0,61.2,45.7,40.1,2009-11-01,Noviembre,2009-11,Noviembre
RF-11,Ramón y Cajal,2009,11,,,,69.4,75.7,72.4,68.0,55.7,45.0,2009-11-01,Noviembre,2009-11,Noviembre
RF-04,Plaza de España,2009,11,,,,66.4,74.0,68.8,64.9,59.6,53.1,2009-11-01,Noviembre,2009-11,Noviembre
RF-27,Barajas Pueblo,2009,11,,,,61.7,72.0,66.0,53.8,43.9,38.2,2009-11-01,Noviembre,2009-11,Noviembre
RF-08,Escuelas Aguirre,2009,11,,,,68.8,75.3,72.1,66.7,59.9,51.2,2009-11-01,Noviembre,2009-11,Noviembre
RF-31,Sanchinarro,2009,11,,,,62.6,72.5,67.5,55.1,44.6,39.1,2009-11-01,Noviembre,2009-11,Noviembre
RF-16,Arturo Soria,2009,11,,,,61.9,68.1,64.9,59.8,46.5,41.0,2009-11-01,Noviembre,2009-11,Noviembre
RF-18,General Ricardos ubicación antigua,2009,11,,,,56.9,64.6,57.7,52.6,40.9,34.6,2009-11-01,Noviembre,2009-11,Noviembre
RF-17,Villaverde,2009,11,,,,59.8,67.3,61.5,55.1,42.3,37.9,2009-11-01,Noviembre,2009-11,Noviembre
RF-20,Avenida de Moratalaz,2009,11,,,,63.0,71.8,66.2,59.7,47.6,39.9,2009-11-01,Noviembre,2009-11,Noviembre
RF-10,Cuatro Caminos,2009,11,,,,65.3,73.1,68.8,61.7,52.0,45.1,2009-11-01,Noviembre,2009-11,Noviembre
RF-09,Plaza Luca de Tena,2009,11,,,,65.3,72.3,69.3,62.2,52.6,43.3,2009-11-01,Noviembre,2009-11,Noviembre
RF-26,Embajada,2009,11,,,,63.5,71.5,67.8,59.7,51.8,45.7,2009-11-01,Noviembre,2009-11,Noviembre
RF-13,Vallecas,2009,11,,,,58.0,66.3,61.0,54.7,42.7,37.8,2009-11-01,Noviembre,2009-11,Noviembre
RF-12,Manuel Becerra,2009,11,,,,64.6,71.1,65.8,62.1,55.3,49.4,2009-11-01,Noviembre,2009-11,Noviembre
RF-29,El Pardo,2009,11,,,,58.8,68.5,62.7,52.0,36.6,30.2,2009-11-01,Noviembre,2009-11,Noviembre
RF-24,Casa de Campo,2009,11,,,,49.4,63.4,51.8,46.7,42.9,41.5,2009-11-01,Noviembre,2009-11,Noviembre
RF-07,Plaza Marqués de Salamanca,2009,11,,,,65.0,71.7,68.4,63.0,50.4,42.4,2009-11-01,Noviembre,2009-11,Noviembre
RF-05,Barrio del Pilar,2009,11,,,,61.7,68.4,64.8,59.4,49.1,41.7,2009-11-01,Noviembre,2009-11,Noviembre
RF-03,Plaza del Carmen,2009,11,,,,61.8,69.9,64.5,58.4,52.2,46.0,2009-11-01,Noviembre,2009-11,Noviembre
RF-21,Isaac Peral,2009,11,,,,66.2,74.0,68.6,62.8,54.2,47.8,2009-11-01,Noviembre,2009-11,Noviembre
RF-30,Campo de las Naciones,2009,11,,,,60.4,67.5,63.6,58.6,45.4,39.5,2009-11-01,Noviembre,2009-11,Noviembre
RF-19,Alto de Extremadura,2009,11,,,,61.5,69.6,64.3,58.4,49.4,41.3,2009-11-01,Noviembre,2009-11,Noviembre
RF-23,Calle de Alcalá final,2009,11,,,,66.4,76.6,66.2,61.3,52.6,45.3,2009-11-01,Noviembre,2009-11,Noviembre
RF-12,Manuel Becerra,2009,12,,,,64.8,70.9,66.0,62.3,55.9,50.3,2009-12-01,Diciembre,2009-12,Diciembre
RF-27,Barajas Pueblo,2009,12,,,,64.7,72.6,66.3,53.7,43.4,38.5,2009-12-01,Diciembre,2009-12,Diciembre
RF-24,Casa de Campo,2009,12,,,,49.8,58.1,52.1,47.2,43.7,42.2,2009-12-01,Diciembre,2009-12,Diciembre
RF-28,Cuatro Vientos,2009,12,,,,67.0,75.1,71.0,62.0,46.4,39.6,2009-12-01,Diciembre,2009-12,Diciembre
RF-13,Vallecas,2009,12,,,,59.8,66.9,61.6,55.0,43.5,37.2,2009-12-01,Diciembre,2009-12,Diciembre
RF-08,Escuelas Aguirre,2009,12,,,,69.3,75.9,72.7,67.3,60.6,52.4,2009-12-01,Diciembre,2009-12,Diciembre
RF-11,Ramón y Cajal,2009,12,,,,69.6,75.5,72.7,68.3,57.0,48.1,2009-12-01,Diciembre,2009-12,Diciembre
RF-20,Avenida de Moratalaz,2009,12,,,,63.7,72.6,67.1,60.6,49.2,40.3,2009-12-01,Diciembre,2009-12,Diciembre
RF-05,Barrio del Pilar,2009,12,,,,61.3,66.9,63.6,58.6,48.5,41.0,2009-12-01,Diciembre,2009-12,Diciembre
RF-03,Plaza del Carmen,2009,12,,,,63.0,70.8,64.9,58.8,52.6,47.3,2009-12-01,Diciembre,2009-12,Diciembre
RF-04,Plaza de España,2009,12,,,,67.8,77.1,69.8,65.4,60.5,54.2,2009-12-01,Diciembre,2009-12,Diciembre
RF-29,El Pardo,2009,12,,,,58.9,68.7,63.4,51.6,37.2,30.6,2009-12-01,Diciembre,2009-12,Diciembre
RF-30,Campo de las Naciones,2009,12,,,,60.4,68.2,64.0,57.7,45.8,39.4,2009-12-01,Diciembre,2009-12,Diciembre
RF-07,Plaza Marqués de Salamanca,2009,12,,,,65.9,72.5,69.2,63.7,51.3,42.6,2009-12-01,Diciembre,2009-12,Diciembre
RF-16,Arturo Soria,2009,12,,,,65.1,68.8,65.9,60.7,47.1,40.6,2009-12-01,Diciembre,2009-12,Diciembre
RF-19,Alto de Extremadura,2009,12,,,,62.2,69.9,64.8,58.8,50.0,42.1,2009-12-01,Diciembre,2009-12,Diciembre
RF-10,Cuatro Caminos,2009,12,,,,66.0,74.2,69.7,62.1,52.4,45.8,2009-12-01,Diciembre,2009-12,Diciembre
RF-23,Calle de Alcalá final,2009,12,,,,65.7,75.6,64.0,59.6,52.1,45.7,2009-12-01,Diciembre,2009-12,Diciembre
RF-18,General Ricardos ubicación antigua,2009,12,,,,62.6,65.0,58.0,52.6,40.9,34.4,2009-12-01,Diciembre,2009-12,Diciembre
RF-31,Sanchinarro,2009,12,,,,64.8,74.3,69.6,56.4,44.6,38.3,2009-12-01,Diciembre,2009-12,Diciembre
RF-26,Embajada,2009,12,,,,65.6,72.3,68.6,60.9,53.4,46.6,2009-12-01,Diciembre,2009-12,Diciembre
RF-17,Villaverde,2009,12,,,,60.9,66.7,61.8,55.2,42.0,34.5,2009-12-01,Diciembre,2009-12,Diciembre
RF-19,Alto de Extremadura,2010,1,,,,61.9,69.8,64.6,58.6,49.1,37.6,2010-01-01,Enero,2010-01,Enero
RF-18,General Ricardos ubicación antigua,2010,1,,,,65.5,64.4,57.7,52.3,38.9,33.8,2010-01-01,Enero,2010-01,Enero
RF-04,Plaza de España,2010,1,,,,67.6,74.8,69.2,65.3,60.2,53.5,2010-01-01,Enero,2010-01,Enero
RF-14,Plaza Elíptica,2010,1,,,,65.3,71.5,68.0,63.6,57.1,50.4,2010-01-01,Enero,2010-01,Enero
RF-05,Barrio del Pilar,2010,1,,,,63.1,68.9,65.5,60.1,51.1,41.9,2010-01-01,Enero,2010-01,Enero
RF-24,Casa de Campo,2010,1,,,,49.4,57.7,51.5,46.9,43.3,41.6,2010-01-01,Enero,2010-01,Enero
RF-17,Villaverde,2010,1,,,,66.3,66.3,61.5,54.8,41.4,33.7,2010-01-01,Enero,2010-01,Enero
RF-11,Ramón y Cajal,2010,1,,,,69.4,75.3,72.6,68.0,56.3,46.2,2010-01-01,Enero,2010-01,Enero
RF-27,Barajas Pueblo,2010,1,,,,62.2,72.7,66.4,53.4,42.4,37.3,2010-01-01,Enero,2010-01,Enero
RF-12,Manuel Becerra,2010,1,,,,67.0,72.3,65.8,62.0,55.4,49.0,2010-01-01,Enero,2010-01,Enero
RF-30,Campo de las Naciones,2010,1,,,,60.5,68.5,64.1,57.4,45.9,39.3,2010-01-01,Enero,2010-01,Enero
RF-03,Plaza del Carmen,2010,1,,,,63.3,70.5,64.8,58.3,52.1,46.2,2010-01-01,Enero,2010-01,Enero
RF-08,Escuelas Aguirre,2010,1,,,,69.0,75.7,72.5,67.0,60.2,51.5,2010-01-01,Enero,2010-01,Enero
RF-10,Cuatro Caminos,2010,1,,,,65.9,74.1,69.5,61.8,51.5,44.0,2010-01-01,Enero,2010-01,Enero
RF-13,Vallecas,2010,1,,,,63.3,66.8,61.3,54.3,41.9,36.6,2010-01-01,Enero,2010-01,Enero
RF-54,Ensanche de Vallecas,2010,1,,,,62.0,70.0,65.4,59.6,52.2,45.3,2010-01-01,Enero,2010-01,Enero
RF-20,Avenida de Moratalaz,2010,1,,,,63.5,72.2,66.6,59.9,48.1,39.1,2010-01-01,Enero,2010-01,Enero
RF-28,Cuatro Vientos,2010,1,,,,67.0,74.9,70.8,61.7,45.2,38.8,2010-01-01,Enero,2010-01,Enero
RF-16,Arturo Soria,2010,1,,,,63.5,69.0,66.2,60.7,46.0,38.3,2010-01-01,Enero,2010-01,Enero
RF-31,Sanchinarro,2010,1,,,,66.3,74.6,69.4,55.8,43.9,36.7,2010-01-01,Enero,2010-01,Enero
RF-29,El Pardo,2010,1,,,,59.1,68.7,63.1,50.9,35.6,29.9,2010-01-01,Enero,2010-01,Enero
RF-27,Barajas Pueblo,2010,2,,,,62.3,72.8,66.7,54.0,43.0,38.4,2010-02-01,Febrero,2010-02,Febrero
RF-30,Campo de las Naciones,2010,2,,,,61.6,69.5,65.0,59.3,46.5,39.7,2010-02-01,Febrero,2010-02,Febrero
RF-04,Plaza de España,2010,2,,,,67.3,75.6,69.6,65.6,60.3,53.8,2010-02-01,Febrero,2010-02,Febrero
RF-03,Plaza del Carmen,2010,2,,,,62.4,70.2,64.9,58.5,52.4,46.4,2010-02-01,Febrero,2010-02,Febrero
RF-24,Casa de Campo,2010,2,,,,50.5,58.9,51.9,47.0,43.3,42.1,2010-02-01,Febrero,2010-02,Febrero
RF-29,El Pardo,2010,2,,,,58.8,68.5,63.2,51.6,35.1,30.2,2010-02-01,Febrero,2010-02,Febrero
RF-13,Vallecas,2010,2,,,,58.1,66.5,61.5,54.8,42.6,37.3,2010-02-01,Febrero,2010-02,Febrero
RF-11,Ramón y Cajal,2010,2,,,,69.8,75.8,72.9,68.6,56.1,44.6,2010-02-01,Febrero,2010-02,Febrero
RF-10,Cuatro Caminos,2010,2,,,,66.3,74.7,70.0,62.6,52.1,44.8,2010-02-01,Febrero,2010-02,Febrero
RF-05,Barrio del Pilar,2010,2,,,,62.5,69.3,65.9,60.4,48.4,39.9,2010-02-01,Febrero,2010-02,Febrero
RF-20,Avenida de Moratalaz,2010,2,,,,63.7,72.4,66.9,60.3,47.9,40.2,2010-02-01,Febrero,2010-02,Febrero
RF-19,Alto de Extremadura,2010,2,,,,62.3,70.3,65.1,59.1,49.3,38.8,2010-02-01,Febrero,2010-02,Febrero
RF-16,Arturo Soria,2010,2,,,,62.7,69.3,66.3,61.0,46.1,38.8,2010-02-01,Febrero,2010-02,Febrero
RF-28,Cuatro Vientos,2010,2,,,,66.8,75.2,71.1,62.4,45.4,39.6,2010-02-01,Febrero,2010-02,Febrero
RF-18,General Ricardos ubicación antigua,2010,2,,,,56.2,64.9,58.1,52.4,40.4,33.9,2010-02-01,Febrero,2010-02,Febrero
RF-54,Ensanche de Vallecas,2010,2,,,,61.6,70.0,65.2,59.1,44.7,38.9,2010-02-01,Febrero,2010-02,Febrero
RF-31,Sanchinarro,2010,2,,,,63.9,74.2,68.9,56.1,44.6,39.5,2010-02-01,Febrero,2010-02,Febrero
RF-17,Villaverde,2010,2,,,,58.2,66.2,61.6,55.1,42.3,35.6,2010-02-01,Febrero,2010-02,Febrero
RF-14,Plaza Elíptica,2010,2,,,,65.9,72.0,68.7,64.1,57.1,50.3,2010-02-01,Febrero,2010-02,Febrero
RF-12,Manuel Becerra,2010,2,,,,64.7,71.1,66.0,62.4,55.5,49.4,2010-02-01,Febrero,2010-02,Febrero
RF-47,Mendez Álvaro,2010,2,,,,56.5,68.4,57.1,50.5,42.8,39.4,2010-02-01,Febrero,2010-02,Febrero
RF-08,Escuelas Aguirre,2010,2,,,,69.6,76.2,72.9,67.6,60.9,52.4,2010-02-01,Febrero,2010-02,Febrero
RF-13,Vallecas,2010,3,,,,58.1,66.5,61.0,54.4,42.3,38.0,2010-03-01,Marzo,2010-03,Marzo
RF-47,Mendez Álvaro,2010,3,,,,56.2,68.0,56.7,50.1,42.1,39.3,2010-03-01,Marzo,2010-03,Marzo
RF-18,General Ricardos ubicación antigua,2010,3,,,,55.4,64.7,57.7,51.2,40.8,34.0,2010-03-01,Marzo,2010-03,Marzo
RF-10,Cuatro Caminos,2010,3,,,,65.6,73.8,69.2,61.8,51.6,45.6,2010-03-01,Marzo,2010-03,Marzo
RF-05,Barrio del Pilar,2010,3,,,,62.2,68.9,65.5,60.1,48.3,40.1,2010-03-01,Marzo,2010-03,Marzo
RF-17,Villaverde,2010,3,,,,58.1,66.3,61.5,55.2,41.0,35.2,2010-03-01,Marzo,2010-03,Marzo
RF-20,Avenida de Moratalaz,2010,3,,,,62.9,71.7,66.1,59.4,47.4,39.9,2010-03-01,Marzo,2010-03,Marzo
RF-86,Tres Olivos,2010,3,,,,57.6,66.9,61.3,53.0,40.0,37.2,2010-03-01,Marzo,2010-03,Marzo
RF-11,Ramón y Cajal,2010,3,,,,69.1,75.0,72.2,67.8,55.6,44.4,2010-03-01,Marzo,2010-03,Marzo
RF-19,Alto de Extremadura,2010,3,,,,61.8,70.2,64.4,58.4,49.0,38.2,2010-03-01,Marzo,2010-03,Marzo
RF-24,Casa de Campo,2010,3,,,,50.2,58.8,52.6,47.3,43.2,42.0,2010-03-01,Marzo,2010-03,Marzo
RF-28,Cuatro Vientos,2010,3,,,,66.3,74.8,70.5,61.8,44.8,38.5,2010-03-01,Marzo,2010-03,Marzo
RF-08,Escuelas Aguirre,2010,3,,,,69.0,75.6,72.3,67.0,60.1,51.1,2010-03-01,Marzo,2010-03,Marzo
RF-14,Plaza Elíptica,2010,3,,,,65.3,71.7,68.1,63.6,56.7,49.3,2010-03-01,Marzo,2010-03,Marzo
RF-04,Plaza de España,2010,3,,,,66.9,75.7,68.8,64.8,59.7,53.5,2010-03-01,Marzo,2010-03,Marzo
RF-03,Plaza del Carmen,2010,3,,,,62.1,70.6,64.8,58.6,52.1,45.6,2010-03-01,Marzo,2010-03,Marzo
RF-12,Manuel Becerra,2010,3,,,,64.3,70.5,65.5,61.9,54.9,48.9,2010-03-01,Marzo,2010-03,Marzo
RF-27,Barajas Pueblo,2010,3,,,,61.9,72.3,66.3,53.5,43.2,38.2,2010-03-01,Marzo,2010-03,Marzo
RF-29,El Pardo,2010,3,,,,59.2,68.6,63.0,51.9,35.1,29.6,2010-03-01,Marzo,2010-03,Marzo
RF-31,Sanchinarro,2010,3,,,,63.2,73.6,68.0,55.0,44.0,38.9,2010-03-01,Marzo,2010-03,Marzo
RF-54,Ensanche de Vallecas,2010,3,,,,61.0,69.4,64.6,58.5,44.5,38.4,2010-03-01,Marzo,2010-03,Marzo
RF-30,Campo de las Naciones,2010,3,,,,60.8,68.3,64.1,58.7,45.2,39.3,2010-03-01,Marzo,2010-03,Marzo
RF-16,Arturo Soria,2010,3,,,,62.0,68.5,65.4,60.1,45.4,38.4,2010-03-01,Marzo,2010-03,Marzo
RF-55,Urb Embajada 2,2010,4,,,,54.9,62.8,57.5,51.8,47.0,45.3,2010-04-01,Abril,2010-04,Abril
RF-08,Escuelas Aguirre,2010,4,,,,68.5,75.2,71.8,66.5,59.7,51.2,2010-04-01,Abril,2010-04,Abril
RF-10,Cuatro Caminos,2010,4,,,,64.9,72.9,68.5,61.1,50.8,42.7,2010-04-01,Abril,2010-04,Abril
RF-24,Casa de Campo,2010,4,,,,50.7,60.3,52.7,47.4,43.1,42.1,2010-04-01,Abril,2010-04,Abril
RF-27,Barajas Pueblo,2010,4,,,,61.6,71.7,65.6,53.6,42.4,36.5,2010-04-01,Abril,2010-04,Abril
RF-18,General Ricardos ubicación antigua,2010,4,,,,56.4,66.1,58.7,52.9,42.8,35.4,2010-04-01,Abril,2010-04,Abril
RF-86,Tres Olivos,2010,4,,,,57.3,66.7,61.0,52.6,40.1,38.2,2010-04-01,Abril,2010-04,Abril
RF-28,Cuatro Vientos,2010,4,,,,65.1,73.6,69.0,60.8,44.2,39.2,2010-04-01,Abril,2010-04,Abril
RF-29,El Pardo,2010,4,,,,58.6,68.0,62.6,51.9,34.6,29.5,2010-04-01,Abril,2010-04,Abril
RF-31,Sanchinarro,2010,4,,,,62.0,72.5,66.9,53.3,42.8,38.2,2010-04-01,Abril,2010-04,Abril
RF-19,Alto de Extremadura,2010,4,,,,61.7,69.8,64.3,58.1,48.1,37.6,2010-04-01,Abril,2010-04,Abril
RF-54,Ensanche de Vallecas,2010,4,,,,60.7,69.2,64.4,57.8,43.9,37.7,2010-04-01,Abril,2010-04,Abril
RF-16,Arturo Soria,2010,4,,,,61.0,67.7,64.6,59.2,44.3,37.8,2010-04-01,Abril,2010-04,Abril
RF-30,Campo de las Naciones,2010,4,,,,60.4,67.9,63.4,58.2,43.3,38.2,2010-04-01,Abril,2010-04,Abril
RF-12,Manuel Becerra,2010,4,,,,64.2,70.5,65.5,61.7,54.6,48.4,2010-04-01,Abril,2010-04,Abril
RF-04,Plaza de España,2010,4,,,,66.1,73.9,68.6,64.5,59.7,53.3,2010-04-01,Abril,2010-04,Abril
RF-03,Plaza del Carmen,2010,4,,,,62.0,70.7,64.5,58.6,52.5,45.8,2010-04-01,Abril,2010-04,Abril
RF-13,Vallecas,2010,4,,,,70.6,72.5,60.9,54.3,41.5,37.1,2010-04-01,Abril,2010-04,Abril
RF-11,Ramón y Cajal,2010,4,,,,68.7,74.9,71.7,67.1,54.9,44.0,2010-04-01,Abril,2010-04,Abril
RF-47,Mendez Álvaro,2010,4,,,,56.1,68.0,56.7,50.4,41.3,38.5,2010-04-01,Abril,2010-04,Abril
RF-17,Villaverde,2010,4,,,,59.0,67.4,62.3,56.1,40.9,35.9,2010-04-01,Abril,2010-04,Abril
RF-05,Barrio del Pilar,2010,4,,,,61.9,68.7,65.1,59.7,48.7,40.1,2010-04-01,Abril,2010-04,Abril
RF-20,Avenida de Moratalaz,2010,4,,,,62.5,71.3,65.7,59.1,47.3,39.5,2010-04-01,Abril,2010-04,Abril
RF-14,Plaza Elíptica,2010,4,,,,64.9,71.1,67.6,63.0,56.2,49.2,2010-04-01,Abril,2010-04,Abril
RF-08,Escuelas Aguirre,2010,5,,,,68.5,75.2,71.7,66.3,59.6,51.2,2010-05-01,Mayo,2010-05,Mayo
RF-17,Villaverde,2010,5,,,,58.9,67.2,62.0,56.2,41.6,35.6,2010-05-01,Mayo,2010-05,Mayo
RF-14,Plaza Elíptica,2010,5,,,,64.6,70.9,67.2,62.6,56.1,49.0,2010-05-01,Mayo,2010-05,Mayo
RF-47,Mendez Álvaro,2010,5,,,,56.6,68.7,56.9,51.0,41.6,38.3,2010-05-01,Mayo,2010-05,Mayo
RF-16,Arturo Soria,2010,5,,,,60.5,66.9,63.8,58.7,45.1,38.1,2010-05-01,Mayo,2010-05,Mayo
RF-30,Campo de las Naciones,2010,5,,,,60.6,68.2,63.1,57.7,43.1,37.8,2010-05-01,Mayo,2010-05,Mayo
RF-18,General Ricardos ubicación antigua,2010,5,,,,57.0,66.3,58.6,52.5,41.9,34.6,2010-05-01,Mayo,2010-05,Mayo
RF-29,El Pardo,2010,5,,,,58.7,67.6,62.3,52.4,35.6,29.3,2010-05-01,Mayo,2010-05,Mayo
RF-11,Ramón y Cajal,2010,5,,,,68.7,75.1,71.6,67.3,55.2,43.3,2010-05-01,Mayo,2010-05,Mayo
RF-05,Barrio del Pilar,2010,5,,,,61.6,68.0,64.7,59.5,50.0,41.7,2010-05-01,Mayo,2010-05,Mayo
RF-10,Cuatro Caminos,2010,5,,,,64.9,72.7,68.3,61.1,51.6,44.1,2010-05-01,Mayo,2010-05,Mayo
RF-31,Sanchinarro,2010,5,,,,61.9,72.0,66.7,53.5,43.3,38.2,2010-05-01,Mayo,2010-05,Mayo
RF-28,Cuatro Vientos,2010,5,,,,65.1,73.4,69.2,60.6,44.5,39.2,2010-05-01,Mayo,2010-05,Mayo
RF-03,Plaza del Carmen,2010,5,,,,62.4,70.4,64.4,58.6,53.2,46.6,2010-05-01,Mayo,2010-05,Mayo
RF-86,Tres Olivos,2010,5,,,,59.7,69.5,62.1,53.4,40.5,38.2,2010-05-01,Mayo,2010-05,Mayo
RF-24,Casa de Campo,2010,5,,,,50.5,59.6,53.1,47.4,43.0,42.0,2010-05-01,Mayo,2010-05,Mayo
RF-12,Manuel Becerra,2010,5,,,,64.5,70.9,65.5,61.8,54.6,48.0,2010-05-01,Mayo,2010-05,Mayo
RF-13,Vallecas,2010,5,,,,57.7,66.0,60.5,54.5,41.8,36.6,2010-05-01,Mayo,2010-05,Mayo
RF-20,Avenida de Moratalaz,2010,5,,,,62.4,71.3,65.5,58.8,47.4,39.2,2010-05-01,Mayo,2010-05,Mayo
RF-55,Urb Embajada 2,2010,5,,,,55.3,63.5,57.7,52.0,46.5,44.5,2010-05-01,Mayo,2010-05,Mayo
RF-27,Barajas Pueblo,2010,5,,,,61.5,71.6,65.5,54.2,44.2,36.0,2010-05-01,Mayo,2010-05,Mayo
RF-19,Alto de Extremadura,2010,5,,,,61.1,69.6,63.7,57.8,48.5,37.4,2010-05-01,Mayo,2010-05,Mayo
RF-04,Plaza de España,2010,5,,,,67.3,77.5,68.7,64.2,58.9,51.8,2010-05-01,Mayo,2010-05,Mayo
RF-54,Ensanche de Vallecas,2010,5,,,,60.2,68.4,63.6,57.5,47.1,41.6,2010-05-01,Mayo,2010-05,Mayo
RF-48,Castellana,2010,6,,,,62.9,69.3,65.5,61.7,55.4,47.5,2010-06-01,Junio,2010-06,Junio
RF-31,Sanchinarro,2010,6,,,,61.7,71.9,66.5,53.0,42.0,29.0,2010-06-01,Junio,2010-06,Junio
RF-55,Urb Embajada 2,2010,6,,,,55.9,63.4,57.5,52.3,46.7,44.4,2010-06-01,Junio,2010-06,Junio
RF-16,Arturo Soria,2010,6,,,,60.7,67.3,63.9,58.7,45.9,38.7,2010-06-01,Junio,2010-06,Junio
RF-14,Plaza Elíptica,2010,6,,,,65.0,71.3,67.3,62.7,56.3,49.5,2010-06-01,Junio,2010-06,Junio
RF-20,Avenida de Moratalaz,2010,6,,,,62.5,71.6,65.4,58.8,48.1,40.2,2010-06-01,Junio,2010-06,Junio
RF-13,Vallecas,2010,6,,,,59.4,66.9,60.7,54.8,43.4,38.2,2010-06-01,Junio,2010-06,Junio
RF-54,Ensanche de Vallecas,2010,6,,,,59.8,67.8,63.1,57.2,47.4,44.6,2010-06-01,Junio,2010-06,Junio
RF-30,Campo de las Naciones,2010,6,,,,59.8,67.6,62.9,57.5,43.6,38.3,2010-06-01,Junio,2010-06,Junio
RF-29,El Pardo,2010,6,,,,58.3,67.2,62.2,53.0,36.7,30.1,2010-06-01,Junio,2010-06,Junio
RF-05,Barrio del Pilar,2010,6,,,,62.1,68.9,65.0,59.9,51.2,42.8,2010-06-01,Junio,2010-06,Junio
RF-24,Casa de Campo,2010,6,,,,51.6,60.3,52.9,47.6,42.7,41.2,2010-06-01,Junio,2010-06,Junio
RF-11,Ramón y Cajal,2010,6,,,,68.5,74.8,71.4,67.1,55.6,45.2,2010-06-01,Junio,2010-06,Junio
RF-03,Plaza del Carmen,2010,6,,,,62.1,70.8,64.6,58.7,53.5,48.3,2010-06-01,Junio,2010-06,Junio
RF-12,Manuel Becerra,2010,6,,,,64.7,71.7,65.5,61.6,54.9,49.1,2010-06-01,Junio,2010-06,Junio
RF-47,Mendez Álvaro,2010,6,,,,56.9,68.8,57.0,51.7,41.7,38.0,2010-06-01,Junio,2010-06,Junio
RF-08,Escuelas Aguirre,2010,6,,,,68.6,75.7,71.8,66.5,59.8,52.2,2010-06-01,Junio,2010-06,Junio
RF-17,Villaverde,2010,6,,,,59.3,67.8,62.1,56.2,42.1,35.7,2010-06-01,Junio,2010-06,Junio
RF-27,Barajas Pueblo,2010,6,,,,61.6,71.3,65.3,54.3,45.5,37.0,2010-06-01,Junio,2010-06,Junio
RF-19,Alto de Extremadura,2010,6,,,,63.6,72.6,65.5,58.4,47.4,34.3,2010-06-01,Junio,2010-06,Junio
RF-04,Plaza de España,2010,6,,,,65.9,73.9,67.9,64.1,59.1,52.2,2010-06-01,Junio,2010-06,Junio
RF-18,General Ricardos ubicación antigua,2010,6,,,,56.8,65.2,57.6,51.6,42.0,35.5,2010-06-01,Junio,2010-06,Junio
RF-28,Cuatro Vientos,2010,6,,,,65.2,73.6,69.3,60.7,45.0,39.0,2010-06-01,Junio,2010-06,Junio
RF-86,Tres Olivos,2010,6,,,,57.4,66.5,60.8,53.0,41.1,38.4,2010-06-01,Junio,2010-06,Junio
RF-10,Cuatro Caminos,2010,6,,,,64.9,72.9,68.4,61.1,52.1,44.8,2010-06-01,Junio,2010-06,Junio
RF-11,Ramón y Cajal,2010,7,,,,68.1,74.7,70.7,66.2,55.8,45.1,2010-07-01,Julio,2010-07,Julio
RF-31,Sanchinarro,2010,7,,,,61.6,71.2,66.4,53.3,43.9,39.5,2010-07-01,Julio,2010-07,Julio
RF-04,Plaza de España,2010,7,,,,70.8,83.4,68.6,63.8,59.3,53.0,2010-07-01,Julio,2010-07,Julio
RF-28,Cuatro Vientos,2010,7,,,,64.9,73.2,68.7,60.0,44.1,38.3,2010-07-01,Julio,2010-07,Julio
RF-17,Villaverde,2010,7,,,,60.3,69.3,62.8,55.3,42.7,36.8,2010-07-01,Julio,2010-07,Julio
RF-54,Ensanche de Vallecas,2010,7,,,,59.0,67.1,62.2,56.5,47.8,43.0,2010-07-01,Julio,2010-07,Julio
RF-30,Campo de las Naciones,2010,7,,,,58.7,66.4,61.8,56.6,43.3,39.4,2010-07-01,Julio,2010-07,Julio
RF-47,Mendez Álvaro,2010,7,,,,61.6,68.8,56.8,52.2,42.1,38.0,2010-07-01,Julio,2010-07,Julio
RF-19,Alto de Extremadura,2010,7,,,,61.8,71.0,64.1,57.7,48.9,41.4,2010-07-01,Julio,2010-07,Julio
RF-03,Plaza del Carmen,2010,7,,,,63.5,70.8,64.6,58.9,54.6,50.8,2010-07-01,Julio,2010-07,Julio
RF-12,Manuel Becerra,2010,7,,,,64.4,71.2,64.9,60.9,54.5,49.2,2010-07-01,Julio,2010-07,Julio
RF-86,Tres Olivos,2010,7,,,,57.4,,,,,,2010-07-01,Julio,2010-07,Julio
RF-27,Barajas Pueblo,2010,7,,,,65.6,70.8,65.0,53.8,45.6,38.9,2010-07-01,Julio,2010-07,Julio
RF-05,Barrio del Pilar,2010,7,,,,62.3,69.9,64.4,59.5,51.8,43.5,2010-07-01,Julio,2010-07,Julio
RF-55,Urb Embajada 2,2010,7,,,,54.9,62.2,57.1,52.9,48.1,45.6,2010-07-01,Julio,2010-07,Julio
RF-08,Escuelas Aguirre,2010,7,,,,68.4,75.7,71.2,66.0,60.0,54.0,2010-07-01,Julio,2010-07,Julio
RF-24,Casa de Campo,2010,7,,,,49.8,57.3,51.8,48.2,44.2,41.9,2010-07-01,Julio,2010-07,Julio
RF-48,Castellana,2010,7,,,,63.0,70.9,65.1,61.4,55.5,48.0,2010-07-01,Julio,2010-07,Julio
RF-10,Cuatro Caminos,2010,7,,,,64.3,72.3,67.6,60.3,52.2,45.5,2010-07-01,Julio,2010-07,Julio
RF-16,Arturo Soria,2010,7,,,,59.8,66.4,63.1,57.7,45.3,39.0,2010-07-01,Julio,2010-07,Julio
RF-20,Avenida de Moratalaz,2010,7,,,,63.3,72.4,65.0,58.3,47.8,39.9,2010-07-01,Julio,2010-07,Julio
RF-13,Vallecas,2010,7,,,,71.0,86.7,62.4,55.6,45.1,38.3,2010-07-01,Julio,2010-07,Julio
RF-14,Plaza Elíptica,2010,7,,,,64.9,71.7,66.8,62.3,56.1,49.2,2010-07-01,Julio,2010-07,Julio
RF-29,El Pardo,2010,7,,,,60.1,68.2,64.4,55.8,39.3,30.7,2010-07-01,Julio,2010-07,Julio
RF-18,General Ricardos ubicación antigua,2010,7,,,,59.4,65.3,57.8,51.7,42.1,36.0,2010-07-01,Julio,2010-07,Julio
RF-17,Villaverde,2010,8,,,,60.0,,,,,,2010-08-01,Agosto,2010-08,Agosto
RF-27,Barajas Pueblo,2010,8,,,,59.8,70.2,63.8,52.6,44.1,37.1,2010-08-01,Agosto,2010-08,Agosto
RF-47,Mendez Álvaro,2010,8,,,,56.3,67.7,56.5,51.9,41.6,37.4,2010-08-01,Agosto,2010-08,Agosto
RF-28,Cuatro Vientos,2010,8,,,,63.6,72.5,67.6,58.4,42.0,36.0,2010-08-01,Agosto,2010-08,Agosto
RF-14,Plaza Elíptica,2010,8,,,,63.6,69.7,66.1,61.7,55.5,49.1,2010-08-01,Agosto,2010-08,Agosto
RF-08,Escuelas Aguirre,2010,8,,,,66.8,73.7,70.0,64.8,58.9,54.1,2010-08-01,Agosto,2010-08,Agosto
RF-03,Plaza del Carmen,2010,8,,,,60.9,69.1,63.4,57.6,53.4,49.8,2010-08-01,Agosto,2010-08,Agosto
RF-10,Cuatro Caminos,2010,8,,,,62.5,71.2,66.0,57.7,49.3,43.4,2010-08-01,Agosto,2010-08,Agosto
RF-86,Tres Olivos,2010,8,,,,55.2,64.9,58.5,50.2,39.6,37.2,2010-08-01,Agosto,2010-08,Agosto
RF-55,Urb Embajada 2,2010,8,,,,53.7,60.9,55.9,51.9,46.6,44.4,2010-08-01,Agosto,2010-08,Agosto
RF-12,Manuel Becerra,2010,8,,,,66.6,73.8,64.7,59.9,53.4,48.3,2010-08-01,Agosto,2010-08,Agosto
RF-31,Sanchinarro,2010,8,,,,60.1,70.7,64.8,51.5,42.3,37.3,2010-08-01,Agosto,2010-08,Agosto
RF-16,Arturo Soria,2010,8,,,,58.9,65.8,62.4,56.4,43.5,38.2,2010-08-01,Agosto,2010-08,Agosto
RF-20,Avenida de Moratalaz,2010,8,,,,61.0,70.6,63.6,56.8,46.3,39.0,2010-08-01,Agosto,2010-08,Agosto
RF-13,Vallecas,2010,8,,,,56.7,65.2,59.5,54.0,43.1,37.2,2010-08-01,Agosto,2010-08,Agosto
RF-54,Ensanche de Vallecas,2010,8,,,,58.5,66.9,61.5,55.8,48.2,45.5,2010-08-01,Agosto,2010-08,Agosto
RF-30,Campo de las Naciones,2010,8,,,,57.5,64.9,60.7,55.6,45.2,40.1,2010-08-01,Agosto,2010-08,Agosto
RF-29,El Pardo,2010,8,,,,57.4,67.0,61.3,51.5,38.3,30.8,2010-08-01,Agosto,2010-08,Agosto
RF-18,General Ricardos ubicación antigua,2010,8,,,,56.4,65.8,57.4,50.9,41.8,35.7,2010-08-01,Agosto,2010-08,Agosto
RF-04,Plaza de España,2010,8,,,,64.3,71.5,66.5,62.9,58.1,51.9,2010-08-01,Agosto,2010-08,Agosto
RF-11,Ramón y Cajal,2010,8,,,,66.3,72.9,69.6,63.9,52.7,42.9,2010-08-01,Agosto,2010-08,Agosto
RF-05,Barrio del Pilar,2010,8,,,,60.6,67.1,63.6,58.3,51.2,42.3,2010-08-01,Agosto,2010-08,Agosto
RF-24,Casa de Campo,2010,8,,,,50.3,57.9,52.1,47.8,43.2,41.4,2010-08-01,Agosto,2010-08,Agosto
RF-48,Castellana,2010,8,,,,61.0,67.2,63.9,60.0,53.4,45.7,2010-08-01,Agosto,2010-08,Agosto
RF-19,Alto de Extremadura,2010,8,,,,60.3,69.8,62.7,55.9,48.7,42.2,2010-08-01,Agosto,2010-08,Agosto
RF-03,Plaza del Carmen,2010,9,,,,62.2,70.0,64.4,58.7,53.7,49.9,2010-09-01,Septiembre,2010-09,Septiembre
RF-12,Manuel Becerra,2010,9,,,,63.7,69.8,65.1,61.3,54.3,48.8,2010-09-01,Septiembre,2010-09,Septiembre
RF-30,Campo de las Naciones,2010,9,,,,59.4,66.5,62.5,57.7,43.9,38.3,2010-09-01,Septiembre,2010-09,Septiembre
RF-27,Barajas Pueblo,2010,9,,,,61.0,71.0,64.9,53.1,44.2,37.6,2010-09-01,Septiembre,2010-09,Septiembre
RF-29,El Pardo,2010,9,,,,58.8,67.1,62.0,52.2,37.8,31.0,2010-09-01,Septiembre,2010-09,Septiembre
RF-54,Ensanche de Vallecas,2010,9,,,,60.5,68.9,63.3,57.2,46.8,40.9,2010-09-01,Septiembre,2010-09,Septiembre
RF-11,Ramón y Cajal,2010,9,,,,68.0,74.1,71.0,66.8,54.8,43.2,2010-09-01,Septiembre,2010-09,Septiembre
RF-18,General Ricardos ubicación antigua,2010,9,,,,54.9,64.2,57.1,50.4,41.5,35.5,2010-09-01,Septiembre,2010-09,Septiembre
RF-31,Sanchinarro,2010,9,,,,61.5,71.6,66.5,53.0,43.1,36.5,2010-09-01,Septiembre,2010-09,Septiembre
RF-04,Plaza de España,2010,9,,,,67.0,76.3,69.8,64.3,59.0,52.0,2010-09-01,Septiembre,2010-09,Septiembre
RF-13,Vallecas,2010,9,,,,67.5,82.2,62.6,55.0,42.7,37.5,2010-09-01,Septiembre,2010-09,Septiembre
RF-55,Urb Embajada 2,2010,9,,,,55.3,62.2,56.8,51.5,45.4,42.5,2010-09-01,Septiembre,2010-09,Septiembre
RF-24,Casa de Campo,2010,9,,,,49.4,57.8,51.9,46.5,42.1,39.4,2010-09-01,Septiembre,2010-09,Septiembre
RF-48,Castellana,2010,9,,,,62.8,69.2,65.1,61.7,55.1,46.6,2010-09-01,Septiembre,2010-09,Septiembre
RF-86,Tres Olivos,2010,9,,,,56.8,65.9,60.4,52.2,39.6,37.4,2010-09-01,Septiembre,2010-09,Septiembre
RF-05,Barrio del Pilar,2010,9,,,,61.7,68.5,64.7,59.3,50.6,41.4,2010-09-01,Septiembre,2010-09,Septiembre
RF-16,Arturo Soria,2010,9,,,,60.4,66.9,63.6,58.4,44.8,37.9,2010-09-01,Septiembre,2010-09,Septiembre
RF-47,Mendez Álvaro,2010,9,,,,57.7,69.6,57.6,51.8,41.5,37.6,2010-09-01,Septiembre,2010-09,Septiembre
RF-19,Alto de Extremadura,2010,9,,,,60.9,69.6,63.5,57.2,49.3,40.9,2010-09-01,Septiembre,2010-09,Septiembre
RF-28,Cuatro Vientos,2010,9,,,,64.8,73.3,69.1,60.2,43.1,36.8,2010-09-01,Septiembre,2010-09,Septiembre
RF-20,Avenida de Moratalaz,2010,9,,,,62.4,71.2,65.2,58.6,46.7,39.2,2010-09-01,Septiembre,2010-09,Septiembre
RF-10,Cuatro Caminos,2010,9,,,,64.5,72.6,68.0,60.3,51.9,44.4,2010-09-01,Septiembre,2010-09,Septiembre
RF-14,Plaza Elíptica,2010,9,,,,64.5,70.7,67.0,62.5,55.8,49.1,2010-09-01,Septiembre,2010-09,Septiembre
RF-08,Escuelas Aguirre,2010,9,,,,68.3,75.1,71.5,66.3,60.0,53.1,2010-09-01,Septiembre,2010-09,Septiembre
RF-28,Cuatro Vientos,2010,10,,,,65.5,73.9,69.7,60.8,44.1,38.0,2010-10-01,Octubre,2010-10,Octubre
RF-31,Sanchinarro,2010,10,,,,62.3,72.5,67.1,53.8,43.2,37.4,2010-10-01,Octubre,2010-10,Octubre
RF-12,Manuel Becerra,2010,10,,,,64.2,70.3,65.4,61.6,54.9,48.7,2010-10-01,Octubre,2010-10,Octubre
RF-04,Plaza de España,2010,10,,,,71.7,77.3,69.2,64.7,59.6,52.7,2010-10-01,Octubre,2010-10,Octubre
RF-05,Barrio del Pilar,2010,10,,,,63.0,72.3,65.6,60.2,50.6,41.7,2010-10-01,Octubre,2010-10,Octubre
RF-18,General Ricardos ubicación antigua,2010,10,,,,56.3,65.0,57.5,50.2,41.2,35.3,2010-10-01,Octubre,2010-10,Octubre
RF-11,Ramón y Cajal,2010,10,,,,68.5,74.5,71.5,67.3,55.6,42.8,2010-10-01,Octubre,2010-10,Octubre
RF-54,Ensanche de Vallecas,2010,10,,,,60.2,68.4,63.8,57.8,44.4,37.9,2010-10-01,Octubre,2010-10,Octubre
RF-30,Campo de las Naciones,2010,10,,,,59.9,67.3,63.2,57.8,43.5,38.6,2010-10-01,Octubre,2010-10,Octubre
RF-03,Plaza del Carmen,2010,10,,,,61.8,69.9,64.4,58.7,53.1,47.1,2010-10-01,Octubre,2010-10,Octubre
RF-86,Tres Olivos,2010,10,,,,57.1,66.2,60.8,52.3,39.7,37.4,2010-10-01,Octubre,2010-10,Octubre
RF-29,El Pardo,2010,10,,,,58.1,67.7,62.4,51.4,36.1,30.8,2010-10-01,Octubre,2010-10,Octubre
RF-13,Vallecas,2010,10,,,,58.8,68.5,61.4,54.5,41.8,37.0,2010-10-01,Octubre,2010-10,Octubre
RF-10,Cuatro Caminos,2010,10,,,,65.0,73.0,68.5,60.8,51.7,46.0,2010-10-01,Octubre,2010-10,Octubre
RF-20,Avenida de Moratalaz,2010,10,,,,62.9,71.7,65.8,59.2,46.8,39.0,2010-10-01,Octubre,2010-10,Octubre
RF-16,Arturo Soria,2010,10,,,,60.8,67.2,64.2,59.1,45.3,37.6,2010-10-01,Octubre,2010-10,Octubre
RF-48,Castellana,2010,10,,,,63.5,69.7,65.8,62.3,55.5,47.0,2010-10-01,Octubre,2010-10,Octubre
RF-55,Urb Embajada 2,2010,10,,,,54.6,63.3,57.3,51.2,44.9,42.3,2010-10-01,Octubre,2010-10,Octubre
RF-08,Escuelas Aguirre,2010,10,,,,68.7,75.3,71.9,66.9,60.6,54.0,2010-10-01,Octubre,2010-10,Octubre
RF-24,Casa de Campo,2010,10,,,,49.0,57.5,51.8,46.1,41.7,40.3,2010-10-01,Octubre,2010-10,Octubre
RF-27,Barajas Pueblo,2010,10,,,,61.7,72.1,65.7,53.7,43.2,37.2,2010-10-01,Octubre,2010-10,Octubre
RF-14,Plaza Elíptica,2010,10,,,,64.7,70.8,67.4,62.9,56.3,49.8,2010-10-01,Octubre,2010-10,Octubre
RF-47,Mendez Álvaro,2010,10,,,,57.2,68.8,57.4,51.1,42.2,37.5,2010-10-01,Octubre,2010-10,Octubre
RF-19,Alto de Extremadura,2010,10,,,,60.9,69.5,63.8,57.6,48.5,38.9,2010-10-01,Octubre,2010-10,Octubre
RF-31,Sanchinarro,2010,11,,,,62.6,72.6,67.6,54.9,44.1,39.0,2010-11-01,Noviembre,2010-11,Noviembre
RF-14,Plaza Elíptica,2010,11,,,,65.3,71.5,67.9,63.3,56.5,49.7,2010-11-01,Noviembre,2010-11,Noviembre
RF-10,Cuatro Caminos,2010,11,,,,65.4,73.7,69.2,61.2,50.7,44.2,2010-11-01,Noviembre,2010-11,Noviembre
RF-08,Escuelas Aguirre,2010,11,,,,69.2,75.9,72.6,67.2,59.8,52.6,2010-11-01,Noviembre,2010-11,Noviembre
RF-47,Mendez Álvaro,2010,11,,,,56.8,68.1,57.6,50.6,43.1,39.5,2010-11-01,Noviembre,2010-11,Noviembre
RF-12,Manuel Becerra,2010,11,,,,64.4,70.6,65.4,61.8,55.1,48.6,2010-11-01,Noviembre,2010-11,Noviembre
RF-29,El Pardo,2010,11,,,,58.5,68.2,63.0,51.1,36.0,30.5,2010-11-01,Noviembre,2010-11,Noviembre
RF-86,Tres Olivos,2010,11,,,,57.5,66.9,61.4,52.8,39.6,36.8,2010-11-01,Noviembre,2010-11,Noviembre
RF-03,Plaza del Carmen,2010,11,,,,62.0,70.2,64.5,58.2,52.3,46.0,2010-11-01,Noviembre,2010-11,Noviembre
RF-24,Casa de Campo,2010,11,,,,48.4,56.6,50.9,45.6,41.6,40.2,2010-11-01,Noviembre,2010-11,Noviembre
RF-27,Barajas Pueblo,2010,11,,,,61.7,72.1,66.0,53.7,42.9,37.3,2010-11-01,Noviembre,2010-11,Noviembre
RF-11,Ramón y Cajal,2010,11,,,,69.2,75.0,72.1,67.9,55.6,42.7,2010-11-01,Noviembre,2010-11,Noviembre
RF-54,Ensanche de Vallecas,2010,11,,,,60.9,68.9,64.5,58.6,45.5,39.4,2010-11-01,Noviembre,2010-11,Noviembre
RF-18,General Ricardos ubicación antigua,2010,11,,,,57.3,65.9,57.6,49.8,39.7,35.2,2010-11-01,Noviembre,2010-11,Noviembre
RF-20,Avenida de Moratalaz,2010,11,,,,63.2,72.1,66.4,59.7,47.5,39.9,2010-11-01,Noviembre,2010-11,Noviembre
RF-30,Campo de las Naciones,2010,11,,,,60.2,67.7,63.7,57.9,44.3,39.6,2010-11-01,Noviembre,2010-11,Noviembre
RF-48,Castellana,2010,11,,,,63.7,69.6,66.6,62.8,55.7,46.7,2010-11-01,Noviembre,2010-11,Noviembre
RF-55,Urb Embajada 2,2010,11,,,,54.8,63.8,57.7,51.0,44.6,41.9,2010-11-01,Noviembre,2010-11,Noviembre
RF-17,Villaverde,2010,11,,,,56.9,64.9,59.8,53.2,41.9,35.8,2010-11-01,Noviembre,2010-11,Noviembre
RF-19,Alto de Extremadura,2010,11,,,,61.3,69.4,64.1,58.1,48.8,38.7,2010-11-01,Noviembre,2010-11,Noviembre
RF-05,Barrio del Pilar,2010,11,,,,61.9,68.7,65.3,59.8,49.0,40.5,2010-11-01,Noviembre,2010-11,Noviembre
RF-28,Cuatro Vientos,2010,11,,,,66.2,74.7,70.6,61.7,44.0,36.4,2010-11-01,Noviembre,2010-11,Noviembre
RF-16,Arturo Soria,2010,11,,,,61.6,67.9,65.0,59.8,46.0,38.6,2010-11-01,Noviembre,2010-11,Noviembre
RF-13,Vallecas,2010,11,,,,58.1,66.7,61.3,54.6,42.9,37.9,2010-11-01,Noviembre,2010-11,Noviembre
RF-04,Plaza de España,2010,11,,,,67.1,76.4,69.4,65.0,59.6,52.7,2010-11-01,Noviembre,2010-11,Noviembre
RF-14,Plaza Elíptica,2010,12,,,,65.8,71.9,68.4,63.9,57.5,51.1,2010-12-01,Diciembre,2010-12,Diciembre
RF-28,Cuatro Vientos,2010,12,,,,67.0,75.1,71.0,62.0,45.1,36.7,2010-12-01,Diciembre,2010-12,Diciembre
RF-19,Alto de Extremadura,2010,12,,,,62.2,69.7,64.4,58.5,50.0,40.4,2010-12-01,Diciembre,2010-12,Diciembre
RF-03,Plaza del Carmen,2010,12,,,,63.0,70.8,64.7,59.1,52.6,47.3,2010-12-01,Diciembre,2010-12,Diciembre
RF-17,Villaverde,2010,12,,,,59.2,65.1,59.7,52.8,41.4,36.1,2010-12-01,Diciembre,2010-12,Diciembre
RF-24,Casa de Campo,2010,12,,,,48.8,55.3,50.8,46.2,42.3,40.6,2010-12-01,Diciembre,2010-12,Diciembre
RF-30,Campo de las Naciones,2010,12,,,,59.9,67.5,63.5,57.2,44.6,39.1,2010-12-01,Diciembre,2010-12,Diciembre
RF-04,Plaza de España,2010,12,,,,67.1,75.1,69.3,65.2,60.4,54.2,2010-12-01,Diciembre,2010-12,Diciembre
RF-11,Ramón y Cajal,2010,12,,,,69.3,75.2,72.3,68.1,57.0,45.7,2010-12-01,Diciembre,2010-12,Diciembre
RF-55,Urb Embajada 2,2010,12,,,,57.0,63.9,58.0,50.8,44.0,41.1,2010-12-01,Diciembre,2010-12,Diciembre
RF-08,Escuelas Aguirre,2010,12,,,,69.6,76.0,72.8,67.8,61.7,54.9,2010-12-01,Diciembre,2010-12,Diciembre
RF-54,Ensanche de Vallecas,2010,12,,,,61.4,69.3,65.0,59.1,45.6,39.5,2010-12-01,Diciembre,2010-12,Diciembre
RF-86,Tres Olivos,2010,12,,,,57.8,67.2,61.6,52.4,39.5,36.6,2010-12-01,Diciembre,2010-12,Diciembre
RF-12,Manuel Becerra,2010,12,,,,64.8,70.5,65.3,61.9,55.5,49.3,2010-12-01,Diciembre,2010-12,Diciembre
RF-20,Avenida de Moratalaz,2010,12,,,,63.6,72.3,66.6,59.9,48.5,40.7,2010-12-01,Diciembre,2010-12,Diciembre
RF-18,General Ricardos ubicación antigua,2010,12,,,,57.5,63.7,57.2,49.6,40.3,35.6,2010-12-01,Diciembre,2010-12,Diciembre
RF-27,Barajas Pueblo,2010,12,,,,62.0,72.5,66.2,53.1,43.2,37.0,2010-12-01,Diciembre,2010-12,Diciembre
RF-31,Sanchinarro,2010,12,,,,64.0,73.6,69.0,55.4,43.8,38.3,2010-12-01,Diciembre,2010-12,Diciembre
RF-29,El Pardo,2010,12,,,,58.9,68.7,63.7,50.8,36.1,30.5,2010-12-01,Diciembre,2010-12,Diciembre
RF-10,Cuatro Caminos,2010,12,,,,65.9,74.2,69.6,61.7,53.4,47.1,2010-12-01,Diciembre,2010-12,Diciembre
RF-16,Arturo Soria,2010,12,,,,62.3,68.3,65.4,60.2,47.3,39.3,2010-12-01,Diciembre,2010-12,Diciembre
RF-48,Castellana,2010,12,,,,63.9,69.6,66.8,62.9,56.4,48.5,2010-12-01,Diciembre,2010-12,Diciembre
RF-47,Mendez Álvaro,2010,12,,,,56.6,66.6,57.5,50.5,43.1,39.4,2010-12-01,Diciembre,2010-12,Diciembre
RF-13,Vallecas,2010,12,,,,59.9,67.0,61.1,54.4,43.3,37.8,2010-12-01,Diciembre,2010-12,Diciembre
RF-05,Barrio del Pilar,2010,12,,,,61.8,68.2,64.6,59.1,49.1,41.1,2010-12-01,Diciembre,2010-12,Diciembre
RF-20,Avenida de Moratalaz,2011,1,,,,63.2,71.9,66.4,59.6,47.0,39.9,2011-01-01,Enero,2011-01,Enero
RF-55,Urb Embajada 2,2011,1,,,,60.9,64.7,57.9,50.7,43.5,40.4,2011-01-01,Enero,2011-01,Enero
RF-48,Castellana,2011,1,,,,63.8,69.5,66.8,62.8,55.5,47.3,2011-01-01,Enero,2011-01,Enero
RF-16,Arturo Soria,2011,1,,,,61.9,68.2,65.4,60.1,45.6,37.7,2011-01-01,Enero,2011-01,Enero
RF-14,Plaza Elíptica,2011,1,,,,65.9,71.6,68.3,63.7,56.8,50.0,2011-01-01,Enero,2011-01,Enero
RF-10,Cuatro Caminos,2011,1,,,,65.4,73.7,69.3,61.3,52.0,47.6,2011-01-01,Enero,2011-01,Enero
RF-30,Campo de las Naciones,2011,1,,,,60.2,67.6,63.8,57.9,44.0,38.5,2011-01-01,Enero,2011-01,Enero
RF-24,Casa de Campo,2011,1,,,,48.4,55.9,51.1,46.3,42.5,41.0,2011-01-01,Enero,2011-01,Enero
RF-13,Vallecas,2011,1,,,,64.2,66.2,60.8,53.9,42.2,36.7,2011-01-01,Enero,2011-01,Enero
RF-29,El Pardo,2011,1,,,,58.8,68.7,63.5,50.5,34.4,30.2,2011-01-01,Enero,2011-01,Enero
RF-11,Ramón y Cajal,2011,1,,,,69.3,75.2,72.3,67.8,55.7,43.2,2011-01-01,Enero,2011-01,Enero
RF-03,Plaza del Carmen,2011,1,,,,61.9,69.7,64.2,58.1,51.8,46.3,2011-01-01,Enero,2011-01,Enero
RF-27,Barajas Pueblo,2011,1,,,,63.7,72.5,66.2,53.0,42.4,36.3,2011-01-01,Enero,2011-01,Enero
RF-86,Tres Olivos,2011,1,,,,57.9,67.2,61.6,52.3,38.7,36.0,2011-01-01,Enero,2011-01,Enero
RF-19,Alto de Extremadura,2011,1,,,,62.4,69.7,64.5,58.5,49.3,39.1,2011-01-01,Enero,2011-01,Enero
RF-47,Mendez Álvaro,2011,1,,,,64.9,67.9,57.8,50.6,42.9,38.9,2011-01-01,Enero,2011-01,Enero
RF-54,Ensanche de Vallecas,2011,1,,,,61.3,69.3,65.0,59.0,44.8,37.1,2011-01-01,Enero,2011-01,Enero
RF-12,Manuel Becerra,2011,1,,,,65.5,70.2,65.0,61.5,54.8,48.0,2011-01-01,Enero,2011-01,Enero
RF-08,Escuelas Aguirre,2011,1,,,,69.2,75.7,72.5,67.4,60.8,53.3,2011-01-01,Enero,2011-01,Enero
RF-28,Cuatro Vientos,2011,1,,,,66.6,74.9,70.9,61.7,43.7,35.6,2011-01-01,Enero,2011-01,Enero
RF-31,Sanchinarro,2011,1,,,,65.2,73.5,68.6,54.7,42.7,37.2,2011-01-01,Enero,2011-01,Enero
RF-17,Villaverde,2011,1,,,,59.0,65.3,59.6,52.7,40.9,33.8,2011-01-01,Enero,2011-01,Enero
RF-05,Barrio del Pilar,2011,1,,,,62.4,68.7,64.9,59.2,48.2,40.7,2011-01-01,Enero,2011-01,Enero
RF-04,Plaza de España,2011,1,,,,66.9,73.7,68.7,65.0,60.0,53.1,2011-01-01,Enero,2011-01,Enero
RF-18,General Ricardos ubicación antigua,2011,1,,,,65.0,64.4,57.2,49.4,39.8,35.1,2011-01-01,Enero,2011-01,Enero
RF-10,Cuatro Caminos,2011,2,,,,65.7,73.8,69.3,62.0,54.9,49.9,2011-02-01,Febrero,2011-02,Febrero
RF-29,El Pardo,2011,2,,,,58.7,68.3,63.3,51.5,35.9,30.7,2011-02-01,Febrero,2011-02,Febrero
RF-86,Tres Olivos,2011,2,,,,57.7,67.1,61.7,53.3,39.8,36.6,2011-02-01,Febrero,2011-02,Febrero
RF-20,Avenida de Moratalaz,2011,2,,,,62.9,71.8,66.3,59.5,47.3,40.9,2011-02-01,Febrero,2011-02,Febrero
RF-08,Escuelas Aguirre,2011,2,,,,69.3,75.9,72.6,67.5,60.9,53.3,2011-02-01,Febrero,2011-02,Febrero
RF-05,Barrio del Pilar,2011,2,,,,62.1,68.8,65.4,60.0,49.0,41.1,2011-02-01,Febrero,2011-02,Febrero
RF-24,Casa de Campo,2011,2,,,,49.7,57.4,52.2,46.6,42.5,40.5,2011-02-01,Febrero,2011-02,Febrero
RF-04,Plaza de España,2011,2,,,,66.7,74.5,68.8,65.1,60.2,53.1,2011-02-01,Febrero,2011-02,Febrero
RF-27,Barajas Pueblo,2011,2,,,,61.8,72.3,66.2,53.9,43.3,37.4,2011-02-01,Febrero,2011-02,Febrero
RF-18,General Ricardos ubicación antigua,2011,2,,,,55.3,64.6,57.7,50.1,40.2,35.9,2011-02-01,Febrero,2011-02,Febrero
RF-48,Castellana,2011,2,,,,64.0,69.8,66.9,63.1,55.9,47.5,2011-02-01,Febrero,2011-02,Febrero
RF-13,Vallecas,2011,2,,,,57.6,65.8,60.9,54.4,42.5,37.9,2011-02-01,Febrero,2011-02,Febrero
RF-12,Manuel Becerra,2011,2,,,,64.2,70.4,65.3,61.7,54.8,48.3,2011-02-01,Febrero,2011-02,Febrero
RF-28,Cuatro Vientos,2011,2,,,,66.6,74.8,70.9,61.9,44.5,37.0,2011-02-01,Febrero,2011-02,Febrero
RF-16,Arturo Soria,2011,2,,,,61.9,68.3,65.3,60.2,46.4,38.8,2011-02-01,Febrero,2011-02,Febrero
RF-54,Ensanche de Vallecas,2011,2,,,,61.3,69.4,65.0,58.9,45.5,39.5,2011-02-01,Febrero,2011-02,Febrero
RF-03,Plaza del Carmen,2011,2,,,,61.6,69.8,64.3,58.3,53.0,47.2,2011-02-01,Febrero,2011-02,Febrero
RF-31,Sanchinarro,2011,2,,,,62.8,72.8,67.7,55.2,44.5,39.3,2011-02-01,Febrero,2011-02,Febrero
RF-17,Villaverde,2011,2,,,,60.5,69.7,60.9,54.0,43.2,38.1,2011-02-01,Febrero,2011-02,Febrero
RF-11,Ramón y Cajal,2011,2,,,,69.2,75.0,72.3,67.9,55.6,43.9,2011-02-01,Febrero,2011-02,Febrero
RF-55,Urb Embajada 2,2011,2,,,,56.3,64.8,58.6,52.1,44.4,41.2,2011-02-01,Febrero,2011-02,Febrero
RF-14,Plaza Elíptica,2011,2,,,,65.6,71.6,68.3,63.7,56.6,50.0,2011-02-01,Febrero,2011-02,Febrero
RF-47,Mendez Álvaro,2011,2,,,,57.0,67.6,57.9,51.6,44.4,40.3,2011-02-01,Febrero,2011-02,Febrero
RF-19,Alto de Extremadura,2011,2,,,,61.8,69.8,64.6,58.7,49.2,40.0,2011-02-01,Febrero,2011-02,Febrero
RF-30,Campo de las Naciones,2011,2,,,,60.9,68.0,64.2,59.1,44.8,39.9,2011-02-01,Febrero,2011-02,Febrero
RF-16,Arturo Soria,2011,3,,,,61.8,68.2,65.2,60.1,45.6,37.2,2011-03-01,Marzo,2011-03,Marzo
RF-55,Urb Embajada 2,2011,3,,,,57.0,65.0,58.9,52.5,43.9,40.8,2011-03-01,Marzo,2011-03,Marzo
RF-48,Castellana,2011,3,,,,63.9,69.9,66.8,62.9,55.5,46.4,2011-03-01,Marzo,2011-03,Marzo
RF-04,Plaza de España,2011,3,,,,66.5,74.5,68.7,64.7,59.3,52.1,2011-03-01,Marzo,2011-03,Marzo
RF-19,Alto de Extremadura,2011,3,,,,61.6,69.7,64.4,58.3,48.1,37.5,2011-03-01,Marzo,2011-03,Marzo
RF-28,Cuatro Vientos,2011,3,,,,66.6,75.0,70.8,61.8,43.1,35.4,2011-03-01,Marzo,2011-03,Marzo
RF-27,Barajas Pueblo,2011,3,,,,62.0,72.3,66.3,54.4,42.4,36.6,2011-03-01,Marzo,2011-03,Marzo
RF-20,Avenida de Moratalaz,2011,3,,,,62.9,71.8,66.2,59.6,46.8,39.8,2011-03-01,Marzo,2011-03,Marzo
RF-31,Sanchinarro,2011,3,,,,62.4,72.5,67.3,54.7,42.0,35.5,2011-03-01,Marzo,2011-03,Marzo
RF-10,Cuatro Caminos,2011,3,,,,65.6,73.7,69.3,62.0,55.2,52.4,2011-03-01,Marzo,2011-03,Marzo
RF-17,Villaverde,2011,3,,,,59.5,68.3,61.0,54.0,40.7,35.2,2011-03-01,Marzo,2011-03,Marzo
RF-14,Plaza Elíptica,2011,3,,,,65.3,71.5,68.1,63.5,56.2,49.2,2011-03-01,Marzo,2011-03,Marzo
RF-54,Ensanche de Vallecas,2011,3,,,,60.8,68.9,64.5,58.6,44.2,38.1,2011-03-01,Marzo,2011-03,Marzo
RF-12,Manuel Becerra,2011,3,,,,63.9,70.2,65.0,61.5,54.5,47.8,2011-03-01,Marzo,2011-03,Marzo
RF-03,Plaza del Carmen,2011,3,,,,62.5,70.5,64.7,58.8,53.7,49.0,2011-03-01,Marzo,2011-03,Marzo
RF-11,Ramón y Cajal,2011,3,,,,69.4,75.8,72.2,68.0,55.1,42.8,2011-03-01,Marzo,2011-03,Marzo
RF-05,Barrio del Pilar,2011,3,,,,62.1,68.9,65.4,59.9,49.1,40.4,2011-03-01,Marzo,2011-03,Marzo
RF-29,El Pardo,2011,3,,,,58.3,68.0,62.9,51.4,35.2,30.6,2011-03-01,Marzo,2011-03,Marzo
RF-08,Escuelas Aguirre,2011,3,,,,69.3,76.0,72.6,67.4,60.5,52.1,2011-03-01,Marzo,2011-03,Marzo
RF-47,Mendez Álvaro,2011,3,,,,57.4,68.2,58.2,51.8,43.4,39.2,2011-03-01,Marzo,2011-03,Marzo
RF-24,Casa de Campo,2011,3,,,,48.5,56.6,51.2,46.1,41.7,40.2,2011-03-01,Marzo,2011-03,Marzo
RF-86,Tres Olivos,2011,3,,,,57.7,67.0,61.7,53.0,39.1,36.0,2011-03-01,Marzo,2011-03,Marzo
RF-18,General Ricardos ubicación antigua,2011,3,,,,56.1,65.8,58.3,50.9,40.4,36.0,2011-03-01,Marzo,2011-03,Marzo
RF-13,Vallecas,2011,3,,,,57.6,65.9,60.8,54.2,41.8,37.2,2011-03-01,Marzo,2011-03,Marzo
RF-30,Campo de las Naciones,2011,3,,,,60.7,67.9,64.0,58.6,44.3,39.2,2011-03-01,Marzo,2011-03,Marzo
RF-17,Villaverde,2011,4,,,,60.6,69.7,61.4,53.9,40.2,33.7,2011-04-01,Abril,2011-04,Abril
RF-86,Tres Olivos,2011,4,,,,56.9,66.5,60.7,51.9,38.6,35.6,2011-04-01,Abril,2011-04,Abril
RF-27,Barajas Pueblo,2011,4,,,,61.8,71.8,65.4,54.4,43.3,36.1,2011-04-01,Abril,2011-04,Abril
RF-05,Barrio del Pilar,2011,4,,,,59.8,67.0,62.2,57.3,48.5,40.8,2011-04-01,Abril,2011-04,Abril
RF-30,Campo de las Naciones,2011,4,,,,59.5,66.9,62.7,57.0,42.8,37.9,2011-04-01,Abril,2011-04,Abril
RF-01,Paseo de Recoletos,2011,4,,,,68.0,75.0,70.7,65.9,59.3,52.0,2011-04-01,Abril,2011-04,Abril
RF-28,Cuatro Vientos,2011,4,,,,65.1,73.6,69.4,60.2,42.1,34.1,2011-04-01,Abril,2011-04,Abril
RF-47,Mendez Álvaro,2011,4,,,,56.6,67.4,57.9,51.9,40.9,37.5,2011-04-01,Abril,2011-04,Abril
RF-55,Urb Embajada 2,2011,4,,,,56.0,63.9,57.8,52.2,44.5,40.7,2011-04-01,Abril,2011-04,Abril
RF-20,Avenida de Moratalaz,2011,4,,,,62.0,70.9,65.1,58.6,47.2,40.2,2011-04-01,Abril,2011-04,Abril
RF-19,Alto de Extremadura,2011,4,,,,60.9,69.5,63.5,57.5,47.8,37.8,2011-04-01,Abril,2011-04,Abril
RF-54,Ensanche de Vallecas,2011,4,,,,59.7,67.8,63.2,57.4,45.4,37.9,2011-04-01,Abril,2011-04,Abril
RF-14,Plaza Elíptica,2011,4,,,,64.5,70.6,67.2,62.6,55.9,49.3,2011-04-01,Abril,2011-04,Abril
RF-12,Manuel Becerra,2011,4,,,,63.9,70.4,64.8,61.0,54.2,47.5,2011-04-01,Abril,2011-04,Abril
RF-04,Plaza de España,2011,4,,,,65.5,73.1,67.8,64.0,59.0,52.0,2011-04-01,Abril,2011-04,Abril
RF-48,Castellana,2011,4,,,,63.0,69.8,65.8,61.9,55.0,45.6,2011-04-01,Abril,2011-04,Abril
RF-18,General Ricardos ubicación antigua,2011,4,,,,56.1,64.9,57.6,50.8,41.4,37.0,2011-04-01,Abril,2011-04,Abril
RF-50,Plaza de Castilla,2011,4,,,,66.0,72.3,67.9,64.0,57.8,51.0,2011-04-01,Abril,2011-04,Abril
RF-24,Casa de Campo,2011,4,,,,50.4,58.8,53.3,47.1,41.7,40.1,2011-04-01,Abril,2011-04,Abril
RF-13,Vallecas,2011,4,,,,68.6,69.7,60.5,53.8,41.6,36.9,2011-04-01,Abril,2011-04,Abril
RF-31,Sanchinarro,2011,4,,,,61.1,71.3,66.0,52.6,41.6,35.4,2011-04-01,Abril,2011-04,Abril
RF-29,El Pardo,2011,4,,,,57.9,67.4,62.2,51.0,35.3,30.4,2011-04-01,Abril,2011-04,Abril
RF-08,Escuelas Aguirre,2011,4,,,,68.4,75.3,71.5,66.4,59.9,52.4,2011-04-01,Abril,2011-04,Abril
RF-10,Cuatro Caminos,2011,4,,,,64.3,72.6,67.8,60.1,53.1,46.0,2011-04-01,Abril,2011-04,Abril
RF-16,Arturo Soria,2011,4,,,,60.2,66.9,63.7,58.3,44.6,37.1,2011-04-01,Abril,2011-04,Abril
RF-26,Embajada,2011,4,,,,62.0,70.3,66.5,57.7,49.9,42.8,2011-04-01,Abril,2011-04,Abril
RF-03,Plaza del Carmen,2011,4,,,,63.1,71.8,64.9,59.3,54.1,48.2,2011-04-01,Abril,2011-04,Abril
RF-11,Ramón y Cajal,2011,4,,,,67.2,73.8,70.3,65.3,54.0,42.8,2011-04-01,Abril,2011-04,Abril
RF-29,El Pardo,2011,5,,,,58.9,68.4,62.3,52.2,35.1,30.4,2011-05-01,Mayo,2011-05,Mayo
RF-10,Cuatro Caminos,2011,5,,,,64.5,72.6,68.0,60.8,54.7,48.0,2011-05-01,Mayo,2011-05,Mayo
RF-01,Paseo de Recoletos,2011,5,,,,68.0,74.6,70.6,66.0,58.9,51.3,2011-05-01,Mayo,2011-05,Mayo
RF-86,Tres Olivos,2011,5,,,,57.8,66.7,61.0,52.6,38.7,35.4,2011-05-01,Mayo,2011-05,Mayo
RF-18,General Ricardos ubicación antigua,2011,5,,,,56.4,65.2,58.7,51.7,41.9,37.2,2011-05-01,Mayo,2011-05,Mayo
RF-08,Escuelas Aguirre,2011,5,,,,68.5,75.5,71.7,66.6,60.1,52.3,2011-05-01,Mayo,2011-05,Mayo
RF-27,Barajas Pueblo,2011,5,,,,61.7,72.0,65.5,54.3,43.3,36.4,2011-05-01,Mayo,2011-05,Mayo
RF-11,Ramón y Cajal,2011,5,,,,67.3,73.8,70.3,65.6,53.6,42.3,2011-05-01,Mayo,2011-05,Mayo
RF-04,Plaza de España,2011,5,,,,69.3,78.9,68.2,63.9,58.9,51.2,2011-05-01,Mayo,2011-05,Mayo
RF-54,Ensanche de Vallecas,2011,5,,,,59.9,67.9,63.3,57.5,45.4,39.2,2011-05-01,Mayo,2011-05,Mayo
RF-24,Casa de Campo,2011,5,,,,56.1,65.8,55.7,48.1,41.9,39.9,2011-05-01,Mayo,2011-05,Mayo
RF-26,Embajada,2011,5,,,,62.1,70.1,66.5,58.0,49.8,42.4,2011-05-01,Mayo,2011-05,Mayo
RF-50,Plaza de Castilla,2011,5,,,,66.0,72.8,68.0,64.1,57.6,50.6,2011-05-01,Mayo,2011-05,Mayo
RF-03,Plaza del Carmen,2011,5,,,,62.7,70.5,65.0,59.3,54.1,48.1,2011-05-01,Mayo,2011-05,Mayo
RF-19,Alto de Extremadura,2011,5,,,,61.1,69.8,63.5,57.5,47.9,37.5,2011-05-01,Mayo,2011-05,Mayo
RF-13,Vallecas,2011,5,,,,57.4,65.8,60.3,54.4,41.5,36.2,2011-05-01,Mayo,2011-05,Mayo
RF-12,Manuel Becerra,2011,5,,,,64.5,70.8,65.3,61.5,54.3,47.0,2011-05-01,Mayo,2011-05,Mayo
RF-17,Villaverde,2011,5,,,,58.5,68.1,61.3,54.6,39.9,34.3,2011-05-01,Mayo,2011-05,Mayo
RF-31,Sanchinarro,2011,5,,,,61.2,71.2,66.1,52.6,41.0,35.4,2011-05-01,Mayo,2011-05,Mayo
RF-48,Castellana,2011,5,,,,62.7,69.4,65.4,61.6,54.7,45.2,2011-05-01,Mayo,2011-05,Mayo
RF-30,Campo de las Naciones,2011,5,,,,59.7,67.3,62.8,57.7,43.8,38.7,2011-05-01,Mayo,2011-05,Mayo
RF-55,Urb Embajada 2,2011,5,,,,55.3,63.3,57.7,52.0,43.7,40.2,2011-05-01,Mayo,2011-05,Mayo
RF-16,Arturo Soria,2011,5,,,,60.4,67.0,63.7,58.6,45.0,36.5,2011-05-01,Mayo,2011-05,Mayo
RF-20,Avenida de Moratalaz,2011,5,,,,62.4,71.3,65.3,59.0,47.3,39.8,2011-05-01,Mayo,2011-05,Mayo
RF-05,Barrio del Pilar,2011,5,,,,61.7,68.8,64.8,59.3,49.4,40.7,2011-05-01,Mayo,2011-05,Mayo
RF-47,Mendez Álvaro,2011,5,,,,56.8,67.4,57.8,52.5,40.7,37.2,2011-05-01,Mayo,2011-05,Mayo
RF-14,Plaza Elíptica,2011,5,,,,64.6,70.8,67.2,62.6,56.2,49.1,2011-05-01,Mayo,2011-05,Mayo
RF-28,Cuatro Vientos,2011,5,,,,65.2,73.6,69.4,60.6,42.4,34.2,2011-05-01,Mayo,2011-05,Mayo
RF-47,Mendez Álvaro,2011,6,,,,56.7,67.8,57.4,52.5,42.3,38.1,2011-06-01,Junio,2011-06,Junio
RF-54,Ensanche de Vallecas,2011,6,,,,59.5,67.4,62.7,57.0,46.6,38.6,2011-06-01,Junio,2011-06,Junio
RF-27,Barajas Pueblo,2011,6,,,,61.9,72.2,65.2,53.8,44.5,37.4,2011-06-01,Junio,2011-06,Junio
RF-28,Cuatro Vientos,2011,6,,,,65.3,73.7,69.6,60.8,43.0,34.9,2011-06-01,Junio,2011-06,Junio
RF-26,Embajada,2011,6,,,,62.0,69.8,66.3,57.8,49.6,42.8,2011-06-01,Junio,2011-06,Junio
RF-29,El Pardo,2011,6,,,,58.1,67.0,62.2,53.1,37.4,30.7,2011-06-01,Junio,2011-06,Junio
RF-50,Plaza de Castilla,2011,6,,,,66.0,72.8,67.9,64.0,57.6,51.0,2011-06-01,Junio,2011-06,Junio
RF-19,Alto de Extremadura,2011,6,,,,61.1,70.4,63.5,57.4,49.1,40.8,2011-06-01,Junio,2011-06,Junio
RF-18,General Ricardos ubicación antigua,2011,6,,,,56.7,65.9,57.5,50.7,42.5,37.1,2011-06-01,Junio,2011-06,Junio
RF-12,Manuel Becerra,2011,6,,,,64.1,70.4,65.4,61.4,54.2,47.6,2011-06-01,Junio,2011-06,Junio
RF-30,Campo de las Naciones,2011,6,,,,59.5,67.1,62.6,57.2,45.1,40.0,2011-06-01,Junio,2011-06,Junio
RF-05,Barrio del Pilar,2011,6,,,,61.9,68.7,64.8,59.6,50.1,41.7,2011-06-01,Junio,2011-06,Junio
RF-31,Sanchinarro,2011,6,,,,61.0,70.7,65.8,52.5,42.2,37.2,2011-06-01,Junio,2011-06,Junio
RF-08,Escuelas Aguirre,2011,6,,,,68.7,76.0,71.7,66.5,60.1,53.1,2011-06-01,Junio,2011-06,Junio
RF-14,Plaza Elíptica,2011,6,,,,65.7,71.7,67.0,62.5,56.2,49.8,2011-06-01,Junio,2011-06,Junio
RF-17,Villaverde,2011,6,,,,61.0,70.4,63.0,55.4,43.0,36.2,2011-06-01,Junio,2011-06,Junio
RF-24,Casa de Campo,2011,6,,,,56.7,65.1,55.5,48.8,42.7,40.3,2011-06-01,Junio,2011-06,Junio
RF-86,Tres Olivos,2011,6,,,,57.2,66.5,60.8,52.7,39.9,36.0,2011-06-01,Junio,2011-06,Junio
RF-04,Plaza de España,2011,6,,,,65.4,74.0,67.8,63.6,58.8,52.0,2011-06-01,Junio,2011-06,Junio
RF-11,Ramón y Cajal,2011,6,,,,67.3,73.9,70.4,65.6,54.0,44.1,2011-06-01,Junio,2011-06,Junio
RF-01,Paseo de Recoletos,2011,6,,,,66.8,73.6,69.7,65.1,58.3,51.2,2011-06-01,Junio,2011-06,Junio
RF-20,Avenida de Moratalaz,2011,6,,,,62.9,71.7,65.0,58.9,47.8,40.0,2011-06-01,Junio,2011-06,Junio
RF-55,Urb Embajada 2,2011,6,,,,54.9,62.5,57.4,51.9,45.2,40.6,2011-06-01,Junio,2011-06,Junio
RF-03,Plaza del Carmen,2011,6,,,,61.6,69.6,64.3,59.1,54.7,50.9,2011-06-01,Junio,2011-06,Junio
RF-16,Arturo Soria,2011,6,,,,60.4,67.0,63.6,58.4,45.9,38.0,2011-06-01,Junio,2011-06,Junio
RF-48,Castellana,2011,6,,,,62.5,68.8,65.2,61.4,55.3,47.4,2011-06-01,Junio,2011-06,Junio
RF-13,Vallecas,2011,6,,,,57.6,66.0,60.2,54.6,42.5,36.6,2011-06-01,Junio,2011-06,Junio
RF-10,Cuatro Caminos,2011,6,,,,64.4,72.5,67.8,60.7,54.8,47.5,2011-06-01,Junio,2011-06,Junio
RF-04,Plaza de España,2011,7,,,,69.0,82.9,67.9,63.5,58.9,52.2,2011-07-01,Julio,2011-07,Julio
RF-10,Cuatro Caminos,2011,7,,,,63.9,71.8,67.2,60.0,55.3,50.7,2011-07-01,Julio,2011-07,Julio
RF-14,Plaza Elíptica,2011,7,,,,63.9,70.2,66.4,61.8,56.1,49.6,2011-07-01,Julio,2011-07,Julio
RF-17,Villaverde,2011,7,,,,58.5,68.3,61.9,53.9,41.9,36.9,2011-07-01,Julio,2011-07,Julio
RF-08,Escuelas Aguirre,2011,7,,,,67.8,74.7,70.9,65.9,59.6,52.9,2011-07-01,Julio,2011-07,Julio
RF-31,Sanchinarro,2011,7,,,,60.4,70.3,65.4,52.2,42.4,37.2,2011-07-01,Julio,2011-07,Julio
RF-05,Barrio del Pilar,2011,7,,,,61.3,68.2,64.5,59.1,50.1,42.3,2011-07-01,Julio,2011-07,Julio
RF-24,Casa de Campo,2011,7,,,,53.2,60.0,53.5,49.0,43.5,40.2,2011-07-01,Julio,2011-07,Julio
RF-16,Arturo Soria,2011,7,,,,59.4,66.0,62.7,57.3,45.3,39.2,2011-07-01,Julio,2011-07,Julio
RF-47,Mendez Álvaro,2011,7,,,,56.2,67.5,56.8,51.1,42.7,38.8,2011-07-01,Julio,2011-07,Julio
RF-48,Castellana,2011,7,,,,62.9,70.4,65.1,61.1,55.2,47.8,2011-07-01,Julio,2011-07,Julio
RF-12,Manuel Becerra,2011,7,,,,63.6,70.0,64.7,60.6,53.7,47.1,2011-07-01,Julio,2011-07,Julio
RF-11,Ramón y Cajal,2011,7,,,,66.5,73.0,69.7,64.5,53.9,44.3,2011-07-01,Julio,2011-07,Julio
RF-13,Vallecas,2011,7,,,,70.5,85.3,61.7,55.1,44.0,37.9,2011-07-01,Julio,2011-07,Julio
RF-30,Campo de las Naciones,2011,7,,,,58.3,65.9,61.6,56.0,45.8,40.2,2011-07-01,Julio,2011-07,Julio
RF-27,Barajas Pueblo,2011,7,,,,59.7,69.8,63.5,52.9,44.9,38.1,2011-07-01,Julio,2011-07,Julio
RF-54,Ensanche de Vallecas,2011,7,,,,58.5,66.3,61.7,56.1,47.7,39.0,2011-07-01,Julio,2011-07,Julio
RF-01,Paseo de Recoletos,2011,7,,,,66.5,73.0,69.2,64.7,58.1,51.0,2011-07-01,Julio,2011-07,Julio
RF-28,Cuatro Vientos,2011,7,,,,64.6,73.1,68.9,59.5,43.0,36.0,2011-07-01,Julio,2011-07,Julio
RF-86,Tres Olivos,2011,7,,,,56.1,65.7,59.7,51.5,39.0,35.6,2011-07-01,Julio,2011-07,Julio
RF-26,Embajada,2011,7,,,,61.3,69.4,65.7,56.8,49.7,43.6,2011-07-01,Julio,2011-07,Julio
RF-55,Urb Embajada 2,2011,7,,,,54.2,61.7,56.6,51.6,46.2,42.5,2011-07-01,Julio,2011-07,Julio
RF-29,El Pardo,2011,7,,,,58.5,66.9,62.3,53.4,39.0,32.1,2011-07-01,Julio,2011-07,Julio
RF-50,Plaza de Castilla,2011,7,,,,65.4,71.8,67.4,63.4,57.2,50.8,2011-07-01,Julio,2011-07,Julio
RF-03,Plaza del Carmen,2011,7,,,,61.6,69.8,64.2,58.9,54.5,51.1,2011-07-01,Julio,2011-07,Julio
RF-20,Avenida de Moratalaz,2011,7,,,,61.4,70.6,64.3,57.5,48.0,40.8,2011-07-01,Julio,2011-07,Julio
RF-19,Alto de Extremadura,2011,7,,,,60.2,69.4,62.7,56.6,49.5,42.1,2011-07-01,Julio,2011-07,Julio
RF-18,General Ricardos ubicación antigua,2011,7,,,,57.2,66.1,57.4,50.8,44.2,39.7,2011-07-01,Julio,2011-07,Julio
RF-20,Avenida de Moratalaz,2011,8,,,,60.3,69.6,63.1,56.1,45.6,38.9,2011-08-01,Agosto,2011-08,Agosto
RF-24,Casa de Campo,2011,8,,,,50.1,56.7,52.3,48.1,42.6,40.1,2011-08-01,Agosto,2011-08,Agosto
RF-18,General Ricardos ubicación antigua,2011,8,,,,55.7,64.2,56.0,48.9,43.1,38.9,2011-08-01,Agosto,2011-08,Agosto
RF-03,Plaza del Carmen,2011,8,,,,63.9,74.0,63.8,57.9,53.4,49.7,2011-08-01,Agosto,2011-08,Agosto
RF-47,Mendez Álvaro,2011,8,,,,55.8,67.3,56.5,49.9,40.7,37.6,2011-08-01,Agosto,2011-08,Agosto
RF-16,Arturo Soria,2011,8,,,,58.8,65.8,62.5,56.4,43.6,38.1,2011-08-01,Agosto,2011-08,Agosto
RF-31,Sanchinarro,2011,8,,,,59.6,70.0,64.1,51.1,41.6,35.8,2011-08-01,Agosto,2011-08,Agosto
RF-08,Escuelas Aguirre,2011,8,,,,67.3,77.4,69.9,64.6,58.1,52.2,2011-08-01,Agosto,2011-08,Agosto
RF-48,Castellana,2011,8,,,,61.5,69.2,64.1,59.5,53.0,44.9,2011-08-01,Agosto,2011-08,Agosto
RF-17,Villaverde,2011,8,,,,57.8,67.7,61.4,52.7,41.1,37.2,2011-08-01,Agosto,2011-08,Agosto
RF-54,Ensanche de Vallecas,2011,8,,,,58.2,66.0,61.1,55.3,45.9,36.9,2011-08-01,Agosto,2011-08,Agosto
RF-04,Plaza de España,2011,8,,,,66.2,76.7,68.0,63.1,58.2,51.3,2011-08-01,Agosto,2011-08,Agosto
RF-19,Alto de Extremadura,2011,8,,,,59.6,69.0,62.0,55.4,47.9,42.0,2011-08-01,Agosto,2011-08,Agosto
RF-50,Plaza de Castilla,2011,8,,,,64.7,70.8,70.8,62.3,56.0,50.3,2011-08-01,Agosto,2011-08,Agosto
RF-86,Tres Olivos,2011,8,,,,55.7,65.2,58.4,50.2,38.6,35.6,2011-08-01,Agosto,2011-08,Agosto
RF-30,Campo de las Naciones,2011,8,,,,58.3,65.5,61.1,56.5,47.7,41.8,2011-08-01,Agosto,2011-08,Agosto
RF-05,Barrio del Pilar,2011,8,,,,60.9,68.1,64.2,58.0,49.4,41.1,2011-08-01,Agosto,2011-08,Agosto
RF-55,Urb Embajada 2,2011,8,,,,53.6,61.6,55.8,50.1,43.8,40.8,2011-08-01,Agosto,2011-08,Agosto
RF-27,Barajas Pueblo,2011,8,,,,59.4,69.8,63.0,52.3,44.3,37.0,2011-08-01,Agosto,2011-08,Agosto
RF-26,Embajada,2011,8,,,,61.0,69.5,69.5,55.9,49.8,43.8,2011-08-01,Agosto,2011-08,Agosto
RF-10,Cuatro Caminos,2011,8,,,,62.0,70.8,65.6,57.3,48.6,43.1,2011-08-01,Agosto,2011-08,Agosto
RF-13,Vallecas,2011,8,,,,57.1,66.0,59.8,54.1,41.7,36.8,2011-08-01,Agosto,2011-08,Agosto
RF-29,El Pardo,2011,8,,,,57.3,66.6,61.3,51.4,38.7,32.1,2011-08-01,Agosto,2011-08,Agosto
RF-12,Manuel Becerra,2011,8,,,,63.2,68.9,64.1,59.8,52.5,45.7,2011-08-01,Agosto,2011-08,Agosto
RF-28,Cuatro Vientos,2011,8,,,,64.5,73.2,68.3,58.6,42.6,36.8,2011-08-01,Agosto,2011-08,Agosto
RF-14,Plaza Elíptica,2011,8,,,,63.5,69.9,66.2,61.5,54.9,48.4,2011-08-01,Agosto,2011-08,Agosto
RF-11,Ramón y Cajal,2011,8,,,,65.4,72.2,68.8,62.7,51.5,43.3,2011-08-01,Agosto,2011-08,Agosto
RF-12,Manuel Becerra,2011,9,,,,63.5,70.0,65.2,61.2,53.6,46.3,2011-09-01,Septiembre,2011-09,Septiembre
RF-03,Plaza del Carmen,2011,9,,,,61.6,70.0,64.2,58.6,53.5,48.8,2011-09-01,Septiembre,2011-09,Septiembre
RF-28,Cuatro Vientos,2011,9,,,,64.9,73.4,69.3,59.7,43.0,36.3,2011-09-01,Septiembre,2011-09,Septiembre
RF-13,Vallecas,2011,9,,,,57.8,66.7,60.6,54.5,41.7,37.1,2011-09-01,Septiembre,2011-09,Septiembre
RF-05,Barrio del Pilar,2011,9,,,,62.0,70.0,65.2,59.3,49.1,41.6,2011-09-01,Septiembre,2011-09,Septiembre
RF-19,Alto de Extremadura,2011,9,,,,60.3,69.2,62.8,56.7,48.1,39.9,2011-09-01,Septiembre,2011-09,Septiembre
RF-16,Arturo Soria,2011,9,,,,60.1,66.7,63.5,58.2,44.4,37.8,2011-09-01,Septiembre,2011-09,Septiembre
RF-14,Plaza Elíptica,2011,9,,,,65.4,75.3,67.2,62.6,55.3,48.9,2011-09-01,Septiembre,2011-09,Septiembre
RF-29,El Pardo,2011,9,,,,59.6,67.7,62.2,52.9,38.7,32.7,2011-09-01,Septiembre,2011-09,Septiembre
RF-48,Castellana,2011,9,,,,62.5,68.8,65.1,61.4,54.9,46.4,2011-09-01,Septiembre,2011-09,Septiembre
RF-27,Barajas Pueblo,2011,9,,,,60.5,70.5,64.5,52.9,44.0,37.2,2011-09-01,Septiembre,2011-09,Septiembre
RF-11,Ramón y Cajal,2011,9,,,,67.0,73.4,70.1,65.3,53.4,43.6,2011-09-01,Septiembre,2011-09,Septiembre
RF-10,Cuatro Caminos,2011,9,,,,63.9,72.2,67.6,59.8,50.9,43.0,2011-09-01,Septiembre,2011-09,Septiembre
RF-17,Villaverde,2011,9,,,,57.7,67.4,60.9,53.0,40.4,35.4,2011-09-01,Septiembre,2011-09,Septiembre
RF-47,Mendez Álvaro,2011,9,,,,56.5,68.0,56.7,49.8,40.9,37.4,2011-09-01,Septiembre,2011-09,Septiembre
RF-20,Avenida de Moratalaz,2011,9,,,,61.6,70.5,64.9,57.9,46.1,38.6,2011-09-01,Septiembre,2011-09,Septiembre
RF-08,Escuelas Aguirre,2011,9,,,,68.0,74.8,71.1,66.1,59.6,52.1,2011-09-01,Septiembre,2011-09,Septiembre
RF-30,Campo de las Naciones,2011,9,,,,59.7,66.5,62.7,58.0,44.2,39.1,2011-09-01,Septiembre,2011-09,Septiembre
RF-86,Tres Olivos,2011,9,,,,56.8,65.9,60.5,52.1,38.2,35.5,2011-09-01,Septiembre,2011-09,Septiembre
RF-31,Sanchinarro,2011,9,,,,60.6,70.6,65.5,52.5,41.9,36.0,2011-09-01,Septiembre,2011-09,Septiembre
RF-26,Embajada,2011,9,,,,61.8,69.7,66.0,57.2,49.5,43.5,2011-09-01,Septiembre,2011-09,Septiembre
RF-24,Casa de Campo,2011,9,,,,49.4,56.9,52.2,46.9,42.4,40.3,2011-09-01,Septiembre,2011-09,Septiembre
RF-18,General Ricardos ubicación antigua,2011,9,,,,55.5,65.3,56.7,49.7,42.6,38.5,2011-09-01,Septiembre,2011-09,Septiembre
RF-54,Ensanche de Vallecas,2011,9,,,,59.0,66.8,62.4,56.8,45.8,37.4,2011-09-01,Septiembre,2011-09,Septiembre
RF-55,Urb Embajada 2,2011,9,,,,54.8,62.2,56.8,50.5,44.1,40.8,2011-09-01,Septiembre,2011-09,Septiembre
RF-04,Plaza de España,2011,9,,,,66.0,74.6,68.4,64.0,59.4,51.7,2011-09-01,Septiembre,2011-09,Septiembre
RF-04,Plaza de España,2011,10,,,,66.0,73.9,68.3,64.2,59.3,51.7,2011-10-01,Octubre,2011-10,Octubre
RF-31,Sanchinarro,2011,10,,,,61.4,71.4,66.2,53.4,43.2,37.5,2011-10-01,Octubre,2011-10,Octubre
RF-29,El Pardo,2011,10,,,,58.2,67.4,62.4,51.8,36.5,31.8,2011-10-01,Octubre,2011-10,Octubre
RF-08,Escuelas Aguirre,2011,10,,,,68.5,75.4,71.7,66.6,60.0,52.5,2011-10-01,Octubre,2011-10,Octubre
RF-54,Ensanche de Vallecas,2011,10,,,,60.0,67.7,63.3,57.7,46.1,39.7,2011-10-01,Octubre,2011-10,Octubre
RF-05,Barrio del Pilar,2011,10,,,,66.5,77.8,66.4,60.5,50.2,42.3,2011-10-01,Octubre,2011-10,Octubre
RF-16,Arturo Soria,2011,10,,,,60.9,67.4,64.2,58.8,45.1,38.0,2011-10-01,Octubre,2011-10,Octubre
RF-28,Cuatro Vientos,2011,10,,,,65.8,74.2,70.2,60.6,44.1,36.2,2011-10-01,Octubre,2011-10,Octubre
RF-48,Castellana,2011,10,,,,63.2,68.9,65.8,62.0,55.4,47.1,2011-10-01,Octubre,2011-10,Octubre
RF-14,Plaza Elíptica,2011,10,,,,67.9,80.6,67.7,63.1,55.9,49.2,2011-10-01,Octubre,2011-10,Octubre
RF-11,Ramón y Cajal,2011,10,,,,67.7,74.0,70.7,65.9,54.2,43.7,2011-10-01,Octubre,2011-10,Octubre
RF-12,Manuel Becerra,2011,10,,,,63.9,70.4,65.3,61.4,54.3,47.3,2011-10-01,Octubre,2011-10,Octubre
RF-19,Alto de Extremadura,2011,10,,,,60.5,69.3,63.3,57.1,48.0,38.6,2011-10-01,Octubre,2011-10,Octubre
RF-17,Villaverde,2011,10,,,,57.1,65.5,59.9,53.1,41.0,35.6,2011-10-01,Octubre,2011-10,Octubre
RF-20,Avenida de Moratalaz,2011,10,,,,62.3,70.9,65.5,58.6,47.0,39.8,2011-10-01,Octubre,2011-10,Octubre
RF-86,Tres Olivos,2011,10,,,,57.2,66.6,60.9,52.0,38.8,36.1,2011-10-01,Octubre,2011-10,Octubre
RF-26,Embajada,2011,10,,,,62.2,70.2,66.4,57.9,50.0,43.5,2011-10-01,Octubre,2011-10,Octubre
RF-24,Casa de Campo,2011,10,,,,49.8,57.6,53.1,47.0,42.8,40.4,2011-10-01,Octubre,2011-10,Octubre
RF-18,General Ricardos ubicación antigua,2011,10,,,,56.0,65.3,57.2,50.0,42.6,38.4,2011-10-01,Octubre,2011-10,Octubre
RF-55,Urb Embajada 2,2011,10,,,,55.2,63.1,57.4,50.7,43.9,40.5,2011-10-01,Octubre,2011-10,Octubre
RF-50,Plaza de Castilla,2011,10,,,,66.4,72.8,68.0,64.6,57.8,50.8,2011-10-01,Octubre,2011-10,Octubre
RF-30,Campo de las Naciones,2011,10,,,,59.8,67.6,63.1,57.6,44.8,39.6,2011-10-01,Octubre,2011-10,Octubre
RF-10,Cuatro Caminos,2011,10,,,,64.8,73.0,68.4,61.0,53.9,46.3,2011-10-01,Octubre,2011-10,Octubre
RF-13,Vallecas,2011,10,,,,58.3,66.6,60.6,54.4,43.2,38.8,2011-10-01,Octubre,2011-10,Octubre
RF-47,Mendez Álvaro,2011,10,,,,56.3,67.3,56.9,49.9,41.4,38.1,2011-10-01,Octubre,2011-10,Octubre
RF-03,Plaza del Carmen,2011,10,,,,61.7,69.9,64.4,58.6,53.0,48.1,2011-10-01,Octubre,2011-10,Octubre
RF-27,Barajas Pueblo,2011,10,,,,61.5,71.4,65.4,54.2,44.6,37.6,2011-10-01,Octubre,2011-10,Octubre
RF-47,Mendez Álvaro,2011,11,,,,55.8,66.7,57.1,49.7,42.0,38.3,2011-11-01,Noviembre,2011-11,Noviembre
RF-12,Manuel Becerra,2011,11,,,,64.0,70.4,65.6,61.7,54.5,47.1,2011-11-01,Noviembre,2011-11,Noviembre
RF-29,El Pardo,2011,11,,,,58.4,68.0,63.0,51.7,37.1,32.2,2011-11-01,Noviembre,2011-11,Noviembre
RF-03,Plaza del Carmen,2011,11,,,,61.7,70.2,64.5,58.3,52.3,46.7,2011-11-01,Noviembre,2011-11,Noviembre
RF-28,Cuatro Vientos,2011,11,,,,66.4,74.7,70.9,61.3,43.8,36.4,2011-11-01,Noviembre,2011-11,Noviembre
RF-13,Vallecas,2011,11,,,,57.5,65.8,60.7,54.1,42.4,37.2,2011-11-01,Noviembre,2011-11,Noviembre
RF-17,Villaverde,2011,11,,,,63.1,74.3,60.8,53.0,40.9,34.8,2011-11-01,Noviembre,2011-11,Noviembre
RF-11,Ramón y Cajal,2011,11,,,,68.4,74.6,71.4,66.8,54.2,42.4,2011-11-01,Noviembre,2011-11,Noviembre
RF-16,Arturo Soria,2011,11,,,,61.9,68.4,65.3,60.0,46.1,37.5,2011-11-01,Noviembre,2011-11,Noviembre
RF-14,Plaza Elíptica,2011,11,,,,65.4,71.5,68.0,63.7,56.2,49.3,2011-11-01,Noviembre,2011-11,Noviembre
RF-08,Escuelas Aguirre,2011,11,,,,69.3,76.0,72.5,67.5,60.8,52.2,2011-11-01,Noviembre,2011-11,Noviembre
RF-48,Castellana,2011,11,,,,63.8,69.7,66.6,62.7,55.6,46.3,2011-11-01,Noviembre,2011-11,Noviembre
RF-05,Barrio del Pilar,2011,11,,,,65.3,76.2,66.0,60.0,48.5,40.3,2011-11-01,Noviembre,2011-11,Noviembre
RF-10,Cuatro Caminos,2011,11,,,,65.5,73.7,69.1,61.5,51.5,43.8,2011-11-01,Noviembre,2011-11,Noviembre
RF-54,Ensanche de Vallecas,2011,11,,,,60.8,68.6,64.3,58.5,45.0,37.8,2011-11-01,Noviembre,2011-11,Noviembre
RF-19,Alto de Extremadura,2011,11,,,,61.0,69.4,63.9,57.8,48.0,37.8,2011-11-01,Noviembre,2011-11,Noviembre
RF-20,Avenida de Moratalaz,2011,11,,,,63.3,72.1,66.4,59.5,46.3,39.5,2011-11-01,Noviembre,2011-11,Noviembre
RF-31,Sanchinarro,2011,11,,,,62.5,72.6,67.5,54.3,43.3,37.4,2011-11-01,Noviembre,2011-11,Noviembre
RF-50,Plaza de Castilla,2011,11,,,,66.9,72.8,68.7,65.1,58.2,50.8,2011-11-01,Noviembre,2011-11,Noviembre
RF-86,Tres Olivos,2011,11,,,,57.5,67.0,61.4,52.3,39.2,36.0,2011-11-01,Noviembre,2011-11,Noviembre
RF-30,Campo de las Naciones,2011,11,,,,60.7,68.2,64.0,58.7,44.1,39.1,2011-11-01,Noviembre,2011-11,Noviembre
RF-26,Embajada,2011,11,,,,63.2,71.1,67.7,59.1,49.6,42.5,2011-11-01,Noviembre,2011-11,Noviembre
RF-27,Barajas Pueblo,2011,11,,,,61.9,72.1,66.2,54.6,44.4,37.5,2011-11-01,Noviembre,2011-11,Noviembre
RF-04,Plaza de España,2011,11,,,,66.4,75.3,68.5,64.5,59.1,51.8,2011-11-01,Noviembre,2011-11,Noviembre
RF-55,Urb Embajada 2,2011,11,,,,55.4,63.7,58.0,51.3,45.2,40.4,2011-11-01,Noviembre,2011-11,Noviembre
RF-24,Casa de Campo,2011,11,,,,49.3,56.7,52.0,47.1,43.4,40.8,2011-11-01,Noviembre,2011-11,Noviembre
RF-18,General Ricardos ubicación antigua,2011,11,,,,55.0,63.8,57.4,50.2,42.4,38.2,2011-11-01,Noviembre,2011-11,Noviembre
RF-86,Tres Olivos,2011,12,,,,57.4,66.7,61.0,52.1,39.7,36.4,2011-12-01,Diciembre,2011-12,Diciembre
RF-48,Castellana,2011,12,,,,63.9,69.6,66.6,62.7,55.8,48.0,2011-12-01,Diciembre,2011-12,Diciembre
RF-10,Cuatro Caminos,2011,12,,,,65.3,73.3,68.9,61.1,51.1,44.6,2011-12-01,Diciembre,2011-12,Diciembre
RF-04,Plaza de España,2011,12,,,,66.8,75.1,69.0,64.9,60.1,53.6,2011-12-01,Diciembre,2011-12,Diciembre
RF-55,Urb Embajada 2,2011,12,,,,56.9,63.3,58.0,51.0,44.2,41.2,2011-12-01,Diciembre,2011-12,Diciembre
RF-30,Campo de las Naciones,2011,12,,,,59.9,67.2,63.5,57.4,44.4,39.6,2011-12-01,Diciembre,2011-12,Diciembre
RF-01,Paseo de Recoletos,2011,12,,,,68.9,76.3,71.8,66.5,59.0,52.8,2011-12-01,Diciembre,2011-12,Diciembre
RF-50,Plaza de Castilla,2011,12,,,,66.1,72.3,68.0,64.0,28.6,28.1,2011-12-01,Diciembre,2011-12,Diciembre
RF-14,Plaza Elíptica,2011,12,,,,65.6,71.6,68.1,63.8,56.9,50.6,2011-12-01,Diciembre,2011-12,Diciembre
RF-18,General Ricardos ubicación antigua,2011,12,,,,61.5,64.4,57.2,49.7,42.2,37.5,2011-12-01,Diciembre,2011-12,Diciembre
RF-20,Avenida de Moratalaz,2011,12,,,,62.9,71.0,66.2,59.3,47.6,40.5,2011-12-01,Diciembre,2011-12,Diciembre
RF-16,Arturo Soria,2011,12,,,,63.5,67.9,65.0,59.7,46.5,38.7,2011-12-01,Diciembre,2011-12,Diciembre
RF-11,Ramón y Cajal,2011,12,,,,68.3,74.4,71.4,66.6,55.4,45.0,2011-12-01,Diciembre,2011-12,Diciembre
RF-17,Villaverde,2011,12,,,,65.5,78.2,60.8,52.8,41.9,35.7,2011-12-01,Diciembre,2011-12,Diciembre
RF-24,Casa de Campo,2011,12,,,,49.7,57.2,52.3,47.6,43.1,40.7,2011-12-01,Diciembre,2011-12,Diciembre
RF-03,Plaza del Carmen,2011,12,,,,62.0,70.0,64.5,58.9,52.7,47.4,2011-12-01,Diciembre,2011-12,Diciembre
RF-47,Mendez Álvaro,2011,12,,,,59.0,69.2,58.6,49.6,42.4,39.1,2011-12-01,Diciembre,2011-12,Diciembre
RF-26,Embajada,2011,12,,,,63.2,71.3,67.7,58.6,50.3,43.3,2011-12-01,Diciembre,2011-12,Diciembre
RF-27,Barajas Pueblo,2011,12,,,,63.4,72.4,66.2,53.6,43.0,36.4,2011-12-01,Diciembre,2011-12,Diciembre
RF-19,Alto de Extremadura,2011,12,,,,61.6,69.4,63.9,58.0,49.0,40.1,2011-12-01,Diciembre,2011-12,Diciembre
RF-12,Manuel Becerra,2011,12,,,,64.2,70.6,65.2,61.5,54.8,48.3,2011-12-01,Diciembre,2011-12,Diciembre
RF-29,El Pardo,2011,12,,,,59.0,68.9,63.7,50.9,36.3,31.6,2011-12-01,Diciembre,2011-12,Diciembre
RF-13,Vallecas,2011,12,,,,60.4,66.3,60.7,54.1,43.1,37.7,2011-12-01,Diciembre,2011-12,Diciembre
RF-28,Cuatro Vientos,2011,12,,,,67.2,75.1,71.2,61.5,45.3,37.6,2011-12-01,Diciembre,2011-12,Diciembre
RF-05,Barrio del Pilar,2011,12,,,,64.5,75.3,65.7,59.8,48.0,39.6,2011-12-01,Diciembre,2011-12,Diciembre
RF-54,Ensanche de Vallecas,2011,12,,,,61.0,68.5,64.5,59.0,45.9,39.0,2011-12-01,Diciembre,2011-12,Diciembre
RF-31,Sanchinarro,2011,12,,,,63.2,72.8,68.3,55.7,44.5,38.5,2011-12-01,Diciembre,2011-12,Diciembre
RF-08,Escuelas Aguirre,2011,12,,,,69.4,76.0,72.4,67.5,61.3,53.8,2011-12-01,Diciembre,2011-12,Diciembre
RF-17,Villaverde,2012,1,,,,60.1,65.0,58.9,52.2,42.0,36.9,2012-01-01,Enero,2012-01,Enero
RF-26,Embajada,2012,1,,,,62.9,71.4,67.6,58.0,50.3,43.5,2012-01-01,Enero,2012-01,Enero
RF-27,Barajas Pueblo,2012,1,,,,63.6,72.6,66.6,54.5,44.0,37.9,2012-01-01,Enero,2012-01,Enero
RF-86,Tres Olivos,2012,1,,,,58.1,66.9,61.2,52.0,39.3,36.6,2012-01-01,Enero,2012-01,Enero
RF-14,Plaza Elíptica,2012,1,,,,65.5,71.5,68.0,63.6,56.2,49.0,2012-01-01,Enero,2012-01,Enero
RF-16,Arturo Soria,2012,1,,,,61.6,67.9,65.1,59.7,45.0,37.8,2012-01-01,Enero,2012-01,Enero
RF-20,Avenida de Moratalaz,2012,1,,,,62.9,71.2,66.1,59.1,46.3,40.2,2012-01-01,Enero,2012-01,Enero
RF-19,Alto de Extremadura,2012,1,,,,61.3,69.2,63.9,57.9,48.2,39.0,2012-01-01,Enero,2012-01,Enero
RF-31,Sanchinarro,2012,1,,,,63.5,72.8,68.1,55.1,44.0,38.7,2012-01-01,Enero,2012-01,Enero
RF-03,Plaza del Carmen,2012,1,,,,62.6,69.8,64.1,58.1,52.1,47.3,2012-01-01,Enero,2012-01,Enero
RF-47,Mendez Álvaro,2012,1,,,,64.7,67.6,57.0,49.2,42.2,38.6,2012-01-01,Enero,2012-01,Enero
RF-48,Castellana,2012,1,,,,63.9,69.3,66.5,62.5,54.8,46.1,2012-01-01,Enero,2012-01,Enero
RF-05,Barrio del Pilar,2012,1,,,,62.8,68.8,65.4,59.9,47.7,39.4,2012-01-01,Enero,2012-01,Enero
RF-28,Cuatro Vientos,2012,1,,,,66.6,74.9,71.0,61.0,43.6,36.2,2012-01-01,Enero,2012-01,Enero
RF-11,Ramón y Cajal,2012,1,,,,68.4,74.6,71.4,66.5,53.9,43.5,2012-01-01,Enero,2012-01,Enero
RF-24,Casa de Campo,2012,1,,,,49.2,56.7,51.9,46.5,42.1,40.4,2012-01-01,Enero,2012-01,Enero
RF-08,Escuelas Aguirre,2012,1,,,,68.9,75.6,72.3,67.1,59.9,51.9,2012-01-01,Enero,2012-01,Enero
RF-55,Urb Embajada 2,2012,1,,,,55.9,63.5,58.1,51.1,44.3,41.3,2012-01-01,Enero,2012-01,Enero
RF-04,Plaza de España,2012,1,,,,67.8,75.9,69.0,64.9,59.7,53.0,2012-01-01,Enero,2012-01,Enero
RF-29,El Pardo,2012,1,,,,59.0,68.6,63.6,51.0,35.5,31.0,2012-01-01,Enero,2012-01,Enero
RF-50,Plaza de Castilla,2012,1,,,,66.8,72.8,68.4,64.9,58.3,50.8,2012-01-01,Enero,2012-01,Enero
RF-54,Ensanche de Vallecas,2012,1,,,,60.9,68.6,64.5,58.9,45.9,39.7,2012-01-01,Enero,2012-01,Enero
RF-13,Vallecas,2012,1,,,,59.2,65.7,60.5,53.8,42.6,37.3,2012-01-01,Enero,2012-01,Enero
RF-10,Cuatro Caminos,2012,1,,,,65.3,73.4,68.9,60.9,50.8,44.4,2012-01-01,Enero,2012-01,Enero
RF-30,Campo de las Naciones,2012,1,,,,60.4,67.5,63.7,57.5,44.3,39.3,2012-01-01,Enero,2012-01,Enero
RF-18,General Ricardos ubicación antigua,2012,1,,,,64.6,63.8,57.4,50.2,43.1,38.7,2012-01-01,Enero,2012-01,Enero
RF-12,Manuel Becerra,2012,1,,,,64.2,70.0,65.0,61.4,54.2,47.2,2012-01-01,Enero,2012-01,Enero
RF-01,Paseo de Recoletos,2012,1,,,,68.7,74.9,72.0,66.5,59.1,51.0,2012-01-01,Enero,2012-01,Enero
RF-11,Ramón y Cajal,2012,2,,,,68.2,74.3,71.2,66.5,53.3,43.3,2012-02-01,Febrero,2012-02,Febrero
RF-16,Arturo Soria,2012,2,,,,61.3,67.7,64.7,59.4,44.3,37.1,2012-02-01,Febrero,2012-02,Febrero
RF-17,Villaverde,2012,2,,,,56.4,66.4,58.9,52.2,40.3,36.2,2012-02-01,Febrero,2012-02,Febrero
RF-30,Campo de las Naciones,2012,2,,,,60.4,68.3,63.7,58.0,43.9,38.2,2012-02-01,Febrero,2012-02,Febrero
RF-28,Cuatro Vientos,2012,2,,,,66.2,74.8,70.8,60.9,41.4,34.7,2012-02-01,Febrero,2012-02,Febrero
RF-13,Vallecas,2012,2,,,,57.7,66.2,60.8,54.2,41.9,38.0,2012-02-01,Febrero,2012-02,Febrero
RF-05,Barrio del Pilar,2012,2,,,,61.7,68.5,65.0,59.4,46.4,38.8,2012-02-01,Febrero,2012-02,Febrero
RF-03,Plaza del Carmen,2012,2,,,,66.7,76.8,64.8,57.8,51.7,46.8,2012-02-01,Febrero,2012-02,Febrero
RF-24,Casa de Campo,2012,2,,,,49.9,57.2,52.2,47.5,43.7,40.4,2012-02-01,Febrero,2012-02,Febrero
RF-50,Plaza de Castilla,2012,2,,,,66.6,72.8,68.2,64.6,57.3,49.6,2012-02-01,Febrero,2012-02,Febrero
RF-31,Sanchinarro,2012,2,,,,62.5,72.4,67.5,54.5,42.5,38.1,2012-02-01,Febrero,2012-02,Febrero
RF-19,Alto de Extremadura,2012,2,,,,60.9,68.9,63.7,57.6,47.2,36.7,2012-02-01,Febrero,2012-02,Febrero
RF-27,Barajas Pueblo,2012,2,,,,62.4,72.7,66.6,54.6,43.2,37.8,2012-02-01,Febrero,2012-02,Febrero
RF-86,Tres Olivos,2012,2,,,,57.0,66.5,61.0,51.8,38.6,36.4,2012-02-01,Febrero,2012-02,Febrero
RF-12,Manuel Becerra,2012,2,,,,63.8,70.4,64.9,61.1,53.2,45.7,2012-02-01,Febrero,2012-02,Febrero
RF-08,Escuelas Aguirre,2012,2,,,,68.6,75.7,72.1,66.2,58.9,49.5,2012-02-01,Febrero,2012-02,Febrero
RF-26,Embajada,2012,2,,,,62.8,71.1,67.5,57.7,48.9,42.3,2012-02-01,Febrero,2012-02,Febrero
RF-18,General Ricardos ubicación antigua,2012,2,,,,54.6,63.4,57.2,50.0,41.6,38.0,2012-02-01,Febrero,2012-02,Febrero
RF-55,Urb Embajada 2,2012,2,,,,55.1,63.3,58.1,51.2,44.1,41.6,2012-02-01,Febrero,2012-02,Febrero
RF-20,Avenida de Moratalaz,2012,2,,,,62.5,71.0,65.9,58.8,45.3,38.1,2012-02-01,Febrero,2012-02,Febrero
RF-47,Mendez Álvaro,2012,2,,,,56.0,67.3,57.1,49.2,41.6,38.5,2012-02-01,Febrero,2012-02,Febrero
RF-54,Ensanche de Vallecas,2012,2,,,,60.7,68.6,64.4,58.4,44.9,39.4,2012-02-01,Febrero,2012-02,Febrero
RF-10,Cuatro Caminos,2012,2,,,,65.3,73.1,68.9,61.6,55.0,52.3,2012-02-01,Febrero,2012-02,Febrero
RF-01,Paseo de Recoletos,2012,2,,,,68.5,74.7,71.8,66.3,58.6,49.7,2012-02-01,Febrero,2012-02,Febrero
RF-04,Plaza de España,2012,2,,,,65.8,73.4,68.3,64.2,58.7,51.2,2012-02-01,Febrero,2012-02,Febrero
RF-14,Plaza Elíptica,2012,2,,,,65.1,71.2,67.8,63.3,55.7,48.1,2012-02-01,Febrero,2012-02,Febrero
RF-48,Castellana,2012,2,,,,63.1,68.8,66.1,62.2,55.3,46.1,2012-02-01,Febrero,2012-02,Febrero
RF-29,El Pardo,2012,2,,,,58.4,68.0,63.0,50.8,34.6,30.9,2012-02-01,Febrero,2012-02,Febrero
RF-31,Sanchinarro,2012,3,,,,61.6,71.7,66.5,53.2,41.9,36.6,2012-03-01,Marzo,2012-03,Marzo
RF-04,Plaza de España,2012,3,,,,65.8,73.5,68.1,64.1,59.3,52.0,2012-03-01,Marzo,2012-03,Marzo
RF-27,Barajas Pueblo,2012,3,,,,62.4,72.6,66.4,53.7,42.4,36.7,2012-03-01,Marzo,2012-03,Marzo
RF-05,Barrio del Pilar,2012,3,,,,61.4,68.4,64.7,59.1,47.5,39.8,2012-03-01,Marzo,2012-03,Marzo
RF-13,Vallecas,2012,3,,,,57.4,65.9,60.2,53.7,41.8,37.9,2012-03-01,Marzo,2012-03,Marzo
RF-48,Castellana,2012,3,,,,63.2,69.5,66.0,62.1,54.9,45.9,2012-03-01,Marzo,2012-03,Marzo
RF-47,Mendez Álvaro,2012,3,,,,55.9,67.5,56.8,49.1,41.3,38.4,2012-03-01,Marzo,2012-03,Marzo
RF-50,Plaza de Castilla,2012,3,,,,66.3,72.8,67.9,64.1,57.2,49.8,2012-03-01,Marzo,2012-03,Marzo
RF-28,Cuatro Vientos,2012,3,,,,65.9,74.6,70.4,60.5,42.6,34.0,2012-03-01,Marzo,2012-03,Marzo
RF-10,Cuatro Caminos,2012,3,,,,64.7,72.8,68.3,60.8,53.5,46.1,2012-03-01,Marzo,2012-03,Marzo
RF-01,Paseo de Recoletos,2012,3,,,,68.3,74.7,71.4,66.2,58.9,51.0,2012-03-01,Marzo,2012-03,Marzo
RF-19,Alto de Extremadura,2012,3,,,,61.0,68.9,63.7,57.5,47.8,38.2,2012-03-01,Marzo,2012-03,Marzo
RF-12,Manuel Becerra,2012,3,,,,63.6,70.2,64.7,61.0,54.0,46.9,2012-03-01,Marzo,2012-03,Marzo
RF-55,Urb Embajada 2,2012,3,,,,55.3,63.8,57.4,50.3,43.7,41.1,2012-03-01,Marzo,2012-03,Marzo
RF-17,Villaverde,2012,3,,,,56.1,65.0,59.2,52.6,40.3,34.6,2012-03-01,Marzo,2012-03,Marzo
RF-24,Casa de Campo,2012,3,,,,53.5,64.5,56.7,48.2,43.3,41.1,2012-03-01,Marzo,2012-03,Marzo
RF-08,Escuelas Aguirre,2012,3,,,,68.5,76.0,71.9,66.1,59.2,50.7,2012-03-01,Marzo,2012-03,Marzo
RF-54,Ensanche de Vallecas,2012,3,,,,60.0,68.0,63.6,57.7,44.4,37.3,2012-03-01,Marzo,2012-03,Marzo
RF-18,General Ricardos ubicación antigua,2012,3,,,,58.5,65.1,58.2,50.8,42.1,38.1,2012-03-01,Marzo,2012-03,Marzo
RF-20,Avenida de Moratalaz,2012,3,,,,62.0,70.7,65.4,58.3,45.5,37.2,2012-03-01,Marzo,2012-03,Marzo
RF-16,Arturo Soria,2012,3,,,,61.1,67.8,64.4,59.0,45.0,36.8,2012-03-01,Marzo,2012-03,Marzo
RF-11,Ramón y Cajal,2012,3,,,,67.8,74.2,70.8,66.0,53.4,43.4,2012-03-01,Marzo,2012-03,Marzo
RF-26,Embajada,2012,3,,,,62.2,70.7,66.8,57.3,49.0,42.0,2012-03-01,Marzo,2012-03,Marzo
RF-14,Plaza Elíptica,2012,3,,,,65.2,71.6,67.6,63.2,56.1,49.0,2012-03-01,Marzo,2012-03,Marzo
RF-03,Plaza del Carmen,2012,3,,,,68.7,78.6,64.8,58.5,52.9,48.1,2012-03-01,Marzo,2012-03,Marzo
RF-86,Tres Olivos,2012,3,,,,58.0,66.4,60.8,51.9,38.5,35.8,2012-03-01,Marzo,2012-03,Marzo
RF-30,Campo de las Naciones,2012,3,,,,59.7,67.3,63.1,57.4,43.1,37.8,2012-03-01,Marzo,2012-03,Marzo
RF-29,El Pardo,2012,3,,,,57.9,67.5,62.6,50.9,35.0,30.8,2012-03-01,Marzo,2012-03,Marzo
RF-24,Casa de Campo,2012,4,,,,50.5,59.1,53.1,46.6,40.8,37.5,2012-04-01,Abril,2012-04,Abril
RF-05,Barrio del Pilar,2012,4,,,,61.3,68.7,64.5,58.7,46.6,38.3,2012-04-01,Abril,2012-04,Abril
RF-54,Ensanche de Vallecas,2012,4,,,,63.0,75.0,64.7,58.0,43.5,36.4,2012-04-01,Abril,2012-04,Abril
RF-11,Ramón y Cajal,2012,4,,,,68.2,74.4,70.9,65.7,53.0,42.6,2012-04-01,Abril,2012-04,Abril
RF-47,Mendez Álvaro,2012,4,,,,55.9,67.2,57.2,50.0,41.4,37.9,2012-04-01,Abril,2012-04,Abril
RF-12,Manuel Becerra,2012,4,,,,63.7,70.5,65.0,61.2,54.1,47.1,2012-04-01,Abril,2012-04,Abril
RF-03,Plaza del Carmen,2012,4,,,,62.1,71.0,64.7,58.6,53.2,48.4,2012-04-01,Abril,2012-04,Abril
RF-20,Avenida de Moratalaz,2012,4,,,,63.2,73.4,65.9,58.5,46.1,38.3,2012-04-01,Abril,2012-04,Abril
RF-10,Cuatro Caminos,2012,4,,,,64.4,72.7,68.0,60.3,52.2,44.5,2012-04-01,Abril,2012-04,Abril
RF-31,Sanchinarro,2012,4,,,,62.0,72.2,66.9,54.0,43.2,37.1,2012-04-01,Abril,2012-04,Abril
RF-18,General Ricardos ubicación antigua,2012,4,,,,60.2,67.3,58.6,50.9,39.8,35.5,2012-04-01,Abril,2012-04,Abril
RF-26,Embajada,2012,4,,,,62.2,70.7,66.8,57.5,49.2,41.6,2012-04-01,Abril,2012-04,Abril
RF-86,Tres Olivos,2012,4,,,,57.1,66.5,60.9,52.6,39.6,35.7,2012-04-01,Abril,2012-04,Abril
RF-27,Barajas Pueblo,2012,4,,,,62.7,72.0,65.8,53.1,41.0,34.5,2012-04-01,Abril,2012-04,Abril
RF-28,Cuatro Vientos,2012,4,,,,66.0,74.5,70.5,60.6,43.3,35.0,2012-04-01,Abril,2012-04,Abril
RF-29,El Pardo,2012,4,,,,58.1,67.8,62.6,50.6,34.6,30.3,2012-04-01,Abril,2012-04,Abril
RF-30,Campo de las Naciones,2012,4,,,,59.2,66.8,62.7,56.6,43.3,37.8,2012-04-01,Abril,2012-04,Abril
RF-08,Escuelas Aguirre,2012,4,,,,68.6,75.8,72.1,66.4,59.7,52.6,2012-04-01,Abril,2012-04,Abril
RF-16,Arturo Soria,2012,4,,,,61.1,67.8,64.7,59.0,44.9,36.7,2012-04-01,Abril,2012-04,Abril
RF-14,Plaza Elíptica,2012,4,,,,65.3,72.6,67.7,63.2,56.2,49.4,2012-04-01,Abril,2012-04,Abril
RF-48,Castellana,2012,4,,,,63.3,69.6,66.3,62.1,54.2,45.4,2012-04-01,Abril,2012-04,Abril
RF-50,Plaza de Castilla,2012,4,,,,66.5,72.8,68.4,64.5,57.5,50.6,2012-04-01,Abril,2012-04,Abril
RF-01,Paseo de Recoletos,2012,4,,,,68.2,74.9,71.4,65.9,58.3,50.3,2012-04-01,Abril,2012-04,Abril
RF-19,Alto de Extremadura,2012,4,,,,61.2,69.4,63.9,57.7,48.1,38.5,2012-04-01,Abril,2012-04,Abril
RF-55,Urb Embajada 2,2012,4,,,,55.6,64.1,57.5,50.4,43.3,40.9,2012-04-01,Abril,2012-04,Abril
RF-17,Villaverde,2012,4,,,,56.4,64.9,59.3,52.9,40.1,33.2,2012-04-01,Abril,2012-04,Abril
RF-13,Vallecas,2012,4,,,,62.4,67.5,60.3,53.4,41.4,37.2,2012-04-01,Abril,2012-04,Abril
RF-04,Plaza de España,2012,4,,,,65.5,73.1,67.8,63.8,58.2,50.8,2012-04-01,Abril,2012-04,Abril
RF-20,Avenida de Moratalaz,2012,5,,,,62.1,71.1,65.1,58.1,46.1,38.0,2012-05-01,Mayo,2012-05,Mayo
RF-54,Ensanche de Vallecas,2012,5,,,,59.6,67.7,63.0,57.2,45.2,38.1,2012-05-01,Mayo,2012-05,Mayo
RF-12,Manuel Becerra,2012,5,,,,64.5,71.9,65.4,61.3,53.9,46.3,2012-05-01,Mayo,2012-05,Mayo
RF-27,Barajas Pueblo,2012,5,,,,61.1,71.4,65.2,53.5,42.9,36.0,2012-05-01,Mayo,2012-05,Mayo
RF-10,Cuatro Caminos,2012,5,,,,64.3,72.4,67.7,60.6,54.2,49.6,2012-05-01,Mayo,2012-05,Mayo
RF-04,Plaza de España,2012,5,,,,65.5,73.4,67.8,63.9,59.0,51.5,2012-05-01,Mayo,2012-05,Mayo
RF-05,Barrio del Pilar,2012,5,,,,62.1,70.6,64.8,59.3,48.5,39.6,2012-05-01,Mayo,2012-05,Mayo
RF-24,Casa de Campo,2012,5,,,,50.2,58.8,52.9,46.8,40.2,38.2,2012-05-01,Mayo,2012-05,Mayo
RF-30,Campo de las Naciones,2012,5,,,,59.3,67.0,62.6,57.1,42.9,38.2,2012-05-01,Mayo,2012-05,Mayo
RF-13,Vallecas,2012,5,,,,57.7,65.2,59.8,54.0,42.1,37.9,2012-05-01,Mayo,2012-05,Mayo
RF-26,Embajada,2012,5,,,,61.7,69.8,66.1,57.5,48.8,41.4,2012-05-01,Mayo,2012-05,Mayo
RF-16,Arturo Soria,2012,5,,,,60.4,67.1,63.8,58.4,44.6,37.0,2012-05-01,Mayo,2012-05,Mayo
RF-31,Sanchinarro,2012,5,,,,61.5,71.7,66.4,53.2,43.4,38.1,2012-05-01,Mayo,2012-05,Mayo
RF-17,Villaverde,2012,5,,,,58.2,68.0,61.3,54.3,40.1,34.7,2012-05-01,Mayo,2012-05,Mayo
RF-19,Alto de Extremadura,2012,5,,,,60.9,69.8,63.6,57.2,47.8,38.3,2012-05-01,Mayo,2012-05,Mayo
RF-11,Ramón y Cajal,2012,5,,,,67.4,73.9,70.5,65.7,53.3,42.9,2012-05-01,Mayo,2012-05,Mayo
RF-48,Castellana,2012,5,,,,62.9,69.0,65.5,61.5,54.3,45.1,2012-05-01,Mayo,2012-05,Mayo
RF-50,Plaza de Castilla,2012,5,,,,66.0,72.8,67.7,63.9,57.5,50.6,2012-05-01,Mayo,2012-05,Mayo
RF-47,Mendez Álvaro,2012,5,,,,56.3,67.9,57.2,50.7,40.8,37.5,2012-05-01,Mayo,2012-05,Mayo
RF-14,Plaza Elíptica,2012,5,,,,65.0,72.0,67.1,62.8,56.2,49.6,2012-05-01,Mayo,2012-05,Mayo
RF-03,Plaza del Carmen,2012,5,,,,62.6,70.9,65.4,59.5,54.0,49.9,2012-05-01,Mayo,2012-05,Mayo
RF-55,Urb Embajada 2,2012,5,,,,55.0,63.5,57.1,50.6,43.6,40.9,2012-05-01,Mayo,2012-05,Mayo
RF-08,Escuelas Aguirre,2012,5,,,,68.6,75.6,71.7,66.2,60.1,54.0,2012-05-01,Mayo,2012-05,Mayo
RF-01,Paseo de Recoletos,2012,5,,,,68.1,75.3,70.8,65.9,58.2,50.3,2012-05-01,Mayo,2012-05,Mayo
RF-18,General Ricardos ubicación antigua,2012,5,,,,61.9,74.0,60.0,52.1,42.0,36.4,2012-05-01,Mayo,2012-05,Mayo
RF-28,Cuatro Vientos,2012,5,,,,65.4,73.9,69.7,60.2,43.7,36.5,2012-05-01,Mayo,2012-05,Mayo
RF-86,Tres Olivos,2012,5,,,,58.0,66.6,60.9,52.9,39.5,36.1,2012-05-01,Mayo,2012-05,Mayo
RF-29,El Pardo,2012,5,,,,58.0,67.3,61.4,51.8,35.2,30.4,2012-05-01,Mayo,2012-05,Mayo
RF-25,Santa Eugenia,2012,6,,,,62.3,67.5,64.9,61.8,54.8,47.0,2012-06-01,Junio,2012-06,Junio
RF-20,Avenida de Moratalaz,2012,6,,,,63.1,73.4,,58.5,,38.8,2012-06-01,Junio,2012-06,Junio
RF-18,General Ricardos ubicación antigua,2012,6,,,,56.3,65.3,,51.6,,36.3,2012-06-01,Junio,2012-06,Junio
RF-03,Plaza del Carmen,2012,6,,,,63.4,71.7,,60.1,,51.7,2012-06-01,Junio,2012-06,Junio
RF-10,Cuatro Caminos,2012,6,,,,64.2,72.1,,60.4,,44.8,2012-06-01,Junio,2012-06,Junio
RF-50,Plaza de Castilla,2012,6,,,,68.2,73.7,70.8,66.7,57.9,50.8,2012-06-01,Junio,2012-06,Junio
RF-55,Urb Embajada 2,2012,6,,,,54.6,62.4,,51.9,,41.4,2012-06-01,Junio,2012-06,Junio
RF-24,Casa de Campo,2012,6,,,,50.0,58.0,,47.3,,38.1,2012-06-01,Junio,2012-06,Junio
RF-12,Manuel Becerra,2012,6,,,,63.8,70.6,,61.2,54.0,47.5,2012-06-01,Junio,2012-06,Junio
RF-30,Campo de las Naciones,2012,6,,,,59.2,66.3,,57.3,,38.2,2012-06-01,Junio,2012-06,Junio
RF-06,Gregorio Marañón,2012,6,,,,69.3,76.0,72.2,66.0,60.5,54.1,2012-06-01,Junio,2012-06,Junio
RF-02,Carlos V,2012,6,,,,69.1,76.0,71.2,67.8,62.2,55.8,2012-06-01,Junio,2012-06,Junio
RF-11,Ramón y Cajal,2012,6,,,,67.2,73.3,70.0,65.5,,44.2,2012-06-01,Junio,2012-06,Junio
RF-19,Alto de Extremadura,2012,6,,,,61.2,70.3,,57.1,48.0,39.8,2012-06-01,Junio,2012-06,Junio
RF-29,El Pardo,2012,6,,,,57.2,65.6,61.0,53.6,,30.5,2012-06-01,Junio,2012-06,Junio
RF-47,Mendez Álvaro,2012,6,,,,56.1,67.5,,51.7,,37.5,2012-06-01,Junio,2012-06,Junio
RF-48,Castellana,2012,6,,,,62.4,68.4,65.0,61.4,,46.8,2012-06-01,Junio,2012-06,Junio
RF-27,Barajas Pueblo,2012,6,,,,62.8,72.2,,53.5,,36.6,2012-06-01,Junio,2012-06,Junio
RF-13,Vallecas,2012,6,,,,57.8,66.0,60.0,54.5,,36.9,2012-06-01,Junio,2012-06,Junio
RF-14,Plaza Elíptica,2012,6,,,,64.5,70.8,,62.5,,49.4,2012-06-01,Junio,2012-06,Junio
RF-86,Tres Olivos,2012,6,,,,57.5,66.2,,53.1,,35.4,2012-06-01,Junio,2012-06,Junio
RF-08,Escuelas Aguirre,2012,6,,,,68.0,74.9,,66.0,,52.7,2012-06-01,Junio,2012-06,Junio
RF-28,Cuatro Vientos,2012,6,,,,65.4,73.7,,60.6,,38.3,2012-06-01,Junio,2012-06,Junio
RF-54,Ensanche de Vallecas,2012,6,,,,59.2,66.9,,57.1,,37.8,2012-06-01,Junio,2012-06,Junio
RF-17,Villaverde,2012,6,,,,58.9,68.5,,54.8,,35.8,2012-06-01,Junio,2012-06,Junio
RF-31,Sanchinarro,2012,6,,,,61.0,70.9,66.0,53.3,,37.0,2012-06-01,Junio,2012-06,Junio
RF-05,Barrio del Pilar,2012,6,,,,61.9,68.9,,59.6,,39.8,2012-06-01,Junio,2012-06,Junio
RF-04,Plaza de España,2012,6,,,,67.9,79.3,68.0,63.8,59.0,51.5,2012-06-01,Junio,2012-06,Junio
RF-01,Paseo de Recoletos,2012,6,,,,67.3,73.8,70.3,65.5,58.1,50.0,2012-06-01,Junio,2012-06,Junio
RF-16,Arturo Soria,2012,6,,,,59.9,66.4,,58.2,,38.0,2012-06-01,Junio,2012-06,Junio
RF-26,Embajada,2012,6,,,,61.6,69.3,65.8,57.7,48.7,41.6,2012-06-01,Junio,2012-06,Junio
RF-55,Urb Embajada 2,2012,7,,,,54.3,62.1,56.6,51.0,45.1,41.8,2012-07-01,Julio,2012-07,Julio
RF-04,Plaza de España,2012,7,,,,67.2,77.1,67.6,63.5,59.1,51.9,2012-07-01,Julio,2012-07,Julio
RF-48,Castellana,2012,7,,,,62.5,69.5,64.9,61.0,54.9,46.7,2012-07-01,Julio,2012-07,Julio
RF-27,Barajas Pueblo,2012,7,,,,61.6,70.5,64.2,53.0,44.9,37.4,2012-07-01,Julio,2012-07,Julio
RF-16,Arturo Soria,2012,7,,,,59.6,66.2,62.9,57.4,44.5,37.3,2012-07-01,Julio,2012-07,Julio
RF-01,Paseo de Recoletos,2012,7,,,,67.4,74.8,70.2,65.1,57.8,50.3,2012-07-01,Julio,2012-07,Julio
RF-14,Plaza Elíptica,2012,7,,,,64.1,70.4,66.4,62.1,55.8,49.1,2012-07-01,Julio,2012-07,Julio
RF-08,Escuelas Aguirre,2012,7,,,,67.4,75.1,70.7,64.7,58.7,52.6,2012-07-01,Julio,2012-07,Julio
RF-29,El Pardo,2012,7,,,,56.6,65.1,60.5,52.7,40.3,31.4,2012-07-01,Julio,2012-07,Julio
RF-28,Cuatro Vientos,2012,7,,,,64.7,73.0,68.8,59.2,45.5,39.4,2012-07-01,Julio,2012-07,Julio
RF-19,Alto de Extremadura,2012,7,,,,61.0,70.0,62.8,56.4,48.3,41.4,2012-07-01,Julio,2012-07,Julio
RF-50,Plaza de Castilla,2012,7,,,,65.8,72.3,67.4,63.4,57.1,50.4,2012-07-01,Julio,2012-07,Julio
RF-17,Villaverde,2012,7,,,,60.5,71.5,63.3,54.1,42.1,38.0,2012-07-01,Julio,2012-07,Julio
RF-03,Plaza del Carmen,2012,7,,,,63.2,71.7,65.7,59.7,54.7,51.4,2012-07-01,Julio,2012-07,Julio
RF-13,Vallecas,2012,7,,,,69.6,83.9,63.5,55.0,43.3,36.8,2012-07-01,Julio,2012-07,Julio
RF-30,Campo de las Naciones,2012,7,,,,58.1,66.0,61.5,55.3,43.5,38.5,2012-07-01,Julio,2012-07,Julio
RF-06,Gregorio Marañón,2012,7,,,,69.4,76.1,72.1,65.9,60.0,53.7,2012-07-01,Julio,2012-07,Julio
RF-10,Cuatro Caminos,2012,7,,,,63.4,71.6,66.9,59.4,51.4,44.0,2012-07-01,Julio,2012-07,Julio
RF-31,Sanchinarro,2012,7,,,,60.7,70.5,65.6,52.8,42.8,37.4,2012-07-01,Julio,2012-07,Julio
RF-54,Ensanche de Vallecas,2012,7,,,,58.7,66.7,61.9,56.3,47.0,37.4,2012-07-01,Julio,2012-07,Julio
RF-86,Tres Olivos,2012,7,,,,56.4,65.7,59.5,51.7,39.4,35.8,2012-07-01,Julio,2012-07,Julio
RF-02,Carlos V,2012,7,,,,69.5,77.0,71.2,67.5,62.0,55.8,2012-07-01,Julio,2012-07,Julio
RF-18,General Ricardos ubicación antigua,2012,7,,,,55.1,64.2,57.5,50.4,43.2,37.5,2012-07-01,Julio,2012-07,Julio
RF-12,Manuel Becerra,2012,7,,,,63.3,70.2,64.6,60.5,53.5,47.5,2012-07-01,Julio,2012-07,Julio
RF-26,Embajada,2012,7,,,,61.1,69.1,65.5,56.7,49.5,42.6,2012-07-01,Julio,2012-07,Julio
RF-24,Casa de Campo,2012,7,,,,49.6,56.6,52.4,47.7,41.6,39.1,2012-07-01,Julio,2012-07,Julio
RF-47,Mendez Álvaro,2012,7,,,,55.2,66.4,56.0,50.5,41.1,37.6,2012-07-01,Julio,2012-07,Julio
RF-05,Barrio del Pilar,2012,7,,,,62.0,68.8,64.6,59.6,50.3,40.5,2012-07-01,Julio,2012-07,Julio
RF-11,Ramón y Cajal,2012,7,,,,66.6,72.9,69.7,64.6,53.2,44.0,2012-07-01,Julio,2012-07,Julio
RF-25,Santa Eugenia,2012,7,,,,62.4,67.6,64.7,61.6,55.3,48.0,2012-07-01,Julio,2012-07,Julio
RF-20,Avenida de Moratalaz,2012,7,,,,61.3,70.5,64.0,56.6,46.2,39.1,2012-07-01,Julio,2012-07,Julio
RF-31,Sanchinarro,2012,8,,,,59.7,70.1,64.4,52.0,41.7,36.5,2012-08-01,Agosto,2012-08,Agosto
RF-13,Vallecas,2012,8,,,,56.2,64.3,58.8,53.5,41.4,36.3,2012-08-01,Agosto,2012-08,Agosto
RF-14,Plaza Elíptica,2012,8,,,,63.3,69.5,65.8,61.4,55.1,48.8,2012-08-01,Agosto,2012-08,Agosto
RF-06,Gregorio Marañón,2012,8,,,,67.6,75.0,71.1,64.8,58.0,51.7,2012-08-01,Agosto,2012-08,Agosto
RF-03,Plaza del Carmen,2012,8,,,,62.2,70.3,64.1,58.4,53.9,50.8,2012-08-01,Agosto,2012-08,Agosto
RF-20,Avenida de Moratalaz,2012,8,,,,59.8,69.0,62.6,55.1,45.0,37.9,2012-08-01,Agosto,2012-08,Agosto
RF-50,Plaza de Castilla,2012,8,,,,64.7,72.0,66.4,62.2,55.8,49.0,2012-08-01,Agosto,2012-08,Agosto
RF-26,Embajada,2012,8,,,,60.4,69.0,65.0,55.7,49.1,42.8,2012-08-01,Agosto,2012-08,Agosto
RF-54,Ensanche de Vallecas,2012,8,,,,58.0,66.0,61.3,55.5,45.2,36.0,2012-08-01,Agosto,2012-08,Agosto
RF-12,Manuel Becerra,2012,8,,,,61.9,68.6,63.7,59.2,52.4,46.9,2012-08-01,Agosto,2012-08,Agosto
RF-18,General Ricardos ubicación antigua,2012,8,,,,55.0,64.5,56.9,49.6,42.7,36.9,2012-08-01,Agosto,2012-08,Agosto
RF-47,Mendez Álvaro,2012,8,,,,54.6,64.2,55.4,49.7,40.7,37.4,2012-08-01,Agosto,2012-08,Agosto
RF-11,Ramón y Cajal,2012,8,,,,65.1,72.0,68.6,62.1,50.5,42.9,2012-08-01,Agosto,2012-08,Agosto
RF-17,Villaverde,2012,8,,,,59.4,70.4,62.4,53.1,41.8,38.0,2012-08-01,Agosto,2012-08,Agosto
RF-05,Barrio del Pilar,2012,8,,,,61.6,68.9,64.2,58.6,49.2,39.0,2012-08-01,Agosto,2012-08,Agosto
RF-30,Campo de las Naciones,2012,8,,,,56.7,64.5,60.1,53.6,45.1,40.0,2012-08-01,Agosto,2012-08,Agosto
RF-86,Tres Olivos,2012,8,,,,54.5,64.4,57.8,50.3,38.2,35.1,2012-08-01,Agosto,2012-08,Agosto
RF-02,Carlos V,2012,8,,,,68.1,74.8,70.4,66.5,61.0,55.4,2012-08-01,Agosto,2012-08,Agosto
RF-25,Santa Eugenia,2012,8,,,,61.0,67.1,64.0,59.9,32.9,32.3,2012-08-01,Agosto,2012-08,Agosto
RF-08,Escuelas Aguirre,2012,8,,,,66.2,73.7,69.6,63.7,58.1,52.3,2012-08-01,Agosto,2012-08,Agosto
RF-48,Castellana,2012,8,,,,60.9,67.5,63.9,59.5,53.1,44.3,2012-08-01,Agosto,2012-08,Agosto
RF-29,El Pardo,2012,8,,,,56.6,65.5,60.2,51.5,39.1,30.9,2012-08-01,Agosto,2012-08,Agosto
RF-27,Barajas Pueblo,2012,8,,,,59.5,70.1,62.8,51.8,43.6,36.5,2012-08-01,Agosto,2012-08,Agosto
RF-04,Plaza de España,2012,8,,,,64.5,71.8,66.6,63.0,58.6,51.0,2012-08-01,Agosto,2012-08,Agosto
RF-24,Casa de Campo,2012,8,,,,49.4,56.6,52.5,47.6,40.6,38.2,2012-08-01,Agosto,2012-08,Agosto
RF-01,Paseo de Recoletos,2012,8,,,,66.1,72.6,69.5,63.6,56.3,48.8,2012-08-01,Agosto,2012-08,Agosto
RF-19,Alto de Extremadura,2012,8,,,,59.6,69.0,62.1,55.1,46.0,38.1,2012-08-01,Agosto,2012-08,Agosto
RF-10,Cuatro Caminos,2012,8,,,,62.3,70.6,65.5,58.1,52.1,44.3,2012-08-01,Agosto,2012-08,Agosto
RF-16,Arturo Soria,2012,8,,,,58.7,65.8,62.4,56.0,42.7,36.3,2012-08-01,Agosto,2012-08,Agosto
RF-55,Urb Embajada 2,2012,8,,,,53.1,61.1,55.6,50.4,43.6,41.0,2012-08-01,Agosto,2012-08,Agosto
RF-28,Cuatro Vientos,2012,8,,,,63.7,72.6,67.9,58.2,47.2,44.3,2012-08-01,Agosto,2012-08,Agosto
RF-50,Plaza de Castilla,2012,9,,,,66.1,72.3,67.9,64.4,57.5,50.4,2012-09-01,Septiembre,2012-09,Septiembre
RF-20,Avenida de Moratalaz,2012,9,,,,61.8,71.3,65.0,57.6,46.5,38.8,2012-09-01,Septiembre,2012-09,Septiembre
RF-17,Villaverde,2012,9,,,,57.7,67.4,60.9,53.1,40.4,34.9,2012-09-01,Septiembre,2012-09,Septiembre
RF-29,El Pardo,2012,9,,,,58.8,66.8,61.3,52.4,40.0,30.8,2012-09-01,Septiembre,2012-09,Septiembre
RF-05,Barrio del Pilar,2012,9,,,,61.7,68.9,65.0,59.4,48.6,39.7,2012-09-01,Septiembre,2012-09,Septiembre
RF-47,Mendez Álvaro,2012,9,,,,56.1,68.0,56.5,49.9,41.5,37.7,2012-09-01,Septiembre,2012-09,Septiembre
RF-14,Plaza Elíptica,2012,9,,,,64.2,70.5,66.9,62.5,56.0,49.4,2012-09-01,Septiembre,2012-09,Septiembre
RF-16,Arturo Soria,2012,9,,,,60.4,67.4,63.9,58.4,44.2,36.5,2012-09-01,Septiembre,2012-09,Septiembre
RF-25,Santa Eugenia,2012,9,,,,63.3,60.7,43.8,33.0,32.4,32.3,2012-09-01,Septiembre,2012-09,Septiembre
RF-26,Embajada,2012,9,,,,61.8,70.0,66.2,57.4,49.7,43.0,2012-09-01,Septiembre,2012-09,Septiembre
RF-08,Escuelas Aguirre,2012,9,,,,68.0,75.1,71.4,65.6,59.4,54.1,2012-09-01,Septiembre,2012-09,Septiembre
RF-02,Carlos V,2012,9,,,,69.8,76.5,71.7,67.9,62.3,55.8,2012-09-01,Septiembre,2012-09,Septiembre
RF-06,Gregorio Marañón,2012,9,,,,69.7,77.0,72.9,66.7,60.3,52.9,2012-09-01,Septiembre,2012-09,Septiembre
RF-18,General Ricardos ubicación antigua,2012,9,,,,55.1,64.1,57.6,50.3,42.5,37.2,2012-09-01,Septiembre,2012-09,Septiembre
RF-48,Castellana,2012,9,,,,62.7,68.4,65.0,61.2,54.4,45.7,2012-09-01,Septiembre,2012-09,Septiembre
RF-86,Tres Olivos,2012,9,,,,56.7,66.0,60.3,52.0,39.3,36.0,2012-09-01,Septiembre,2012-09,Septiembre
RF-54,Ensanche de Vallecas,2012,9,,,,60.4,68.2,63.1,57.4,46.1,37.7,2012-09-01,Septiembre,2012-09,Septiembre
RF-31,Sanchinarro,2012,9,,,,61.6,71.8,66.4,53.6,43.1,37.4,2012-09-01,Septiembre,2012-09,Septiembre
RF-12,Manuel Becerra,2012,9,,,,64.2,70.4,65.0,60.9,53.8,47.9,2012-09-01,Septiembre,2012-09,Septiembre
RF-55,Urb Embajada 2,2012,9,,,,56.1,64.7,57.7,50.9,44.2,41.1,2012-09-01,Septiembre,2012-09,Septiembre
RF-19,Alto de Extremadura,2012,9,,,,60.5,69.5,63.4,56.6,47.4,38.7,2012-09-01,Septiembre,2012-09,Septiembre
RF-03,Plaza del Carmen,2012,9,,,,62.6,70.6,65.0,59.3,54.1,50.6,2012-09-01,Septiembre,2012-09,Septiembre
RF-01,Paseo de Recoletos,2012,9,,,,67.7,74.6,70.7,65.5,58.0,50.3,2012-09-01,Septiembre,2012-09,Septiembre
RF-27,Barajas Pueblo,2012,9,,,,60.7,70.9,64.6,53.1,44.0,37.3,2012-09-01,Septiembre,2012-09,Septiembre
RF-24,Casa de Campo,2012,9,,,,49.1,57.6,52.3,46.4,40.5,38.2,2012-09-01,Septiembre,2012-09,Septiembre
RF-13,Vallecas,2012,9,,,,57.1,65.5,60.1,54.1,43.2,37.7,2012-09-01,Septiembre,2012-09,Septiembre
RF-10,Cuatro Caminos,2012,9,,,,64.4,72.7,67.9,60.8,55.3,50.5,2012-09-01,Septiembre,2012-09,Septiembre
RF-28,Cuatro Vientos,2012,9,,,,65.2,73.8,69.5,59.8,46.2,37.8,2012-09-01,Septiembre,2012-09,Septiembre
RF-04,Plaza de España,2012,9,,,,65.8,73.5,68.4,64.2,59.3,52.6,2012-09-01,Septiembre,2012-09,Septiembre
RF-30,Campo de las Naciones,2012,9,,,,59.1,67.4,62.4,56.5,43.7,39.0,2012-09-01,Septiembre,2012-09,Septiembre
RF-11,Ramón y Cajal,2012,9,,,,67.3,73.9,70.4,65.4,53.3,44.0,2012-09-01,Septiembre,2012-09,Septiembre
RF-06,Gregorio Marañón,2012,10,,,,70.2,77.3,73.5,67.2,60.2,52.3,2012-10-01,Octubre,2012-10,Octubre
RF-48,Castellana,2012,10,,,,62.7,68.8,65.7,61.5,53.7,44.1,2012-10-01,Octubre,2012-10,Octubre
RF-05,Barrio del Pilar,2012,10,,,,64.4,75.2,66.3,60.4,48.3,39.1,2012-10-01,Octubre,2012-10,Octubre
RF-24,Casa de Campo,2012,10,,,,48.6,57.6,51.7,46.0,40.3,38.3,2012-10-01,Octubre,2012-10,Octubre
RF-47,Mendez Álvaro,2012,10,,,,56.0,67.8,56.5,49.4,40.6,37.6,2012-10-01,Octubre,2012-10,Octubre
RF-30,Campo de las Naciones,2012,10,,,,59.6,67.3,63.0,57.1,42.8,37.7,2012-10-01,Octubre,2012-10,Octubre
RF-02,Carlos V,2012,10,,,,68.7,76.5,72.0,68.8,62.0,55.8,2012-10-01,Octubre,2012-10,Octubre
RF-26,Embajada,2012,10,,,,62.5,70.7,67.0,58.0,49.3,42.5,2012-10-01,Octubre,2012-10,Octubre
RF-29,El Pardo,2012,10,,,,57.1,66.5,61.5,51.1,33.8,29.7,2012-10-01,Octubre,2012-10,Octubre
RF-86,Tres Olivos,2012,10,,,,57.0,66.3,60.8,52.1,37.9,35.4,2012-10-01,Octubre,2012-10,Octubre
RF-10,Cuatro Caminos,2012,10,,,,65.0,73.4,68.7,61.0,52.2,44.6,2012-10-01,Octubre,2012-10,Octubre
RF-11,Ramón y Cajal,2012,10,,,,67.9,74.2,70.9,66.2,52.9,42.8,2012-10-01,Octubre,2012-10,Octubre
RF-54,Ensanche de Vallecas,2012,10,,,,60.6,68.4,64.0,58.3,42.6,35.9,2012-10-01,Octubre,2012-10,Octubre
RF-19,Alto de Extremadura,2012,10,,,,60.8,69.6,63.7,57.2,47.0,37.5,2012-10-01,Octubre,2012-10,Octubre
RF-12,Manuel Becerra,2012,10,,,,63.8,70.4,65.1,61.3,53.8,47.7,2012-10-01,Octubre,2012-10,Octubre
RF-28,Cuatro Vientos,2012,10,,,,66.0,74.4,70.4,60.8,43.2,35.0,2012-10-01,Octubre,2012-10,Octubre
RF-17,Villaverde,2012,10,,,,57.1,66.0,59.8,52.8,39.3,34.3,2012-10-01,Octubre,2012-10,Octubre
RF-16,Arturo Soria,2012,10,,,,61.2,68.1,64.7,59.2,42.7,36.0,2012-10-01,Octubre,2012-10,Octubre
RF-08,Escuelas Aguirre,2012,10,,,,68.6,75.5,72.0,66.3,59.5,51.8,2012-10-01,Octubre,2012-10,Octubre
RF-20,Avenida de Moratalaz,2012,10,,,,68.1,78.4,66.3,58.6,44.6,37.6,2012-10-01,Octubre,2012-10,Octubre
RF-31,Sanchinarro,2012,10,,,,62.4,72.5,67.3,54.5,42.7,37.6,2012-10-01,Octubre,2012-10,Octubre
RF-01,Paseo de Recoletos,2012,10,,,,68.1,74.7,71.2,66.1,58.1,49.3,2012-10-01,Octubre,2012-10,Octubre
RF-25,Santa Eugenia,2012,10,,,,65.3,68.2,65.9,63.5,54.0,45.7,2012-10-01,Octubre,2012-10,Octubre
RF-18,General Ricardos ubicación antigua,2012,10,,,,55.8,65.5,57.9,50.4,40.9,36.6,2012-10-01,Octubre,2012-10,Octubre
RF-14,Plaza Elíptica,2012,10,,,,64.9,70.9,67.4,63.1,55.8,48.6,2012-10-01,Octubre,2012-10,Octubre
RF-27,Barajas Pueblo,2012,10,,,,61.3,71.7,65.6,53.0,42.7,36.4,2012-10-01,Octubre,2012-10,Octubre
RF-50,Plaza de Castilla,2012,10,,,,66.2,72.6,68.0,64.4,57.2,49.8,2012-10-01,Octubre,2012-10,Octubre
RF-03,Plaza del Carmen,2012,10,,,,62.5,70.7,64.9,58.8,53.1,48.3,2012-10-01,Octubre,2012-10,Octubre
RF-04,Plaza de España,2012,10,,,,66.0,73.8,68.5,64.4,58.5,51.4,2012-10-01,Octubre,2012-10,Octubre
RF-13,Vallecas,2012,10,,,,57.4,65.7,60.4,54.0,41.5,37.9,2012-10-01,Octubre,2012-10,Octubre
RF-55,Urb Embajada 2,2012,10,,,,54.3,63.3,57.4,49.8,42.9,40.2,2012-10-01,Octubre,2012-10,Octubre
RF-03,Plaza del Carmen,2012,11,,,,61.7,70.6,64.5,58.3,52.5,47.6,2012-11-01,Noviembre,2012-11,Noviembre
RF-54,Ensanche de Vallecas,2012,11,,,,60.9,68.5,64.5,58.9,43.7,37.1,2012-11-01,Noviembre,2012-11,Noviembre
RF-06,Gregorio Marañón,2012,11,,,,70.3,76.9,73.6,67.3,60.8,52.9,2012-11-01,Noviembre,2012-11,Noviembre
RF-24,Casa de Campo,2012,11,,,,48.6,56.4,50.3,45.4,40.8,38.1,2012-11-01,Noviembre,2012-11,Noviembre
RF-13,Vallecas,2012,11,,,,57.8,65.9,60.8,54.3,43.1,37.7,2012-11-01,Noviembre,2012-11,Noviembre
RF-12,Manuel Becerra,2012,11,,,,64.0,70.4,65.2,61.3,54.1,47.4,2012-11-01,Noviembre,2012-11,Noviembre
RF-04,Plaza de España,2012,11,,,,66.3,73.8,68.7,64.8,59.3,52.2,2012-11-01,Noviembre,2012-11,Noviembre
RF-08,Escuelas Aguirre,2012,11,,,,68.7,75.6,72.2,66.6,59.8,50.4,2012-11-01,Noviembre,2012-11,Noviembre
RF-14,Plaza Elíptica,2012,11,,,,65.2,71.0,67.8,63.5,56.3,48.9,2012-11-01,Noviembre,2012-11,Noviembre
RF-18,General Ricardos ubicación antigua,2012,11,,,,59.1,70.1,58.7,50.7,41.2,36.3,2012-11-01,Noviembre,2012-11,Noviembre
RF-02,Carlos V,2012,11,,,,69.3,76.2,71.0,67.6,61.5,54.8,2012-11-01,Noviembre,2012-11,Noviembre
RF-50,Plaza de Castilla,2012,11,,,,66.4,72.5,68.3,64.7,58.0,50.6,2012-11-01,Noviembre,2012-11,Noviembre
RF-25,Santa Eugenia,2012,11,,,,65.6,71.4,68.1,65.1,56.6,47.3,2012-11-01,Noviembre,2012-11,Noviembre
RF-29,El Pardo,2012,11,,,,57.7,67.0,62.3,51.4,35.9,30.3,2012-11-01,Noviembre,2012-11,Noviembre
RF-19,Alto de Extremadura,2012,11,,,,61.0,69.5,63.9,57.5,47.3,37.4,2012-11-01,Noviembre,2012-11,Noviembre
RF-26,Embajada,2012,11,,,,62.9,70.9,67.4,58.4,49.0,41.8,2012-11-01,Noviembre,2012-11,Noviembre
RF-01,Paseo de Recoletos,2012,11,,,,68.7,74.9,71.9,66.7,58.7,50.0,2012-11-01,Noviembre,2012-11,Noviembre
RF-05,Barrio del Pilar,2012,11,,,,62.0,68.6,65.2,59.5,47.1,39.0,2012-11-01,Noviembre,2012-11,Noviembre
RF-16,Arturo Soria,2012,11,,,,61.7,68.5,65.3,59.7,44.0,37.2,2012-11-01,Noviembre,2012-11,Noviembre
RF-55,Urb Embajada 2,2012,11,,,,55.5,63.9,58.0,50.6,44.9,41.3,2012-11-01,Noviembre,2012-11,Noviembre
RF-20,Avenida de Moratalaz,2012,11,,,,65.0,73.8,65.9,58.8,45.9,38.1,2012-11-01,Noviembre,2012-11,Noviembre
RF-30,Campo de las Naciones,2012,11,,,,59.8,67.6,63.2,56.8,42.9,32.8,2012-11-01,Noviembre,2012-11,Noviembre
RF-11,Ramón y Cajal,2012,11,,,,68.1,74.0,71.1,66.5,53.6,42.9,2012-11-01,Noviembre,2012-11,Noviembre
RF-28,Cuatro Vientos,2012,11,,,,66.5,74.9,71.0,61.1,43.1,35.5,2012-11-01,Noviembre,2012-11,Noviembre
RF-27,Barajas Pueblo,2012,11,,,,61.7,72.1,66.0,53.5,42.0,36.7,2012-11-01,Noviembre,2012-11,Noviembre
RF-10,Cuatro Caminos,2012,11,,,,65.2,73.5,69.0,61.3,53.5,44.6,2012-11-01,Noviembre,2012-11,Noviembre
RF-47,Mendez Álvaro,2012,11,,,,55.8,67.5,56.4,49.0,41.3,37.8,2012-11-01,Noviembre,2012-11,Noviembre
RF-17,Villaverde,2012,11,,,,62.2,69.4,59.8,52.7,40.4,35.3,2012-11-01,Noviembre,2012-11,Noviembre
RF-86,Tres Olivos,2012,11,,,,57.1,66.7,61.0,51.9,38.4,35.2,2012-11-01,Noviembre,2012-11,Noviembre
RF-31,Sanchinarro,2012,11,,,,63.3,73.1,68.2,55.5,44.1,39.2,2012-11-01,Noviembre,2012-11,Noviembre
RF-48,Castellana,2012,11,,,,63.1,69.1,66.3,62.0,54.1,44.9,2012-11-01,Noviembre,2012-11,Noviembre
RF-04,Plaza de España,2012,12,,,,66.3,73.6,68.6,64.8,59.6,52.6,2012-12-01,Diciembre,2012-12,Diciembre
RF-27,Barajas Pueblo,2012,12,,,,61.8,72.5,65.7,52.1,41.7,35.8,2012-12-01,Diciembre,2012-12,Diciembre
RF-50,Plaza de Castilla,2012,12,,,,66.4,72.3,67.9,64.4,58.0,50.8,2012-12-01,Diciembre,2012-12,Diciembre
RF-86,Tres Olivos,2012,12,,,,57.7,66.4,60.7,51.4,38.4,35.0,2012-12-01,Diciembre,2012-12,Diciembre
RF-54,Ensanche de Vallecas,2012,12,,,,60.4,67.9,63.9,58.7,44.0,36.6,2012-12-01,Diciembre,2012-12,Diciembre
RF-19,Alto de Extremadura,2012,12,,,,61.5,69.6,64.0,57.8,48.3,38.9,2012-12-01,Diciembre,2012-12,Diciembre
RF-10,Cuatro Caminos,2012,12,,,,65.1,73.3,68.9,61.1,51.7,46.1,2012-12-01,Diciembre,2012-12,Diciembre
RF-18,General Ricardos ubicación antigua,2012,12,,,,60.7,67.1,58.3,50.2,40.7,35.9,2012-12-01,Diciembre,2012-12,Diciembre
RF-55,Urb Embajada 2,2012,12,,,,55.0,63.6,57.8,50.6,45.8,43.1,2012-12-01,Diciembre,2012-12,Diciembre
RF-29,El Pardo,2012,12,,,,58.5,67.8,63.0,50.6,34.7,29.7,2012-12-01,Diciembre,2012-12,Diciembre
RF-11,Ramón y Cajal,2012,12,,,,68.2,74.1,71.2,66.4,54.6,43.5,2012-12-01,Diciembre,2012-12,Diciembre
RF-05,Barrio del Pilar,2012,12,,,,61.8,68.3,64.8,59.4,47.7,39.7,2012-12-01,Diciembre,2012-12,Diciembre
RF-08,Escuelas Aguirre,2012,12,,,,68.8,75.6,72.2,66.8,60.1,52.0,2012-12-01,Diciembre,2012-12,Diciembre
RF-25,Santa Eugenia,2012,12,,,,64.8,69.5,67.3,64.6,57.0,48.3,2012-12-01,Diciembre,2012-12,Diciembre
RF-20,Avenida de Moratalaz,2012,12,,,,62.6,71.2,65.7,58.6,47.2,39.3,2012-12-01,Diciembre,2012-12,Diciembre
RF-30,Campo de las Naciones,2012,12,,,,59.0,66.7,62.9,55.7,44.1,38.4,2012-12-01,Diciembre,2012-12,Diciembre
RF-01,Paseo de Recoletos,2012,12,,,,68.7,74.9,71.9,66.6,59.2,51.8,2012-12-01,Diciembre,2012-12,Diciembre
RF-28,Cuatro Vientos,2012,12,,,,66.7,75.2,71.2,61.2,44.3,36.5,2012-12-01,Diciembre,2012-12,Diciembre
RF-17,Villaverde,2012,12,,,,67.4,75.3,61.6,52.1,40.2,32.9,2012-12-01,Diciembre,2012-12,Diciembre
RF-48,Castellana,2012,12,,,,63.2,69.0,66.5,62.1,54.6,45.9,2012-12-01,Diciembre,2012-12,Diciembre
RF-31,Sanchinarro,2012,12,,,,64.2,73.5,69.1,56.0,44.1,38.1,2012-12-01,Diciembre,2012-12,Diciembre
RF-26,Embajada,2012,12,,,,62.8,71.1,67.4,57.5,49.0,41.8,2012-12-01,Diciembre,2012-12,Diciembre
RF-47,Mendez Álvaro,2012,12,,,,56.8,67.7,59.5,50.1,43.3,38.3,2012-12-01,Diciembre,2012-12,Diciembre
RF-16,Arturo Soria,2012,12,,,,61.7,68.2,65.3,59.7,44.6,37.4,2012-12-01,Diciembre,2012-12,Diciembre
RF-03,Plaza del Carmen,2012,12,,,,62.7,71.1,64.9,59.0,52.9,48.0,2012-12-01,Diciembre,2012-12,Diciembre
RF-06,Gregorio Marañón,2012,12,,,,70.3,76.9,73.7,67.4,61.3,53.9,2012-12-01,Diciembre,2012-12,Diciembre
RF-24,Casa de Campo,2012,12,,,,48.5,56.6,51.3,45.7,41.0,38.8,2012-12-01,Diciembre,2012-12,Diciembre
RF-14,Plaza Elíptica,2012,12,,,,65.6,71.8,68.0,63.8,57.1,50.2,2012-12-01,Diciembre,2012-12,Diciembre
RF-12,Manuel Becerra,2012,12,,,,64.5,71.9,65.2,61.2,54.8,48.3,2012-12-01,Diciembre,2012-12,Diciembre
RF-02,Carlos V,2012,12,,,,68.6,75.2,70.6,67.3,62.1,56.0,2012-12-01,Diciembre,2012-12,Diciembre
RF-13,Vallecas,2012,12,,,,62.2,66.6,60.8,54.0,42.8,38.5,2012-12-01,Diciembre,2012-12,Diciembre
RF-28,Cuatro Vientos,2013,1,,,,67.5,75.7,71.7,62.0,44.2,34.5,2013-01-01,Enero,2013-01,Enero
RF-54,Ensanche de Vallecas,2013,1,,,,60.7,68.0,64.2,58.9,43.7,36.8,2013-01-01,Enero,2013-01,Enero
RF-04,Plaza de España,2013,1,,,,66.7,74.0,68.7,64.9,58.9,51.4,2013-01-01,Enero,2013-01,Enero
RF-03,Plaza del Carmen,2013,1,,,,61.9,69.9,64.5,58.2,52.6,47.9,2013-01-01,Enero,2013-01,Enero
RF-12,Manuel Becerra,2013,1,,,,64.8,71.1,65.3,61.3,54.2,47.6,2013-01-01,Enero,2013-01,Enero
RF-17,Villaverde,2013,1,,,,63.3,74.3,59.6,52.4,41.2,32.3,2013-01-01,Enero,2013-01,Enero
RF-30,Campo de las Naciones,2013,1,,,,59.8,67.1,63.6,57.1,45.3,40.1,2013-01-01,Enero,2013-01,Enero
RF-50,Plaza de Castilla,2013,1,,,,66.7,72.8,68.7,64.9,57.5,50.2,2013-01-01,Enero,2013-01,Enero
RF-19,Alto de Extremadura,2013,1,,,,62.0,69.8,64.4,58.2,47.8,37.6,2013-01-01,Enero,2013-01,Enero
RF-29,El Pardo,2013,1,,,,58.3,67.9,63.2,51.0,35.2,29.5,2013-01-01,Enero,2013-01,Enero
RF-10,Cuatro Caminos,2013,1,,,,65.4,73.7,69.2,61.3,50.5,45.3,2013-01-01,Enero,2013-01,Enero
RF-20,Avenida de Moratalaz,2013,1,,,,63.1,71.8,66.1,58.9,46.5,39.0,2013-01-01,Enero,2013-01,Enero
RF-01,Paseo de Recoletos,2013,1,,,,69.2,75.0,72.3,66.7,58.8,50.0,2013-01-01,Enero,2013-01,Enero
RF-24,Casa de Campo,2013,1,,,,48.5,56.9,50.9,45.7,41.1,38.6,2013-01-01,Enero,2013-01,Enero
RF-48,Castellana,2013,1,,,,63.6,69.5,66.9,62.5,54.3,44.9,2013-01-01,Enero,2013-01,Enero
RF-11,Ramón y Cajal,2013,1,,,,68.5,74.4,71.5,66.7,53.5,41.6,2013-01-01,Enero,2013-01,Enero
RF-31,Sanchinarro,2013,1,,,,64.3,73.7,69.1,56.7,44.7,39.0,2013-01-01,Enero,2013-01,Enero
RF-47,Mendez Álvaro,2013,1,,,,57.4,67.1,57.3,49.6,42.4,37.8,2013-01-01,Enero,2013-01,Enero
RF-06,Gregorio Marañón,2013,1,,,,70.5,77.0,74.0,67.6,60.8,52.9,2013-01-01,Enero,2013-01,Enero
RF-13,Vallecas,2013,1,,,,59.2,65.4,60.6,54.1,42.8,39.4,2013-01-01,Enero,2013-01,Enero
RF-14,Plaza Elíptica,2013,1,,,,65.8,71.6,68.1,63.9,56.3,48.9,2013-01-01,Enero,2013-01,Enero
RF-08,Escuelas Aguirre,2013,1,,,,68.6,75.2,72.1,66.7,59.6,50.4,2013-01-01,Enero,2013-01,Enero
RF-16,Arturo Soria,2013,1,,,,62.5,68.8,65.8,60.4,44.5,36.7,2013-01-01,Enero,2013-01,Enero
RF-25,Santa Eugenia,2013,1,,,,64.9,69.9,67.6,64.6,56.3,46.0,2013-01-01,Enero,2013-01,Enero
RF-55,Urb Embajada 2,2013,1,,,,55.0,63.7,58.0,50.5,44.8,42.5,2013-01-01,Enero,2013-01,Enero
RF-26,Embajada,2013,1,,,,62.9,71.4,67.6,57.8,48.6,40.8,2013-01-01,Enero,2013-01,Enero
RF-86,Tres Olivos,2013,1,,,,57.7,66.9,61.4,52.5,38.5,34.9,2013-01-01,Enero,2013-01,Enero
RF-05,Barrio del Pilar,2013,1,,,,62.1,68.6,65.2,59.6,46.6,38.2,2013-01-01,Enero,2013-01,Enero
RF-27,Barajas Pueblo,2013,1,,,,63.8,72.6,66.2,52.6,41.5,35.5,2013-01-01,Enero,2013-01,Enero
RF-02,Carlos V,2013,1,,,,68.5,74.5,70.8,67.4,61.3,54.6,2013-01-01,Enero,2013-01,Enero
RF-18,General Ricardos ubicación antigua,2013,1,,,,63.0,64.5,57.7,50.1,40.3,35.4,2013-01-01,Enero,2013-01,Enero
RF-08,Escuelas Aguirre,2013,2,,,,68.8,75.7,72.4,66.7,59.3,49.2,2013-02-01,Febrero,2013-02,Febrero
RF-05,Barrio del Pilar,2013,2,,,,61.8,68.7,65.3,59.7,46.5,38.3,2013-02-01,Febrero,2013-02,Febrero
RF-01,Paseo de Recoletos,2013,2,,,,68.9,75.0,72.1,66.6,58.7,50.0,2013-02-01,Febrero,2013-02,Febrero
RF-48,Castellana,2013,2,,,,63.4,69.3,66.7,62.3,54.2,44.7,2013-02-01,Febrero,2013-02,Febrero
RF-31,Sanchinarro,2013,2,,,,63.4,73.3,68.4,55.8,44.8,40.1,2013-02-01,Febrero,2013-02,Febrero
RF-03,Plaza del Carmen,2013,2,,,,61.7,70.1,64.5,58.4,53.0,48.3,2013-02-01,Febrero,2013-02,Febrero
RF-04,Plaza de España,2013,2,,,,65.9,73.3,68.3,64.3,58.3,50.8,2013-02-01,Febrero,2013-02,Febrero
RF-29,El Pardo,2013,2,,,,58.4,67.8,63.1,51.3,33.7,29.5,2013-02-01,Febrero,2013-02,Febrero
RF-10,Cuatro Caminos,2013,2,,,,65.6,73.7,69.5,61.7,49.0,42.9,2013-02-01,Febrero,2013-02,Febrero
RF-14,Plaza Elíptica,2013,2,,,,65.2,71.1,68.0,63.7,56.0,48.5,2013-02-01,Febrero,2013-02,Febrero
RF-27,Barajas Pueblo,2013,2,,,,61.8,72.2,66.2,53.6,42.1,35.6,2013-02-01,Febrero,2013-02,Febrero
RF-13,Vallecas,2013,2,,,,57.6,65.7,60.8,54.0,42.0,38.2,2013-02-01,Febrero,2013-02,Febrero
RF-54,Ensanche de Vallecas,2013,2,,,,60.5,68.1,64.0,58.5,43.6,37.3,2013-02-01,Febrero,2013-02,Febrero
RF-12,Manuel Becerra,2013,2,,,,63.7,69.8,65.0,61.2,53.6,46.7,2013-02-01,Febrero,2013-02,Febrero
RF-25,Santa Eugenia,2013,2,,,,64.9,70.9,67.8,64.3,55.8,46.0,2013-02-01,Febrero,2013-02,Febrero
RF-19,Alto de Extremadura,2013,2,,,,61.2,69.5,64.4,58.1,47.3,37.5,2013-02-01,Febrero,2013-02,Febrero
RF-06,Gregorio Marañón,2013,2,,,,70.4,77.0,73.8,67.5,60.8,52.6,2013-02-01,Febrero,2013-02,Febrero
RF-11,Ramón y Cajal,2013,2,,,,68.4,74.6,71.7,66.7,53.0,41.8,2013-02-01,Febrero,2013-02,Febrero
RF-30,Campo de las Naciones,2013,2,,,,60.2,67.3,63.8,58.1,44.7,39.4,2013-02-01,Febrero,2013-02,Febrero
RF-24,Casa de Campo,2013,2,,,,48.0,56.9,50.3,44.8,40.4,38.5,2013-02-01,Febrero,2013-02,Febrero
RF-47,Mendez Álvaro,2013,2,,,,55.3,66.6,56.2,49.1,41.3,38.2,2013-02-01,Febrero,2013-02,Febrero
RF-20,Avenida de Moratalaz,2013,2,,,,62.4,71.4,65.8,58.7,46.4,39.5,2013-02-01,Febrero,2013-02,Febrero
RF-18,General Ricardos ubicación antigua,2013,2,,,,55.8,65.6,57.9,50.4,40.5,36.3,2013-02-01,Febrero,2013-02,Febrero
RF-86,Tres Olivos,2013,2,,,,57.3,66.8,61.4,52.3,38.2,35.2,2013-02-01,Febrero,2013-02,Febrero
RF-16,Arturo Soria,2013,2,,,,61.9,68.5,65.6,60.2,43.9,37.0,2013-02-01,Febrero,2013-02,Febrero
RF-17,Villaverde,2013,2,,,,55.8,64.3,58.6,52.3,40.6,35.3,2013-02-01,Febrero,2013-02,Febrero
RF-02,Carlos V,2013,2,,,,68.5,74.7,70.5,67.1,61.1,54.5,2013-02-01,Febrero,2013-02,Febrero
RF-55,Urb Embajada 2,2013,2,,,,54.8,63.5,58.1,50.5,43.7,41.2,2013-02-01,Febrero,2013-02,Febrero
RF-26,Embajada,2013,2,,,,62.8,71.3,67.5,57.7,48.1,41.0,2013-02-01,Febrero,2013-02,Febrero
RF-28,Cuatro Vientos,2013,2,,,,66.9,75.3,71.4,61.6,43.2,36.2,2013-02-01,Febrero,2013-02,Febrero
RF-50,Plaza de Castilla,2013,2,,,,70.5,82.0,69.4,65.0,57.2,49.2,2013-02-01,Febrero,2013-02,Febrero
RF-08,Escuelas Aguirre,2013,3,,,,68.7,75.7,72.2,66.7,60.2,51.4,2013-03-01,Marzo,2013-03,Marzo
RF-27,Barajas Pueblo,2013,3,,,,61.5,72.2,65.6,52.3,40.8,35.5,2013-03-01,Marzo,2013-03,Marzo
RF-02,Carlos V,2013,3,,,,69.5,74.9,71.0,67.3,61.3,54.7,2013-03-01,Marzo,2013-03,Marzo
RF-06,Gregorio Marañón,2013,3,,,,70.2,77.9,74.0,67.5,61.1,53.4,2013-03-01,Marzo,2013-03,Marzo
RF-16,Arturo Soria,2013,3,,,,66.3,70.2,66.0,59.9,45.1,37.4,2013-03-01,Marzo,2013-03,Marzo
RF-31,Sanchinarro,2013,3,,,,63.1,73.5,68.0,54.9,44.8,40.0,2013-03-01,Marzo,2013-03,Marzo
RF-29,El Pardo,2013,3,,,,58.1,67.6,62.7,51.1,34.6,29.8,2013-03-01,Marzo,2013-03,Marzo
RF-25,Santa Eugenia,2013,3,,,,65.7,72.0,68.8,64.6,56.8,47.0,2013-03-01,Marzo,2013-03,Marzo
RF-14,Plaza Elíptica,2013,3,,,,65.5,71.4,68.3,64.0,56.8,49.9,2013-03-01,Marzo,2013-03,Marzo
RF-11,Ramón y Cajal,2013,3,,,,68.1,74.6,71.5,66.0,53.3,42.4,2013-03-01,Marzo,2013-03,Marzo
RF-48,Castellana,2013,3,,,,63.6,69.8,66.7,62.2,54.8,46.3,2013-03-01,Marzo,2013-03,Marzo
RF-24,Casa de Campo,2013,3,,,,50.0,58.9,52.7,46.2,40.8,38.7,2013-03-01,Marzo,2013-03,Marzo
RF-20,Avenida de Moratalaz,2013,3,,,,62.3,71.5,65.6,58.1,46.7,39.0,2013-03-01,Marzo,2013-03,Marzo
RF-05,Barrio del Pilar,2013,3,,,,61.6,68.6,65.1,59.1,46.7,38.4,2013-03-01,Marzo,2013-03,Marzo
RF-13,Vallecas,2013,3,,,,57.0,65.2,60.3,53.3,41.7,37.9,2013-03-01,Marzo,2013-03,Marzo
RF-01,Paseo de Recoletos,2013,3,,,,69.4,75.4,72.3,66.6,59.0,50.8,2013-03-01,Marzo,2013-03,Marzo
RF-50,Plaza de Castilla,2013,3,,,,67.4,73.8,69.0,64.8,57.7,50.2,2013-03-01,Marzo,2013-03,Marzo
RF-47,Mendez Álvaro,2013,3,,,,55.6,66.9,56.3,49.4,41.8,38.7,2013-03-01,Marzo,2013-03,Marzo
RF-26,Embajada,2013,3,,,,62.5,71.1,67.2,57.4,48.6,41.4,2013-03-01,Marzo,2013-03,Marzo
RF-18,General Ricardos ubicación antigua,2013,3,,,,55.8,64.8,58.1,50.4,40.3,36.1,2013-03-01,Marzo,2013-03,Marzo
RF-54,Ensanche de Vallecas,2013,3,,,,60.4,68.2,63.9,58.0,43.0,37.2,2013-03-01,Marzo,2013-03,Marzo
RF-55,Urb Embajada 2,2013,3,,,,54.8,63.6,57.8,51.2,44.9,42.2,2013-03-01,Marzo,2013-03,Marzo
RF-30,Campo de las Naciones,2013,3,,,,60.1,68.1,63.8,57.2,45.0,40.1,2013-03-01,Marzo,2013-03,Marzo
RF-03,Plaza del Carmen,2013,3,,,,61.9,70.2,64.6,58.6,53.1,48.3,2013-03-01,Marzo,2013-03,Marzo
RF-10,Cuatro Caminos,2013,3,,,,65.1,73.6,68.8,60.6,50.4,44.4,2013-03-01,Marzo,2013-03,Marzo
RF-86,Tres Olivos,2013,3,,,,57.1,66.8,61.0,52.2,38.9,35.0,2013-03-01,Marzo,2013-03,Marzo
RF-28,Cuatro Vientos,2013,3,,,,66.8,75.5,71.3,61.5,44.4,37.6,2013-03-01,Marzo,2013-03,Marzo
RF-17,Villaverde,2013,3,,,,55.9,64.4,58.6,52.0,40.9,36.0,2013-03-01,Marzo,2013-03,Marzo
RF-12,Manuel Becerra,2013,3,,,,63.7,69.7,64.9,60.9,54.1,47.6,2013-03-01,Marzo,2013-03,Marzo
RF-04,Plaza de España,2013,3,,,,65.7,73.7,68.3,64.1,58.0,28.4,2013-03-01,Marzo,2013-03,Marzo
RF-19,Alto de Extremadura,2013,3,,,,61.2,69.6,64.3,57.8,48.1,39.2,2013-03-01,Marzo,2013-03,Marzo
RF-14,Plaza Elíptica,2013,4,,,,65.2,71.2,67.8,63.5,56.1,49.2,2013-04-01,Abril,2013-04,Abril
RF-30,Campo de las Naciones,2013,4,,,,59.9,67.6,63.2,57.2,42.9,37.6,2013-04-01,Abril,2013-04,Abril
RF-03,Plaza del Carmen,2013,4,,,,62.0,70.7,64.7,58.6,52.5,46.2,2013-04-01,Abril,2013-04,Abril
RF-28,Cuatro Vientos,2013,4,,,,66.5,74.9,70.9,61.5,42.7,35.3,2013-04-01,Abril,2013-04,Abril
RF-20,Avenida de Moratalaz,2013,4,,,,62.4,71.6,65.4,58.2,46.0,37.9,2013-04-01,Abril,2013-04,Abril
RF-16,Arturo Soria,2013,4,,,,61.4,68.3,64.9,59.4,42.9,35.9,2013-04-01,Abril,2013-04,Abril
RF-48,Castellana,2013,4,,,,63.1,69.6,66.0,61.6,53.4,44.9,2013-04-01,Abril,2013-04,Abril
RF-13,Vallecas,2013,4,,,,68.1,73.2,60.7,54.2,41.3,36.4,2013-04-01,Abril,2013-04,Abril
RF-17,Villaverde,2013,4,,,,57.3,66.9,60.1,53.1,40.1,34.8,2013-04-01,Abril,2013-04,Abril
RF-01,Paseo de Recoletos,2013,4,,,,68.2,74.7,71.4,66.1,58.1,49.8,2013-04-01,Abril,2013-04,Abril
RF-04,Plaza de España,2013,4,,,,65.4,73.9,67.8,63.6,57.5,50.5,2013-04-01,Abril,2013-04,Abril
RF-25,Santa Eugenia,2013,4,,,,65.1,71.8,67.8,64.3,56.2,46.4,2013-04-01,Abril,2013-04,Abril
RF-11,Ramón y Cajal,2013,4,,,,67.9,74.4,71.0,66.2,52.7,41.4,2013-04-01,Abril,2013-04,Abril
RF-50,Plaza de Castilla,2013,4,,,,66.4,72.8,68.2,64.3,56.8,48.8,2013-04-01,Abril,2013-04,Abril
RF-05,Barrio del Pilar,2013,4,,,,61.9,68.8,64.6,59.2,46.7,38.0,2013-04-01,Abril,2013-04,Abril
RF-26,Embajada,2013,4,,,,62.3,70.8,66.7,57.9,48.6,41.5,2013-04-01,Abril,2013-04,Abril
RF-55,Urb Embajada 2,2013,4,,,,55.1,63.4,58.1,51.6,43.9,41.1,2013-04-01,Abril,2013-04,Abril
RF-31,Sanchinarro,2013,4,,,,62.4,72.4,67.2,54.9,43.7,37.6,2013-04-01,Abril,2013-04,Abril
RF-18,General Ricardos ubicación antigua,2013,4,,,,57.1,66.7,58.8,51.3,40.9,36.2,2013-04-01,Abril,2013-04,Abril
RF-10,Cuatro Caminos,2013,4,,,,64.4,72.9,67.9,60.5,50.3,46.3,2013-04-01,Abril,2013-04,Abril
RF-86,Tres Olivos,2013,4,,,,57.5,66.7,61.3,52.9,38.8,35.5,2013-04-01,Abril,2013-04,Abril
RF-08,Escuelas Aguirre,2013,4,,,,68.4,75.7,71.9,66.1,58.8,49.5,2013-04-01,Abril,2013-04,Abril
RF-27,Barajas Pueblo,2013,4,,,,62.1,71.8,65.6,53.7,41.0,35.3,2013-04-01,Abril,2013-04,Abril
RF-19,Alto de Extremadura,2013,4,,,,61.4,69.8,64.1,57.7,47.0,37.2,2013-04-01,Abril,2013-04,Abril
RF-06,Gregorio Marañón,2013,4,,,,70.1,73.4,69.2,62.3,54.7,50.1,2013-04-01,Abril,2013-04,Abril
RF-24,Casa de Campo,2013,4,,,,50.7,60.2,53.2,46.6,40.6,38.4,2013-04-01,Abril,2013-04,Abril
RF-29,El Pardo,2013,4,,,,58.0,67.1,62.4,51.7,34.4,29.4,2013-04-01,Abril,2013-04,Abril
RF-47,Mendez Álvaro,2013,4,,,,55.7,67.2,56.6,50.1,41.0,37.6,2013-04-01,Abril,2013-04,Abril
RF-54,Ensanche de Vallecas,2013,4,,,,59.8,67.7,63.3,57.8,43.0,36.2,2013-04-01,Abril,2013-04,Abril
RF-12,Manuel Becerra,2013,4,,,,63.9,70.7,65.2,61.1,53.4,46.5,2013-04-01,Abril,2013-04,Abril
RF-02,Carlos V,2013,4,,,,69.9,77.4,72.0,68.4,62.2,55.5,2013-04-01,Abril,2013-04,Abril
RF-04,Plaza de España,2013,5,,,,64.8,72.4,67.3,63.1,57.4,50.0,2013-05-01,Mayo,2013-05,Mayo
RF-55,Urb Embajada 2,2013,5,,,,55.1,63.6,57.6,50.3,42.9,40.4,2013-05-01,Mayo,2013-05,Mayo
RF-24,Casa de Campo,2013,5,,,,51.1,59.9,53.9,46.6,40.2,38.1,2013-05-01,Mayo,2013-05,Mayo
RF-25,Santa Eugenia,2013,5,,,,64.7,71.2,67.3,63.9,56.1,46.4,2013-05-01,Mayo,2013-05,Mayo
RF-14,Plaza Elíptica,2013,5,,,,65.2,72.3,67.5,63.0,55.7,48.5,2013-05-01,Mayo,2013-05,Mayo
RF-13,Vallecas,2013,5,,,,57.4,65.7,60.2,54.1,44.9,36.5,2013-05-01,Mayo,2013-05,Mayo
RF-05,Barrio del Pilar,2013,5,,,,60.9,68.0,63.6,58.2,46.7,38.4,2013-05-01,Mayo,2013-05,Mayo
RF-18,General Ricardos ubicación antigua,2013,5,,,,60.4,70.9,60.1,51.7,42.0,36.9,2013-05-01,Mayo,2013-05,Mayo
RF-03,Plaza del Carmen,2013,5,,,,61.5,69.8,64.4,58.3,52.3,46.6,2013-05-01,Mayo,2013-05,Mayo
RF-54,Ensanche de Vallecas,2013,5,,,,59.1,66.9,62.6,57.1,42.8,35.9,2013-05-01,Mayo,2013-05,Mayo
RF-30,Campo de las Naciones,2013,5,,,,59.1,67.0,62.4,56.1,41.7,36.4,2013-05-01,Mayo,2013-05,Mayo
RF-50,Plaza de Castilla,2013,5,,,,66.2,73.0,67.8,63.9,56.7,48.8,2013-05-01,Mayo,2013-05,Mayo
RF-27,Barajas Pueblo,2013,5,,,,60.8,71.2,65.0,53.3,41.8,35.1,2013-05-01,Mayo,2013-05,Mayo
RF-20,Avenida de Moratalaz,2013,5,,,,61.6,70.9,64.6,57.3,45.6,37.7,2013-05-01,Mayo,2013-05,Mayo
RF-02,Carlos V,2013,5,,,,69.6,76.2,71.6,68.1,62.1,55.5,2013-05-01,Mayo,2013-05,Mayo
RF-17,Villaverde,2013,5,,,,57.4,66.9,60.6,53.1,39.6,33.1,2013-05-01,Mayo,2013-05,Mayo
RF-28,Cuatro Vientos,2013,5,,,,65.8,74.5,70.1,60.5,41.5,34.2,2013-05-01,Mayo,2013-05,Mayo
RF-10,Cuatro Caminos,2013,5,,,,64.0,72.6,67.4,59.7,50.0,46.2,2013-05-01,Mayo,2013-05,Mayo
RF-12,Manuel Becerra,2013,5,,,,63.8,70.6,64.9,60.8,53.6,47.7,2013-05-01,Mayo,2013-05,Mayo
RF-86,Tres Olivos,2013,5,,,,57.6,66.4,60.8,52.2,38.4,35.5,2013-05-01,Mayo,2013-05,Mayo
RF-19,Alto de Extremadura,2013,5,,,,60.8,69.5,63.6,57.2,46.5,36.7,2013-05-01,Mayo,2013-05,Mayo
RF-26,Embajada,2013,5,,,,61.6,70.0,66.1,56.9,48.2,40.2,2013-05-01,Mayo,2013-05,Mayo
RF-29,El Pardo,2013,5,,,,58.0,67.2,62.0,52.2,36.7,30.3,2013-05-01,Mayo,2013-05,Mayo
RF-08,Escuelas Aguirre,2013,5,,,,68.3,75.6,71.4,65.6,58.4,48.8,2013-05-01,Mayo,2013-05,Mayo
RF-06,Gregorio Marañón,2013,5,,,,69.6,76.7,73.0,66.6,59.9,52.5,2013-05-01,Mayo,2013-05,Mayo
RF-47,Mendez Álvaro,2013,5,,,,58.0,69.7,58.2,50.1,40.6,37.1,2013-05-01,Mayo,2013-05,Mayo
RF-31,Sanchinarro,2013,5,,,,62.0,72.1,66.9,53.6,43.2,37.7,2013-05-01,Mayo,2013-05,Mayo
RF-48,Castellana,2013,5,,,,62.2,68.6,65.3,61.0,53.2,45.4,2013-05-01,Mayo,2013-05,Mayo
RF-16,Arturo Soria,2013,5,,,,60.9,67.8,64.4,58.6,42.6,35.3,2013-05-01,Mayo,2013-05,Mayo
RF-11,Ramón y Cajal,2013,5,,,,67.5,73.9,70.5,65.4,52.5,41.7,2013-05-01,Mayo,2013-05,Mayo
RF-01,Paseo de Recoletos,2013,5,,,,67.8,74.6,70.8,65.6,57.7,49.3,2013-05-01,Mayo,2013-05,Mayo
RF-14,Plaza Elíptica,2013,6,,,,64.6,70.9,67.0,62.7,56.1,48.5,2013-06-01,Junio,2013-06,Junio
RF-29,El Pardo,2013,6,,,,59.8,67.3,61.8,53.0,39.9,31.0,2013-06-01,Junio,2013-06,Junio
RF-19,Alto de Extremadura,2013,6,,,,60.6,69.4,63.1,56.6,46.7,37.4,2013-06-01,Junio,2013-06,Junio
RF-20,Avenida de Moratalaz,2013,6,,,,61.2,70.4,64.2,57.1,47.0,38.8,2013-06-01,Junio,2013-06,Junio
RF-18,General Ricardos ubicación antigua,2013,6,,,,56.7,66.4,58.7,51.4,42.5,36.6,2013-06-01,Junio,2013-06,Junio
RF-86,Tres Olivos,2013,6,,,,57.0,66.2,60.7,52.6,39.3,35.5,2013-06-01,Junio,2013-06,Junio
RF-12,Manuel Becerra,2013,6,,,,63.9,70.6,64.8,60.7,53.8,47.9,2013-06-01,Junio,2013-06,Junio
RF-30,Campo de las Naciones,2013,6,,,,58.9,66.7,61.9,56.1,42.4,37.1,2013-06-01,Junio,2013-06,Junio
RF-11,Ramón y Cajal,2013,6,,,,70.5,81.1,70.8,65.4,53.1,43.1,2013-06-01,Junio,2013-06,Junio
RF-10,Cuatro Caminos,2013,6,,,,66.5,76.9,67.9,59.9,51.1,46.6,2013-06-01,Junio,2013-06,Junio
RF-28,Cuatro Vientos,2013,6,,,,65.3,73.8,69.6,60.4,45.4,36.0,2013-06-01,Junio,2013-06,Junio
RF-16,Arturo Soria,2013,6,,,,60.1,66.7,63.5,58.0,43.9,36.2,2013-06-01,Junio,2013-06,Junio
RF-17,Villaverde,2013,6,,,,58.4,67.7,61.7,54.4,40.9,34.8,2013-06-01,Junio,2013-06,Junio
RF-04,Plaza de España,2013,6,,,,64.7,72.4,67.0,62.9,57.8,50.6,2013-06-01,Junio,2013-06,Junio
RF-25,Santa Eugenia,2013,6,,,,63.9,68.8,66.3,63.4,56.2,47.0,2013-06-01,Junio,2013-06,Junio
RF-01,Paseo de Recoletos,2013,6,,,,67.8,74.5,70.4,65.4,57.7,49.8,2013-06-01,Junio,2013-06,Junio
RF-26,Embajada,2013,6,,,,61.2,69.5,65.6,56.8,48.7,41.0,2013-06-01,Junio,2013-06,Junio
RF-54,Ensanche de Vallecas,2013,6,,,,58.7,66.0,61.9,56.6,44.0,36.0,2013-06-01,Junio,2013-06,Junio
RF-47,Mendez Álvaro,2013,6,,,,56.3,67.8,56.9,51.0,42.6,37.4,2013-06-01,Junio,2013-06,Junio
RF-31,Sanchinarro,2013,6,,,,61.3,71.2,66.2,53.3,43.5,38.2,2013-06-01,Junio,2013-06,Junio
RF-05,Barrio del Pilar,2013,6,,,,61.5,68.7,64.4,59.0,49.1,40.2,2013-06-01,Junio,2013-06,Junio
RF-48,Castellana,2013,6,,,,61.8,67.8,64.7,60.5,53.5,45.7,2013-06-01,Junio,2013-06,Junio
RF-06,Gregorio Marañón,2013,6,,,,69.2,76.1,72.4,66.1,60.0,52.9,2013-06-01,Junio,2013-06,Junio
RF-55,Urb Embajada 2,2013,6,,,,54.8,62.9,57.2,50.9,44.0,40.7,2013-06-01,Junio,2013-06,Junio
RF-13,Vallecas,2013,6,,,,56.7,64.6,59.5,54.2,45.8,43.1,2013-06-01,Junio,2013-06,Junio
RF-08,Escuelas Aguirre,2013,6,,,,68.4,76.3,71.4,65.6,59.1,50.3,2013-06-01,Junio,2013-06,Junio
RF-50,Plaza de Castilla,2013,6,,,,65.7,72.0,67.4,63.7,57.3,49.8,2013-06-01,Junio,2013-06,Junio
RF-02,Carlos V,2013,6,,,,68.8,75.7,70.7,67.2,62.4,56.2,2013-06-01,Junio,2013-06,Junio
RF-27,Barajas Pueblo,2013,6,,,,60.6,70.6,64.4,53.3,43.8,35.4,2013-06-01,Junio,2013-06,Junio
RF-03,Plaza del Carmen,2013,6,,,,61.8,69.8,64.4,59.0,54.4,50.5,2013-06-01,Junio,2013-06,Junio
RF-24,Casa de Campo,2013,6,,,,50.9,58.3,53.6,47.5,40.9,37.2,2013-06-01,Junio,2013-06,Junio
RF-48,Castellana,2013,7,,,,61.5,68.7,64.4,60.2,52.9,45.6,2013-07-01,Julio,2013-07,Julio
RF-19,Alto de Extremadura,2013,7,,,,60.6,69.4,62.8,56.2,47.3,38.2,2013-07-01,Julio,2013-07,Julio
RF-28,Cuatro Vientos,2013,7,,,,64.8,73.1,68.9,59.9,46.0,37.6,2013-07-01,Julio,2013-07,Julio
RF-03,Plaza del Carmen,2013,7,,,,61.4,69.8,63.9,58.6,54.6,51.2,2013-07-01,Julio,2013-07,Julio
RF-11,Ramón y Cajal,2013,7,,,,66.8,73.2,69.7,64.6,52.6,43.2,2013-07-01,Julio,2013-07,Julio
RF-50,Plaza de Castilla,2013,7,,,,65.2,71.3,66.9,63.2,56.0,48.8,2013-07-01,Julio,2013-07,Julio
RF-47,Mendez Álvaro,2013,7,,,,56.1,67.1,57.0,51.7,41.6,38.0,2013-07-01,Julio,2013-07,Julio
RF-05,Barrio del Pilar,2013,7,,,,61.0,67.7,64.1,58.6,49.4,41.2,2013-07-01,Julio,2013-07,Julio
RF-18,General Ricardos ubicación antigua,2013,7,,,,56.1,65.4,58.8,51.7,44.0,38.1,2013-07-01,Julio,2013-07,Julio
RF-24,Casa de Campo,2013,7,,,,51.3,57.3,53.0,48.2,42.1,38.2,2013-07-01,Julio,2013-07,Julio
RF-04,Plaza de España,2013,7,,,,64.8,73.8,66.9,63.0,57.6,50.8,2013-07-01,Julio,2013-07,Julio
RF-20,Avenida de Moratalaz,2013,7,,,,60.8,69.9,63.9,56.5,46.0,38.1,2013-07-01,Julio,2013-07,Julio
RF-17,Villaverde,2013,7,,,,58.9,68.6,62.0,54.4,41.9,38.0,2013-07-01,Julio,2013-07,Julio
RF-12,Manuel Becerra,2013,7,,,,63.3,69.7,64.5,60.3,53.1,47.4,2013-07-01,Julio,2013-07,Julio
RF-01,Paseo de Recoletos,2013,7,,,,67.1,73.6,70.1,65.1,57.3,49.8,2013-07-01,Julio,2013-07,Julio
RF-26,Embajada,2013,7,,,,61.3,69.1,65.7,57.6,48.8,42.4,2013-07-01,Julio,2013-07,Julio
RF-06,Gregorio Marañón,2013,7,,,,68.7,75.7,72.0,65.7,58.9,51.9,2013-07-01,Julio,2013-07,Julio
RF-31,Sanchinarro,2013,7,,,,61.2,70.8,65.9,53.0,42.8,37.9,2013-07-01,Julio,2013-07,Julio
RF-08,Escuelas Aguirre,2013,7,,,,67.5,74.8,70.7,65.1,58.6,50.8,2013-07-01,Julio,2013-07,Julio
RF-10,Cuatro Caminos,2013,7,,,,64.0,72.6,66.7,59.1,51.2,46.2,2013-07-01,Julio,2013-07,Julio
RF-13,Vallecas,2013,7,,,,71.3,86.6,61.3,54.8,45.8,43.4,2013-07-01,Julio,2013-07,Julio
RF-16,Arturo Soria,2013,7,,,,60.1,68.4,63.5,57.7,43.5,36.3,2013-07-01,Julio,2013-07,Julio
RF-27,Barajas Pueblo,2013,7,,,,62.3,71.5,67.2,54.2,44.7,36.8,2013-07-01,Julio,2013-07,Julio
RF-29,El Pardo,2013,7,,,,58.2,66.9,62.0,53.9,39.7,31.7,2013-07-01,Julio,2013-07,Julio
RF-30,Campo de las Naciones,2013,7,,,,57.8,65.5,61.2,54.8,44.7,40.0,2013-07-01,Julio,2013-07,Julio
RF-55,Urb Embajada 2,2013,7,,,,54.9,62.6,57.6,52.4,46.4,42.6,2013-07-01,Julio,2013-07,Julio
RF-54,Ensanche de Vallecas,2013,7,,,,57.8,65.5,61.0,55.9,44.5,37.3,2013-07-01,Julio,2013-07,Julio
RF-25,Santa Eugenia,2013,7,,,,63.8,68.6,66.2,63.4,56.3,48.3,2013-07-01,Julio,2013-07,Julio
RF-86,Tres Olivos,2013,7,,,,55.9,65.3,59.5,51.7,40.5,36.6,2013-07-01,Julio,2013-07,Julio
RF-14,Plaza Elíptica,2013,7,,,,64.2,70.4,66.7,62.5,56.5,49.5,2013-07-01,Julio,2013-07,Julio
RF-50,Plaza de Castilla,2013,8,,,,64.0,70.3,65.9,61.7,54.6,48.5,2013-08-01,Agosto,2013-08,Agosto
RF-01,Paseo de Recoletos,2013,8,,,,68.5,79.3,70.3,63.9,56.1,49.0,2013-08-01,Agosto,2013-08,Agosto
RF-03,Plaza del Carmen,2013,8,,,,62.1,70.7,62.9,57.4,53.2,49.5,2013-08-01,Agosto,2013-08,Agosto
RF-05,Barrio del Pilar,2013,8,,,,60.0,66.7,63.0,57.3,48.8,42.0,2013-08-01,Agosto,2013-08,Agosto
RF-14,Plaza Elíptica,2013,8,,,,63.7,69.9,66.2,61.8,56.0,49.3,2013-08-01,Agosto,2013-08,Agosto
RF-10,Cuatro Caminos,2013,8,,,,61.7,70.9,64.8,56.9,49.5,43.8,2013-08-01,Agosto,2013-08,Agosto
RF-48,Castellana,2013,8,,,,60.5,68.8,63.3,58.4,51.0,44.7,2013-08-01,Agosto,2013-08,Agosto
RF-25,Santa Eugenia,2013,8,,,,62.9,67.9,65.6,62.6,55.8,47.7,2013-08-01,Agosto,2013-08,Agosto
RF-11,Ramón y Cajal,2013,8,,,,65.1,71.9,68.6,62.0,50.3,41.9,2013-08-01,Agosto,2013-08,Agosto
RF-02,Carlos V,2013,8,,,,68.4,74.6,70.4,67.0,61.3,55.0,2013-08-01,Agosto,2013-08,Agosto
RF-20,Avenida de Moratalaz,2013,8,,,,59.5,69.0,62.4,54.5,44.3,37.1,2013-08-01,Agosto,2013-08,Agosto
RF-08,Escuelas Aguirre,2013,8,,,,66.0,73.4,69.3,63.7,57.1,49.4,2013-08-01,Agosto,2013-08,Agosto
RF-06,Gregorio Marañón,2013,8,,,,67.2,74.3,70.7,64.3,57.2,50.7,2013-08-01,Agosto,2013-08,Agosto
RF-17,Villaverde,2013,8,,,,58.2,67.9,61.4,53.2,41.3,37.1,2013-08-01,Agosto,2013-08,Agosto
RF-47,Mendez Álvaro,2013,8,,,,54.0,62.7,55.0,49.9,42.0,38.2,2013-08-01,Agosto,2013-08,Agosto
RF-54,Ensanche de Vallecas,2013,8,,,,57.0,64.7,60.3,54.8,43.8,36.6,2013-08-01,Agosto,2013-08,Agosto
RF-19,Alto de Extremadura,2013,8,,,,63.3,75.3,62.7,55.2,48.0,42.1,2013-08-01,Agosto,2013-08,Agosto
RF-13,Vallecas,2013,8,,,,56.2,63.9,58.8,54.0,46.2,44.2,2013-08-01,Agosto,2013-08,Agosto
RF-55,Urb Embajada 2,2013,8,,,,53.3,61.5,55.9,50.8,44.2,41.4,2013-08-01,Agosto,2013-08,Agosto
RF-86,Tres Olivos,2013,8,,,,54.6,64.5,57.6,49.6,38.4,36.1,2013-08-01,Agosto,2013-08,Agosto
RF-30,Campo de las Naciones,2013,8,,,,56.5,64.4,60.0,53.6,45.4,40.2,2013-08-01,Agosto,2013-08,Agosto
RF-26,Embajada,2013,8,,,,60.3,68.8,64.2,54.9,48.3,41.5,2013-08-01,Agosto,2013-08,Agosto
RF-12,Manuel Becerra,2013,8,,,,61.8,68.3,63.4,58.9,52.0,46.4,2013-08-01,Agosto,2013-08,Agosto
RF-28,Cuatro Vientos,2013,8,,,,63.8,72.7,68.1,58.3,40.2,34.7,2013-08-01,Agosto,2013-08,Agosto
RF-18,General Ricardos ubicación antigua,2013,8,,,,55.8,65.7,57.8,50.5,43.7,38.2,2013-08-01,Agosto,2013-08,Agosto
RF-04,Plaza de España,2013,8,,,,63.7,71.3,65.9,62.3,57.1,50.7,2013-08-01,Agosto,2013-08,Agosto
RF-16,Arturo Soria,2013,8,,,,58.6,65.7,62.2,55.6,42.0,36.2,2013-08-01,Agosto,2013-08,Agosto
RF-29,El Pardo,2013,8,,,,56.1,65.3,60.3,51.1,39.0,31.6,2013-08-01,Agosto,2013-08,Agosto
RF-24,Casa de Campo,2013,8,,,,50.1,56.8,52.7,48.1,41.8,38.3,2013-08-01,Agosto,2013-08,Agosto
RF-27,Barajas Pueblo,2013,8,,,,59.1,69.8,62.9,52.0,43.5,36.3,2013-08-01,Agosto,2013-08,Agosto
RF-31,Sanchinarro,2013,8,,,,59.9,70.3,64.2,51.6,42.0,37.9,2013-08-01,Agosto,2013-08,Agosto
RF-12,Manuel Becerra,2013,9,,,,64.0,70.5,64.7,60.5,53.0,46.8,2013-09-01,Septiembre,2013-09,Septiembre
RF-02,Carlos V,2013,9,,,,69.3,75.9,71.2,67.7,61.8,55.4,2013-09-01,Septiembre,2013-09,Septiembre
RF-25,Santa Eugenia,2013,9,,,,64.2,68.7,66.2,63.3,55.6,46.7,2013-09-01,Septiembre,2013-09,Septiembre
RF-48,Castellana,2013,9,,,,61.0,67.5,64.0,60.0,52.5,44.9,2013-09-01,Septiembre,2013-09,Septiembre
RF-28,Cuatro Vientos,2013,9,,,,65.1,73.6,69.5,60.2,40.6,34.9,2013-09-01,Septiembre,2013-09,Septiembre
RF-47,Mendez Álvaro,2013,9,,,,56.6,68.0,57.6,50.8,41.4,37.6,2013-09-01,Septiembre,2013-09,Septiembre
RF-08,Escuelas Aguirre,2013,9,,,,67.7,74.7,71.1,65.4,58.0,49.3,2013-09-01,Septiembre,2013-09,Septiembre
RF-20,Avenida de Moratalaz,2013,9,,,,61.3,70.6,64.5,57.0,45.8,37.4,2013-09-01,Septiembre,2013-09,Septiembre
RF-11,Ramón y Cajal,2013,9,,,,67.1,73.3,70.1,65.3,52.7,42.4,2013-09-01,Septiembre,2013-09,Septiembre
RF-86,Tres Olivos,2013,9,,,,56.6,66.0,60.3,51.8,38.7,35.8,2013-09-01,Septiembre,2013-09,Septiembre
RF-19,Alto de Extremadura,2013,9,,,,62.6,72.5,64.0,56.7,47.4,39.5,2013-09-01,Septiembre,2013-09,Septiembre
RF-10,Cuatro Caminos,2013,9,,,,63.4,71.9,66.7,59.2,50.8,46.3,2013-09-01,Septiembre,2013-09,Septiembre
RF-50,Plaza de Castilla,2013,9,,,,65.4,71.8,67.2,63.5,56.1,48.8,2013-09-01,Septiembre,2013-09,Septiembre
RF-54,Ensanche de Vallecas,2013,9,,,,59.2,66.1,61.8,56.6,43.6,36.1,2013-09-01,Septiembre,2013-09,Septiembre
RF-16,Arturo Soria,2013,9,,,,60.3,67.0,63.6,58.1,43.4,36.3,2013-09-01,Septiembre,2013-09,Septiembre
RF-18,General Ricardos ubicación antigua,2013,9,,,,57.1,67.2,58.6,51.5,43.1,37.7,2013-09-01,Septiembre,2013-09,Septiembre
RF-30,Campo de las Naciones,2013,9,,,,58.3,65.7,61.7,56.0,43.5,39.2,2013-09-01,Septiembre,2013-09,Septiembre
RF-24,Casa de Campo,2013,9,,,,48.8,57.1,52.1,46.3,39.6,37.4,2013-09-01,Septiembre,2013-09,Septiembre
RF-55,Urb Embajada 2,2013,9,,,,54.8,62.1,56.9,50.5,44.2,41.1,2013-09-01,Septiembre,2013-09,Septiembre
RF-06,Gregorio Marañón,2013,9,,,,68.8,75.8,72.2,65.5,51.5,32.3,2013-09-01,Septiembre,2013-09,Septiembre
RF-17,Villaverde,2013,9,,,,57.4,66.3,60.1,53.1,39.4,34.3,2013-09-01,Septiembre,2013-09,Septiembre
RF-13,Vallecas,2013,9,,,,57.6,66.5,59.9,54.4,46.4,44.5,2013-09-01,Septiembre,2013-09,Septiembre
RF-03,Plaza del Carmen,2013,9,,,,61.6,69.8,63.9,58.3,53.5,49.3,2013-09-01,Septiembre,2013-09,Septiembre
RF-04,Plaza de España,2013,9,,,,65.3,72.6,67.4,63.6,57.9,50.9,2013-09-01,Septiembre,2013-09,Septiembre
RF-31,Sanchinarro,2013,9,,,,61.4,71.2,66.1,53.0,43.0,37.3,2013-09-01,Septiembre,2013-09,Septiembre
RF-27,Barajas Pueblo,2013,9,,,,61.6,71.8,64.9,52.9,43.8,37.0,2013-09-01,Septiembre,2013-09,Septiembre
RF-29,El Pardo,2013,9,,,,59.1,67.0,62.1,52.4,37.5,30.6,2013-09-01,Septiembre,2013-09,Septiembre
RF-05,Barrio del Pilar,2013,9,,,,61.3,68.3,64.6,58.6,49.1,45.4,2013-09-01,Septiembre,2013-09,Septiembre
RF-01,Paseo de Recoletos,2013,9,,,,67.5,74.6,70.5,65.4,57.3,49.0,2013-09-01,Septiembre,2013-09,Septiembre
RF-26,Embajada,2013,9,,,,60.9,69.4,65.5,56.4,49.1,42.3,2013-09-01,Septiembre,2013-09,Septiembre
RF-14,Plaza Elíptica,2013,9,,,,64.7,70.6,66.9,62.8,56.6,48.9,2013-09-01,Septiembre,2013-09,Septiembre
RF-54,Ensanche de Vallecas,2013,10,,,,59.3,66.7,62.8,57.6,42.6,35.8,2013-10-01,Octubre,2013-10,Octubre
RF-10,Cuatro Caminos,2013,10,,,,64.1,72.7,67.6,60.1,50.1,46.2,2013-10-01,Octubre,2013-10,Octubre
RF-14,Plaza Elíptica,2013,10,,,,65.0,71.2,67.6,63.3,56.2,48.6,2013-10-01,Octubre,2013-10,Octubre
RF-06,Gregorio Marañón,2013,10,,,,69.6,76.8,73.0,66.6,59.6,51.4,2013-10-01,Octubre,2013-10,Octubre
RF-86,Tres Olivos,2013,10,,,,57.4,66.8,61.0,52.1,38.3,35.4,2013-10-01,Octubre,2013-10,Octubre
RF-27,Barajas Pueblo,2013,10,,,,60.9,71.3,65.2,52.6,41.4,35.8,2013-10-01,Octubre,2013-10,Octubre
RF-18,General Ricardos ubicación antigua,2013,10,,,,55.4,64.7,57.9,50.7,41.2,36.4,2013-10-01,Octubre,2013-10,Octubre
RF-31,Sanchinarro,2013,10,,,,62.0,72.1,67.0,54.0,42.5,37.7,2013-10-01,Octubre,2013-10,Octubre
RF-47,Mendez Álvaro,2013,10,,,,56.6,68.2,56.6,50.1,41.0,37.7,2013-10-01,Octubre,2013-10,Octubre
RF-11,Ramón y Cajal,2013,10,,,,67.8,73.9,70.9,66.2,52.6,40.6,2013-10-01,Octubre,2013-10,Octubre
RF-28,Cuatro Vientos,2013,10,,,,66.0,74.4,70.5,61.1,41.7,35.9,2013-10-01,Octubre,2013-10,Octubre
RF-13,Vallecas,2013,10,,,,57.4,65.6,60.1,54.3,45.5,43.3,2013-10-01,Octubre,2013-10,Octubre
RF-20,Avenida de Moratalaz,2013,10,,,,62.1,71.2,65.2,58.0,44.9,36.9,2013-10-01,Octubre,2013-10,Octubre
RF-08,Escuelas Aguirre,2013,10,,,,68.3,75.2,71.8,66.0,58.9,49.9,2013-10-01,Octubre,2013-10,Octubre
RF-50,Plaza de Castilla,2013,10,,,,66.3,72.5,68.0,64.4,56.5,48.8,2013-10-01,Octubre,2013-10,Octubre
RF-24,Casa de Campo,2013,10,,,,48.1,56.6,50.9,45.8,39.5,37.3,2013-10-01,Octubre,2013-10,Octubre
RF-05,Barrio del Pilar,2013,10,,,,66.8,79.4,66.0,59.7,48.2,38.0,2013-10-01,Octubre,2013-10,Octubre
RF-48,Castellana,2013,10,,,,62.1,67.8,64.8,60.8,52.5,44.0,2013-10-01,Octubre,2013-10,Octubre
RF-02,Carlos V,2013,10,,,,69.9,76.4,71.9,68.5,62.2,55.4,2013-10-01,Octubre,2013-10,Octubre
RF-03,Plaza del Carmen,2013,10,,,,61.6,69.8,64.1,58.0,52.3,47.4,2013-10-01,Octubre,2013-10,Octubre
RF-19,Alto de Extremadura,2013,10,,,,60.8,69.4,63.6,57.2,46.7,37.9,2013-10-01,Octubre,2013-10,Octubre
RF-17,Villaverde,2013,10,,,,57.3,65.8,59.9,53.3,38.9,34.1,2013-10-01,Octubre,2013-10,Octubre
RF-29,El Pardo,2013,10,,,,57.6,66.8,62.1,51.4,34.8,30.0,2013-10-01,Octubre,2013-10,Octubre
RF-16,Arturo Soria,2013,10,,,,61.3,67.9,64.7,59.3,42.9,36.0,2013-10-01,Octubre,2013-10,Octubre
RF-30,Campo de las Naciones,2013,10,,,,59.3,66.8,62.8,57.0,42.7,38.2,2013-10-01,Octubre,2013-10,Octubre
RF-25,Santa Eugenia,2013,10,,,,65.1,71.3,67.7,64.6,56.3,46.7,2013-10-01,Octubre,2013-10,Octubre
RF-26,Embajada,2013,10,,,,62.1,70.4,66.6,57.5,48.9,41.8,2013-10-01,Octubre,2013-10,Octubre
RF-01,Paseo de Recoletos,2013,10,,,,68.0,74.7,71.1,66.0,58.3,49.8,2013-10-01,Octubre,2013-10,Octubre
RF-12,Manuel Becerra,2013,10,,,,64.0,70.6,65.1,61.0,53.3,47.3,2013-10-01,Octubre,2013-10,Octubre
RF-04,Plaza de España,2013,10,,,,65.3,72.7,67.8,63.9,57.2,49.7,2013-10-01,Octubre,2013-10,Octubre
RF-55,Urb Embajada 2,2013,10,,,,55.3,63.4,57.5,49.9,42.8,40.2,2013-10-01,Octubre,2013-10,Octubre
RF-27,Barajas Pueblo,2013,11,,,,61.8,72.1,65.8,53.8,41.4,35.4,2013-11-01,Noviembre,2013-11,Noviembre
RF-16,Arturo Soria,2013,11,,,,61.3,68.0,64.9,59.3,43.6,37.3,2013-11-01,Noviembre,2013-11,Noviembre
RF-18,General Ricardos ubicación antigua,2013,11,,,,55.1,63.9,57.6,50.6,40.8,36.0,2013-11-01,Noviembre,2013-11,Noviembre
RF-29,El Pardo,2013,11,,,,57.9,67.1,62.5,51.1,34.4,29.4,2013-11-01,Noviembre,2013-11,Noviembre
RF-11,Ramón y Cajal,2013,11,,,,68.0,74.2,71.1,66.2,52.9,40.7,2013-11-01,Noviembre,2013-11,Noviembre
RF-20,Avenida de Moratalaz,2013,11,,,,62.2,71.0,65.4,58.2,45.1,37.3,2013-11-01,Noviembre,2013-11,Noviembre
RF-30,Campo de las Naciones,2013,11,,,,61.6,67.5,63.2,57.0,42.3,38.0,2013-11-01,Noviembre,2013-11,Noviembre
RF-01,Paseo de Recoletos,2013,11,,,,68.3,74.7,71.6,66.1,58.3,49.8,2013-11-01,Noviembre,2013-11,Noviembre
RF-50,Plaza de Castilla,2013,11,,,,66.7,72.8,68.4,64.8,56.7,48.8,2013-11-01,Noviembre,2013-11,Noviembre
RF-05,Barrio del Pilar,2013,11,,,,61.7,68.9,65.1,58.9,46.0,37.7,2013-11-01,Noviembre,2013-11,Noviembre
RF-10,Cuatro Caminos,2013,11,,,,64.0,72.5,67.7,60.0,49.8,44.3,2013-11-01,Noviembre,2013-11,Noviembre
RF-02,Carlos V,2013,11,,,,69.8,76.4,71.9,68.6,61.5,54.4,2013-11-01,Noviembre,2013-11,Noviembre
RF-47,Mendez Álvaro,2013,11,,,,55.9,67.3,56.2,49.2,41.5,38.2,2013-11-01,Noviembre,2013-11,Noviembre
RF-48,Castellana,2013,11,,,,61.7,67.4,64.5,61.0,53.1,45.5,2013-11-01,Noviembre,2013-11,Noviembre
RF-12,Manuel Becerra,2013,11,,,,63.7,70.2,64.9,60.9,53.3,46.7,2013-11-01,Noviembre,2013-11,Noviembre
RF-24,Casa de Campo,2013,11,,,,49.6,59.8,51.6,44.8,39.0,36.8,2013-11-01,Noviembre,2013-11,Noviembre
RF-55,Urb Embajada 2,2013,11,,,,54.9,63.4,58.1,50.7,43.0,40.1,2013-11-01,Noviembre,2013-11,Noviembre
RF-03,Plaza del Carmen,2013,11,,,,61.7,69.3,63.9,57.7,51.7,46.4,2013-11-01,Noviembre,2013-11,Noviembre
RF-14,Plaza Elíptica,2013,11,,,,65.0,71.2,67.5,63.1,55.8,48.1,2013-11-01,Noviembre,2013-11,Noviembre
RF-06,Gregorio Marañón,2013,11,,,,70.2,76.5,73.0,66.5,58.6,50.9,2013-11-01,Noviembre,2013-11,Noviembre
RF-86,Tres Olivos,2013,11,,,,57.0,66.6,60.8,51.6,38.5,35.9,2013-11-01,Noviembre,2013-11,Noviembre
RF-26,Embajada,2013,11,,,,62.5,70.9,67.1,57.9,48.7,41.6,2013-11-01,Noviembre,2013-11,Noviembre
RF-25,Santa Eugenia,2013,11,,,,65.0,70.8,67.7,64.7,56.3,46.7,2013-11-01,Noviembre,2013-11,Noviembre
RF-17,Villaverde,2013,11,,,,56.7,64.6,58.9,52.3,40.8,35.3,2013-11-01,Noviembre,2013-11,Noviembre
RF-31,Sanchinarro,2013,11,,,,62.8,72.8,67.8,55.2,43.5,38.1,2013-11-01,Noviembre,2013-11,Noviembre
RF-54,Ensanche de Vallecas,2013,11,,,,59.7,66.8,63.3,58.1,43.6,37.6,2013-11-01,Noviembre,2013-11,Noviembre
RF-28,Cuatro Vientos,2013,11,,,,66.3,74.8,70.9,61.0,42.3,36.3,2013-11-01,Noviembre,2013-11,Noviembre
RF-19,Alto de Extremadura,2013,11,,,,60.7,68.9,63.6,57.3,47.0,37.1,2013-11-01,Noviembre,2013-11,Noviembre
RF-13,Vallecas,2013,11,,,,58.7,66.1,60.7,54.5,46.5,44.6,2013-11-01,Noviembre,2013-11,Noviembre
RF-08,Escuelas Aguirre,2013,11,,,,68.4,75.4,72.0,66.1,58.8,49.1,2013-11-01,Noviembre,2013-11,Noviembre
RF-04,Plaza de España,2013,11,,,,65.5,72.8,68.0,63.9,57.4,49.6,2013-11-01,Noviembre,2013-11,Noviembre
RF-25,Santa Eugenia,2013,12,,,,65.8,71.9,68.0,65.4,57.4,48.5,2013-12-01,Diciembre,2013-12,Diciembre
RF-01,Paseo de Recoletos,2013,12,,,,68.9,75.4,72.0,66.5,59.7,52.5,2013-12-01,Diciembre,2013-12,Diciembre
RF-16,Arturo Soria,2013,12,,,,62.0,68.7,65.6,60.0,45.1,38.7,2013-12-01,Diciembre,2013-12,Diciembre
RF-13,Vallecas,2013,12,,,,64.7,67.3,60.9,54.2,45.9,42.0,2013-12-01,Diciembre,2013-12,Diciembre
RF-04,Plaza de España,2013,12,,,,65.9,73.6,68.4,64.3,58.3,51.1,2013-12-01,Diciembre,2013-12,Diciembre
RF-29,El Pardo,2013,12,,,,58.8,68.2,63.1,50.9,35.3,30.3,2013-12-01,Diciembre,2013-12,Diciembre
RF-86,Tres Olivos,2013,12,,,,57.7,66.8,60.9,51.4,39.2,36.3,2013-12-01,Diciembre,2013-12,Diciembre
RF-19,Alto de Extremadura,2013,12,,,,61.5,69.2,64.1,57.9,48.8,40.0,2013-12-01,Diciembre,2013-12,Diciembre
RF-28,Cuatro Vientos,2013,12,,,,66.9,75.4,71.5,61.3,44.0,38.0,2013-12-01,Diciembre,2013-12,Diciembre
RF-18,General Ricardos ubicación antigua,2013,12,,,,61.7,63.7,57.8,50.7,42.8,37.9,2013-12-01,Diciembre,2013-12,Diciembre
RF-30,Campo de las Naciones,2013,12,,,,59.4,67.4,63.1,56.4,44.1,40.1,2013-12-01,Diciembre,2013-12,Diciembre
RF-55,Urb Embajada 2,2013,12,,,,55.6,63.8,58.4,50.7,44.1,41.4,2013-12-01,Diciembre,2013-12,Diciembre
RF-03,Plaza del Carmen,2013,12,,,,63.0,70.2,64.1,58.3,52.1,47.0,2013-12-01,Diciembre,2013-12,Diciembre
RF-24,Casa de Campo,2013,12,,,,49.0,57.3,51.0,45.5,40.1,37.6,2013-12-01,Diciembre,2013-12,Diciembre
RF-54,Ensanche de Vallecas,2013,12,,,,60.5,67.8,63.9,58.6,45.7,41.0,2013-12-01,Diciembre,2013-12,Diciembre
RF-20,Avenida de Moratalaz,2013,12,,,,62.6,71.5,65.9,58.7,47.5,39.2,2013-12-01,Diciembre,2013-12,Diciembre
RF-12,Manuel Becerra,2013,12,,,,64.0,70.4,65.1,61.1,54.0,46.6,2013-12-01,Diciembre,2013-12,Diciembre
RF-48,Castellana,2013,12,,,,62.1,68.2,64.7,61.4,53.9,45.8,2013-12-01,Diciembre,2013-12,Diciembre
RF-26,Embajada,2013,12,,,,63.8,71.6,67.7,58.2,49.9,43.0,2013-12-01,Diciembre,2013-12,Diciembre
RF-02,Carlos V,2013,12,,,,70.1,76.6,72.1,68.7,62.3,55.4,2013-12-01,Diciembre,2013-12,Diciembre
RF-17,Villaverde,2013,12,,,,63.0,68.6,59.3,52.4,42.7,38.0,2013-12-01,Diciembre,2013-12,Diciembre
RF-11,Ramón y Cajal,2013,12,,,,69.0,75.3,72.3,67.2,54.5,43.0,2013-12-01,Diciembre,2013-12,Diciembre
RF-31,Sanchinarro,2013,12,,,,63.8,73.6,68.8,55.8,45.6,40.1,2013-12-01,Diciembre,2013-12,Diciembre
RF-50,Plaza de Castilla,2013,12,,,,66.8,72.8,68.6,64.9,57.9,50.2,2013-12-01,Diciembre,2013-12,Diciembre
RF-08,Escuelas Aguirre,2013,12,,,,68.8,75.9,72.7,65.9,57.5,48.2,2013-12-01,Diciembre,2013-12,Diciembre
RF-10,Cuatro Caminos,2013,12,,,,64.7,73.1,68.2,60.1,49.1,43.0,2013-12-01,Diciembre,2013-12,Diciembre
RF-27,Barajas Pueblo,2013,12,,,,63.1,72.6,66.0,53.6,43.0,37.8,2013-12-01,Diciembre,2013-12,Diciembre
RF-06,Gregorio Marañón,2013,12,,,,70.4,77.0,73.9,67.4,60.1,51.8,2013-12-01,Diciembre,2013-12,Diciembre
RF-47,Mendez Álvaro,2013,12,,,,56.8,67.5,56.3,48.7,42.5,39.3,2013-12-01,Diciembre,2013-12,Diciembre
RF-05,Barrio del Pilar,2013,12,,,,61.6,68.3,64.8,59.0,47.8,39.5,2013-12-01,Diciembre,2013-12,Diciembre
RF-14,Plaza Elíptica,2013,12,,,,65.6,71.6,68.0,63.6,56.5,49.0,2013-12-01,Diciembre,2013-12,Diciembre
RF-47,Mendez Álvaro,2014,1,,,,63.0,67.0,56.1,49.2,42.0,38.7,2014-01-01,Enero,2014-01,Enero
RF-12,Manuel Becerra,2014,1,,,,64.8,70.6,65.4,61.4,54.0,47.0,2014-01-01,Enero,2014-01,Enero
RF-86,Tres Olivos,2014,1,,,,58.6,67.0,61.4,52.7,39.9,36.5,2014-01-01,Enero,2014-01,Enero
RF-13,Vallecas,2014,1,,,,65.9,66.1,60.7,54.5,47.0,45.4,2014-01-01,Enero,2014-01,Enero
RF-04,Plaza de España,2014,1,,,,66.4,73.2,68.6,64.3,57.8,49.7,2014-01-01,Enero,2014-01,Enero
RF-24,Casa de Campo,2014,1,,,,48.0,56.9,50.0,44.6,39.1,36.6,2014-01-01,Enero,2014-01,Enero
RF-28,Cuatro Vientos,2014,1,,,,66.8,75.2,71.2,61.7,44.5,38.2,2014-01-01,Enero,2014-01,Enero
RF-08,Escuelas Aguirre,2014,1,,,,68.9,75.9,72.8,66.1,57.8,48.4,2014-01-01,Enero,2014-01,Enero
RF-55,Urb Embajada 2,2014,1,,,,55.5,63.5,58.1,50.2,43.2,40.7,2014-01-01,Enero,2014-01,Enero
RF-27,Barajas Pueblo,2014,1,,,,64.5,72.6,66.1,52.7,41.2,36.0,2014-01-01,Enero,2014-01,Enero
RF-14,Plaza Elíptica,2014,1,,,,65.6,71.6,68.2,63.9,56.4,49.0,2014-01-01,Enero,2014-01,Enero
RF-31,Sanchinarro,2014,1,,,,64.0,73.9,69.0,56.5,45.0,40.2,2014-01-01,Enero,2014-01,Enero
RF-05,Barrio del Pilar,2014,1,,,,61.9,68.6,65.3,59.2,46.7,39.4,2014-01-01,Enero,2014-01,Enero
RF-30,Campo de las Naciones,2014,1,,,,60.3,68.1,63.8,57.4,45.6,40.4,2014-01-01,Enero,2014-01,Enero
RF-03,Plaza del Carmen,2014,1,,,,61.2,69.4,63.8,57.7,51.7,46.7,2014-01-01,Enero,2014-01,Enero
RF-26,Embajada,2014,1,,,,62.9,71.3,67.5,58.0,49.2,42.2,2014-01-01,Enero,2014-01,Enero
RF-54,Ensanche de Vallecas,2014,1,,,,60.6,68.0,64.0,58.6,43.9,38.4,2014-01-01,Enero,2014-01,Enero
RF-02,Carlos V,2014,1,,,,69.6,75.9,72.2,68.8,62.3,56.2,2014-01-01,Enero,2014-01,Enero
RF-01,Paseo de Recoletos,2014,1,,,,69.2,75.4,72.7,66.6,59.2,51.4,2014-01-01,Enero,2014-01,Enero
RF-50,Plaza de Castilla,2014,1,,,,67.0,73.5,69.0,65.3,57.4,49.8,2014-01-01,Enero,2014-01,Enero
RF-17,Villaverde,2014,1,,,,61.8,65.4,59.0,52.5,41.2,36.3,2014-01-01,Enero,2014-01,Enero
RF-10,Cuatro Caminos,2014,1,,,,64.5,73.0,68.3,60.6,48.9,42.4,2014-01-01,Enero,2014-01,Enero
RF-19,Alto de Extremadura,2014,1,,,,61.9,69.4,64.4,58.3,48.3,39.4,2014-01-01,Enero,2014-01,Enero
RF-20,Avenida de Moratalaz,2014,1,,,,63.9,72.1,65.6,58.8,46.7,38.8,2014-01-01,Enero,2014-01,Enero
RF-25,Santa Eugenia,2014,1,,,,65.8,71.4,68.6,65.4,57.0,47.0,2014-01-01,Enero,2014-01,Enero
RF-06,Gregorio Marañón,2014,1,,,,70.7,77.1,74.2,67.5,60.1,51.4,2014-01-01,Enero,2014-01,Enero
RF-18,General Ricardos ubicación antigua,2014,1,,,,62.0,64.2,57.8,50.2,40.3,37.1,2014-01-01,Enero,2014-01,Enero
RF-16,Arturo Soria,2014,1,,,,62.9,69.0,66.1,60.6,44.9,38.2,2014-01-01,Enero,2014-01,Enero
RF-48,Castellana,2014,1,,,,62.8,68.6,65.7,61.8,53.5,45.4,2014-01-01,Enero,2014-01,Enero
RF-29,El Pardo,2014,1,,,,58.3,67.9,63.1,51.1,35.2,30.3,2014-01-01,Enero,2014-01,Enero
RF-11,Ramón y Cajal,2014,1,,,,69.2,75.4,72.6,67.5,53.7,41.4,2014-01-01,Enero,2014-01,Enero
RF-14,Plaza Elíptica,2014,2,,,,65.7,71.6,68.4,64.2,56.4,48.7,2014-02-01,Febrero,2014-02,Febrero
RF-48,Castellana,2014,2,,,,62.9,68.8,65.9,62.0,53.5,44.9,2014-02-01,Febrero,2014-02,Febrero
RF-17,Villaverde,2014,2,,,,56.3,64.6,59.1,52.6,41.0,37.2,2014-02-01,Febrero,2014-02,Febrero
RF-50,Plaza de Castilla,2014,2,,,,67.3,73.3,69.3,65.5,57.8,49.8,2014-02-01,Febrero,2014-02,Febrero
RF-12,Manuel Becerra,2014,2,,,,64.1,70.5,65.4,61.5,53.8,46.5,2014-02-01,Febrero,2014-02,Febrero
RF-24,Casa de Campo,2014,2,,,,48.5,57.7,50.7,44.7,38.7,36.4,2014-02-01,Febrero,2014-02,Febrero
RF-04,Plaza de España,2014,2,,,,65.7,73.1,68.4,64.4,57.9,49.6,2014-02-01,Febrero,2014-02,Febrero
RF-03,Plaza del Carmen,2014,2,,,,61.0,69.3,63.9,57.8,51.8,45.9,2014-02-01,Febrero,2014-02,Febrero
RF-02,Carlos V,2014,2,,,,70.2,76.2,72.4,69.2,62.4,55.4,2014-02-01,Febrero,2014-02,Febrero
RF-25,Santa Eugenia,2014,2,,,,65.7,71.6,68.4,65.2,56.4,46.0,2014-02-01,Febrero,2014-02,Febrero
RF-47,Mendez Álvaro,2014,2,,,,55.2,66.4,56.4,49.6,41.9,38.6,2014-02-01,Febrero,2014-02,Febrero
RF-08,Escuelas Aguirre,2014,2,,,,69.3,76.0,72.9,66.9,58.5,48.4,2014-02-01,Febrero,2014-02,Febrero
RF-54,Ensanche de Vallecas,2014,2,,,,61.0,68.5,64.6,59.0,42.6,37.3,2014-02-01,Febrero,2014-02,Febrero
RF-01,Paseo de Recoletos,2014,2,,,,69.3,75.6,72.8,66.8,59.1,51.0,2014-02-01,Febrero,2014-02,Febrero
RF-10,Cuatro Caminos,2014,2,,,,64.9,73.2,68.6,61.1,49.3,42.5,2014-02-01,Febrero,2014-02,Febrero
RF-20,Avenida de Moratalaz,2014,2,,,,62.5,71.3,65.7,59.0,46.8,37.8,2014-02-01,Febrero,2014-02,Febrero
RF-11,Ramón y Cajal,2014,2,,,,69.5,75.7,72.9,67.8,53.5,41.7,2014-02-01,Febrero,2014-02,Febrero
RF-18,General Ricardos ubicación antigua,2014,2,,,,55.3,64.2,58.0,50.5,40.1,37.0,2014-02-01,Febrero,2014-02,Febrero
RF-16,Arturo Soria,2014,2,,,,62.5,69.2,66.4,60.8,44.3,37.1,2014-02-01,Febrero,2014-02,Febrero
RF-06,Gregorio Marañón,2014,2,,,,70.7,77.5,74.3,67.6,60.2,51.1,2014-02-01,Febrero,2014-02,Febrero
RF-27,Barajas Pueblo,2014,2,,,,61.7,72.5,66.0,52.5,40.9,36.2,2014-02-01,Febrero,2014-02,Febrero
RF-29,El Pardo,2014,2,,,,58.8,68.2,63.4,51.6,33.9,29.7,2014-02-01,Febrero,2014-02,Febrero
RF-30,Campo de las Naciones,2014,2,,,,61.1,68.6,64.5,59.0,45.1,39.7,2014-02-01,Febrero,2014-02,Febrero
RF-28,Cuatro Vientos,2014,2,,,,67.1,75.6,71.2,62.0,44.6,38.2,2014-02-01,Febrero,2014-02,Febrero
RF-19,Alto de Extremadura,2014,2,,,,61.8,69.8,64.7,58.6,48.6,39.2,2014-02-01,Febrero,2014-02,Febrero
RF-86,Tres Olivos,2014,2,,,,58.0,67.1,61.7,53.3,40.3,36.8,2014-02-01,Febrero,2014-02,Febrero
RF-05,Barrio del Pilar,2014,2,,,,62.0,69.0,65.7,59.3,46.3,39.5,2014-02-01,Febrero,2014-02,Febrero
RF-26,Embajada,2014,2,,,,63.1,71.6,67.8,58.5,48.9,41.6,2014-02-01,Febrero,2014-02,Febrero
RF-55,Urb Embajada 2,2014,2,,,,55.4,64.2,58.5,50.4,43.0,40.7,2014-02-01,Febrero,2014-02,Febrero
RF-31,Sanchinarro,2014,2,,,,63.5,73.6,68.5,56.2,44.2,39.3,2014-02-01,Febrero,2014-02,Febrero
RF-13,Vallecas,2014,2,,,,59.5,66.0,60.8,54.9,48.3,47.0,2014-02-01,Febrero,2014-02,Febrero
RF-16,Arturo Soria,2014,3,,,,61.2,67.8,64.8,59.3,44.2,36.0,2014-03-01,Marzo,2014-03,Marzo
RF-08,Escuelas Aguirre,2014,3,,,,68.4,75.4,71.9,66.0,57.7,47.8,2014-03-01,Marzo,2014-03,Marzo
RF-26,Embajada,2014,3,,,,62.2,70.8,66.9,57.5,48.1,41.2,2014-03-01,Marzo,2014-03,Marzo
RF-04,Plaza de España,2014,3,,,,65.4,73.2,67.8,63.9,57.6,50.5,2014-03-01,Marzo,2014-03,Marzo
RF-28,Cuatro Vientos,2014,3,,,,66.0,74.6,70.6,60.6,43.1,36.7,2014-03-01,Marzo,2014-03,Marzo
RF-86,Tres Olivos,2014,3,,,,57.5,66.6,61.1,52.5,39.3,36.0,2014-03-01,Marzo,2014-03,Marzo
RF-10,Cuatro Caminos,2014,3,,,,64.1,72.2,67.5,60.2,50.7,46.6,2014-03-01,Marzo,2014-03,Marzo
RF-01,Paseo de Recoletos,2014,3,,,,69.5,76.3,71.9,66.2,58.4,50.2,2014-03-01,Marzo,2014-03,Marzo
RF-48,Castellana,2014,3,,,,61.9,67.9,64.8,60.9,53.1,45.7,2014-03-01,Marzo,2014-03,Marzo
RF-27,Barajas Pueblo,2014,3,,,,62.3,72.3,65.8,53.4,42.4,36.3,2014-03-01,Marzo,2014-03,Marzo
RF-29,El Pardo,2014,3,,,,58.0,67.0,62.4,51.3,35.4,30.5,2014-03-01,Marzo,2014-03,Marzo
RF-55,Urb Embajada 2,2014,3,,,,54.8,63.2,57.9,50.2,43.3,41.0,2014-03-01,Marzo,2014-03,Marzo
RF-19,Alto de Extremadura,2014,3,,,,61.0,69.3,63.8,57.5,47.5,37.9,2014-03-01,Marzo,2014-03,Marzo
RF-47,Mendez Álvaro,2014,3,,,,55.3,66.3,56.1,49.3,41.6,38.0,2014-03-01,Marzo,2014-03,Marzo
RF-05,Barrio del Pilar,2014,3,,,,61.3,68.3,64.9,58.8,46.4,39.4,2014-03-01,Marzo,2014-03,Marzo
RF-14,Plaza Elíptica,2014,3,,,,65.1,71.0,67.6,63.2,55.6,47.7,2014-03-01,Marzo,2014-03,Marzo
RF-11,Ramón y Cajal,2014,3,,,,68.5,74.9,71.9,66.7,52.8,41.0,2014-03-01,Marzo,2014-03,Marzo
RF-50,Plaza de Castilla,2014,3,,,,66.3,72.5,68.1,64.2,56.6,48.8,2014-03-01,Marzo,2014-03,Marzo
RF-20,Avenida de Moratalaz,2014,3,,,,61.7,70.6,64.7,58.0,46.2,37.2,2014-03-01,Marzo,2014-03,Marzo
RF-31,Sanchinarro,2014,3,,,,62.3,72.6,67.2,54.6,42.5,37.4,2014-03-01,Marzo,2014-03,Marzo
RF-54,Ensanche de Vallecas,2014,3,,,,59.8,67.4,63.3,57.7,43.4,36.5,2014-03-01,Marzo,2014-03,Marzo
RF-24,Casa de Campo,2014,3,,,,48.5,57.7,51.2,44.9,39.0,36.6,2014-03-01,Marzo,2014-03,Marzo
RF-12,Manuel Becerra,2014,3,,,,63.7,70.2,64.9,61.0,53.5,46.2,2014-03-01,Marzo,2014-03,Marzo
RF-30,Campo de las Naciones,2014,3,,,,60.1,67.5,63.4,57.5,44.2,38.5,2014-03-01,Marzo,2014-03,Marzo
RF-17,Villaverde,2014,3,,,,56.6,65.5,59.3,52.6,40.4,34.0,2014-03-01,Marzo,2014-03,Marzo
RF-02,Carlos V,2014,3,,,,69.9,77.0,71.6,68.2,61.5,54.8,2014-03-01,Marzo,2014-03,Marzo
RF-25,Santa Eugenia,2014,3,,,,64.7,70.6,67.2,64.3,55.9,46.5,2014-03-01,Marzo,2014-03,Marzo
RF-18,General Ricardos ubicación antigua,2014,3,,,,56.5,64.9,58.1,50.9,42.1,37.9,2014-03-01,Marzo,2014-03,Marzo
RF-03,Plaza del Carmen,2014,3,,,,60.9,69.8,63.7,57.2,50.1,44.0,2014-03-01,Marzo,2014-03,Marzo
RF-13,Vallecas,2014,3,,,,58.0,65.5,60.5,55.3,49.6,48.1,2014-03-01,Marzo,2014-03,Marzo
RF-06,Gregorio Marañón,2014,3,,,,70.0,76.9,73.4,66.8,59.4,50.6,2014-03-01,Marzo,2014-03,Marzo
RF-12,Manuel Becerra,2014,4,,,,63.8,70.4,64.9,60.7,53.0,46.5,2014-04-01,Abril,2014-04,Abril
RF-27,Barajas Pueblo,2014,4,,,,62.0,72.1,65.3,53.1,42.1,35.0,2014-04-01,Abril,2014-04,Abril
RF-86,Tres Olivos,2014,4,,,,57.0,66.4,60.8,52.4,39.5,36.2,2014-04-01,Abril,2014-04,Abril
RF-08,Escuelas Aguirre,2014,4,,,,68.2,75.5,71.8,65.8,57.3,47.7,2014-04-01,Abril,2014-04,Abril
RF-29,El Pardo,2014,4,,,,57.5,66.8,61.8,51.3,35.0,30.8,2014-04-01,Abril,2014-04,Abril
RF-47,Mendez Álvaro,2014,4,,,,55.2,66.1,56.2,49.8,40.5,37.4,2014-04-01,Abril,2014-04,Abril
RF-11,Ramón y Cajal,2014,4,,,,67.9,74.6,71.4,65.6,51.8,40.4,2014-04-01,Abril,2014-04,Abril
RF-16,Arturo Soria,2014,4,,,,60.9,67.9,64.5,58.5,43.7,36.1,2014-04-01,Abril,2014-04,Abril
RF-20,Avenida de Moratalaz,2014,4,,,,61.5,70.6,64.5,57.6,45.7,37.5,2014-04-01,Abril,2014-04,Abril
RF-10,Cuatro Caminos,2014,4,,,,63.7,72.2,67.0,59.1,48.6,41.3,2014-04-01,Abril,2014-04,Abril
RF-54,Ensanche de Vallecas,2014,4,,,,58.9,66.5,62.5,56.8,42.9,37.2,2014-04-01,Abril,2014-04,Abril
RF-26,Embajada,2014,4,,,,61.6,70.1,66.2,56.6,48.4,41.3,2014-04-01,Abril,2014-04,Abril
RF-18,General Ricardos ubicación antigua,2014,4,,,,58.2,66.8,58.6,51.2,41.6,37.0,2014-04-01,Abril,2014-04,Abril
RF-06,Gregorio Marañón,2014,4,,,,69.5,77.0,73.0,66.2,58.7,50.6,2014-04-01,Abril,2014-04,Abril
RF-48,Castellana,2014,4,,,,61.7,68.4,64.6,60.4,52.2,44.3,2014-04-01,Abril,2014-04,Abril
RF-01,Paseo de Recoletos,2014,4,,,,67.7,74.6,70.9,65.1,57.4,50.0,2014-04-01,Abril,2014-04,Abril
RF-50,Plaza de Castilla,2014,4,,,,65.8,72.6,67.8,63.6,55.5,48.0,2014-04-01,Abril,2014-04,Abril
RF-25,Santa Eugenia,2014,4,,,,64.7,71.5,67.4,63.9,55.8,46.4,2014-04-01,Abril,2014-04,Abril
RF-02,Carlos V,2014,4,,,,69.3,76.1,71.5,67.8,61.3,54.8,2014-04-01,Abril,2014-04,Abril
RF-03,Plaza del Carmen,2014,4,,,,61.1,70.4,63.7,57.6,50.8,44.3,2014-04-01,Abril,2014-04,Abril
RF-04,Plaza de España,2014,4,,,,64.9,72.5,67.3,63.5,56.7,49.3,2014-04-01,Abril,2014-04,Abril
RF-24,Casa de Campo,2014,4,,,,49.1,58.2,52.3,45.5,37.9,36.1,2014-04-01,Abril,2014-04,Abril
RF-13,Vallecas,2014,4,,,,69.8,70.8,60.4,54.3,45.2,36.7,2014-04-01,Abril,2014-04,Abril
RF-05,Barrio del Pilar,2014,4,,,,61.2,68.5,64.6,58.5,46.4,38.8,2014-04-01,Abril,2014-04,Abril
RF-31,Sanchinarro,2014,4,,,,61.7,72.0,66.6,53.7,43.6,38.7,2014-04-01,Abril,2014-04,Abril
RF-19,Alto de Extremadura,2014,4,,,,61.0,69.7,63.8,57.2,47.0,37.0,2014-04-01,Abril,2014-04,Abril
RF-14,Plaza Elíptica,2014,4,,,,64.8,71.0,67.4,62.9,55.4,48.2,2014-04-01,Abril,2014-04,Abril
RF-30,Campo de las Naciones,2014,4,,,,59.2,67.1,62.6,56.2,42.9,37.9,2014-04-01,Abril,2014-04,Abril
RF-55,Urb Embajada 2,2014,4,,,,54.5,62.9,57.5,50.3,43.6,41.4,2014-04-01,Abril,2014-04,Abril
RF-17,Villaverde,2014,4,,,,57.7,67.3,60.7,53.6,39.7,33.5,2014-04-01,Abril,2014-04,Abril
RF-28,Cuatro Vientos,2014,4,,,,65.5,74.2,70.0,59.7,41.8,35.4,2014-04-01,Abril,2014-04,Abril
RF-54,Ensanche de Vallecas,2014,5,,,,58.6,65.7,61.9,56.6,43.7,37.2,2014-05-01,Mayo,2014-05,Mayo
RF-03,Plaza del Carmen,2014,5,,,,60.8,68.9,63.2,57.4,51.0,44.9,2014-05-01,Mayo,2014-05,Mayo
RF-17,Villaverde,2014,5,,,,59.2,68.9,61.4,54.6,39.3,34.4,2014-05-01,Mayo,2014-05,Mayo
RF-04,Plaza de España,2014,5,,,,64.7,72.2,66.9,62.9,56.9,49.8,2014-05-01,Mayo,2014-05,Mayo
RF-20,Avenida de Moratalaz,2014,5,,,,61.1,70.3,64.0,57.1,46.2,37.8,2014-05-01,Mayo,2014-05,Mayo
RF-12,Manuel Becerra,2014,5,,,,63.9,70.6,64.8,60.6,53.0,47.0,2014-05-01,Mayo,2014-05,Mayo
RF-13,Vallecas,2014,5,,,,57.4,65.6,59.9,54.0,41.7,36.0,2014-05-01,Mayo,2014-05,Mayo
RF-11,Ramón y Cajal,2014,5,,,,67.6,74.0,70.9,65.6,52.1,41.0,2014-05-01,Mayo,2014-05,Mayo
RF-05,Barrio del Pilar,2014,5,,,,61.1,67.8,64.2,58.4,46.9,39.1,2014-05-01,Mayo,2014-05,Mayo
RF-48,Castellana,2014,5,,,,61.2,68.0,63.8,59.8,52.4,45.3,2014-05-01,Mayo,2014-05,Mayo
RF-06,Gregorio Marañón,2014,5,,,,69.5,76.7,72.7,66.0,58.7,50.4,2014-05-01,Mayo,2014-05,Mayo
RF-08,Escuelas Aguirre,2014,5,,,,68.3,75.4,71.5,65.6,57.3,48.0,2014-05-01,Mayo,2014-05,Mayo
RF-31,Sanchinarro,2014,5,,,,61.4,71.5,66.4,53.4,42.6,37.9,2014-05-01,Mayo,2014-05,Mayo
RF-14,Plaza Elíptica,2014,5,,,,64.6,71.0,66.9,62.5,55.6,48.3,2014-05-01,Mayo,2014-05,Mayo
RF-50,Plaza de Castilla,2014,5,,,,65.6,71.8,67.4,63.3,55.6,48.0,2014-05-01,Mayo,2014-05,Mayo
RF-10,Cuatro Caminos,2014,5,,,,63.4,71.9,66.6,58.9,48.9,41.6,2014-05-01,Mayo,2014-05,Mayo
RF-29,El Pardo,2014,5,,,,57.9,66.6,61.7,52.0,35.5,30.6,2014-05-01,Mayo,2014-05,Mayo
RF-28,Cuatro Vientos,2014,5,,,,64.9,73.6,69.3,59.4,41.7,34.8,2014-05-01,Mayo,2014-05,Mayo
RF-47,Mendez Álvaro,2014,5,,,,56.2,66.9,56.3,50.3,40.6,36.9,2014-05-01,Mayo,2014-05,Mayo
RF-16,Arturo Soria,2014,5,,,,60.0,66.9,63.6,57.7,43.0,35.4,2014-05-01,Mayo,2014-05,Mayo
RF-86,Tres Olivos,2014,5,,,,57.6,66.2,60.6,52.2,39.0,36.3,2014-05-01,Mayo,2014-05,Mayo
RF-18,General Ricardos ubicación antigua,2014,5,,,,58.0,67.1,59.6,51.9,42.1,37.4,2014-05-01,Mayo,2014-05,Mayo
RF-19,Alto de Extremadura,2014,5,,,,60.4,69.4,63.1,56.6,46.5,37.8,2014-05-01,Mayo,2014-05,Mayo
RF-24,Casa de Campo,2014,5,,,,48.9,57.6,52.3,46.1,37.9,36.0,2014-05-01,Mayo,2014-05,Mayo
RF-01,Paseo de Recoletos,2014,5,,,,68.1,76.3,70.7,65.3,57.5,50.0,2014-05-01,Mayo,2014-05,Mayo
RF-02,Carlos V,2014,5,,,,69.8,77.6,71.4,67.7,61.0,54.4,2014-05-01,Mayo,2014-05,Mayo
RF-26,Embajada,2014,5,,,,61.3,69.8,65.9,56.6,48.5,41.2,2014-05-01,Mayo,2014-05,Mayo
RF-27,Barajas Pueblo,2014,5,,,,61.0,71.1,64.7,53.0,42.1,35.3,2014-05-01,Mayo,2014-05,Mayo
RF-30,Campo de las Naciones,2014,5,,,,58.9,66.8,62.5,56.2,41.5,37.1,2014-05-01,Mayo,2014-05,Mayo
RF-55,Urb Embajada 2,2014,5,,,,54.2,62.5,57.3,50.7,43.9,41.2,2014-05-01,Mayo,2014-05,Mayo
RF-25,Santa Eugenia,2014,5,,,,64.0,69.7,66.7,63.6,55.8,47.0,2014-05-01,Mayo,2014-05,Mayo
RF-17,Villaverde,2014,6,,,,59.3,69.3,61.8,54.8,40.1,34.8,2014-06-01,Junio,2014-06,Junio
RF-30,Campo de las Naciones,2014,6,,,,59.4,67.1,62.0,56.3,42.3,37.5,2014-06-01,Junio,2014-06,Junio
RF-47,Mendez Álvaro,2014,6,,,,56.0,67.0,56.0,50.6,41.3,37.1,2014-06-01,Junio,2014-06,Junio
RF-50,Plaza de Castilla,2014,6,,,,65.4,71.8,67.1,63.3,55.8,48.4,2014-06-01,Junio,2014-06,Junio
RF-27,Barajas Pueblo,2014,6,,,,60.7,70.8,64.6,53.0,42.9,34.9,2014-06-01,Junio,2014-06,Junio
RF-14,Plaza Elíptica,2014,6,,,,64.4,70.7,66.8,62.5,56.0,48.3,2014-06-01,Junio,2014-06,Junio
RF-48,Castellana,2014,6,,,,60.7,66.7,63.5,59.7,52.7,46.2,2014-06-01,Junio,2014-06,Junio
RF-31,Sanchinarro,2014,6,,,,61.1,71.0,66.1,53.3,43.1,37.8,2014-06-01,Junio,2014-06,Junio
RF-19,Alto de Extremadura,2014,6,,,,60.4,69.2,62.9,56.3,46.5,37.8,2014-06-01,Junio,2014-06,Junio
RF-28,Cuatro Vientos,2014,6,,,,65.3,73.8,69.5,60.1,42.5,35.3,2014-06-01,Junio,2014-06,Junio
RF-29,El Pardo,2014,6,,,,58.8,67.6,61.8,52.8,37.1,30.9,2014-06-01,Junio,2014-06,Junio
RF-05,Barrio del Pilar,2014,6,,,,61.1,67.6,64.2,58.8,48.3,40.3,2014-06-01,Junio,2014-06,Junio
RF-13,Vallecas,2014,6,,,,61.0,69.2,60.1,54.4,42.6,36.8,2014-06-01,Junio,2014-06,Junio
RF-24,Casa de Campo,2014,6,,,,49.2,58.0,52.0,46.8,39.4,36.4,2014-06-01,Junio,2014-06,Junio
RF-04,Plaza de España,2014,6,,,,64.6,72.4,66.9,63.1,57.1,50.1,2014-06-01,Junio,2014-06,Junio
RF-03,Plaza del Carmen,2014,6,,,,61.3,69.8,63.6,57.8,52.5,48.2,2014-06-01,Junio,2014-06,Junio
RF-55,Urb Embajada 2,2014,6,,,,54.6,62.4,57.4,51.6,45.0,41.5,2014-06-01,Junio,2014-06,Junio
RF-02,Carlos V,2014,6,,,,68.9,75.6,70.8,67.2,60.8,53.8,2014-06-01,Junio,2014-06,Junio
RF-12,Manuel Becerra,2014,6,,,,63.5,70.5,64.8,60.6,53.0,47.0,2014-06-01,Junio,2014-06,Junio
RF-25,Santa Eugenia,2014,6,,,,64.0,69.2,66.5,63.5,56.1,47.3,2014-06-01,Junio,2014-06,Junio
RF-08,Escuelas Aguirre,2014,6,,,,68.3,76.7,71.5,65.7,57.6,49.0,2014-06-01,Junio,2014-06,Junio
RF-16,Arturo Soria,2014,6,,,,59.8,66.6,63.3,57.7,44.0,35.8,2014-06-01,Junio,2014-06,Junio
RF-20,Avenida de Moratalaz,2014,6,,,,61.3,70.2,64.0,57.4,46.6,38.4,2014-06-01,Junio,2014-06,Junio
RF-06,Gregorio Marañón,2014,6,,,,69.0,76.0,72.3,65.8,58.7,50.6,2014-06-01,Junio,2014-06,Junio
RF-01,Paseo de Recoletos,2014,6,,,,67.2,73.7,70.4,65.0,57.6,50.0,2014-06-01,Junio,2014-06,Junio
RF-11,Ramón y Cajal,2014,6,,,,67.5,73.9,70.8,65.7,52.6,41.3,2014-06-01,Junio,2014-06,Junio
RF-10,Cuatro Caminos,2014,6,,,,63.3,71.6,66.5,59.0,49.7,42.2,2014-06-01,Junio,2014-06,Junio
RF-18,General Ricardos ubicación antigua,2014,6,,,,56.5,66.0,58.9,51.3,43.1,37.4,2014-06-01,Junio,2014-06,Junio
RF-86,Tres Olivos,2014,6,,,,57.0,66.0,60.4,52.3,39.5,36.0,2014-06-01,Junio,2014-06,Junio
RF-26,Embajada,2014,6,,,,61.2,69.7,65.7,56.7,49.1,41.4,2014-06-01,Junio,2014-06,Junio
RF-54,Ensanche de Vallecas,2014,6,,,,58.7,65.9,61.8,56.6,44.9,36.6,2014-06-01,Junio,2014-06,Junio
RF-04,Plaza de España,2014,7,,,,64.2,71.7,66.6,62.9,56.7,50.1,2014-07-01,Julio,2014-07,Julio
RF-54,Ensanche de Vallecas,2014,7,,,,57.9,65.1,61.2,56.1,45.0,37.0,2014-07-01,Julio,2014-07,Julio
RF-12,Manuel Becerra,2014,7,,,,63.0,69.7,64.4,60.2,52.7,46.9,2014-07-01,Julio,2014-07,Julio
RF-28,Cuatro Vientos,2014,7,,,,64.8,73.6,69.0,59.6,42.3,34.4,2014-07-01,Julio,2014-07,Julio
RF-24,Casa de Campo,2014,7,,,,48.8,56.0,50.7,47.1,41.0,37.4,2014-07-01,Julio,2014-07,Julio
RF-29,El Pardo,2014,7,,,,57.8,66.3,61.5,52.4,37.8,31.6,2014-07-01,Julio,2014-07,Julio
RF-05,Barrio del Pilar,2014,7,,,,61.1,67.6,64.1,59.1,49.2,41.2,2014-07-01,Julio,2014-07,Julio
RF-26,Embajada,2014,7,,,,61.0,69.4,65.4,56.4,49.5,42.6,2014-07-01,Julio,2014-07,Julio
RF-50,Plaza de Castilla,2014,7,,,,65.5,71.5,66.9,63.1,55.7,48.8,2014-07-01,Julio,2014-07,Julio
RF-03,Plaza del Carmen,2014,7,,,,60.9,69.4,63.6,58.0,52.9,49.7,2014-07-01,Julio,2014-07,Julio
RF-25,Santa Eugenia,2014,7,,,,63.7,68.8,66.3,63.3,56.3,47.8,2014-07-01,Julio,2014-07,Julio
RF-55,Urb Embajada 2,2014,7,,,,55.1,62.0,57.0,51.2,44.7,41.4,2014-07-01,Julio,2014-07,Julio
RF-10,Cuatro Caminos,2014,7,,,,62.9,71.3,66.1,58.7,50.3,42.7,2014-07-01,Julio,2014-07,Julio
RF-20,Avenida de Moratalaz,2014,7,,,,60.9,69.9,63.7,57.1,46.5,38.4,2014-07-01,Julio,2014-07,Julio
RF-13,Vallecas,2014,7,,,,60.2,72.4,60.3,54.3,43.7,36.3,2014-07-01,Julio,2014-07,Julio
RF-31,Sanchinarro,2014,7,,,,61.0,70.9,65.9,52.9,43.7,39.0,2014-07-01,Julio,2014-07,Julio
RF-19,Alto de Extremadura,2014,7,,,,61.5,70.0,62.6,56.1,47.4,40.2,2014-07-01,Julio,2014-07,Julio
RF-18,General Ricardos ubicación antigua,2014,7,,,,56.4,66.5,58.4,51.0,43.4,37.9,2014-07-01,Julio,2014-07,Julio
RF-14,Plaza Elíptica,2014,7,,,,64.2,70.6,66.7,62.4,56.0,48.8,2014-07-01,Julio,2014-07,Julio
RF-86,Tres Olivos,2014,7,,,,56.1,65.4,59.4,51.0,39.0,36.0,2014-07-01,Julio,2014-07,Julio
RF-27,Barajas Pueblo,2014,7,,,,60.2,70.0,63.5,52.2,43.0,36.1,2014-07-01,Julio,2014-07,Julio
RF-11,Ramón y Cajal,2014,7,,,,67.4,73.8,70.7,65.2,52.2,42.3,2014-07-01,Julio,2014-07,Julio
RF-47,Mendez Álvaro,2014,7,,,,55.5,66.1,55.8,51.1,41.4,37.2,2014-07-01,Julio,2014-07,Julio
RF-01,Paseo de Recoletos,2014,7,,,,67.1,73.6,70.3,64.8,57.3,50.8,2014-07-01,Julio,2014-07,Julio
RF-48,Castellana,2014,7,,,,60.6,66.8,63.4,59.5,52.5,45.4,2014-07-01,Julio,2014-07,Julio
RF-30,Campo de las Naciones,2014,7,,,,58.2,65.6,61.4,55.2,43.0,37.8,2014-07-01,Julio,2014-07,Julio
RF-02,Carlos V,2014,7,,,,71.0,87.1,71.6,67.7,61.7,55.0,2014-07-01,Julio,2014-07,Julio
RF-06,Gregorio Marañón,2014,7,,,,68.8,75.8,72.1,65.6,58.6,50.9,2014-07-01,Julio,2014-07,Julio
RF-16,Arturo Soria,2014,7,,,,60.0,66.7,63.0,57.3,43.9,37.0,2014-07-01,Julio,2014-07,Julio
RF-17,Villaverde,2014,7,,,,59.4,69.8,62.6,54.0,41.5,36.4,2014-07-01,Julio,2014-07,Julio
RF-08,Escuelas Aguirre,2014,7,,,,69.8,80.7,72.0,64.9,56.7,48.5,2014-07-01,Julio,2014-07,Julio
RF-54,Ensanche de Vallecas,2014,8,,,,57.2,64.6,60.4,55.0,43.9,36.7,2014-08-01,Agosto,2014-08,Agosto
RF-19,Alto de Extremadura,2014,8,,,,59.3,69.2,62.0,54.8,45.8,39.3,2014-08-01,Agosto,2014-08,Agosto
RF-12,Manuel Becerra,2014,8,,,,61.7,68.2,63.4,58.9,51.8,46.2,2014-08-01,Agosto,2014-08,Agosto
RF-03,Plaza del Carmen,2014,8,,,,60.2,68.1,62.2,56.5,52.0,49.1,2014-08-01,Agosto,2014-08,Agosto
RF-50,Plaza de Castilla,2014,8,,,,64.0,71.5,65.6,60.5,53.3,47.0,2014-08-01,Agosto,2014-08,Agosto
RF-27,Barajas Pueblo,2014,8,,,,58.4,69.4,62.0,51.4,41.9,35.2,2014-08-01,Agosto,2014-08,Agosto
RF-20,Avenida de Moratalaz,2014,8,,,,59.4,68.9,61.9,54.8,45.0,37.1,2014-08-01,Agosto,2014-08,Agosto
RF-86,Tres Olivos,2014,8,,,,54.3,64.2,57.3,48.7,37.7,35.5,2014-08-01,Agosto,2014-08,Agosto
RF-01,Paseo de Recoletos,2014,8,,,,66.0,72.6,69.7,63.2,55.8,49.5,2014-08-01,Agosto,2014-08,Agosto
RF-26,Embajada,2014,8,,,,59.9,68.8,64.3,55.6,48.5,41.8,2014-08-01,Agosto,2014-08,Agosto
RF-13,Vallecas,2014,8,,,,56.5,64.7,59.0,53.6,41.9,35.8,2014-08-01,Agosto,2014-08,Agosto
RF-02,Carlos V,2014,8,,,,67.7,74.4,70.0,66.1,59.7,53.2,2014-08-01,Agosto,2014-08,Agosto
RF-55,Urb Embajada 2,2014,8,,,,53.2,61.3,56.0,50.3,43.4,40.9,2014-08-01,Agosto,2014-08,Agosto
RF-47,Mendez Álvaro,2014,8,,,,54.0,63.5,54.9,50.2,40.2,37.3,2014-08-01,Agosto,2014-08,Agosto
RF-08,Escuelas Aguirre,2014,8,,,,69.1,80.9,70.3,63.7,55.8,48.3,2014-08-01,Agosto,2014-08,Agosto
RF-17,Villaverde,2014,8,,,,59.1,69.5,62.5,53.4,41.6,38.2,2014-08-01,Agosto,2014-08,Agosto
RF-10,Cuatro Caminos,2014,8,,,,61.6,69.9,64.5,56.8,48.9,41.2,2014-08-01,Agosto,2014-08,Agosto
RF-16,Arturo Soria,2014,8,,,,58.3,65.5,62.1,55.5,42.2,36.2,2014-08-01,Agosto,2014-08,Agosto
RF-04,Plaza de España,2014,8,,,,64.9,74.8,66.4,62.3,55.8,49.1,2014-08-01,Agosto,2014-08,Agosto
RF-11,Ramón y Cajal,2014,8,,,,65.7,73.3,69.4,62.2,49.4,41.0,2014-08-01,Agosto,2014-08,Agosto
RF-14,Plaza Elíptica,2014,8,,,,63.5,69.8,66.0,61.6,55.3,47.9,2014-08-01,Agosto,2014-08,Agosto
RF-28,Cuatro Vientos,2014,8,,,,63.6,72.9,67.7,57.5,40.5,34.5,2014-08-01,Agosto,2014-08,Agosto
RF-05,Barrio del Pilar,2014,8,,,,59.4,66.4,62.5,56.9,47.5,40.2,2014-08-01,Agosto,2014-08,Agosto
RF-30,Campo de las Naciones,2014,8,,,,56.4,64.2,59.9,53.2,44.5,39.3,2014-08-01,Agosto,2014-08,Agosto
RF-25,Santa Eugenia,2014,8,,,,63.1,68.8,65.6,62.5,55.5,47.0,2014-08-01,Agosto,2014-08,Agosto
RF-06,Gregorio Marañón,2014,8,,,,67.3,74.5,70.9,64.3,56.7,49.5,2014-08-01,Agosto,2014-08,Agosto
RF-24,Casa de Campo,2014,8,,,,48.6,55.8,50.8,47.2,39.8,36.7,2014-08-01,Agosto,2014-08,Agosto
RF-29,El Pardo,2014,8,,,,56.1,65.5,60.3,51.1,38.0,31.9,2014-08-01,Agosto,2014-08,Agosto
RF-31,Sanchinarro,2014,8,,,,59.5,70.3,64.1,51.4,42.4,37.8,2014-08-01,Agosto,2014-08,Agosto
RF-48,Castellana,2014,8,,,,59.2,65.3,62.1,58.2,50.8,44.4,2014-08-01,Agosto,2014-08,Agosto
RF-18,General Ricardos ubicación antigua,2014,8,,,,54.6,64.8,57.2,49.4,41.7,37.3,2014-08-01,Agosto,2014-08,Agosto
RF-30,Campo de las Naciones,2014,9,,,,58.9,66.1,62.2,56.7,43.3,37.7,2014-09-01,Septiembre,2014-09,Septiembre
RF-14,Plaza Elíptica,2014,9,,,,65.0,70.8,67.0,62.8,55.7,48.4,2014-09-01,Septiembre,2014-09,Septiembre
RF-13,Vallecas,2014,9,,,,57.3,65.6,59.9,54.2,41.2,35.6,2014-09-01,Septiembre,2014-09,Septiembre
RF-26,Embajada,2014,9,,,,61.2,69.8,65.8,56.6,48.7,42.1,2014-09-01,Septiembre,2014-09,Septiembre
RF-04,Plaza de España,2014,9,,,,64.4,71.7,66.9,63.1,55.9,49.5,2014-09-01,Septiembre,2014-09,Septiembre
RF-50,Plaza de Castilla,2014,9,,,,64.1,70.8,65.9,61.7,53.8,47.0,2014-09-01,Septiembre,2014-09,Septiembre
RF-17,Villaverde,2014,9,,,,58.7,66.8,60.7,53.8,40.6,33.7,2014-09-01,Septiembre,2014-09,Septiembre
RF-27,Barajas Pueblo,2014,9,,,,60.2,70.4,63.4,52.0,41.8,34.2,2014-09-01,Septiembre,2014-09,Septiembre
RF-03,Plaza del Carmen,2014,9,,,,61.5,69.8,63.7,57.9,52.5,48.5,2014-09-01,Septiembre,2014-09,Septiembre
RF-02,Carlos V,2014,9,,,,68.9,75.4,71.0,67.6,60.9,54.0,2014-09-01,Septiembre,2014-09,Septiembre
RF-31,Sanchinarro,2014,9,,,,61.2,71.2,66.2,53.2,42.2,37.6,2014-09-01,Septiembre,2014-09,Septiembre
RF-25,Santa Eugenia,2014,9,,,,64.4,69.8,66.9,63.9,56.3,47.3,2014-09-01,Septiembre,2014-09,Septiembre
RF-55,Urb Embajada 2,2014,9,,,,54.9,62.1,57.0,50.5,44.0,41.1,2014-09-01,Septiembre,2014-09,Septiembre
RF-86,Tres Olivos,2014,9,,,,56.9,65.8,60.1,51.3,37.4,35.2,2014-09-01,Septiembre,2014-09,Septiembre
RF-05,Barrio del Pilar,2014,9,,,,61.0,68.4,64.4,58.4,47.3,39.5,2014-09-01,Septiembre,2014-09,Septiembre
RF-48,Castellana,2014,9,,,,61.2,67.5,64.0,60.2,52.5,45.3,2014-09-01,Septiembre,2014-09,Septiembre
RF-01,Paseo de Recoletos,2014,9,,,,67.1,73.7,70.4,64.8,57.5,50.8,2014-09-01,Septiembre,2014-09,Septiembre
RF-20,Avenida de Moratalaz,2014,9,,,,61.2,70.5,64.2,57.2,45.0,36.9,2014-09-01,Septiembre,2014-09,Septiembre
RF-06,Gregorio Marañón,2014,9,,,,69.4,76.4,72.7,66.1,58.9,50.6,2014-09-01,Septiembre,2014-09,Septiembre
RF-29,El Pardo,2014,9,,,,58.9,67.7,61.5,52.0,36.3,31.6,2014-09-01,Septiembre,2014-09,Septiembre
RF-18,General Ricardos ubicación antigua,2014,9,,,,55.7,65.5,58.3,51.1,41.7,37.1,2014-09-01,Septiembre,2014-09,Septiembre
RF-47,Mendez Álvaro,2014,9,,,,56.5,67.5,56.0,50.0,40.0,37.3,2014-09-01,Septiembre,2014-09,Septiembre
RF-11,Ramón y Cajal,2014,9,,,,67.6,73.8,70.9,65.9,51.8,41.7,2014-09-01,Septiembre,2014-09,Septiembre
RF-24,Casa de Campo,2014,9,,,,48.7,58.0,50.6,46.1,38.9,36.4,2014-09-01,Septiembre,2014-09,Septiembre
RF-08,Escuelas Aguirre,2014,9,,,,68.7,76.7,71.5,65.8,57.6,49.2,2014-09-01,Septiembre,2014-09,Septiembre
RF-10,Cuatro Caminos,2014,9,,,,64.3,72.7,67.8,60.5,50.7,43.0,2014-09-01,Septiembre,2014-09,Septiembre
RF-19,Alto de Extremadura,2014,9,,,,60.2,69.2,63.0,56.6,46.3,38.1,2014-09-01,Septiembre,2014-09,Septiembre
RF-28,Cuatro Vientos,2014,9,,,,65.8,74.1,69.4,59.8,41.2,35.5,2014-09-01,Septiembre,2014-09,Septiembre
RF-54,Ensanche de Vallecas,2014,9,,,,59.3,65.9,62.0,57.0,44.3,37.8,2014-09-01,Septiembre,2014-09,Septiembre
RF-16,Arturo Soria,2014,9,,,,60.5,66.8,63.6,57.9,42.4,35.0,2014-09-01,Septiembre,2014-09,Septiembre
RF-12,Manuel Becerra,2014,9,,,,63.3,70.4,64.8,60.9,53.2,47.3,2014-09-01,Septiembre,2014-09,Septiembre
RF-17,Villaverde,2014,10,,,,58.1,67.8,61.0,54.0,40.8,35.4,2014-10-01,Octubre,2014-10,Octubre
RF-02,Carlos V,2014,10,,,,69.4,76.2,71.4,68.0,61.3,54.2,2014-10-01,Octubre,2014-10,Octubre
RF-47,Mendez Álvaro,2014,10,,,,57.0,67.9,56.3,49.8,41.0,37.8,2014-10-01,Octubre,2014-10,Octubre
RF-30,Campo de las Naciones,2014,10,,,,59.6,67.4,63.0,57.3,43.3,38.6,2014-10-01,Octubre,2014-10,Octubre
RF-54,Ensanche de Vallecas,2014,10,,,,59.7,67.2,63.0,58.0,46.7,42.1,2014-10-01,Octubre,2014-10,Octubre
RF-14,Plaza Elíptica,2014,10,,,,64.8,70.9,67.2,62.9,55.4,47.9,2014-10-01,Octubre,2014-10,Octubre
RF-25,Santa Eugenia,2014,10,,,,65.2,71.0,67.9,64.7,56.5,47.5,2014-10-01,Octubre,2014-10,Octubre
RF-20,Avenida de Moratalaz,2014,10,,,,62.0,71.2,64.9,58.2,45.0,37.2,2014-10-01,Octubre,2014-10,Octubre
RF-24,Casa de Campo,2014,10,,,,48.7,56.8,51.5,46.1,39.4,37.0,2014-10-01,Octubre,2014-10,Octubre
RF-12,Manuel Becerra,2014,10,,,,63.8,70.6,65.2,61.2,53.5,47.4,2014-10-01,Octubre,2014-10,Octubre
RF-06,Gregorio Marañón,2014,10,,,,69.6,76.7,72.8,66.3,59.1,50.4,2014-10-01,Octubre,2014-10,Octubre
RF-01,Paseo de Recoletos,2014,10,,,,67.0,73.7,70.0,64.7,57.4,50.6,2014-10-01,Octubre,2014-10,Octubre
RF-28,Cuatro Vientos,2014,10,,,,65.8,74.2,70.3,60.6,41.5,35.1,2014-10-01,Octubre,2014-10,Octubre
RF-16,Arturo Soria,2014,10,,,,60.8,67.8,64.4,58.7,43.2,35.9,2014-10-01,Octubre,2014-10,Octubre
RF-11,Ramón y Cajal,2014,10,,,,68.2,74.4,71.5,66.7,52.2,41.3,2014-10-01,Octubre,2014-10,Octubre
RF-48,Castellana,2014,10,,,,62.2,68.0,64.7,60.9,52.8,45.1,2014-10-01,Octubre,2014-10,Octubre
RF-19,Alto de Extremadura,2014,10,,,,60.6,69.5,63.6,57.1,46.6,37.5,2014-10-01,Octubre,2014-10,Octubre
RF-50,Plaza de Castilla,2014,10,,,,65.1,72.3,66.7,62.3,54.0,46.6,2014-10-01,Octubre,2014-10,Octubre
RF-29,El Pardo,2014,10,,,,56.2,66.4,59.5,50.4,35.5,31.6,2014-10-01,Octubre,2014-10,Octubre
RF-26,Embajada,2014,10,,,,62.0,70.3,66.6,57.7,49.3,42.5,2014-10-01,Octubre,2014-10,Octubre
RF-08,Escuelas Aguirre,2014,10,,,,68.4,75.2,71.9,66.3,57.9,49.2,2014-10-01,Octubre,2014-10,Octubre
RF-18,General Ricardos ubicación antigua,2014,10,,,,55.8,65.6,58.1,50.9,41.7,37.3,2014-10-01,Octubre,2014-10,Octubre
RF-05,Barrio del Pilar,2014,10,,,,66.2,79.2,65.8,59.6,48.0,40.0,2014-10-01,Octubre,2014-10,Octubre
RF-86,Tres Olivos,2014,10,,,,56.9,66.4,60.7,51.6,38.0,35.5,2014-10-01,Octubre,2014-10,Octubre
RF-27,Barajas Pueblo,2014,10,,,,61.6,71.1,64.0,52.9,41.4,34.4,2014-10-01,Octubre,2014-10,Octubre
RF-03,Plaza del Carmen,2014,10,,,,61.5,70.4,64.1,58.2,51.4,45.9,2014-10-01,Octubre,2014-10,Octubre
RF-04,Plaza de España,2014,10,,,,65.0,72.5,67.5,63.6,56.7,48.9,2014-10-01,Octubre,2014-10,Octubre
RF-31,Sanchinarro,2014,10,,,,61.9,71.9,66.8,54.4,43.8,38.5,2014-10-01,Octubre,2014-10,Octubre
RF-55,Urb Embajada 2,2014,10,,,,55.0,63.4,57.9,50.8,43.7,40.7,2014-10-01,Octubre,2014-10,Octubre
RF-13,Vallecas,2014,10,,,,62.0,67.9,60.6,54.4,42.1,36.9,2014-10-01,Octubre,2014-10,Octubre
RF-10,Cuatro Caminos,2014,10,,,,64.8,73.2,68.2,60.9,50.0,42.2,2014-10-01,Octubre,2014-10,Octubre
RF-11,Ramón y Cajal,2014,11,,,,68.8,74.9,72.1,67.1,53.9,41.9,2014-11-01,Noviembre,2014-11,Noviembre
RF-18,General Ricardos ubicación antigua,2014,11,,,,56.7,64.5,58.1,50.5,40.6,37.3,2014-11-01,Noviembre,2014-11,Noviembre
RF-19,Alto de Extremadura,2014,11,,,,60.9,69.2,63.9,57.6,47.9,39.3,2014-11-01,Noviembre,2014-11,Noviembre
RF-28,Cuatro Vientos,2014,11,,,,66.4,74.8,71.0,60.8,42.3,35.9,2014-11-01,Noviembre,2014-11,Noviembre
RF-24,Casa de Campo,2014,11,,,,48.3,56.6,50.8,44.9,39.3,37.2,2014-11-01,Noviembre,2014-11,Noviembre
RF-50,Plaza de Castilla,2014,11,,,,67.6,72.0,67.1,62.9,54.6,47.0,2014-11-01,Noviembre,2014-11,Noviembre
RF-13,Vallecas,2014,11,,,,58.5,65.7,60.8,54.3,42.9,36.6,2014-11-01,Noviembre,2014-11,Noviembre
RF-03,Plaza del Carmen,2014,11,,,,61.9,70.7,64.7,58.6,51.6,45.8,2014-11-01,Noviembre,2014-11,Noviembre
RF-31,Sanchinarro,2014,11,,,,62.8,,,,,,2014-11-01,Noviembre,2014-11,Noviembre
RF-14,Plaza Elíptica,2014,11,,,,65.4,71.7,67.9,63.5,56.3,48.7,2014-11-01,Noviembre,2014-11,Noviembre
RF-05,Barrio del Pilar,2014,11,,,,61.4,68.6,65.0,58.8,46.9,39.3,2014-11-01,Noviembre,2014-11,Noviembre
RF-47,Mendez Álvaro,2014,11,,,,55.5,66.5,56.2,49.1,41.1,37.7,2014-11-01,Noviembre,2014-11,Noviembre
RF-01,Paseo de Recoletos,2014,11,,,,68.1,74.7,71.5,65.7,57.3,50.0,2014-11-01,Noviembre,2014-11,Noviembre
RF-25,Santa Eugenia,2014,11,,,,66.6,70.0,67.9,64.9,56.9,48.0,2014-11-01,Noviembre,2014-11,Noviembre
RF-02,Carlos V,2014,11,,,,69.8,76.3,71.9,68.4,61.8,55.2,2014-11-01,Noviembre,2014-11,Noviembre
RF-27,Barajas Pueblo,2014,11,,,,62.2,72.6,65.4,52.6,41.0,34.5,2014-11-01,Noviembre,2014-11,Noviembre
RF-30,Campo de las Naciones,2014,11,,,,59.9,67.8,63.6,57.3,43.7,38.1,2014-11-01,Noviembre,2014-11,Noviembre
RF-48,Castellana,2014,11,,,,64.5,73.3,66.2,61.7,53.8,45.8,2014-11-01,Noviembre,2014-11,Noviembre
RF-55,Urb Embajada 2,2014,11,,,,54.8,63.6,58.0,50.0,42.2,37.8,2014-11-01,Noviembre,2014-11,Noviembre
RF-16,Arturo Soria,2014,11,,,,61.6,68.5,65.3,59.4,43.7,36.4,2014-11-01,Noviembre,2014-11,Noviembre
RF-26,Embajada,2014,11,,,,62.7,71.1,67.3,58.2,49.1,41.8,2014-11-01,Noviembre,2014-11,Noviembre
RF-10,Cuatro Caminos,2014,11,,,,65.3,73.6,68.8,61.3,50.3,42.5,2014-11-01,Noviembre,2014-11,Noviembre
RF-08,Escuelas Aguirre,2014,11,,,,67.9,74.6,71.0,65.9,58.1,48.4,2014-11-01,Noviembre,2014-11,Noviembre
RF-86,Tres Olivos,2014,11,,,,56.7,66.3,60.7,51.3,37.9,35.3,2014-11-01,Noviembre,2014-11,Noviembre
RF-29,El Pardo,2014,11,,,,56.4,65.8,59.8,50.4,37.9,34.0,2014-11-01,Noviembre,2014-11,Noviembre
RF-06,Gregorio Marañón,2014,11,,,,70.7,78.6,74.0,67.3,60.0,51.6,2014-11-01,Noviembre,2014-11,Noviembre
RF-04,Plaza de España,2014,11,,,,65.1,72.7,67.7,63.5,56.7,48.7,2014-11-01,Noviembre,2014-11,Noviembre
RF-20,Avenida de Moratalaz,2014,11,,,,62.5,72.6,65.4,58.6,45.3,37.0,2014-11-01,Noviembre,2014-11,Noviembre
RF-54,Ensanche de Vallecas,2014,11,,,,60.6,68.0,64.1,58.8,48.7,45.2,2014-11-01,Noviembre,2014-11,Noviembre
RF-86,Tres Olivos,2014,12,,,,58.8,66.5,60.4,50.5,38.5,35.4,2014-12-01,Diciembre,2014-12,Diciembre
RF-16,Arturo Soria,2014,12,,,,61.6,68.2,65.1,59.3,44.3,37.8,2014-12-01,Diciembre,2014-12,Diciembre
RF-05,Barrio del Pilar,2014,12,,,,63.7,71.6,67.6,60.3,47.3,40.2,2014-12-01,Diciembre,2014-12,Diciembre
RF-26,Embajada,2014,12,,,,63.1,71.4,67.5,58.0,49.9,42.8,2014-12-01,Diciembre,2014-12,Diciembre
RF-13,Vallecas,2014,12,,,,62.7,66.8,61.2,54.5,43.4,37.0,2014-12-01,Diciembre,2014-12,Diciembre
RF-06,Gregorio Marañón,2014,12,,,,70.3,77.0,73.7,67.3,60.4,52.6,2014-12-01,Diciembre,2014-12,Diciembre
RF-48,Castellana,2014,12,,,,62.7,69.0,65.3,61.5,54.1,46.4,2014-12-01,Diciembre,2014-12,Diciembre
RF-01,Paseo de Recoletos,2014,12,,,,68.4,74.8,71.8,66.0,57.5,50.8,2014-12-01,Diciembre,2014-12,Diciembre
RF-28,Cuatro Vientos,2014,12,,,,66.7,74.9,71.1,60.8,42.5,35.4,2014-12-01,Diciembre,2014-12,Diciembre
RF-10,Cuatro Caminos,2014,12,,,,65.3,73.4,68.7,60.9,49.5,43.1,2014-12-01,Diciembre,2014-12,Diciembre
RF-08,Escuelas Aguirre,2014,12,,,,68.5,74.6,71.1,66.1,58.4,49.0,2014-12-01,Diciembre,2014-12,Diciembre
RF-11,Ramón y Cajal,2014,12,,,,68.8,74.9,72.1,67.2,54.0,42.4,2014-12-01,Diciembre,2014-12,Diciembre
RF-29,El Pardo,2014,12,,,,55.5,64.1,58.3,48.8,36.1,33.6,2014-12-01,Diciembre,2014-12,Diciembre
RF-04,Plaza de España,2014,12,,,,65.1,72.7,67.6,63.7,57.3,49.8,2014-12-01,Diciembre,2014-12,Diciembre
RF-50,Plaza de Castilla,2014,12,,,,65.7,72.3,67.2,63.0,56.1,49.1,2014-12-01,Diciembre,2014-12,Diciembre
RF-27,Barajas Pueblo,2014,12,,,,62.5,72.1,65.5,53.7,42.9,36.1,2014-12-01,Diciembre,2014-12,Diciembre
RF-03,Plaza del Carmen,2014,12,,,,62.8,71.5,65.2,59.3,52.0,46.3,2014-12-01,Diciembre,2014-12,Diciembre
RF-19,Alto de Extremadura,2014,12,,,,61.0,69.1,64.0,57.8,48.0,38.5,2014-12-01,Diciembre,2014-12,Diciembre
RF-20,Avenida de Moratalaz,2014,12,,,,62.4,70.9,65.3,58.8,46.5,38.6,2014-12-01,Diciembre,2014-12,Diciembre
RF-12,Manuel Becerra,2014,12,,,,65.2,74.4,65.7,61.6,55.0,48.4,2014-12-01,Diciembre,2014-12,Diciembre
RF-18,General Ricardos ubicación antigua,2014,12,,,,60.7,66.4,58.8,51.2,42.3,37.4,2014-12-01,Diciembre,2014-12,Diciembre
RF-47,Mendez Álvaro,2014,12,,,,56.6,66.8,55.7,48.4,41.8,37.7,2014-12-01,Diciembre,2014-12,Diciembre
RF-31,Sanchinarro,2014,12,,,,63.5,73.3,68.6,55.5,44.2,35.9,2014-12-01,Diciembre,2014-12,Diciembre
RF-30,Campo de las Naciones,2014,12,,,,59.3,66.6,63.1,56.5,44.1,38.1,2014-12-01,Diciembre,2014-12,Diciembre
RF-24,Casa de Campo,2014,12,,,,50.1,55.5,50.7,45.1,40.1,37.6,2014-12-01,Diciembre,2014-12,Diciembre
RF-55,Urb Embajada 2,2014,12,,,,55.2,63.6,58.4,50.8,44.0,40.8,2014-12-01,Diciembre,2014-12,Diciembre
RF-02,Carlos V,2014,12,,,,69.9,76.4,71.8,68.4,62.2,55.8,2014-12-01,Diciembre,2014-12,Diciembre
RF-17,Villaverde,2014,12,,,,61.2,66.1,59.0,52.6,43.8,39.8,2014-12-01,Diciembre,2014-12,Diciembre
RF-25,Santa Eugenia,2014,12,,,,65.5,70.9,68.0,65.3,57.5,49.3,2014-12-01,Diciembre,2014-12,Diciembre
RF-14,Plaza Elíptica,2014,12,,,,65.1,71.1,67.3,62.7,55.7,49.2,2014-12-01,Diciembre,2014-12,Diciembre
RF-54,Ensanche de Vallecas,2014,12,,,,60.7,67.8,64.1,59.1,49.8,46.8,2014-12-01,Diciembre,2014-12,Diciembre
RF-54,Ensanche de Vallecas,2015,1,,,,60.9,68.0,64.2,59.2,49.8,47.2,2015-01-01,Enero,2015-01,Enero
RF-24,Casa de Campo,2015,1,,,,47.9,56.1,50.6,44.5,39.9,37.7,2015-01-01,Enero,2015-01,Enero
RF-08,Escuelas Aguirre,2015,1,,,,67.7,74.2,70.9,65.9,58.1,47.7,2015-01-01,Enero,2015-01,Enero
RF-10,Cuatro Caminos,2015,1,,,,65.1,73.2,68.7,60.8,48.3,41.3,2015-01-01,Enero,2015-01,Enero
RF-29,El Pardo,2015,1,,,,54.4,63.5,58.4,49.2,35.8,33.3,2015-01-01,Enero,2015-01,Enero
RF-14,Plaza Elíptica,2015,1,,,,65.3,71.5,67.8,63.2,55.6,47.8,2015-01-01,Enero,2015-01,Enero
RF-11,Ramón y Cajal,2015,1,,,,68.8,75.0,72.2,66.9,52.8,41.8,2015-01-01,Enero,2015-01,Enero
RF-20,Avenida de Moratalaz,2015,1,,,,62.6,71.2,65.2,58.5,45.7,38.3,2015-01-01,Enero,2015-01,Enero
RF-12,Manuel Becerra,2015,1,,,,65.1,72.2,65.6,61.5,54.3,47.7,2015-01-01,Enero,2015-01,Enero
RF-02,Carlos V,2015,1,,,,69.7,76.2,71.7,68.4,61.7,55.2,2015-01-01,Enero,2015-01,Enero
RF-28,Cuatro Vientos,2015,1,,,,66.7,75.2,71.3,61.0,42.4,36.6,2015-01-01,Enero,2015-01,Enero
RF-01,Paseo de Recoletos,2015,1,,,,68.6,74.9,72.2,65.7,57.3,50.2,2015-01-01,Enero,2015-01,Enero
RF-86,Tres Olivos,2015,1,,,,58.5,67.3,61.4,51.8,39.8,37.1,2015-01-01,Enero,2015-01,Enero
RF-25,Santa Eugenia,2015,1,,,,65.1,69.7,67.6,65.0,56.5,47.3,2015-01-01,Enero,2015-01,Enero
RF-50,Plaza de Castilla,2015,1,,,,65.5,72.1,67.2,63.0,54.7,47.1,2015-01-01,Enero,2015-01,Enero
RF-13,Vallecas,2015,1,,,,60.8,66.3,60.9,54.0,42.3,37.7,2015-01-01,Enero,2015-01,Enero
RF-17,Villaverde,2015,1,,,,59.1,65.4,59.0,52.7,43.2,39.8,2015-01-01,Enero,2015-01,Enero
RF-55,Urb Embajada 2,2015,1,,,,55.8,63.5,58.2,50.7,43.9,41.1,2015-01-01,Enero,2015-01,Enero
RF-27,Barajas Pueblo,2015,1,,,,61.9,72.5,65.7,53.2,42.4,36.3,2015-01-01,Enero,2015-01,Enero
RF-05,Barrio del Pilar,2015,1,,,,63.9,70.9,67.0,60.4,46.7,39.8,2015-01-01,Enero,2015-01,Enero
RF-03,Plaza del Carmen,2015,1,,,,61.7,69.9,64.0,57.9,51.5,46.5,2015-01-01,Enero,2015-01,Enero
RF-31,Sanchinarro,2015,1,,,,63.5,73.1,68.6,55.7,43.8,38.4,2015-01-01,Enero,2015-01,Enero
RF-16,Arturo Soria,2015,1,,,,61.7,68.0,65.1,59.2,43.4,37.3,2015-01-01,Enero,2015-01,Enero
RF-30,Campo de las Naciones,2015,1,,,,59.7,66.9,63.5,57.0,44.7,39.5,2015-01-01,Enero,2015-01,Enero
RF-18,General Ricardos ubicación antigua,2015,1,,,,64.5,65.3,58.5,50.9,42.0,36.5,2015-01-01,Enero,2015-01,Enero
RF-06,Gregorio Marañón,2015,1,,,,70.2,76.9,73.6,67.1,59.8,51.4,2015-01-01,Enero,2015-01,Enero
RF-19,Alto de Extremadura,2015,1,,,,61.4,69.2,64.0,57.8,47.2,38.4,2015-01-01,Enero,2015-01,Enero
RF-04,Plaza de España,2015,1,,,,65.8,72.8,67.8,63.7,57.3,50.0,2015-01-01,Enero,2015-01,Enero
RF-47,Mendez Álvaro,2015,1,,,,58.7,66.8,55.9,48.7,42.4,39.5,2015-01-01,Enero,2015-01,Enero
RF-48,Castellana,2015,1,,,,62.6,68.7,65.5,61.4,53.4,46.0,2015-01-01,Enero,2015-01,Enero
RF-26,Embajada,2015,1,,,,62.9,71.5,67.4,57.6,49.8,43.4,2015-01-01,Enero,2015-01,Enero
RF-54,Ensanche de Vallecas,2015,2,,,,60.9,67.9,64.3,59.4,52.0,49.1,2015-02-01,Febrero,2015-02,Febrero
RF-08,Escuelas Aguirre,2015,2,,,,68.0,74.6,71.2,66.1,58.0,46.7,2015-02-01,Febrero,2015-02,Febrero
RF-25,Santa Eugenia,2015,2,,,,65.4,70.4,68.0,65.1,56.5,47.0,2015-02-01,Febrero,2015-02,Febrero
RF-05,Barrio del Pilar,2015,2,,,,62.4,69.6,66.0,59.7,45.8,39.5,2015-02-01,Febrero,2015-02,Febrero
RF-20,Avenida de Moratalaz,2015,2,,,,62.2,70.9,65.1,58.5,45.6,37.8,2015-02-01,Febrero,2015-02,Febrero
RF-47,Mendez Álvaro,2015,2,,,,55.5,66.4,55.7,48.8,41.0,38.1,2015-02-01,Febrero,2015-02,Febrero
RF-86,Tres Olivos,2015,2,,,,57.7,67.1,61.5,52.1,39.2,36.4,2015-02-01,Febrero,2015-02,Febrero
RF-12,Manuel Becerra,2015,2,,,,64.5,70.9,65.5,61.5,53.9,46.4,2015-02-01,Febrero,2015-02,Febrero
RF-26,Embajada,2015,2,,,,62.9,71.6,67.7,57.7,48.6,41.0,2015-02-01,Febrero,2015-02,Febrero
RF-13,Vallecas,2015,2,,,,58.2,66.1,61.0,54.2,42.3,37.5,2015-02-01,Febrero,2015-02,Febrero
RF-55,Urb Embajada 2,2015,2,,,,55.5,64.1,58.4,50.3,42.9,40.2,2015-02-01,Febrero,2015-02,Febrero
RF-50,Plaza de Castilla,2015,2,,,,65.9,72.6,67.5,63.6,55.0,47.3,2015-02-01,Febrero,2015-02,Febrero
RF-28,Cuatro Vientos,2015,2,,,,66.7,75.2,71.2,61.1,41.4,36.0,2015-02-01,Febrero,2015-02,Febrero
RF-06,Gregorio Marañón,2015,2,,,,70.6,77.4,73.9,67.4,59.9,51.4,2015-02-01,Febrero,2015-02,Febrero
RF-16,Arturo Soria,2015,2,,,,61.6,68.4,65.3,59.6,43.8,37.1,2015-02-01,Febrero,2015-02,Febrero
RF-03,Plaza del Carmen,2015,2,,,,61.3,69.9,63.8,57.7,51.2,45.7,2015-02-01,Febrero,2015-02,Febrero
RF-48,Castellana,2015,2,,,,62.6,68.5,65.6,61.7,53.5,45.7,2015-02-01,Febrero,2015-02,Febrero
RF-11,Ramón y Cajal,2015,2,,,,69.1,75.2,72.5,67.4,52.4,40.1,2015-02-01,Febrero,2015-02,Febrero
RF-19,Alto de Extremadura,2015,2,,,,61.8,69.8,64.5,58.4,47.6,37.8,2015-02-01,Febrero,2015-02,Febrero
RF-04,Plaza de España,2015,2,,,,65.6,73.9,68.0,63.8,56.8,48.7,2015-02-01,Febrero,2015-02,Febrero
RF-31,Sanchinarro,2015,2,,,,63.2,73.2,68.3,55.8,44.1,39.1,2015-02-01,Febrero,2015-02,Febrero
RF-01,Paseo de Recoletos,2015,2,,,,68.7,74.9,72.3,65.9,57.2,49.8,2015-02-01,Febrero,2015-02,Febrero
RF-27,Barajas Pueblo,2015,2,,,,62.0,72.6,65.9,52.8,40.8,34.8,2015-02-01,Febrero,2015-02,Febrero
RF-10,Cuatro Caminos,2015,2,,,,65.3,73.4,68.9,61.3,48.6,41.5,2015-02-01,Febrero,2015-02,Febrero
RF-14,Plaza Elíptica,2015,2,,,,65.1,71.1,67.8,63.2,55.2,47.2,2015-02-01,Febrero,2015-02,Febrero
RF-30,Campo de las Naciones,2015,2,,,,59.9,67.1,63.7,57.6,44.0,38.4,2015-02-01,Febrero,2015-02,Febrero
RF-17,Villaverde,2015,2,,,,57.0,65.6,59.4,53.0,42.5,39.4,2015-02-01,Febrero,2015-02,Febrero
RF-24,Casa de Campo,2015,2,,,,48.2,56.6,50.0,43.2,39.0,36.7,2015-02-01,Febrero,2015-02,Febrero
RF-02,Carlos V,2015,2,,,,69.7,76.2,71.7,68.3,61.5,54.2,2015-02-01,Febrero,2015-02,Febrero
RF-29,El Pardo,2015,2,,,,54.4,63.6,58.6,49.5,36.1,33.6,2015-02-01,Febrero,2015-02,Febrero
RF-18,General Ricardos ubicación antigua,2015,2,,,,55.5,64.8,58.3,50.5,39.5,35.2,2015-02-01,Febrero,2015-02,Febrero
RF-03,Plaza del Carmen,2015,3,61.3,61.5,59.2,60.7,69.4,63.5,57.6,51.3,44.8,2015-03-01,Marzo,2015-03,Marzo
RF-02,Carlos V,2015,3,70.3,69.7,66.7,69.3,75.9,71.4,67.9,61.5,54.2,2015-03-01,Marzo,2015-03,Marzo
RF-06,Gregorio Marañón,2015,3,71.2,70.7,66.6,70.0,77.0,73.5,66.9,59.7,51.4,2015-03-01,Marzo,2015-03,Marzo
RF-31,Sanchinarro,2015,3,64.2,64.5,53.5,62.7,73.0,67.5,54.6,43.4,38.4,2015-03-01,Marzo,2015-03,Marzo
RF-26,Embajada,2015,3,63.9,62.7,58.5,62.5,71.0,67.1,57.9,48.8,41.6,2015-03-01,Marzo,2015-03,Marzo
RF-14,Plaza Elíptica,2015,3,66.0,65.6,60.9,64.8,70.9,67.4,62.7,55.0,47.4,2015-03-01,Marzo,2015-03,Marzo
RF-01,Paseo de Recoletos,2015,3,70.1,69.3,66.2,69.0,75.7,72.0,65.7,57.3,49.8,2015-03-01,Marzo,2015-03,Marzo
RF-13,Vallecas,2015,3,58.9,58.7,51.3,57.5,65.8,60.7,53.8,41.2,36.6,2015-03-01,Marzo,2015-03,Marzo
RF-54,Ensanche de Vallecas,2015,3,61.9,62.1,56.8,60.8,67.9,64.0,59.2,53.6,51.2,2015-03-01,Marzo,2015-03,Marzo
RF-05,Barrio del Pilar,2015,3,63.2,62.9,55.9,61.8,69.0,65.4,59.3,47.1,39.7,2015-03-01,Marzo,2015-03,Marzo
RF-19,Alto de Extremadura,2015,3,62.6,61.8,57.4,61.3,69.5,64.3,57.9,47.7,37.5,2015-03-01,Marzo,2015-03,Marzo
RF-24,Casa de Campo,2015,3,50.4,47.3,42.4,48.3,57.4,51.4,44.1,38.5,36.2,2015-03-01,Marzo,2015-03,Marzo
RF-28,Cuatro Vientos,2015,3,67.7,66.1,59.9,66.0,74.9,70.6,59.9,40.8,34.0,2015-03-01,Marzo,2015-03,Marzo
RF-12,Manuel Becerra,2015,3,65.2,65.3,59.6,64.1,70.6,65.4,61.3,53.7,46.0,2015-03-01,Marzo,2015-03,Marzo
RF-30,Campo de las Naciones,2015,3,61.4,60.1,54.9,59.9,67.7,63.3,57.2,43.4,37.8,2015-03-01,Marzo,2015-03,Marzo
RF-08,Escuelas Aguirre,2015,3,68.8,67.9,64.5,67.6,74.5,70.8,65.6,57.6,46.5,2015-03-01,Marzo,2015-03,Marzo
RF-17,Villaverde,2015,3,59.2,59.3,50.7,57.8,66.6,59.9,53.3,42.1,38.5,2015-03-01,Marzo,2015-03,Marzo
RF-47,Mendez Álvaro,2015,3,55.9,60.1,49.5,56.0,66.7,55.6,48.6,40.6,37.1,2015-03-01,Marzo,2015-03,Marzo
RF-27,Barajas Pueblo,2015,3,62.9,64.6,57.4,62.1,72.6,65.4,53.4,41.9,35.1,2015-03-01,Marzo,2015-03,Marzo
RF-16,Arturo Soria,2015,3,62.4,61.6,56.7,61.0,68.0,64.8,58.8,43.2,36.4,2015-03-01,Marzo,2015-03,Marzo
RF-86,Tres Olivos,2015,3,58.8,57.7,50.2,57.1,66.7,61.0,51.6,39.5,36.3,2015-03-01,Marzo,2015-03,Marzo
RF-55,Urb Embajada 2,2015,3,57.4,56.0,51.5,55.9,64.7,58.3,50.7,43.4,40.4,2015-03-01,Marzo,2015-03,Marzo
RF-11,Ramón y Cajal,2015,3,70.0,69.4,63.8,68.6,74.9,71.9,66.7,52.5,39.4,2015-03-01,Marzo,2015-03,Marzo
RF-50,Plaza de Castilla,2015,3,67.0,66.2,61.2,65.6,72.4,67.5,62.9,54.7,46.5,2015-03-01,Marzo,2015-03,Marzo
RF-20,Avenida de Moratalaz,2015,3,63.5,63.0,56.2,62.0,71.0,64.8,58.2,45.3,37.6,2015-03-01,Marzo,2015-03,Marzo
RF-29,El Pardo,2015,3,57.5,54.7,48.5,55.5,65.2,58.8,50.2,36.3,33.9,2015-03-01,Marzo,2015-03,Marzo
RF-04,Plaza de España,2015,3,66.0,65.7,62.4,65.0,72.6,67.5,63.6,57.0,48.7,2015-03-01,Marzo,2015-03,Marzo
RF-25,Santa Eugenia,2015,3,67.0,66.5,61.2,65.7,72.7,68.7,64.6,56.6,47.8,2015-03-01,Marzo,2015-03,Marzo
RF-18,General Ricardos ubicación antigua,2015,3,58.4,58.7,49.3,56.9,67.0,59.2,51.5,41.4,36.0,2015-03-01,Marzo,2015-03,Marzo
RF-48,Castellana,2015,3,63.2,62.6,59.3,62.1,68.4,65.0,61.2,53.5,44.7,2015-03-01,Marzo,2015-03,Marzo
RF-10,Cuatro Caminos,2015,3,66.3,65.6,59.7,64.8,73.3,68.4,60.5,50.0,46.3,2015-03-01,Marzo,2015-03,Marzo
RF-24,Casa de Campo,2015,4,51.3,49.5,41.3,49.4,58.9,52.5,44.7,37.6,35.5,2015-04-01,Abril,2015-04,Abril
RF-86,Tres Olivos,2015,4,58.8,58.1,50.0,57.2,66.6,61.0,51.7,39.3,36.1,2015-04-01,Abril,2015-04,Abril
RF-20,Avenida de Moratalaz,2015,4,62.9,62.6,55.9,61.5,70.8,64.2,57.6,43.8,35.7,2015-04-01,Abril,2015-04,Abril
RF-05,Barrio del Pilar,2015,4,63.0,63.0,55.4,61.6,69.0,65.2,58.8,45.8,39.0,2015-04-01,Abril,2015-04,Abril
RF-17,Villaverde,2015,4,58.7,61.2,51.9,58.1,67.3,60.6,53.6,40.5,37.3,2015-04-01,Abril,2015-04,Abril
RF-14,Plaza Elíptica,2015,4,66.0,65.5,60.5,64.7,71.3,67.3,62.6,54.6,47.2,2015-04-01,Abril,2015-04,Abril
RF-28,Cuatro Vientos,2015,4,66.6,65.4,58.9,65.0,74.1,69.5,58.3,39.8,32.9,2015-04-01,Abril,2015-04,Abril
RF-08,Escuelas Aguirre,2015,4,68.4,67.9,64.0,67.3,74.0,70.5,65.4,57.3,47.0,2015-04-01,Abril,2015-04,Abril
RF-25,Santa Eugenia,2015,4,66.3,65.9,60.8,65.0,68.9,66.5,62.4,54.2,45.5,2015-04-01,Abril,2015-04,Abril
RF-29,El Pardo,2015,4,57.1,54.9,48.6,55.2,64.2,58.3,50.0,36.5,34.4,2015-04-01,Abril,2015-04,Abril
RF-54,Ensanche de Vallecas,2015,4,62.9,61.5,56.8,61.4,72.5,63.6,58.8,54.3,52.5,2015-04-01,Abril,2015-04,Abril
RF-27,Barajas Pueblo,2015,4,62.0,63.1,56.2,61.0,71.5,64.6,51.6,40.1,33.4,2015-04-01,Abril,2015-04,Abril
RF-03,Plaza del Carmen,2015,4,62.2,61.0,59.7,61.4,71.0,63.7,57.8,52.1,47.0,2015-04-01,Abril,2015-04,Abril
RF-47,Mendez Álvaro,2015,4,55.5,59.3,48.7,55.4,66.3,55.6,48.9,39.6,36.6,2015-04-01,Abril,2015-04,Abril
RF-18,General Ricardos ubicación antigua,2015,4,58.3,59.6,49.7,57.2,67.2,59.5,52.0,41.2,36.2,2015-04-01,Abril,2015-04,Abril
RF-48,Castellana,2015,4,62.7,62.3,58.2,61.6,67.9,64.6,60.5,52.2,43.4,2015-04-01,Abril,2015-04,Abril
RF-11,Ramón y Cajal,2015,4,69.4,68.8,62.6,67.9,74.5,71.4,66.0,51.1,38.3,2015-04-01,Abril,2015-04,Abril
RF-01,Paseo de Recoletos,2015,4,68.7,68.4,65.3,67.8,74.4,71.1,65.2,56.3,49.0,2015-04-01,Abril,2015-04,Abril
RF-19,Alto de Extremadura,2015,4,62.2,61.4,57.4,61.0,69.6,63.9,57.3,46.3,36.5,2015-04-01,Abril,2015-04,Abril
RF-06,Gregorio Marañón,2015,4,70.7,70.3,66.1,69.6,76.8,73.0,66.4,58.8,50.6,2015-04-01,Abril,2015-04,Abril
RF-10,Cuatro Caminos,2015,4,65.7,65.2,59.1,64.3,72.9,67.9,60.0,48.5,45.2,2015-04-01,Abril,2015-04,Abril
RF-31,Sanchinarro,2015,4,63.4,63.9,52.6,62.0,72.3,66.9,53.0,41.8,36.4,2015-04-01,Abril,2015-04,Abril
RF-26,Embajada,2015,4,63.2,62.1,57.8,61.8,70.3,66.4,57.3,48.3,40.8,2015-04-01,Abril,2015-04,Abril
RF-02,Carlos V,2015,4,70.1,69.6,66.1,69.1,75.7,71.0,67.4,60.6,53.2,2015-04-01,Abril,2015-04,Abril
RF-50,Plaza de Castilla,2015,4,66.4,66.3,60.7,65.2,72.2,67.0,62.5,53.7,46.1,2015-04-01,Abril,2015-04,Abril
RF-55,Urb Embajada 2,2015,4,55.7,54.8,50.1,54.3,62.8,57.4,49.7,42.7,40.2,2015-04-01,Abril,2015-04,Abril
RF-12,Manuel Becerra,2015,4,65.2,65.6,59.5,64.1,70.4,65.3,61.1,53.1,46.3,2015-04-01,Abril,2015-04,Abril
RF-30,Campo de las Naciones,2015,4,61.0,60.0,55.4,59.6,67.2,63.0,56.8,42.0,36.8,2015-04-01,Abril,2015-04,Abril
RF-16,Arturo Soria,2015,4,61.9,61.2,55.8,60.5,67.6,64.2,58.3,41.6,35.5,2015-04-01,Abril,2015-04,Abril
RF-13,Vallecas,2015,4,67.1,58.8,51.0,64.4,70.8,60.4,53.1,40.1,35.6,2015-04-01,Abril,2015-04,Abril
RF-04,Plaza de España,2015,4,65.4,65.5,61.6,64.5,72.2,66.9,63.0,55.8,48.3,2015-04-01,Abril,2015-04,Abril
RF-29,El Pardo,2015,5,57.4,56.4,49.0,55.7,65.0,58.5,50.9,37.3,34.5,2015-05-01,Mayo,2015-05,Mayo
RF-31,Sanchinarro,2015,5,62.7,63.4,52.6,61.3,71.4,66.3,53.0,43.0,38.1,2015-05-01,Mayo,2015-05,Mayo
RF-11,Ramón y Cajal,2015,5,68.8,68.4,62.8,67.5,73.6,70.7,65.6,51.9,39.8,2015-05-01,Mayo,2015-05,Mayo
RF-28,Cuatro Vientos,2015,5,66.9,65.7,59.7,65.3,73.9,69.5,59.6,41.4,35.1,2015-05-01,Mayo,2015-05,Mayo
RF-12,Manuel Becerra,2015,5,65.3,66.1,59.7,64.3,71.7,65.4,61.2,53.6,47.4,2015-05-01,Mayo,2015-05,Mayo
RF-24,Casa de Campo,2015,5,51.4,50.5,43.3,49.8,59.1,52.5,45.0,38.5,36.0,2015-05-01,Mayo,2015-05,Mayo
RF-17,Villaverde,2015,5,60.2,62.6,55.8,59.8,68.6,61.8,54.9,42.1,38.2,2015-05-01,Mayo,2015-05,Mayo
RF-10,Cuatro Caminos,2015,5,65.5,64.9,59.6,64.1,72.5,67.3,59.5,49.3,45.6,2015-05-01,Mayo,2015-05,Mayo
RF-30,Campo de las Naciones,2015,5,59.9,59.0,54.4,58.5,66.2,61.9,55.7,41.6,36.5,2015-05-01,Mayo,2015-05,Mayo
RF-54,Ensanche de Vallecas,2015,5,60.7,60.9,56.3,59.7,66.4,62.6,58.2,53.4,51.2,2015-05-01,Mayo,2015-05,Mayo
RF-18,General Ricardos ubicación antigua,2015,5,59.0,60.0,57.8,58.8,67.7,59.8,52.4,42.8,36.1,2015-05-01,Mayo,2015-05,Mayo
RF-20,Avenida de Moratalaz,2015,5,62.4,62.2,56.0,61.1,70.5,63.7,57.4,45.8,37.6,2015-05-01,Mayo,2015-05,Mayo
RF-19,Alto de Extremadura,2015,5,61.9,62.4,56.5,60.8,69.7,63.4,56.8,46.7,37.2,2015-05-01,Mayo,2015-05,Mayo
RF-16,Arturo Soria,2015,5,61.4,60.4,55.9,60.0,66.6,63.1,57.6,42.9,36.0,2015-05-01,Mayo,2015-05,Mayo
RF-01,Paseo de Recoletos,2015,5,68.2,67.9,65.3,67.4,73.7,70.5,65.0,56.6,49.4,2015-05-01,Mayo,2015-05,Mayo
RF-04,Plaza de España,2015,5,66.8,65.1,61.6,65.3,74.0,68.4,62.9,56.2,48.7,2015-05-01,Mayo,2015-05,Mayo
RF-03,Plaza del Carmen,2015,5,61.3,61.0,60.3,61.0,69.2,63.5,58.3,53.8,49.4,2015-05-01,Mayo,2015-05,Mayo
RF-14,Plaza Elíptica,2015,5,65.3,65.4,60.8,64.3,70.5,66.6,62.1,55.2,47.8,2015-05-01,Mayo,2015-05,Mayo
RF-13,Vallecas,2015,5,59.7,58.7,51.5,58.0,65.9,59.8,53.4,42.1,36.2,2015-05-01,Mayo,2015-05,Mayo
RF-26,Embajada,2015,5,62.7,61.5,57.4,61.3,69.7,65.8,56.8,48.7,41.4,2015-05-01,Mayo,2015-05,Mayo
RF-05,Barrio del Pilar,2015,5,62.7,63.4,55.6,61.5,68.7,64.7,58.7,46.8,39.8,2015-05-01,Mayo,2015-05,Mayo
RF-50,Plaza de Castilla,2015,5,66.2,66.0,60.9,64.9,71.9,66.4,62.1,54.5,47.5,2015-05-01,Mayo,2015-05,Mayo
RF-47,Mendez Álvaro,2015,5,55.0,57.6,49.7,54.5,65.6,55.6,49.7,41.4,37.3,2015-05-01,Mayo,2015-05,Mayo
RF-86,Tres Olivos,2015,5,58.8,57.8,56.8,58.0,66.5,60.7,51.8,39.7,36.1,2015-05-01,Mayo,2015-05,Mayo
RF-25,Santa Eugenia,2015,5,65.1,65.0,60.4,64.0,68.9,66.6,63.7,56.3,47.8,2015-05-01,Mayo,2015-05,Mayo
RF-06,Gregorio Marañón,2015,5,70.3,69.8,66.1,69.2,76.4,72.5,66.0,59.2,51.4,2015-05-01,Mayo,2015-05,Mayo
RF-08,Escuelas Aguirre,2015,5,68.3,68.2,64.1,67.3,74.2,70.1,65.1,57.8,48.5,2015-05-01,Mayo,2015-05,Mayo
RF-48,Castellana,2015,5,62.2,61.8,57.9,61.1,68.0,63.8,59.8,52.5,44.8,2015-05-01,Mayo,2015-05,Mayo
RF-55,Urb Embajada 2,2015,5,55.6,55.3,50.6,54.4,62.5,57.1,50.1,43.7,40.3,2015-05-01,Mayo,2015-05,Mayo
RF-27,Barajas Pueblo,2015,5,61.2,60.4,56.4,59.9,70.3,64.0,52.4,41.6,34.5,2015-05-01,Mayo,2015-05,Mayo
RF-02,Carlos V,2015,5,69.6,69.4,66.2,68.7,75.4,70.7,67.2,60.8,53.7,2015-05-01,Mayo,2015-05,Mayo
RF-03,Plaza del Carmen,2015,6,63.2,61.4,60.0,62.1,71.0,64.3,59.0,54.5,51.2,2015-06-01,Junio,2015-06,Junio
RF-24,Casa de Campo,2015,6,49.6,50.7,44.2,48.7,57.9,51.1,45.4,39.6,35.8,2015-06-01,Junio,2015-06,Junio
RF-10,Cuatro Caminos,2015,6,65.6,65.7,59.4,64.4,72.6,67.4,59.8,49.7,45.5,2015-06-01,Junio,2015-06,Junio
RF-13,Vallecas,2015,6,58.0,58.6,52.6,57.0,65.4,59.7,53.2,42.4,36.7,2015-06-01,Junio,2015-06,Junio
RF-30,Campo de las Naciones,2015,6,60.1,59.1,54.1,58.7,66.5,61.9,56.1,43.0,37.0,2015-06-01,Junio,2015-06,Junio
RF-02,Carlos V,2015,6,69.7,69.4,66.0,68.6,75.7,70.8,67.2,60.7,53.8,2015-06-01,Junio,2015-06,Junio
RF-31,Sanchinarro,2015,6,62.8,63.6,54.0,61.5,71.4,66.3,52.6,42.3,37.2,2015-06-01,Junio,2015-06,Junio
RF-19,Alto de Extremadura,2015,6,61.7,61.8,56.9,60.6,69.7,63.4,56.7,47.0,38.3,2015-06-01,Junio,2015-06,Junio
RF-50,Plaza de Castilla,2015,6,66.5,65.8,61.5,65.2,72.1,66.9,62.6,54.9,47.8,2015-06-01,Junio,2015-06,Junio
RF-06,Gregorio Marañón,2015,6,70.4,69.7,65.7,69.2,76.6,72.5,66.0,59.0,51.4,2015-06-01,Junio,2015-06,Junio
RF-16,Arturo Soria,2015,6,61.9,60.4,55.6,60.4,66.9,63.3,57.6,43.0,35.6,2015-06-01,Junio,2015-06,Junio
RF-01,Paseo de Recoletos,2015,6,71.1,68.0,65.2,69.3,79.7,70.9,65.5,56.8,50.0,2015-06-01,Junio,2015-06,Junio
RF-26,Embajada,2015,6,62.6,61.6,57.5,61.3,69.7,65.8,56.9,49.0,42.2,2015-06-01,Junio,2015-06,Junio
RF-12,Manuel Becerra,2015,6,65.6,66.5,59.7,64.6,71.4,65.6,61.3,53.7,47.6,2015-06-01,Junio,2015-06,Junio
RF-55,Urb Embajada 2,2015,6,56.0,55.2,50.9,54.7,62.7,57.2,50.7,44.7,38.4,2015-06-01,Junio,2015-06,Junio
RF-47,Mendez Álvaro,2015,6,56.9,58.5,50.1,56.0,67.3,55.9,49.5,41.8,37.3,2015-06-01,Junio,2015-06,Junio
RF-28,Cuatro Vientos,2015,6,67.6,66.1,60.2,65.9,74.8,69.7,60.2,42.0,35.1,2015-06-01,Junio,2015-06,Junio
RF-27,Barajas Pueblo,2015,6,61.4,62.8,56.2,60.6,70.6,64.0,51.7,42.7,34.7,2015-06-01,Junio,2015-06,Junio
RF-25,Santa Eugenia,2015,6,65.4,65.2,60.7,64.3,70.0,66.8,63.8,56.7,48.3,2015-06-01,Junio,2015-06,Junio
RF-20,Avenida de Moratalaz,2015,6,63.0,62.7,56.2,61.6,70.9,64.0,57.7,46.0,38.2,2015-06-01,Junio,2015-06,Junio
RF-04,Plaza de España,2015,6,66.6,65.3,61.3,65.2,72.9,68.2,63.3,56.4,48.7,2015-06-01,Junio,2015-06,Junio
RF-08,Escuelas Aguirre,2015,6,68.6,69.2,68.8,68.7,75.4,70.4,65.4,57.9,49.1,2015-06-01,Junio,2015-06,Junio
RF-11,Ramón y Cajal,2015,6,69.5,68.5,62.7,68.0,75.0,71.0,66.0,52.4,40.3,2015-06-01,Junio,2015-06,Junio
RF-17,Villaverde,2015,6,60.6,62.7,56.8,60.2,68.6,61.9,54.7,43.2,38.3,2015-06-01,Junio,2015-06,Junio
RF-05,Barrio del Pilar,2015,6,62.6,64.9,56.4,62.0,68.7,64.8,59.0,47.6,40.6,2015-06-01,Junio,2015-06,Junio
RF-29,El Pardo,2015,6,58.2,56.8,51.3,56.6,65.5,59.3,52.3,38.8,35.0,2015-06-01,Junio,2015-06,Junio
RF-48,Castellana,2015,6,62.2,61.8,57.8,61.1,67.9,63.9,59.8,52.9,46.5,2015-06-01,Junio,2015-06,Junio
RF-86,Tres Olivos,2015,6,58.7,57.8,51.4,57.2,66.6,60.7,51.8,40.1,36.0,2015-06-01,Junio,2015-06,Junio
RF-18,General Ricardos ubicación antigua,2015,6,57.8,60.5,50.9,57.2,67.4,59.5,51.7,42.2,36.3,2015-06-01,Junio,2015-06,Junio
RF-14,Plaza Elíptica,2015,6,65.3,65.2,60.9,64.3,70.6,66.8,62.2,55.6,49.3,2015-06-01,Junio,2015-06,Junio
RF-54,Ensanche de Vallecas,2015,6,60.2,60.4,54.6,59.0,66.7,62.2,57.1,49.6,46.3,2015-06-01,Junio,2015-06,Junio
RF-31,Sanchinarro,2015,7,62.0,63.0,53.0,60.8,70.8,65.8,52.1,43.3,38.9,2015-07-01,Julio,2015-07,Julio
RF-14,Plaza Elíptica,2015,7,65.0,65.1,61.3,64.1,70.5,66.5,62.1,56.0,50.1,2015-07-01,Julio,2015-07,Julio
RF-11,Ramón y Cajal,2015,7,73.1,68.4,62.7,70.9,81.4,70.8,65.2,52.6,41.9,2015-07-01,Julio,2015-07,Julio
RF-47,Mendez Álvaro,2015,7,54.9,57.8,49.7,54.6,65.3,54.9,48.7,43.1,38.4,2015-07-01,Julio,2015-07,Julio
RF-10,Cuatro Caminos,2015,7,65.2,64.7,59.4,63.9,72.0,67.1,59.7,52.0,47.5,2015-07-01,Julio,2015-07,Julio
RF-54,Ensanche de Vallecas,2015,7,59.3,59.4,53.9,58.2,65.8,61.2,56.1,47.8,45.2,2015-07-01,Julio,2015-07,Julio
RF-86,Tres Olivos,2015,7,57.5,57.4,50.6,56.2,65.7,59.8,50.6,42.4,37.3,2015-07-01,Julio,2015-07,Julio
RF-19,Alto de Extremadura,2015,7,63.1,62.8,58.1,61.9,71.3,65.3,57.3,47.2,38.9,2015-07-01,Julio,2015-07,Julio
RF-17,Villaverde,2015,7,56.8,62.4,56.6,58.4,68.0,61.4,53.4,44.4,40.2,2015-07-01,Julio,2015-07,Julio
RF-30,Campo de las Naciones,2015,7,60.9,57.7,53.2,59.0,66.9,61.7,55.0,45.1,40.3,2015-07-01,Julio,2015-07,Julio
RF-16,Arturo Soria,2015,7,60.3,59.7,55.5,59.1,65.9,62.6,57.0,43.1,37.2,2015-07-01,Julio,2015-07,Julio
RF-20,Avenida de Moratalaz,2015,7,61.6,62.2,55.9,60.5,69.7,63.1,57.0,45.5,39.1,2015-07-01,Julio,2015-07,Julio
RF-06,Gregorio Marañón,2015,7,70.0,69.1,65.4,68.7,75.7,72.0,65.8,58.6,51.3,2015-07-01,Julio,2015-07,Julio
RF-26,Embajada,2015,7,62.8,61.7,57.3,61.4,69.1,65.6,57.6,49.2,42.5,2015-07-01,Julio,2015-07,Julio
RF-24,Casa de Campo,2015,7,49.9,48.4,42.9,48.3,54.9,50.1,45.4,39.9,37.6,2015-07-01,Julio,2015-07,Julio
RF-08,Escuelas Aguirre,2015,7,67.6,68.0,65.4,67.1,74.8,69.8,65.0,58.3,50.3,2015-07-01,Julio,2015-07,Julio
RF-28,Cuatro Vientos,2015,7,66.3,65.9,59.8,65.0,73.7,68.9,59.3,42.8,38.9,2015-07-01,Julio,2015-07,Julio
RF-25,Santa Eugenia,2015,7,65.1,64.6,60.7,64.0,69.2,66.4,63.5,56.9,48.8,2015-07-01,Julio,2015-07,Julio
RF-02,Carlos V,2015,7,70.3,75.3,66.5,71.1,82.4,70.5,67.0,60.9,54.2,2015-07-01,Julio,2015-07,Julio
RF-05,Barrio del Pilar,2015,7,61.9,62.7,56.3,60.9,67.7,64.1,58.7,48.0,41.6,2015-07-01,Julio,2015-07,Julio
RF-18,General Ricardos ubicación antigua,2015,7,58.0,59.9,51.2,57.2,67.6,59.8,51.8,42.7,37.1,2015-07-01,Julio,2015-07,Julio
RF-03,Plaza del Carmen,2015,7,62.7,61.2,60.1,61.8,70.7,64.2,58.9,54.6,52.0,2015-07-01,Julio,2015-07,Julio
RF-48,Castellana,2015,7,61.8,61.0,57.5,60.6,66.9,63.5,59.3,53.3,48.5,2015-07-01,Julio,2015-07,Julio
RF-29,El Pardo,2015,7,58.2,56.0,52.2,56.6,65.7,59.5,52.9,41.1,35.4,2015-07-01,Julio,2015-07,Julio
RF-01,Paseo de Recoletos,2015,7,70.7,68.3,66.5,68.6,78.8,70.5,65.1,57.2,50.6,2015-07-01,Julio,2015-07,Julio
RF-12,Manuel Becerra,2015,7,65.2,65.2,59.8,64.0,70.7,65.4,61.0,53.4,47.7,2015-07-01,Julio,2015-07,Julio
RF-04,Plaza de España,2015,7,65.4,65.0,61.9,64.4,72.0,66.9,63.0,56.3,49.6,2015-07-01,Julio,2015-07,Julio
RF-50,Plaza de Castilla,2015,7,66.3,65.7,61.2,65.0,71.3,66.5,62.4,55.0,49.0,2015-07-01,Julio,2015-07,Julio
RF-55,Urb Embajada 2,2015,7,59.4,55.3,50.4,57.3,62.5,57.7,50.8,44.9,40.1,2015-07-01,Julio,2015-07,Julio
RF-27,Barajas Pueblo,2015,7,60.7,60.2,55.7,59.5,69.6,63.7,51.5,43.7,36.8,2015-07-01,Julio,2015-07,Julio
RF-13,Vallecas,2015,7,58.6,63.9,61.6,61.0,74.5,60.7,53.8,44.8,38.6,2015-07-01,Julio,2015-07,Julio
RF-03,Plaza del Carmen,2015,8,61.3,60.8,59.1,60.6,69.2,62.9,57.8,53.7,51.0,2015-08-01,Agosto,2015-08,Agosto
RF-08,Escuelas Aguirre,2015,8,66.6,66.7,63.5,65.8,72.9,68.8,64.0,56.8,49.0,2015-08-01,Agosto,2015-08,Agosto
RF-11,Ramón y Cajal,2015,8,66.4,65.8,60.1,65.0,71.9,68.6,61.7,48.3,39.3,2015-08-01,Agosto,2015-08,Agosto
RF-28,Cuatro Vientos,2015,8,65.5,65.0,59.3,64.1,73.4,68.0,57.7,42.4,39.2,2015-08-01,Agosto,2015-08,Agosto
RF-14,Plaza Elíptica,2015,8,64.5,64.7,60.9,63.7,69.9,66.0,61.5,55.5,50.1,2015-08-01,Agosto,2015-08,Agosto
RF-27,Barajas Pueblo,2015,8,59.8,59.5,55.5,58.7,69.5,62.3,50.2,43.2,36.0,2015-08-01,Agosto,2015-08,Agosto
RF-06,Gregorio Marañón,2015,8,68.7,68.2,64.5,67.6,74.8,71.1,64.7,56.9,49.9,2015-08-01,Agosto,2015-08,Agosto
RF-55,Urb Embajada 2,2015,8,54.9,53.1,49.2,53.3,61.7,55.6,48.6,43.4,38.6,2015-08-01,Agosto,2015-08,Agosto
RF-02,Carlos V,2015,8,68.7,68.6,65.2,67.8,74.4,70.1,66.2,59.6,53.2,2015-08-01,Agosto,2015-08,Agosto
RF-86,Tres Olivos,2015,8,56.7,56.9,51.5,55.6,65.7,58.3,48.5,39.7,36.3,2015-08-01,Agosto,2015-08,Agosto
RF-10,Cuatro Caminos,2015,8,63.7,63.4,59.1,62.5,71.1,65.7,57.6,48.9,45.2,2015-08-01,Agosto,2015-08,Agosto
RF-50,Plaza de Castilla,2015,8,64.9,64.4,60.1,63.7,70.2,65.5,61.0,53.5,47.5,2015-08-01,Agosto,2015-08,Agosto
RF-13,Vallecas,2015,8,57.3,57.9,53.0,56.4,64.8,58.8,52.1,43.2,37.6,2015-08-01,Agosto,2015-08,Agosto
RF-29,El Pardo,2015,8,55.4,54.4,53.5,54.7,62.8,56.7,49.2,39.1,35.0,2015-08-01,Agosto,2015-08,Agosto
RF-16,Arturo Soria,2015,8,59.7,59.0,54.3,58.4,65.9,62.1,55.5,41.5,36.4,2015-08-01,Agosto,2015-08,Agosto
RF-48,Castellana,2015,8,61.0,60.2,57.0,59.9,66.5,62.6,58.6,52.0,46.5,2015-08-01,Agosto,2015-08,Agosto
RF-18,General Ricardos ubicación antigua,2015,8,56.9,59.7,50.5,56.4,66.9,58.8,50.6,42.3,39.3,2015-08-01,Agosto,2015-08,Agosto
RF-20,Avenida de Moratalaz,2015,8,60.8,60.7,54.9,59.5,68.7,61.9,55.0,44.0,38.4,2015-08-01,Agosto,2015-08,Agosto
RF-25,Santa Eugenia,2015,8,64.4,60.2,60.2,63.4,68.7,65.9,62.9,56.3,48.5,2015-08-01,Agosto,2015-08,Agosto
RF-30,Campo de las Naciones,2015,8,58.4,57.2,52.1,56.9,65.2,60.1,53.5,42.1,36.8,2015-08-01,Agosto,2015-08,Agosto
RF-05,Barrio del Pilar,2015,8,61.2,62.5,55.8,60.3,67.4,63.5,57.6,46.6,40.4,2015-08-01,Agosto,2015-08,Agosto
RF-26,Embajada,2015,8,61.3,64.1,56.8,60.0,69.0,64.6,55.2,48.9,41.6,2015-08-01,Agosto,2015-08,Agosto
RF-12,Manuel Becerra,2015,8,64.1,64.1,59.2,63.0,69.3,64.2,59.8,52.7,46.8,2015-08-01,Agosto,2015-08,Agosto
RF-47,Mendez Álvaro,2015,8,54.9,56.8,48.6,54.2,64.7,53.9,47.2,41.4,37.0,2015-08-01,Agosto,2015-08,Agosto
RF-17,Villaverde,2015,8,56.0,61.4,55.8,57.4,68.2,60.0,51.7,42.8,39.9,2015-08-01,Agosto,2015-08,Agosto
RF-24,Casa de Campo,2015,8,49.0,51.2,45.0,48.6,56.9,51.0,45.0,39.3,35.5,2015-08-01,Agosto,2015-08,Agosto
RF-19,Alto de Extremadura,2015,8,62.1,62.4,57.8,61.2,70.8,64.4,56.1,46.2,37.4,2015-08-01,Agosto,2015-08,Agosto
RF-31,Sanchinarro,2015,8,60.9,61.9,51.8,59.7,70.5,64.3,50.6,42.6,37.5,2015-08-01,Agosto,2015-08,Agosto
RF-54,Ensanche de Vallecas,2015,8,58.3,59.0,53.1,57.3,65.4,60.6,54.9,46.1,42.8,2015-08-01,Agosto,2015-08,Agosto
RF-01,Paseo de Recoletos,2015,8,67.8,66.7,63.8,66.6,74.4,70.1,63.6,55.6,49.2,2015-08-01,Agosto,2015-08,Agosto
RF-04,Plaza de España,2015,8,64.3,64.6,60.7,63.4,70.9,65.8,62.2,55.4,49.7,2015-08-01,Agosto,2015-08,Agosto
RF-31,Sanchinarro,2015,9,63.0,63.3,52.7,61.5,71.6,66.4,53.2,42.9,37.7,2015-09-01,Septiembre,2015-09,Septiembre
RF-55,Urb Embajada 2,2015,9,56.5,53.9,53.2,55.2,62.6,56.8,49.2,42.9,38.1,2015-09-01,Septiembre,2015-09,Septiembre
RF-12,Manuel Becerra,2015,9,65.2,65.2,59.4,64.0,70.3,65.3,61.2,53.5,47.4,2015-09-01,Septiembre,2015-09,Septiembre
RF-30,Campo de las Naciones,2015,9,60.4,59.4,52.4,58.8,66.3,62.4,56.6,41.9,37.2,2015-09-01,Septiembre,2015-09,Septiembre
RF-48,Castellana,2015,9,62.3,61.8,57.9,61.2,67.7,64.3,59.8,53.2,46.1,2015-09-01,Septiembre,2015-09,Septiembre
RF-02,Carlos V,2015,9,70.1,69.7,66.3,69.1,75.4,70.9,67.4,60.7,54.0,2015-09-01,Septiembre,2015-09,Septiembre
RF-05,Barrio del Pilar,2015,9,62.7,63.5,55.4,61.5,69.0,65.0,59.0,46.8,39.5,2015-09-01,Septiembre,2015-09,Septiembre
RF-29,El Pardo,2015,9,57.8,58.9,58.2,58.1,67.4,59.2,50.9,38.8,35.5,2015-09-01,Septiembre,2015-09,Septiembre
RF-16,Arturo Soria,2015,9,61.3,60.8,55.7,60.0,66.8,63.6,57.9,42.2,35.3,2015-09-01,Septiembre,2015-09,Septiembre
RF-01,Paseo de Recoletos,2015,9,68.4,68.0,65.0,67.4,73.9,70.5,65.1,57.2,50.2,2015-09-01,Septiembre,2015-09,Septiembre
RF-06,Gregorio Marañón,2015,9,70.6,69.9,65.9,69.4,76.7,72.7,66.4,58.8,50.9,2015-09-01,Septiembre,2015-09,Septiembre
RF-27,Barajas Pueblo,2015,9,61.1,60.4,56.2,59.9,70.4,64.1,51.7,42.3,34.6,2015-09-01,Septiembre,2015-09,Septiembre
RF-10,Cuatro Caminos,2015,9,66.1,65.1,59.1,64.5,72.8,68.0,60.4,49.1,44.6,2015-09-01,Septiembre,2015-09,Septiembre
RF-26,Embajada,2015,9,62.8,61.7,57.6,61.5,69.9,66.0,56.9,49.0,42.0,2015-09-01,Septiembre,2015-09,Septiembre
RF-24,Casa de Campo,2015,9,50.2,48.8,41.1,48.5,58.2,51.2,43.8,38.2,34.8,2015-09-01,Septiembre,2015-09,Septiembre
RF-13,Vallecas,2015,9,58.2,58.6,51.9,57.0,65.5,59.9,53.2,41.4,36.0,2015-09-01,Septiembre,2015-09,Septiembre
RF-18,General Ricardos ubicación antigua,2015,9,58.5,61.2,49.6,57.8,67.1,59.3,51.3,42.6,38.3,2015-09-01,Septiembre,2015-09,Septiembre
RF-50,Plaza de Castilla,2015,9,66.4,66.2,61.2,65.2,72.3,66.9,62.7,54.7,47.5,2015-09-01,Septiembre,2015-09,Septiembre
RF-20,Avenida de Moratalaz,2015,9,62.6,62.4,55.3,61.2,70.6,63.9,57.4,44.3,37.8,2015-09-01,Septiembre,2015-09,Septiembre
RF-54,Ensanche de Vallecas,2015,9,60.3,60.5,58.0,59.7,66.8,62.4,57.1,45.9,43.1,2015-09-01,Septiembre,2015-09,Septiembre
RF-17,Villaverde,2015,9,57.2,60.7,52.7,57.2,66.9,59.7,52.7,41.8,37.9,2015-09-01,Septiembre,2015-09,Septiembre
RF-14,Plaza Elíptica,2015,9,65.3,65.5,61.0,64.3,70.5,66.7,62.3,55.8,49.3,2015-09-01,Septiembre,2015-09,Septiembre
RF-11,Ramón y Cajal,2015,9,68.6,68.1,61.9,67.1,73.5,70.2,65.4,51.1,40.0,2015-09-01,Septiembre,2015-09,Septiembre
RF-04,Plaza de España,2015,9,65.8,65.6,61.3,64.7,72.0,67.2,63.4,56.1,49.3,2015-09-01,Septiembre,2015-09,Septiembre
RF-03,Plaza del Carmen,2015,9,61.9,60.9,59.7,61.1,70.0,63.6,58.4,53.7,50.4,2015-09-01,Septiembre,2015-09,Septiembre
RF-28,Cuatro Vientos,2015,9,66.7,65.8,59.7,65.2,73.8,69.6,59.7,43.2,40.1,2015-09-01,Septiembre,2015-09,Septiembre
RF-25,Santa Eugenia,2015,9,65.6,65.3,60.6,64.4,69.7,66.9,64.1,56.6,48.0,2015-09-01,Septiembre,2015-09,Septiembre
RF-47,Mendez Álvaro,2015,9,55.7,60.0,49.3,55.8,67.3,55.5,48.1,40.6,36.2,2015-09-01,Septiembre,2015-09,Septiembre
RF-19,Alto de Extremadura,2015,9,62.4,61.8,56.9,61.1,70.2,64.3,57.2,46.9,38.0,2015-09-01,Septiembre,2015-09,Septiembre
RF-08,Escuelas Aguirre,2015,9,68.4,69.3,66.3,68.2,76.5,70.5,65.6,57.9,49.3,2015-09-01,Septiembre,2015-09,Septiembre
RF-86,Tres Olivos,2015,9,58.8,58.1,50.3,57.2,66.8,61.0,51.6,38.7,35.9,2015-09-01,Septiembre,2015-09,Septiembre
RF-16,Arturo Soria,2015,10,62.7,61.4,56.7,61.2,67.6,64.6,58.8,43.2,35.7,2015-10-01,Octubre,2015-10,Octubre
RF-47,Mendez Álvaro,2015,10,55.5,58.0,49.4,55.0,66.1,55.7,48.0,40.0,36.1,2015-10-01,Octubre,2015-10,Octubre
RF-01,Paseo de Recoletos,2015,10,68.6,68.2,65.7,67.8,74.3,70.9,65.6,57.5,50.0,2015-10-01,Octubre,2015-10,Octubre
RF-12,Manuel Becerra,2015,10,65.4,65.6,59.7,64.2,70.5,65.5,61.5,54.3,48.0,2015-10-01,Octubre,2015-10,Octubre
RF-86,Tres Olivos,2015,10,59.7,58.3,50.2,57.9,67.3,61.5,51.9,38.2,35.6,2015-10-01,Octubre,2015-10,Octubre
RF-24,Casa de Campo,2015,10,49.8,47.8,41.7,48.0,56.3,50.6,44.5,39.0,35.6,2015-10-01,Octubre,2015-10,Octubre
RF-13,Vallecas,2015,10,59.2,58.7,52.2,57.7,66.6,60.6,53.4,41.5,36.1,2015-10-01,Octubre,2015-10,Octubre
RF-48,Castellana,2015,10,63.2,62.7,58.6,62.0,68.5,65.0,60.6,53.5,45.3,2015-10-01,Octubre,2015-10,Octubre
RF-28,Cuatro Vientos,2015,10,67.8,66.7,60.6,66.2,74.6,70.6,60.6,43.6,40.6,2015-10-01,Octubre,2015-10,Octubre
RF-04,Plaza de España,2015,10,65.9,66.3,61.8,65.0,72.2,67.4,63.8,56.7,48.9,2015-10-01,Octubre,2015-10,Octubre
RF-26,Embajada,2015,10,63.8,62.4,58.2,62.3,70.7,66.9,57.8,49.4,42.0,2015-10-01,Octubre,2015-10,Octubre
RF-27,Barajas Pueblo,2015,10,61.9,60.8,56.2,60.4,71.0,64.7,51.7,41.0,34.1,2015-10-01,Octubre,2015-10,Octubre
RF-30,Campo de las Naciones,2015,10,62.0,59.8,53.3,60.0,67.1,63.3,57.4,42.9,37.9,2015-10-01,Octubre,2015-10,Octubre
RF-08,Escuelas Aguirre,2015,10,68.4,68.8,66.5,67.6,75.4,70.5,65.7,58.3,48.9,2015-10-01,Octubre,2015-10,Octubre
RF-18,General Ricardos ubicación antigua,2015,10,57.2,59.9,49.2,56.6,66.5,59.0,50.9,41.6,37.4,2015-10-01,Octubre,2015-10,Octubre
RF-20,Avenida de Moratalaz,2015,10,63.0,62.6,55.4,61.5,70.8,64.3,58.1,44.7,38.2,2015-10-01,Octubre,2015-10,Octubre
RF-55,Urb Embajada 2,2015,10,55.5,54.5,49.7,54.1,62.7,57.3,49.4,42.3,37.7,2015-10-01,Octubre,2015-10,Octubre
RF-19,Alto de Extremadura,2015,10,61.9,61.5,56.1,60.6,69.2,63.8,57.2,46.4,37.0,2015-10-01,Octubre,2015-10,Octubre
RF-11,Ramón y Cajal,2015,10,69.2,68.3,62.5,67.7,74.0,70.8,66.1,52.1,40.2,2015-10-01,Octubre,2015-10,Octubre
RF-54,Ensanche de Vallecas,2015,10,60.8,61.0,54.2,59.5,66.8,63.0,57.9,46.0,43.6,2015-10-01,Octubre,2015-10,Octubre
RF-02,Carlos V,2015,10,70.2,69.9,66.7,69.3,75.9,71.4,68.0,61.4,54.6,2015-10-01,Octubre,2015-10,Octubre
RF-17,Villaverde,2015,10,58.5,59.6,52.1,57.5,66.2,59.7,53.1,41.6,38.0,2015-10-01,Octubre,2015-10,Octubre
RF-29,El Pardo,2015,10,58.6,56.0,50.0,56.6,65.5,60.0,51.1,37.7,35.2,2015-10-01,Octubre,2015-10,Octubre
RF-31,Sanchinarro,2015,10,63.9,63.4,53.3,62.2,72.3,67.1,54.4,42.4,37.5,2015-10-01,Octubre,2015-10,Octubre
RF-10,Cuatro Caminos,2015,10,66.3,65.6,60.3,64.9,73.3,68.6,61.0,50.2,46.2,2015-10-01,Octubre,2015-10,Octubre
RF-50,Plaza de Castilla,2015,10,67.4,66.3,61.8,66.0,72.6,67.6,63.5,55.5,47.5,2015-10-01,Octubre,2015-10,Octubre
RF-14,Plaza Elíptica,2015,10,65.9,65.6,60.9,64.7,71.0,67.3,62.9,55.4,48.1,2015-10-01,Octubre,2015-10,Octubre
RF-03,Plaza del Carmen,2015,10,62.0,61.5,59.5,61.2,69.6,63.9,58.7,53.1,49.3,2015-10-01,Octubre,2015-10,Octubre
RF-06,Gregorio Marañón,2015,10,71.6,70.9,66.9,70.3,75.9,72.7,66.4,59.8,52.4,2015-10-01,Octubre,2015-10,Octubre
RF-25,Santa Eugenia,2015,10,66.6,66.2,61.5,65.4,70.3,67.9,65.1,57.2,48.3,2015-10-01,Octubre,2015-10,Octubre
RF-05,Barrio del Pilar,2015,10,63.7,67.8,65.6,65.3,77.8,66.6,60.3,47.3,39.5,2015-10-01,Octubre,2015-10,Octubre
RF-54,Ensanche de Vallecas,2015,11,61.3,61.5,54.6,60.0,67.3,63.5,58.3,46.8,44.2,2015-11-01,Noviembre,2015-11,Noviembre
RF-30,Campo de las Naciones,2015,11,61.7,59.9,53.4,59.9,67.5,63.5,57.7,42.9,38.0,2015-11-01,Noviembre,2015-11,Noviembre
RF-10,Cuatro Caminos,2015,11,66.7,65.5,60.1,65.1,73.4,68.7,61.1,51.0,46.2,2015-11-01,Noviembre,2015-11,Noviembre
RF-55,Urb Embajada 2,2015,11,56.3,55.0,50.3,54.8,63.4,57.8,50.2,42.6,38.0,2015-11-01,Noviembre,2015-11,Noviembre
RF-02,Carlos V,2015,11,70.3,69.7,66.8,69.2,,,,,,2015-11-01,Noviembre,2015-11,Noviembre
RF-27,Barajas Pueblo,2015,11,62.5,62.7,56.9,61.4,71.6,65.4,53.7,43.0,36.7,2015-11-01,Noviembre,2015-11,Noviembre
RF-28,Cuatro Vientos,2015,11,68.1,66.7,60.4,66.4,74.9,70.9,60.7,44.0,41.2,2015-11-01,Noviembre,2015-11,Noviembre
RF-47,Mendez Álvaro,2015,11,57.0,58.3,48.6,55.9,66.8,56.0,48.3,40.3,37.0,2015-11-01,Noviembre,2015-11,Noviembre
RF-12,Manuel Becerra,2015,11,65.5,64.9,60.0,64.2,71.2,65.6,61.5,54.1,46.8,2015-11-01,Noviembre,2015-11,Noviembre
RF-26,Embajada,2015,11,64.5,62.7,58.6,62.6,,,,,,2015-11-01,Noviembre,2015-11,Noviembre
RF-25,Santa Eugenia,2015,11,66.9,66.0,61.6,65.4,,,,,,2015-11-01,Noviembre,2015-11,Noviembre
RF-05,Barrio del Pilar,2015,11,63.3,62.9,56.2,61.8,68.9,65.4,59.4,47.1,40.3,2015-11-01,Noviembre,2015-11,Noviembre
RF-29,El Pardo,2015,11,58.1,55.0,51.5,56.2,65.4,59.9,50.8,37.8,34.8,2015-11-01,Noviembre,2015-11,Noviembre
RF-31,Sanchinarro,2015,11,67.3,64.1,53.8,65.1,72.9,67.6,55.0,43.8,38.5,2015-11-01,Noviembre,2015-11,Noviembre
RF-50,Plaza de Castilla,2015,11,67.5,66.0,61.7,65.1,,,,,,2015-11-01,Noviembre,2015-11,Noviembre
RF-06,Gregorio Marañón,2015,11,71.9,71.1,66.9,70.4,,,,,,2015-11-01,Noviembre,2015-11,Noviembre
RF-24,Casa de Campo,2015,11,49.3,45.4,42.5,47.4,56.1,50.7,43.6,39.1,36.2,2015-11-01,Noviembre,2015-11,Noviembre
RF-03,Plaza del Carmen,2015,11,62.1,61.0,59.9,61.3,69.7,63.8,58.4,52.6,47.5,2015-11-01,Noviembre,2015-11,Noviembre
RF-13,Vallecas,2015,11,60.1,58.4,52.5,58.2,66.6,60.7,53.6,42.1,37.5,2015-11-01,Noviembre,2015-11,Noviembre
RF-19,Alto de Extremadura,2015,11,62.0,61.5,56.6,60.7,69.2,63.8,57.4,47.2,37.5,2015-11-01,Noviembre,2015-11,Noviembre
RF-08,Escuelas Aguirre,2015,11,68.5,67.6,64.2,67.3,74.0,70.4,65.6,58.0,48.4,2015-11-01,Noviembre,2015-11,Noviembre
RF-14,Plaza Elíptica,2015,11,66.1,65.5,61.2,64.9,71.3,67.6,63.0,55.3,48.0,2015-11-01,Noviembre,2015-11,Noviembre
RF-11,Ramón y Cajal,2015,11,69.2,68.3,62.5,67.7,74.2,70.9,66.0,52.0,40.5,2015-11-01,Noviembre,2015-11,Noviembre
RF-20,Avenida de Moratalaz,2015,11,68.8,62.7,55.9,66.3,72.9,64.8,58.6,45.3,39.4,2015-11-01,Noviembre,2015-11,Noviembre
RF-01,Paseo de Recoletos,2015,11,69.1,68.4,65.5,67.9,,,,,,2015-11-01,Noviembre,2015-11,Noviembre
RF-16,Arturo Soria,2015,11,62.5,61.7,57.1,61.1,67.9,64.8,59.1,45.2,41.3,2015-11-01,Noviembre,2015-11,Noviembre
RF-48,Castellana,2015,11,63.0,62.7,58.8,61.9,68.0,65.1,60.7,53.5,45.2,2015-11-01,Noviembre,2015-11,Noviembre
RF-17,Villaverde,2015,11,57.5,59.9,51.9,57.0,66.0,59.5,52.9,43.0,38.9,2015-11-01,Noviembre,2015-11,Noviembre
RF-18,General Ricardos ubicación antigua,2015,11,58.2,58.7,49.2,56.9,66.7,59.0,51.4,41.7,36.1,2015-11-01,Noviembre,2015-11,Noviembre
RF-04,Plaza de España,2015,11,65.9,65.7,62.4,64.9,72.3,67.5,63.8,56.9,48.8,2015-11-01,Noviembre,2015-11,Noviembre
RF-86,Tres Olivos,2015,11,59.6,59.3,50.9,58.1,67.4,61.4,52.0,38.9,36.0,2015-11-01,Noviembre,2015-11,Noviembre
RF-08,Escuelas Aguirre,2015,12,68.3,67.7,64.7,67.3,73.9,70.4,65.6,58.3,49.5,2015-12-01,Diciembre,2015-12,Diciembre
RF-27,Barajas Pueblo,2015,12,62.8,63.8,57.6,61.9,72.3,65.6,53.5,43.6,36.8,2015-12-01,Diciembre,2015-12,Diciembre
RF-10,Cuatro Caminos,2015,12,66.4,65.3,60.8,65.0,73.3,68.6,60.9,51.9,47.1,2015-12-01,Diciembre,2015-12,Diciembre
RF-54,Ensanche de Vallecas,2015,12,61.9,62.3,56.6,60.8,67.3,64.0,59.4,52.3,46.3,2015-12-01,Diciembre,2015-12,Diciembre
RF-16,Arturo Soria,2015,12,62.3,62.5,64.8,63.3,67.6,64.7,59.2,43.7,36.3,2015-12-01,Diciembre,2015-12,Diciembre
RF-31,Sanchinarro,2015,12,64.9,64.7,54.6,63.3,73.0,68.4,55.2,44.7,38.7,2015-12-01,Diciembre,2015-12,Diciembre
RF-28,Cuatro Vientos,2015,12,67.9,67.1,61.0,66.4,74.9,71.0,60.8,42.9,37.0,2015-12-01,Diciembre,2015-12,Diciembre
RF-19,Alto de Extremadura,2015,12,62.1,61.8,58.9,61.2,69.4,63.9,57.6,48.0,39.1,2015-12-01,Diciembre,2015-12,Diciembre
RF-05,Barrio del Pilar,2015,12,66.0,66.5,56.4,64.6,74.4,67.9,59.8,47.4,40.6,2015-12-01,Diciembre,2015-12,Diciembre
RF-01,Paseo de Recoletos,2015,12,70.0,68.9,66.5,69.0,65.9,63.3,57.6,48.8,41.2,2015-12-01,Diciembre,2015-12,Diciembre
RF-12,Manuel Becerra,2015,12,64.9,65.1,62.4,64.4,70.4,65.3,61.4,53.9,46.6,2015-12-01,Diciembre,2015-12,Diciembre
RF-47,Mendez Álvaro,2015,12,57.8,57.8,50.8,56.5,67.2,55.6,47.7,40.8,36.8,2015-12-01,Diciembre,2015-12,Diciembre
RF-04,Plaza de España,2015,12,65.7,66.1,62.7,65.0,72.1,67.4,63.6,57.3,50.1,2015-12-01,Diciembre,2015-12,Diciembre
RF-03,Plaza del Carmen,2015,12,62.3,63.6,60.6,62.4,70.2,64.2,58.9,53.6,48.6,2015-12-01,Diciembre,2015-12,Diciembre
RF-86,Tres Olivos,2015,12,59.6,60.7,51.1,58.4,66.9,61.0,51.1,39.6,37.0,2015-12-01,Diciembre,2015-12,Diciembre
RF-24,Casa de Campo,2015,12,51.1,45.9,43.2,49.0,59.2,50.9,44.6,39.8,37.0,2015-12-01,Diciembre,2015-12,Diciembre
RF-11,Ramón y Cajal,2015,12,69.1,68.6,63.1,67.7,73.9,70.9,66.1,52.8,41.2,2015-12-01,Diciembre,2015-12,Diciembre
RF-13,Vallecas,2015,12,63.5,69.2,59.4,64.5,68.0,60.8,53.4,42.3,37.8,2015-12-01,Diciembre,2015-12,Diciembre
RF-02,Carlos V,2015,12,70.3,70.1,67.2,69.4,75.9,71.3,68.1,61.9,56.0,2015-12-01,Diciembre,2015-12,Diciembre
RF-30,Campo de las Naciones,2015,12,61.1,59.6,53.2,59.3,66.6,63.1,56.9,43.7,39.3,2015-12-01,Diciembre,2015-12,Diciembre
RF-06,Gregorio Marañón,2015,12,71.6,71.2,67.4,70.2,77.0,73.6,67.1,55.6,32.3,2015-12-01,Diciembre,2015-12,Diciembre
RF-50,Plaza de Castilla,2015,12,66.1,66.0,61.2,65.0,62.7,58.6,53.2,42.0,37.2,2015-12-01,Diciembre,2015-12,Diciembre
RF-25,Santa Eugenia,2015,12,66.5,66.0,61.4,65.2,69.7,67.7,65.2,57.5,49.1,2015-12-01,Diciembre,2015-12,Diciembre
RF-48,Castellana,2015,12,63.0,62.6,59.1,62.0,68.0,65.1,60.8,54.0,46.1,2015-12-01,Diciembre,2015-12,Diciembre
RF-26,Embajada,2015,12,63.8,63.7,58.4,62.6,63.6,59.6,49.0,39.9,36.1,2015-12-01,Diciembre,2015-12,Diciembre
RF-20,Avenida de Moratalaz,2015,12,63.3,62.8,56.1,61.8,70.6,64.5,58.4,46.3,39.9,2015-12-01,Diciembre,2015-12,Diciembre
RF-29,El Pardo,2015,12,57.5,55.1,49.6,55.6,64.9,59.6,49.7,36.6,34.1,2015-12-01,Diciembre,2015-12,Diciembre
RF-18,General Ricardos ubicación antigua,2015,12,60.3,64.1,51.1,60.1,66.8,59.2,51.8,43.0,37.0,2015-12-01,Diciembre,2015-12,Diciembre
RF-14,Plaza Elíptica,2015,12,66.2,65.6,62.1,65.1,71.1,67.6,63.0,55.7,48.5,2015-12-01,Diciembre,2015-12,Diciembre
RF-17,Villaverde,2015,12,59.1,62.0,51.4,58.7,66.8,59.2,52.5,43.2,38.6,2015-12-01,Diciembre,2015-12,Diciembre
RF-55,Urb Embajada 2,2015,12,56.0,55.8,51.1,54.7,63.2,57.9,50.2,44.3,41.7,2015-12-01,Diciembre,2015-12,Diciembre
RF-18,General Ricardos ubicación antigua,2016,1,61.1,61.6,69.5,65.8,68.0,59.0,51.2,40.0,34.9,2016-01-01,Enero,2016-01,Enero
RF-04,Plaza de España,2016,1,66.1,65.8,65.3,65.8,72.6,67.8,63.9,57.2,49.6,2016-01-01,Enero,2016-01,Enero
RF-05,Barrio del Pilar,2016,1,63.9,64.5,60.9,63.3,70.0,66.2,59.8,46.8,39.3,2016-01-01,Enero,2016-01,Enero
RF-48,Castellana,2016,1,63.6,63.5,59.4,62.5,68.8,65.9,61.3,54.1,46.4,2016-01-01,Enero,2016-01,Enero
RF-02,Carlos V,2016,1,70.1,69.9,67.4,69.4,75.4,71.5,67.9,61.4,55.4,2016-01-01,Enero,2016-01,Enero
RF-19,Alto de Extremadura,2016,1,62.1,61.8,58.9,61.2,69.3,64.1,58.0,47.7,37.7,2016-01-01,Enero,2016-01,Enero
RF-26,Embajada,2016,1,64.4,63.2,58.9,63.0,71.6,67.7,58.2,49.9,41.8,2016-01-01,Enero,2016-01,Enero
RF-13,Vallecas,2016,1,59.6,61.8,63.8,61.8,67.1,61.1,53.9,42.7,39.2,2016-01-01,Enero,2016-01,Enero
RF-50,Plaza de Castilla,2016,1,67.1,66.6,62.3,65.7,72.0,67.7,63.7,56.2,48.8,2016-01-01,Enero,2016-01,Enero
RF-28,Cuatro Vientos,2016,1,68.7,67.5,62.3,67.2,75.6,71.7,61.8,43.4,36.4,2016-01-01,Enero,2016-01,Enero
RF-03,Plaza del Carmen,2016,1,61.5,60.9,61.5,61.0,69.1,63.7,58.1,52.1,46.8,2016-01-01,Enero,2016-01,Enero
RF-29,El Pardo,2016,1,57.5,55.9,49.8,55.8,65.2,60.2,50.1,36.0,33.5,2016-01-01,Enero,2016-01,Enero
RF-08,Escuelas Aguirre,2016,1,68.5,68.1,64.6,67.5,73.9,70.7,65.9,58.4,48.9,2016-01-01,Enero,2016-01,Enero
RF-27,Barajas Pueblo,2016,1,62.7,61.8,61.6,62.3,72.2,65.7,52.3,41.9,35.3,2016-01-01,Enero,2016-01,Enero
RF-25,Santa Eugenia,2016,1,67.2,67.8,62.2,66.1,71.3,68.6,65.7,57.3,48.1,2016-01-01,Enero,2016-01,Enero
RF-55,Urb Embajada 2,2016,1,57.1,55.1,58.8,57.5,63.4,58.1,50.4,43.9,41.6,2016-01-01,Enero,2016-01,Enero
RF-47,Mendez Álvaro,2016,1,56.7,58.1,69.4,65.1,66.6,56.4,48.9,40.4,36.5,2016-01-01,Enero,2016-01,Enero
RF-54,Ensanche de Vallecas,2016,1,62.2,62.5,60.7,61.8,68.0,64.5,59.6,49.6,36.3,2016-01-01,Enero,2016-01,Enero
RF-30,Campo de las Naciones,2016,1,61.7,59.7,53.3,59.9,67.4,63.7,57.2,43.8,37.7,2016-01-01,Enero,2016-01,Enero
RF-14,Plaza Elíptica,2016,1,66.3,65.9,63.6,65.5,71.2,67.9,63.5,56.1,48.6,2016-01-01,Enero,2016-01,Enero
RF-06,Gregorio Marañón,2016,1,71.0,70.5,66.5,70.0,,,,,,2016-01-01,Enero,2016-01,Enero
RF-01,Paseo de Recoletos,2016,1,69.2,69.5,66.7,68.6,74.8,72.2,66.0,57.9,50.8,2016-01-01,Enero,2016-01,Enero
RF-31,Sanchinarro,2016,1,65.2,65.7,54.7,63.8,73.7,68.9,55.8,43.9,37.9,2016-01-01,Enero,2016-01,Enero
RF-12,Manuel Becerra,2016,1,65.0,65.5,63.6,64.6,70.4,65.5,61.6,54.5,47.8,2016-01-01,Enero,2016-01,Enero
RF-17,Villaverde,2016,1,57.9,60.1,60.1,59.0,64.8,59.0,52.6,42.3,38.4,2016-01-01,Enero,2016-01,Enero
RF-20,Avenida de Moratalaz,2016,1,63.6,63.2,58.4,62.3,71.0,64.8,58.7,46.4,37.3,2016-01-01,Enero,2016-01,Enero
RF-24,Casa de Campo,2016,1,50.4,46.0,46.0,48.7,58.8,51.0,44.1,39.0,36.2,2016-01-01,Enero,2016-01,Enero
RF-86,Tres Olivos,2016,1,59.2,58.2,56.5,58.3,67.2,61.4,52.1,39.0,36.5,2016-01-01,Enero,2016-01,Enero
RF-16,Arturo Soria,2016,1,63.3,62.3,58.7,62.0,68.4,65.5,59.6,43.8,36.1,2016-01-01,Enero,2016-01,Enero
RF-10,Cuatro Caminos,2016,1,66.8,65.9,61.5,65.4,73.6,69.0,61.4,50.9,44.8,2016-01-01,Enero,2016-01,Enero
RF-11,Ramón y Cajal,2016,1,70.4,69.1,63.6,68.8,75.9,71.7,66.5,52.4,39.7,2016-01-01,Enero,2016-01,Enero
RF-17,Villaverde,2016,2,57.7,58.7,51.5,56.7,64.9,59.2,53.2,43.5,39.7,2016-02-01,Febrero,2016-02,Febrero
RF-29,El Pardo,2016,2,57.9,55.8,50.1,56.1,65.5,60.4,50.5,36.3,33.6,2016-02-01,Febrero,2016-02,Febrero
RF-02,Carlos V,2016,2,70.3,69.8,66.8,69.3,75.5,71.6,68.2,61.5,54.8,2016-02-01,Febrero,2016-02,Febrero
RF-14,Plaza Elíptica,2016,2,66.5,65.9,61.3,65.2,71.2,68.0,63.4,55.6,47.8,2016-02-01,Febrero,2016-02,Febrero
RF-50,Plaza de Castilla,2016,2,67.1,66.2,62.8,65.9,72.3,67.9,64.0,56.5,48.8,2016-02-01,Febrero,2016-02,Febrero
RF-24,Casa de Campo,2016,2,51.1,46.7,44.0,49.1,59.1,51.2,44.2,39.1,36.5,2016-02-01,Febrero,2016-02,Febrero
RF-27,Barajas Pueblo,2016,2,63.2,62.2,57.5,61.8,72.3,66.0,54.1,43.0,37.1,2016-02-01,Febrero,2016-02,Febrero
RF-30,Campo de las Naciones,2016,2,62.4,60.6,54.1,60.6,68.2,64.1,58.4,44.5,39.3,2016-02-01,Febrero,2016-02,Febrero
RF-13,Vallecas,2016,2,60.8,58.3,53.0,59.0,67.4,61.3,54.4,43.8,40.4,2016-02-01,Febrero,2016-02,Febrero
RF-18,General Ricardos ubicación antigua,2016,2,63.3,58.5,49.8,60.8,67.5,59.4,51.7,40.6,35.1,2016-02-01,Febrero,2016-02,Febrero
RF-06,Gregorio Marañón,2016,2,72.0,71.3,67.2,70.7,77.6,74.4,67.8,60.3,51.7,2016-02-01,Febrero,2016-02,Febrero
RF-26,Embajada,2016,2,64.5,63.2,58.9,63.1,71.6,67.8,58.3,49.7,42.4,2016-02-01,Febrero,2016-02,Febrero
RF-25,Santa Eugenia,2016,2,67.3,66.7,61.9,66.0,71.3,68.6,65.6,57.4,48.3,2016-02-01,Febrero,2016-02,Febrero
RF-20,Avenida de Moratalaz,2016,2,63.6,62.9,56.0,62.1,71.0,64.9,58.9,46.1,38.5,2016-02-01,Febrero,2016-02,Febrero
RF-48,Castellana,2016,2,64.2,63.4,59.7,63.0,69.2,66.1,61.6,54.1,45.9,2016-02-01,Febrero,2016-02,Febrero
RF-16,Arturo Soria,2016,2,63.3,62.4,57.3,61.9,68.3,65.5,60.1,44.2,37.8,2016-02-01,Febrero,2016-02,Febrero
RF-11,Ramón y Cajal,2016,2,69.8,69.0,63.5,68.4,74.7,71.7,66.9,52.8,40.3,2016-02-01,Febrero,2016-02,Febrero
RF-47,Mendez Álvaro,2016,2,58.5,57.1,49.1,56.7,66.5,56.6,49.5,40.7,36.7,2016-02-01,Febrero,2016-02,Febrero
RF-55,Urb Embajada 2,2016,2,57.0,55.4,51.1,55.5,63.6,58.5,51.3,44.4,42.0,2016-02-01,Febrero,2016-02,Febrero
RF-54,Ensanche de Vallecas,2016,2,62.7,62.5,57.5,61.5,68.4,64.9,60.2,48.8,41.2,2016-02-01,Febrero,2016-02,Febrero
RF-31,Sanchinarro,2016,2,64.9,64.9,54.6,63.3,73.4,68.2,56.3,45.5,39.6,2016-02-01,Febrero,2016-02,Febrero
RF-28,Cuatro Vientos,2016,2,68.8,67.3,61.1,67.1,75.6,71.7,61.8,43.3,36.6,2016-02-01,Febrero,2016-02,Febrero
RF-01,Paseo de Recoletos,2016,2,69.4,69.3,66.2,68.5,74.8,71.9,66.0,57.7,49.8,2016-02-01,Febrero,2016-02,Febrero
RF-10,Cuatro Caminos,2016,2,67.1,66.0,60.4,65.5,73.8,69.3,61.7,51.0,44.4,2016-02-01,Febrero,2016-02,Febrero
RF-19,Alto de Extremadura,2016,2,62.6,61.6,57.2,61.2,69.3,64.4,58.4,47.9,38.2,2016-02-01,Febrero,2016-02,Febrero
RF-05,Barrio del Pilar,2016,2,63.7,63.3,56.4,62.2,69.3,66.0,59.7,46.5,39.2,2016-02-01,Febrero,2016-02,Febrero
RF-03,Plaza del Carmen,2016,2,62.1,61.4,59.3,61.3,69.7,63.8,58.1,51.3,45.7,2016-02-01,Febrero,2016-02,Febrero
RF-86,Tres Olivos,2016,2,59.9,58.2,50.6,58.0,67.5,61.8,52.7,39.9,37.2,2016-02-01,Febrero,2016-02,Febrero
RF-04,Plaza de España,2016,2,66.9,66.8,62.0,65.8,74.2,67.9,64.0,56.9,49.2,2016-02-01,Febrero,2016-02,Febrero
RF-08,Escuelas Aguirre,2016,2,68.9,68.1,64.5,67.7,74.2,70.8,66.1,58.4,49.5,2016-02-01,Febrero,2016-02,Febrero
RF-12,Manuel Becerra,2016,2,65.4,65.1,59.6,64.1,70.3,65.6,61.7,54.4,47.1,2016-02-01,Febrero,2016-02,Febrero
RF-05,Barrio del Pilar,2016,3,63.1,62.9,56.2,61.7,68.9,65.5,59.0,46.6,39.1,2016-03-01,Marzo,2016-03,Marzo
RF-30,Campo de las Naciones,2016,3,61.5,59.9,53.4,59.8,67.4,63.4,57.1,43.2,38.2,2016-03-01,Marzo,2016-03,Marzo
RF-31,Sanchinarro,2016,3,63.6,64.1,54.0,62.2,72.5,67.0,54.4,43.4,38.8,2016-03-01,Marzo,2016-03,Marzo
RF-13,Vallecas,2016,3,58.8,57.9,52.3,57.3,66.0,60.3,53.0,42.3,39.6,2016-03-01,Marzo,2016-03,Marzo
RF-24,Casa de Campo,2016,3,50.2,47.2,41.9,48.2,57.1,51.5,44.0,38.3,36.2,2016-03-01,Marzo,2016-03,Marzo
RF-18,General Ricardos ubicación antigua,2016,3,66.7,59.8,50.1,64.1,68.4,59.5,51.6,40.0,35.1,2016-03-01,Marzo,2016-03,Marzo
RF-16,Arturo Soria,2016,3,62.5,62.3,56.8,61.2,67.9,64.7,58.9,43.0,37.0,2016-03-01,Marzo,2016-03,Marzo
RF-04,Plaza de España,2016,3,66.0,65.6,61.5,64.8,72.4,67.4,63.4,56.1,48.6,2016-03-01,Marzo,2016-03,Marzo
RF-48,Castellana,2016,3,63.2,62.8,59.2,62.2,68.5,65.4,60.8,53.4,45.0,2016-03-01,Marzo,2016-03,Marzo
RF-26,Embajada,2016,3,65.2,62.6,58.7,63.5,71.1,67.2,57.5,49.4,41.6,2016-03-01,Marzo,2016-03,Marzo
RF-12,Manuel Becerra,2016,3,65.0,64.6,59.2,63.7,70.3,65.2,61.1,53.5,46.4,2016-03-01,Marzo,2016-03,Marzo
RF-20,Avenida de Moratalaz,2016,3,63.3,62.7,55.9,61.8,70.7,64.2,57.9,45.3,38.6,2016-03-01,Marzo,2016-03,Marzo
RF-06,Gregorio Marañón,2016,3,71.3,70.9,66.8,70.2,77.2,73.8,67.0,59.4,51.8,2016-03-01,Marzo,2016-03,Marzo
RF-01,Paseo de Recoletos,2016,3,68.4,68.5,65.8,67.7,74.6,71.4,64.9,56.8,49.8,2016-03-01,Marzo,2016-03,Marzo
RF-25,Santa Eugenia,2016,3,66.4,66.2,61.9,65.3,71.0,67.9,64.8,57.1,48.5,2016-03-01,Marzo,2016-03,Marzo
RF-27,Barajas Pueblo,2016,3,62.8,63.8,57.0,61.8,72.3,65.7,53.4,42.2,35.5,2016-03-01,Marzo,2016-03,Marzo
RF-11,Ramón y Cajal,2016,3,69.0,68.5,62.4,67.6,74.0,70.9,65.7,50.7,38.6,2016-03-01,Marzo,2016-03,Marzo
RF-55,Urb Embajada 2,2016,3,56.1,54.8,50.7,54.7,63.0,57.9,50.6,44.1,42.0,2016-03-01,Marzo,2016-03,Marzo
RF-02,Carlos V,2016,3,69.6,69.5,66.5,68.8,75.3,71.0,67.6,61.0,54.6,2016-03-01,Marzo,2016-03,Marzo
RF-54,Ensanche de Vallecas,2016,3,61.3,61.5,55.4,60.1,67.4,63.5,58.2,50.4,48.1,2016-03-01,Marzo,2016-03,Marzo
RF-17,Villaverde,2016,3,57.5,58.0,53.9,56.7,65.3,59.0,52.8,42.1,38.5,2016-03-01,Marzo,2016-03,Marzo
RF-08,Escuelas Aguirre,2016,3,68.3,67.6,64.1,67.2,73.8,70.3,65.6,57.8,49.4,2016-03-01,Marzo,2016-03,Marzo
RF-86,Tres Olivos,2016,3,59.3,58.3,50.7,57.7,67.4,61.5,51.8,39.8,37.3,2016-03-01,Marzo,2016-03,Marzo
RF-03,Plaza del Carmen,2016,3,61.7,61.5,58.8,60.8,69.4,63.6,58.0,51.7,46.2,2016-03-01,Marzo,2016-03,Marzo
RF-19,Alto de Extremadura,2016,3,62.0,61.7,56.8,60.8,68.9,63.8,57.5,46.6,37.4,2016-03-01,Marzo,2016-03,Marzo
RF-47,Mendez Álvaro,2016,3,55.2,57.5,48.6,54.5,65.4,55.3,48.6,39.5,35.9,2016-03-01,Marzo,2016-03,Marzo
RF-29,El Pardo,2016,3,57.5,55.4,49.7,55.7,64.9,59.6,50.1,36.1,33.7,2016-03-01,Marzo,2016-03,Marzo
RF-10,Cuatro Caminos,2016,3,66.2,65.4,59.9,64.8,73.1,68.5,60.6,50.7,44.5,2016-03-01,Marzo,2016-03,Marzo
RF-28,Cuatro Vientos,2016,3,68.2,66.7,60.3,66.5,74.9,70.9,60.6,41.6,36.0,2016-03-01,Marzo,2016-03,Marzo
RF-14,Plaza Elíptica,2016,3,65.9,65.6,61.3,64.8,71.0,67.5,62.8,55.1,47.4,2016-03-01,Marzo,2016-03,Marzo
RF-50,Plaza de Castilla,2016,3,66.3,65.9,61.9,65.2,71.6,67.1,63.1,55.4,48.0,2016-03-01,Marzo,2016-03,Marzo
RF-25,Santa Eugenia,2016,4,67.6,67.2,62.7,66.5,72.9,69.5,65.4,58.0,49.3,2016-04-01,Abril,2016-04,Abril
RF-29,El Pardo,2016,4,58.2,56.6,49.8,56.4,65.8,60.3,51.1,35.0,28.6,2016-04-01,Abril,2016-04,Abril
RF-04,Plaza de España,2016,4,66.6,65.1,61.2,65.1,73.3,67.8,63.6,56.5,49.3,2016-04-01,Abril,2016-04,Abril
RF-16,Arturo Soria,2016,4,62.8,62.0,57.0,61.4,68.3,65.0,59.4,42.8,36.1,2016-04-01,Abril,2016-04,Abril
RF-86,Tres Olivos,2016,4,59.9,59.5,51.1,58.3,68.1,62.2,53.1,39.4,37.2,2016-04-01,Abril,2016-04,Abril
RF-01,Paseo de Recoletos,2016,4,69.0,68.4,65.8,68.0,74.8,71.3,65.6,57.4,49.3,2016-04-01,Abril,2016-04,Abril
RF-55,Urb Embajada 2,2016,4,56.7,55.2,51.8,55.3,63.9,58.3,51.1,44.3,42.1,2016-04-01,Abril,2016-04,Abril
RF-27,Barajas Pueblo,2016,4,62.7,63.5,57.0,61.7,72.0,65.7,53.3,41.1,34.9,2016-04-01,Abril,2016-04,Abril
RF-26,Embajada,2016,4,64.1,62.8,58.6,62.8,71.0,67.2,58.5,50.1,42.5,2016-04-01,Abril,2016-04,Abril
RF-08,Escuelas Aguirre,2016,4,68.7,68.1,64.5,67.6,74.2,70.7,66.0,58.3,48.9,2016-04-01,Abril,2016-04,Abril
RF-17,Villaverde,2016,4,59.2,59.5,53.9,58.1,66.1,59.8,53.5,41.8,38.2,2016-04-01,Abril,2016-04,Abril
RF-14,Plaza Elíptica,2016,4,66.4,65.9,61.2,65.1,71.5,67.8,63.2,55.7,48.3,2016-04-01,Abril,2016-04,Abril
RF-31,Sanchinarro,2016,4,64.7,64.7,54.0,63.1,73.3,67.9,54.8,43.1,38.4,2016-04-01,Abril,2016-04,Abril
RF-02,Carlos V,2016,4,70.0,69.8,66.5,69.0,75.6,71.4,67.7,61.3,54.8,2016-04-01,Abril,2016-04,Abril
RF-05,Barrio del Pilar,2016,4,63.4,63.3,56.2,62.0,69.3,65.7,59.4,47.4,40.1,2016-04-01,Abril,2016-04,Abril
RF-03,Plaza del Carmen,2016,4,62.8,61.8,59.6,61.8,71.0,64.4,58.6,52.6,47.1,2016-04-01,Abril,2016-04,Abril
RF-19,Alto de Extremadura,2016,4,62.3,61.8,56.6,61.0,69.4,64.0,57.6,47.0,37.3,2016-04-01,Abril,2016-04,Abril
RF-47,Mendez Álvaro,2016,4,57.4,57.9,48.8,56.0,66.5,56.2,50.0,39.9,36.2,2016-04-01,Abril,2016-04,Abril
RF-28,Cuatro Vientos,2016,4,68.4,67.1,60.9,66.7,75.3,71.2,61.3,41.8,35.0,2016-04-01,Abril,2016-04,Abril
RF-18,General Ricardos ubicación antigua,2016,4,60.5,60.7,52.4,59.1,69.9,60.7,53.0,41.0,34.8,2016-04-01,Abril,2016-04,Abril
RF-11,Ramón y Cajal,2016,4,69.6,68.8,62.9,68.1,74.9,71.4,66.5,52.3,39.2,2016-04-01,Abril,2016-04,Abril
RF-10,Cuatro Caminos,2016,4,66.7,65.6,60.1,65.2,73.9,69.0,61.2,50.3,44.1,2016-04-01,Abril,2016-04,Abril
RF-12,Manuel Becerra,2016,4,66.1,65.9,59.5,64.7,73.5,65.7,61.6,54.3,47.7,2016-04-01,Abril,2016-04,Abril
RF-24,Casa de Campo,2016,4,50.4,48.3,41.8,48.5,57.4,51.3,44.9,38.4,36.2,2016-04-01,Abril,2016-04,Abril
RF-20,Avenida de Moratalaz,2016,4,63.3,62.6,56.3,61.8,70.8,64.7,58.4,45.8,38.1,2016-04-01,Abril,2016-04,Abril
RF-30,Campo de las Naciones,2016,4,62.3,60.5,54.2,60.5,68.5,63.9,57.9,43.2,37.7,2016-04-01,Abril,2016-04,Abril
RF-50,Plaza de Castilla,2016,4,67.0,66.4,62.3,65.8,72.3,68.1,63.5,56.1,48.5,2016-04-01,Abril,2016-04,Abril
RF-13,Vallecas,2016,4,60.0,58.4,52.1,58.3,67.3,60.7,53.7,41.8,38.8,2016-04-01,Abril,2016-04,Abril
RF-48,Castellana,2016,4,63.7,63.0,62.4,63.2,70.3,65.7,61.1,53.8,44.7,2016-04-01,Abril,2016-04,Abril
RF-06,Gregorio Marañón,2016,4,71.8,71.1,67.1,70.5,77.9,74.1,67.4,60.2,52.3,2016-04-01,Abril,2016-04,Abril
RF-54,Ensanche de Vallecas,2016,4,61.5,61.4,54.7,60.1,67.9,63.7,58.2,43.7,37.6,2016-04-01,Abril,2016-04,Abril
RF-04,Plaza de España,2016,5,65.9,65.0,61.0,64.6,72.3,67.2,63.1,55.8,47.8,2016-05-01,Mayo,2016-05,Mayo
RF-31,Sanchinarro,2016,5,63.7,64.0,53.6,62.2,72.7,67.0,53.4,42.8,37.5,2016-05-01,Mayo,2016-05,Mayo
RF-30,Campo de las Naciones,2016,5,61.5,60.4,53.5,59.8,67.7,63.2,57.5,42.3,36.3,2016-05-01,Mayo,2016-05,Mayo
RF-20,Avenida de Moratalaz,2016,5,62.9,62.2,55.4,61.4,70.8,64.1,57.8,45.1,36.8,2016-05-01,Mayo,2016-05,Mayo
RF-01,Paseo de Recoletos,2016,5,69.9,67.8,67.2,68.9,75.7,70.6,65.0,56.7,48.8,2016-05-01,Mayo,2016-05,Mayo
RF-06,Gregorio Marañón,2016,5,71.0,70.6,67.3,70.1,77.2,73.5,66.9,59.7,51.8,2016-05-01,Mayo,2016-05,Mayo
RF-28,Cuatro Vientos,2016,5,67.6,66.3,60.4,66.0,74.7,70.4,60.6,41.7,34.7,2016-05-01,Mayo,2016-05,Mayo
RF-54,Ensanche de Vallecas,2016,5,60.7,60.6,54.1,59.4,67.2,62.8,57.0,42.2,36.3,2016-05-01,Mayo,2016-05,Mayo
RF-12,Manuel Becerra,2016,5,65.3,65.6,60.1,64.2,71.1,65.5,61.4,54.2,48.1,2016-05-01,Mayo,2016-05,Mayo
RF-16,Arturo Soria,2016,5,61.8,61.1,56.2,60.5,67.6,63.9,58.2,41.9,35.6,2016-05-01,Mayo,2016-05,Mayo
RF-26,Embajada,2016,5,63.5,62.2,58.2,62.1,70.7,66.6,57.6,49.7,41.6,2016-05-01,Mayo,2016-05,Mayo
RF-14,Plaza Elíptica,2016,5,65.8,65.2,61.1,64.6,71.0,67.1,62.5,55.2,47.7,2016-05-01,Mayo,2016-05,Mayo
RF-11,Ramón y Cajal,2016,5,68.9,68.3,62.6,67.5,74.1,70.7,65.9,52.2,39.4,2016-05-01,Mayo,2016-05,Mayo
RF-86,Tres Olivos,2016,5,59.3,58.2,58.8,59.0,67.3,61.4,52.2,39.5,36.7,2016-05-01,Mayo,2016-05,Mayo
RF-17,Villaverde,2016,5,58.7,60.7,60.5,59.8,67.4,60.8,54.0,41.8,38.2,2016-05-01,Mayo,2016-05,Mayo
RF-24,Casa de Campo,2016,5,50.9,49.1,41.3,49.0,58.9,52.0,44.5,38.0,35.4,2016-05-01,Mayo,2016-05,Mayo
RF-05,Barrio del Pilar,2016,5,63.1,63.1,56.4,61.8,69.0,65.2,58.9,47.1,39.5,2016-05-01,Mayo,2016-05,Mayo
RF-08,Escuelas Aguirre,2016,5,68.3,68.2,64.6,67.4,73.9,70.3,65.7,58.0,48.9,2016-05-01,Mayo,2016-05,Mayo
RF-18,General Ricardos ubicación antigua,2016,5,59.3,62.6,58.9,60.0,68.9,60.7,53.4,41.1,34.6,2016-05-01,Mayo,2016-05,Mayo
RF-47,Mendez Álvaro,2016,5,58.2,58.7,48.9,56.8,67.7,56.0,49.5,40.2,36.3,2016-05-01,Mayo,2016-05,Mayo
RF-50,Plaza de Castilla,2016,5,66.4,65.8,62.1,65.3,72.0,67.3,63.0,55.5,47.8,2016-05-01,Mayo,2016-05,Mayo
RF-19,Alto de Extremadura,2016,5,61.6,61.6,57.6,60.7,69.0,63.4,56.9,46.5,36.7,2016-05-01,Mayo,2016-05,Mayo
RF-10,Cuatro Caminos,2016,5,66.2,65.2,59.6,64.7,73.0,68.3,60.5,49.6,43.7,2016-05-01,Mayo,2016-05,Mayo
RF-27,Barajas Pueblo,2016,5,62.3,63.2,56.5,61.3,71.6,65.1,52.5,41.6,34.3,2016-05-01,Mayo,2016-05,Mayo
RF-25,Santa Eugenia,2016,5,66.7,66.4,61.9,65.6,71.9,68.4,64.6,57.3,48.0,2016-05-01,Mayo,2016-05,Mayo
RF-03,Plaza del Carmen,2016,5,61.5,61.2,59.3,60.9,69.2,63.7,58.3,52.7,47.8,2016-05-01,Mayo,2016-05,Mayo
RF-02,Carlos V,2016,5,69.5,69.4,66.9,68.8,75.5,70.9,67.3,61.2,54.2,2016-05-01,Mayo,2016-05,Mayo
RF-55,Urb Embajada 2,2016,5,57.9,54.7,50.5,56.0,64.2,57.8,50.3,43.7,38.3,2016-05-01,Mayo,2016-05,Mayo
RF-13,Vallecas,2016,5,58.6,58.1,52.4,57.2,65.7,60.0,53.2,42.0,38.3,2016-05-01,Mayo,2016-05,Mayo
RF-48,Castellana,2016,5,62.9,62.2,59.5,61.9,69.2,64.7,60.2,53.2,44.6,2016-05-01,Mayo,2016-05,Mayo
RF-29,El Pardo,2016,5,58.1,56.5,49.6,56.3,65.6,59.8,51.1,36.4,33.2,2016-05-01,Mayo,2016-05,Mayo
RF-48,Castellana,2016,6,62.1,61.7,58.0,61.0,67.4,63.9,59.6,53.2,46.1,2016-06-01,Junio,2016-06,Junio
RF-06,Gregorio Marañón,2016,6,70.6,70.2,66.2,69.5,76.8,72.7,66.3,59.3,51.8,2016-06-01,Junio,2016-06,Junio
RF-13,Vallecas,2016,6,58.1,61.8,53.1,58.1,66.3,59.7,53.4,43.0,39.0,2016-06-01,Junio,2016-06,Junio
RF-20,Avenida de Moratalaz,2016,6,62.3,62.2,55.1,60.9,70.2,63.3,57.6,45.4,37.0,2016-06-01,Junio,2016-06,Junio
RF-50,Plaza de Castilla,2016,6,66.3,65.7,61.6,65.1,72.0,66.7,62.7,55.4,48.2,2016-06-01,Junio,2016-06,Junio
RF-11,Ramón y Cajal,2016,6,68.4,67.9,62.0,67.0,73.3,70.0,65.7,52.3,41.0,2016-06-01,Junio,2016-06,Junio
RF-08,Escuelas Aguirre,2016,6,68.4,67.8,64.3,67.3,74.2,69.9,65.6,58.3,50.8,2016-06-01,Junio,2016-06,Junio
RF-14,Plaza Elíptica,2016,6,65.1,65.2,60.6,64.1,70.6,66.6,62.0,54.8,47.6,2016-06-01,Junio,2016-06,Junio
RF-29,El Pardo,2016,6,57.3,57.7,50.6,56.1,64.6,59.3,52.1,38.3,34.5,2016-06-01,Junio,2016-06,Junio
RF-05,Barrio del Pilar,2016,6,62.3,63.7,56.6,61.4,68.6,64.7,58.9,47.6,40.0,2016-06-01,Junio,2016-06,Junio
RF-19,Alto de Extremadura,2016,6,61.3,61.6,56.6,60.3,69.1,62.7,56.4,46.4,37.1,2016-06-01,Junio,2016-06,Junio
RF-18,General Ricardos ubicación antigua,2016,6,57.8,60.6,52.3,57.4,67.2,59.6,52.0,41.4,35.5,2016-06-01,Junio,2016-06,Junio
RF-17,Villaverde,2016,6,58.4,63.4,57.9,59.6,69.4,62.5,55.0,43.1,38.3,2016-06-01,Junio,2016-06,Junio
RF-03,Plaza del Carmen,2016,6,62.6,61.9,59.7,61.7,69.2,65.4,59.0,54.0,49.8,2016-06-01,Junio,2016-06,Junio
RF-86,Tres Olivos,2016,6,58.7,58.6,52.8,57.5,66.7,61.0,52.4,40.2,36.5,2016-06-01,Junio,2016-06,Junio
RF-01,Paseo de Recoletos,2016,6,67.6,67.4,64.6,66.8,73.0,69.7,64.8,56.8,49.4,2016-06-01,Junio,2016-06,Junio
RF-31,Sanchinarro,2016,6,62.6,63.1,53.1,61.2,71.0,66.1,53.0,43.1,37.4,2016-06-01,Junio,2016-06,Junio
RF-24,Casa de Campo,2016,6,51.1,49.7,44.5,49.6,57.9,51.2,44.9,38.5,35.0,2016-06-01,Junio,2016-06,Junio
RF-04,Plaza de España,2016,6,68.5,67.4,60.8,66.9,75.0,66.7,62.8,55.6,47.7,2016-06-01,Junio,2016-06,Junio
RF-47,Mendez Álvaro,2016,6,56.8,57.6,50.4,55.7,67.0,55.8,50.0,42.2,36.7,2016-06-01,Junio,2016-06,Junio
RF-16,Arturo Soria,2016,6,62.3,60.7,55.6,60.7,67.8,63.2,57.7,43.0,36.5,2016-06-01,Junio,2016-06,Junio
RF-26,Embajada,2016,6,62.7,61.3,57.8,61.3,69.6,65.7,57.0,49.5,42.0,2016-06-01,Junio,2016-06,Junio
RF-25,Santa Eugenia,2016,6,65.3,64.9,61.0,64.2,68.8,66.4,63.8,56.9,48.8,2016-06-01,Junio,2016-06,Junio
RF-27,Barajas Pueblo,2016,6,61.8,62.7,56.3,60.8,71.1,64.6,52.5,42.5,35.1,2016-06-01,Junio,2016-06,Junio
RF-28,Cuatro Vientos,2016,6,67.2,66.0,60.4,65.6,73.7,69.8,61.0,43.7,35.2,2016-06-01,Junio,2016-06,Junio
RF-10,Cuatro Caminos,2016,6,65.6,64.8,59.6,64.2,72.3,67.6,60.2,49.6,44.6,2016-06-01,Junio,2016-06,Junio
RF-30,Campo de las Naciones,2016,6,60.4,59.5,53.5,58.9,66.2,62.1,56.8,42.8,37.4,2016-06-01,Junio,2016-06,Junio
RF-02,Carlos V,2016,6,69.1,68.8,65.7,68.2,74.6,70.2,66.9,60.6,53.8,2016-06-01,Junio,2016-06,Junio
RF-54,Ensanche de Vallecas,2016,6,59.5,60.0,53.4,58.4,65.8,61.7,56.4,43.7,37.6,2016-06-01,Junio,2016-06,Junio
RF-12,Manuel Becerra,2016,6,65.2,65.3,59.8,64.1,70.9,65.4,61.3,54.2,48.3,2016-06-01,Junio,2016-06,Junio
RF-55,Urb Embajada 2,2016,6,55.8,54.6,50.6,54.4,62.5,57.3,51.1,44.1,38.7,2016-06-01,Junio,2016-06,Junio
RF-55,Urb Embajada 2,2016,7,55.3,54.9,52.7,54.5,61.9,56.9,51.5,46.9,43.2,2016-07-01,Julio,2016-07,Julio
RF-19,Alto de Extremadura,2016,7,61.3,60.8,56.2,60.0,69.3,62.6,55.9,47.0,39.3,2016-07-01,Julio,2016-07,Julio
RF-18,General Ricardos ubicación antigua,2016,7,58.3,58.9,51.8,57.1,66.6,59.1,51.6,43.0,36.2,2016-07-01,Julio,2016-07,Julio
RF-08,Escuelas Aguirre,2016,7,67.1,67.5,64.8,66.5,73.0,69.4,65.0,58.1,50.8,2016-07-01,Julio,2016-07,Julio
RF-28,Cuatro Vientos,2016,7,67.6,67.9,62.0,66.5,74.8,70.8,61.5,44.8,37.2,2016-07-01,Julio,2016-07,Julio
RF-17,Villaverde,2016,7,57.2,62.7,57.7,58.8,68.6,62.1,53.9,43.4,38.3,2016-07-01,Julio,2016-07,Julio
RF-86,Tres Olivos,2016,7,57.1,57.2,51.1,55.9,65.7,59.5,50.0,41.2,36.7,2016-07-01,Julio,2016-07,Julio
RF-01,Paseo de Recoletos,2016,7,67.8,68.8,66.6,67.6,76.0,69.8,64.4,56.6,49.8,2016-07-01,Julio,2016-07,Julio
RF-50,Plaza de Castilla,2016,7,65.6,65.1,61.2,64.4,70.8,66.2,62.1,54.9,48.5,2016-07-01,Julio,2016-07,Julio
RF-31,Sanchinarro,2016,7,61.7,62.8,53.0,60.5,70.7,65.5,51.7,43.3,38.4,2016-07-01,Julio,2016-07,Julio
RF-03,Plaza del Carmen,2016,7,61.7,61.3,61.2,61.5,69.9,64.0,58.7,54.2,50.3,2016-07-01,Julio,2016-07,Julio
RF-10,Cuatro Caminos,2016,7,64.9,64.2,59.2,63.5,71.9,66.9,59.2,49.5,44.7,2016-07-01,Julio,2016-07,Julio
RF-14,Plaza Elíptica,2016,7,64.5,64.5,60.9,63.6,70.2,66.2,61.5,54.9,48.2,2016-07-01,Julio,2016-07,Julio
RF-29,El Pardo,2016,7,58.1,56.0,52.1,56.5,64.8,59.5,52.5,39.9,35.1,2016-07-01,Julio,2016-07,Julio
RF-12,Manuel Becerra,2016,7,64.7,64.6,60.1,63.6,70.5,65.0,60.7,53.9,48.2,2016-07-01,Julio,2016-07,Julio
RF-47,Mendez Álvaro,2016,7,54.6,56.6,50.5,54.0,65.0,54.8,49.2,43.8,37.5,2016-07-01,Julio,2016-07,Julio
RF-04,Plaza de España,2016,7,66.2,67.3,68.5,67.3,80.0,66.9,62.4,55.9,48.6,2016-07-01,Julio,2016-07,Julio
RF-05,Barrio del Pilar,2016,7,61.6,63.8,58.6,61.3,68.4,64.2,58.5,48.2,41.4,2016-07-01,Julio,2016-07,Julio
RF-02,Carlos V,2016,7,69.2,74.6,66.1,70.2,79.0,70.3,66.7,60.9,54.2,2016-07-01,Julio,2016-07,Julio
RF-25,Santa Eugenia,2016,7,65.2,64.7,61.3,64.1,68.8,66.5,63.7,57.5,49.8,2016-07-01,Julio,2016-07,Julio
RF-24,Casa de Campo,2016,7,48.6,49.1,43.6,47.6,54.6,49.9,45.5,40.4,36.7,2016-07-01,Julio,2016-07,Julio
RF-16,Arturo Soria,2016,7,61.0,59.4,55.1,59.4,66.6,62.1,55.9,42.7,37.3,2016-07-01,Julio,2016-07,Julio
RF-27,Barajas Pueblo,2016,7,61.4,61.0,56.6,60.2,70.2,64.5,52.6,44.2,37.0,2016-07-01,Julio,2016-07,Julio
RF-48,Castellana,2016,7,61.4,61.1,57.7,60.4,66.8,63.5,59.0,53.1,47.3,2016-07-01,Julio,2016-07,Julio
RF-20,Avenida de Moratalaz,2016,7,61.2,61.1,55.4,59.9,69.3,62.4,56.1,45.4,38.0,2016-07-01,Julio,2016-07,Julio
RF-30,Campo de las Naciones,2016,7,59.1,58.5,53.5,57.8,65.4,61.2,55.2,43.6,38.6,2016-07-01,Julio,2016-07,Julio
RF-13,Vallecas,2016,7,58.0,62.9,61.1,60.3,73.1,60.2,53.2,44.7,39.6,2016-07-01,Julio,2016-07,Julio
RF-11,Ramón y Cajal,2016,7,67.5,66.8,61.4,66.0,72.4,69.4,64.0,51.9,41.7,2016-07-01,Julio,2016-07,Julio
RF-26,Embajada,2016,7,62.5,61.2,57.6,61.1,69.3,65.3,57.2,50.1,43.2,2016-07-01,Julio,2016-07,Julio
RF-54,Ensanche de Vallecas,2016,7,58.9,59.7,53.5,57.9,65.6,61.2,55.7,44.4,37.7,2016-07-01,Julio,2016-07,Julio
RF-06,Gregorio Marañón,2016,7,69.8,69.3,65.8,68.7,75.7,72.1,65.6,58.8,51.8,2016-07-01,Julio,2016-07,Julio
RF-04,Plaza de España,2016,8,64.8,63.8,60.4,63.6,71.7,65.7,62.1,55.2,47.8,2016-08-01,Agosto,2016-08,Agosto
RF-01,Paseo de Recoletos,2016,8,67.6,66.3,64.1,66.1,72.7,69.3,63.1,55.4,48.8,2016-08-01,Agosto,2016-08,Agosto
RF-30,Campo de las Naciones,2016,8,58.1,57.7,52.4,56.8,64.6,60.2,54.3,44.4,39.2,2016-08-01,Agosto,2016-08,Agosto
RF-50,Plaza de Castilla,2016,8,64.7,64.2,59.7,63.4,70.5,65.5,61.0,53.1,47.3,2016-08-01,Agosto,2016-08,Agosto
RF-02,Carlos V,2016,8,68.7,68.5,65.3,67.8,74.5,70.1,66.3,59.6,53.5,2016-08-01,Agosto,2016-08,Agosto
RF-16,Arturo Soria,2016,8,59.6,59.0,54.2,58.3,65.6,61.9,55.2,41.6,37.1,2016-08-01,Agosto,2016-08,Agosto
RF-11,Ramón y Cajal,2016,8,67.5,66.4,59.7,65.9,73.8,68.9,62.6,48.4,40.9,2016-08-01,Agosto,2016-08,Agosto
RF-31,Sanchinarro,2016,8,60.6,61.4,51.3,59.3,70.1,64.0,50.0,42.2,37.0,2016-08-01,Agosto,2016-08,Agosto
RF-08,Escuelas Aguirre,2016,8,66.2,66.4,63.0,65.4,72.1,68.4,63.8,56.7,49.9,2016-08-01,Agosto,2016-08,Agosto
RF-27,Barajas Pueblo,2016,8,60.6,59.1,55.9,59.3,70.0,62.9,51.1,43.9,36.6,2016-08-01,Agosto,2016-08,Agosto
RF-55,Urb Embajada 2,2016,8,54.2,53.2,50.0,53.0,61.1,55.7,49.7,45.7,42.1,2016-08-01,Agosto,2016-08,Agosto
RF-05,Barrio del Pilar,2016,8,61.2,62.3,55.6,60.3,67.6,63.7,57.4,47.3,41.0,2016-08-01,Agosto,2016-08,Agosto
RF-19,Alto de Extremadura,2016,8,60.1,60.5,56.2,59.2,68.7,61.8,54.8,46.8,41.4,2016-08-01,Agosto,2016-08,Agosto
RF-20,Avenida de Moratalaz,2016,8,60.4,60.7,55.2,59.3,68.4,61.7,55.2,44.0,37.0,2016-08-01,Agosto,2016-08,Agosto
RF-48,Castellana,2016,8,60.8,59.9,56.1,59.6,66.3,62.3,58.4,51.6,45.1,2016-08-01,Agosto,2016-08,Agosto
RF-25,Santa Eugenia,2016,8,65.0,64.2,60.7,63.8,68.9,66.2,63.2,56.5,48.8,2016-08-01,Agosto,2016-08,Agosto
RF-14,Plaza Elíptica,2016,8,64.4,64.4,60.3,63.4,70.5,66.0,61.1,54.1,47.5,2016-08-01,Agosto,2016-08,Agosto
RF-13,Vallecas,2016,8,56.2,57.3,52.6,55.6,63.9,58.5,51.6,43.7,38.8,2016-08-01,Agosto,2016-08,Agosto
RF-29,El Pardo,2016,8,56.2,54.7,50.4,54.7,63.4,58.0,50.1,39.2,34.9,2016-08-01,Agosto,2016-08,Agosto
RF-26,Embajada,2016,8,61.7,60.4,57.0,60.4,69.2,64.8,55.9,49.4,42.5,2016-08-01,Agosto,2016-08,Agosto
RF-10,Cuatro Caminos,2016,8,63.6,63.3,58.5,62.4,71.0,65.7,57.4,47.8,43.4,2016-08-01,Agosto,2016-08,Agosto
RF-18,General Ricardos ubicación antigua,2016,8,57.1,59.5,50.3,56.4,66.6,58.3,50.2,41.4,36.2,2016-08-01,Agosto,2016-08,Agosto
RF-12,Manuel Becerra,2016,8,63.5,63.5,58.2,62.4,69.2,64.3,59.6,52.2,46.7,2016-08-01,Agosto,2016-08,Agosto
RF-24,Casa de Campo,2016,8,49.2,49.5,43.0,48.0,55.0,50.0,45.4,40.3,36.4,2016-08-01,Agosto,2016-08,Agosto
RF-28,Cuatro Vientos,2016,8,65.7,64.8,58.8,64.2,73.3,68.3,58.5,43.3,35.1,2016-08-01,Agosto,2016-08,Agosto
RF-17,Villaverde,2016,8,56.5,62.1,56.1,58.0,68.0,61.1,52.7,42.5,35.3,2016-08-01,Agosto,2016-08,Agosto
RF-03,Plaza del Carmen,2016,8,61.2,60.7,59.2,60.5,68.9,63.1,57.8,53.3,50.1,2016-08-01,Agosto,2016-08,Agosto
RF-47,Mendez Álvaro,2016,8,52.4,54.7,48.1,52.0,59.8,52.5,47.6,42.6,37.1,2016-08-01,Agosto,2016-08,Agosto
RF-06,Gregorio Marañón,2016,8,69.0,68.2,64.4,67.7,75.0,71.3,64.6,57.1,50.0,2016-08-01,Agosto,2016-08,Agosto
RF-86,Tres Olivos,2016,8,55.8,55.4,49.4,54.4,65.0,57.8,47.8,40.0,36.2,2016-08-01,Agosto,2016-08,Agosto
RF-54,Ensanche de Vallecas,2016,8,57.9,58.5,52.8,56.9,64.9,60.3,54.5,44.8,38.8,2016-08-01,Agosto,2016-08,Agosto
RF-20,Avenida de Moratalaz,2016,9,62.2,62.6,55.1,61.0,70.1,63.6,57.4,44.7,37.0,2016-09-01,Septiembre,2016-09,Septiembre
RF-08,Escuelas Aguirre,2016,9,67.8,68.3,65.6,67.2,74.2,70.0,65.3,58.2,50.7,2016-09-01,Septiembre,2016-09,Septiembre
RF-14,Plaza Elíptica,2016,9,65.9,65.5,60.8,64.6,71.5,66.9,62.2,54.8,47.7,2016-09-01,Septiembre,2016-09,Septiembre
RF-05,Barrio del Pilar,2016,9,62.9,63.8,55.7,61.8,68.9,65.1,59.0,47.2,40.1,2016-09-01,Septiembre,2016-09,Septiembre
RF-12,Manuel Becerra,2016,9,65.3,65.6,59.2,64.1,71.3,65.3,61.2,53.4,47.5,2016-09-01,Septiembre,2016-09,Septiembre
RF-16,Arturo Soria,2016,9,61.1,60.3,55.3,59.7,66.6,63.3,57.6,42.3,37.2,2016-09-01,Septiembre,2016-09,Septiembre
RF-03,Plaza del Carmen,2016,9,61.9,61.3,59.5,61.1,69.4,63.7,58.6,53.3,48.9,2016-09-01,Septiembre,2016-09,Septiembre
RF-10,Cuatro Caminos,2016,9,65.7,65.3,58.8,64.3,72.6,67.8,60.2,48.8,43.3,2016-09-01,Septiembre,2016-09,Septiembre
RF-55,Urb Embajada 2,2016,9,55.1,54.1,52.9,54.3,62.0,56.9,50.2,44.7,39.5,2016-09-01,Septiembre,2016-09,Septiembre
RF-04,Plaza de España,2016,9,68.1,68.8,64.2,67.4,78.9,67.6,63.3,56.0,48.6,2016-09-01,Septiembre,2016-09,Septiembre
RF-11,Ramón y Cajal,2016,9,68.7,68.1,61.7,67.2,73.7,70.3,65.6,51.4,41.3,2016-09-01,Septiembre,2016-09,Septiembre
RF-29,El Pardo,2016,9,57.2,57.0,58.1,57.5,66.3,59.9,51.8,38.3,34.5,2016-09-01,Septiembre,2016-09,Septiembre
RF-25,Santa Eugenia,2016,9,65.8,65.4,61.2,64.6,69.6,66.9,64.2,57.1,49.3,2016-09-01,Septiembre,2016-09,Septiembre
RF-54,Ensanche de Vallecas,2016,9,59.7,60.3,57.5,59.2,66.0,61.9,56.5,43.6,36.8,2016-09-01,Septiembre,2016-09,Septiembre
RF-13,Vallecas,2016,9,59.6,58.6,52.6,58.1,66.4,60.1,53.6,42.8,38.1,2016-09-01,Septiembre,2016-09,Septiembre
RF-18,General Ricardos ubicación antigua,2016,9,56.7,59.3,49.7,56.1,65.9,58.5,51.3,41.7,35.6,2016-09-01,Septiembre,2016-09,Septiembre
RF-17,Villaverde,2016,9,57.0,61.9,54.3,57.8,67.4,60.7,53.2,41.6,35.0,2016-09-01,Septiembre,2016-09,Septiembre
RF-28,Cuatro Vientos,2016,9,66.9,65.7,59.7,65.2,73.6,69.6,60.1,41.8,35.2,2016-09-01,Septiembre,2016-09,Septiembre
RF-86,Tres Olivos,2016,9,58.8,58.0,49.8,57.1,66.6,60.6,51.2,39.5,36.2,2016-09-01,Septiembre,2016-09,Septiembre
RF-26,Embajada,2016,9,62.9,61.6,57.9,61.5,69.8,65.9,57.0,49.6,42.3,2016-09-01,Septiembre,2016-09,Septiembre
RF-06,Gregorio Marañón,2016,9,70.8,70.1,66.0,69.5,76.8,72.8,66.4,59.2,52.0,2016-09-01,Septiembre,2016-09,Septiembre
RF-01,Paseo de Recoletos,2016,9,67.5,67.5,64.6,66.7,73.2,70.0,64.5,56.2,49.4,2016-09-01,Septiembre,2016-09,Septiembre
RF-50,Plaza de Castilla,2016,9,66.5,65.7,61.3,65.2,71.5,66.7,62.7,55.1,48.5,2016-09-01,Septiembre,2016-09,Septiembre
RF-02,Carlos V,2016,9,69.7,69.6,66.4,68.9,75.8,70.9,67.5,60.8,54.3,2016-09-01,Septiembre,2016-09,Septiembre
RF-31,Sanchinarro,2016,9,62.7,62.7,52.6,61.1,71.1,66.0,52.7,43.1,38.3,2016-09-01,Septiembre,2016-09,Septiembre
RF-27,Barajas Pueblo,2016,9,61.7,60.7,56.1,60.3,70.7,64.5,52.8,43.0,35.4,2016-09-01,Septiembre,2016-09,Septiembre
RF-24,Casa de Campo,2016,9,48.9,48.5,41.4,47.5,57.2,50.4,43.6,38.7,35.7,2016-09-01,Septiembre,2016-09,Septiembre
RF-30,Campo de las Naciones,2016,9,60.9,59.7,52.9,59.2,66.7,62.4,57.1,43.7,39.2,2016-09-01,Septiembre,2016-09,Septiembre
RF-47,Mendez Álvaro,2016,9,55.0,58.9,49.0,55.0,66.5,54.7,48.2,40.5,36.3,2016-09-01,Septiembre,2016-09,Septiembre
RF-48,Castellana,2016,9,62.5,61.7,57.7,61.2,67.2,64.0,59.6,52.9,45.7,2016-09-01,Septiembre,2016-09,Septiembre
RF-19,Alto de Extremadura,2016,9,61.1,61.0,56.1,60.0,68.9,62.8,56.3,46.0,37.5,2016-09-01,Septiembre,2016-09,Septiembre
RF-29,El Pardo,2016,10,58.4,55.5,50.0,56.4,65.2,59.9,50.9,37.4,34.5,2016-10-01,Octubre,2016-10,Octubre
RF-26,Embajada,2016,10,63.7,62.4,58.4,62.3,70.7,66.8,58.0,50.1,42.3,2016-10-01,Octubre,2016-10,Octubre
RF-13,Vallecas,2016,10,63.5,58.5,52.2,61.2,70.3,60.7,54.0,42.1,37.4,2016-10-01,Octubre,2016-10,Octubre
RF-50,Plaza de Castilla,2016,10,66.6,66.0,61.6,65.4,71.7,67.3,63.1,55.5,48.3,2016-10-01,Octubre,2016-10,Octubre
RF-08,Escuelas Aguirre,2016,10,68.2,67.8,64.4,67.2,73.7,70.1,65.6,58.8,50.6,2016-10-01,Octubre,2016-10,Octubre
RF-10,Cuatro Caminos,2016,10,66.2,65.8,60.1,64.9,73.3,68.4,60.6,49.3,43.0,2016-10-01,Octubre,2016-10,Octubre
RF-30,Campo de las Naciones,2016,10,61.8,60.1,52.8,59.9,67.4,63.1,57.7,43.3,39.0,2016-10-01,Octubre,2016-10,Octubre
RF-02,Carlos V,2016,10,70.2,70.1,66.9,69.3,75.8,71.5,68.0,61.9,55.6,2016-10-01,Octubre,2016-10,Octubre
RF-28,Cuatro Vientos,2016,10,68.2,66.8,60.7,66.5,74.8,70.9,61.2,45.3,37.4,2016-10-01,Octubre,2016-10,Octubre
RF-86,Tres Olivos,2016,10,60.2,58.9,50.3,58.4,67.0,61.0,51.5,40.3,36.0,2016-10-01,Octubre,2016-10,Octubre
RF-14,Plaza Elíptica,2016,10,66.0,65.8,61.3,64.9,71.2,67.4,62.7,55.4,48.0,2016-10-01,Octubre,2016-10,Octubre
RF-01,Paseo de Recoletos,2016,10,68.4,67.9,65.7,67.6,74.3,70.8,65.3,57.2,49.8,2016-10-01,Octubre,2016-10,Octubre
RF-25,Santa Eugenia,2016,10,67.5,66.8,62.3,66.2,72.3,68.9,65.2,57.8,49.0,2016-10-01,Octubre,2016-10,Octubre
RF-19,Alto de Extremadura,2016,10,61.8,61.8,56.4,60.6,68.9,63.1,56.7,46.7,37.2,2016-10-01,Octubre,2016-10,Octubre
RF-17,Villaverde,2016,10,58.5,61.1,53.7,58.1,67.5,60.6,53.4,41.7,35.2,2016-10-01,Octubre,2016-10,Octubre
RF-31,Sanchinarro,2016,10,63.5,63.3,53.5,61.8,71.9,66.7,53.8,43.7,39.2,2016-10-01,Octubre,2016-10,Octubre
RF-06,Gregorio Marañón,2016,10,71.4,70.8,66.8,70.2,77.0,73.6,67.0,59.6,52.0,2016-10-01,Octubre,2016-10,Octubre
RF-11,Ramón y Cajal,2016,10,74.2,68.5,64.4,71.9,83.5,71.2,66.3,52.5,39.8,2016-10-01,Octubre,2016-10,Octubre
RF-18,General Ricardos ubicación antigua,2016,10,57.8,58.5,49.7,56.5,66.2,58.6,51.0,40.8,35.4,2016-10-01,Octubre,2016-10,Octubre
RF-24,Casa de Campo,2016,10,50.9,47.9,42.2,48.9,58.3,51.3,44.4,39.2,36.3,2016-10-01,Octubre,2016-10,Octubre
RF-48,Castellana,2016,10,63.4,62.5,58.5,62.1,67.8,64.8,60.4,53.2,45.1,2016-10-01,Octubre,2016-10,Octubre
RF-04,Plaza de España,2016,10,66.0,65.9,62.2,65.0,73.2,67.2,63.5,57.0,49.1,2016-10-01,Octubre,2016-10,Octubre
RF-20,Avenida de Moratalaz,2016,10,63.0,62.7,55.5,61.6,70.8,64.2,58.0,44.8,36.1,2016-10-01,Octubre,2016-10,Octubre
RF-16,Arturo Soria,2016,10,62.2,61.4,56.3,60.8,67.8,64.5,58.6,42.7,37.1,2016-10-01,Octubre,2016-10,Octubre
RF-55,Urb Embajada 2,2016,10,56.3,54.5,49.9,54.7,62.8,57.3,49.9,43.0,39.0,2016-10-01,Octubre,2016-10,Octubre
RF-05,Barrio del Pilar,2016,10,63.5,66.0,62.4,63.7,73.7,66.5,60.1,47.3,39.3,2016-10-01,Octubre,2016-10,Octubre
RF-03,Plaza del Carmen,2016,10,61.9,61.7,60.1,61.4,69.7,64.2,58.9,52.7,47.5,2016-10-01,Octubre,2016-10,Octubre
RF-12,Manuel Becerra,2016,10,66.0,65.8,59.9,64.7,71.6,65.6,61.6,54.3,48.0,2016-10-01,Octubre,2016-10,Octubre
RF-27,Barajas Pueblo,2016,10,62.4,61.2,56.8,60.9,71.1,65.1,53.6,43.7,36.8,2016-10-01,Octubre,2016-10,Octubre
RF-47,Mendez Álvaro,2016,10,55.3,58.6,48.6,55.0,66.3,54.7,47.8,40.6,36.8,2016-10-01,Octubre,2016-10,Octubre
RF-54,Ensanche de Vallecas,2016,10,60.8,61.0,53.9,59.5,66.9,63.0,57.5,43.4,36.7,2016-10-01,Octubre,2016-10,Octubre
RF-25,Santa Eugenia,2016,11,68.8,68.1,63.5,67.7,73.1,70.7,66.9,58.9,49.8,2016-11-01,Noviembre,2016-11,Noviembre
RF-30,Campo de las Naciones,2016,11,62.3,60.5,54.0,60.5,68.0,64.0,58.3,44.4,40.4,2016-11-01,Noviembre,2016-11,Noviembre
RF-26,Embajada,2016,11,64.8,63.4,59.2,63.4,71.6,67.9,59.2,50.1,42.6,2016-11-01,Noviembre,2016-11,Noviembre
RF-86,Tres Olivos,2016,11,59.8,57.9,50.7,57.9,67.8,61.8,52.1,39.4,35.9,2016-11-01,Noviembre,2016-11,Noviembre
RF-28,Cuatro Vientos,2016,11,68.8,67.4,61.5,67.2,75.5,71.8,61.8,42.4,37.0,2016-11-01,Noviembre,2016-11,Noviembre
RF-50,Plaza de Castilla,2016,11,67.5,66.9,62.3,66.4,72.0,68.5,64.3,56.2,48.3,2016-11-01,Noviembre,2016-11,Noviembre
RF-31,Sanchinarro,2016,11,64.9,64.7,54.1,63.3,73.6,68.2,55.3,43.7,38.2,2016-11-01,Noviembre,2016-11,Noviembre
RF-24,Casa de Campo,2016,11,48.8,44.9,42.2,46.8,55.4,49.5,43.5,39.1,36.3,2016-11-01,Noviembre,2016-11,Noviembre
RF-47,Mendez Álvaro,2016,11,56.3,58.8,49.3,55.7,66.7,55.6,48.3,40.1,36.3,2016-11-01,Noviembre,2016-11,Noviembre
RF-29,El Pardo,2016,11,58.6,55.5,50.3,56.6,66.0,60.7,50.7,36.2,33.4,2016-11-01,Noviembre,2016-11,Noviembre
RF-55,Urb Embajada 2,2016,11,57.1,55.3,50.7,55.5,64.0,58.6,50.9,42.7,39.2,2016-11-01,Noviembre,2016-11,Noviembre
RF-27,Barajas Pueblo,2016,11,63.2,62.1,56.9,61.7,72.1,65.9,54.3,42.9,36.6,2016-11-01,Noviembre,2016-11,Noviembre
RF-54,Ensanche de Vallecas,2016,11,62.1,61.9,54.6,60.6,68.0,64.4,58.8,43.8,39.0,2016-11-01,Noviembre,2016-11,Noviembre
RF-48,Castellana,2016,11,63.7,63.0,59.1,62.5,68.6,65.6,61.3,53.4,44.9,2016-11-01,Noviembre,2016-11,Noviembre
RF-17,Villaverde,2016,11,58.2,59.6,52.0,57.3,66.9,60.3,53.3,41.2,35.6,2016-11-01,Noviembre,2016-11,Noviembre
RF-02,Carlos V,2016,11,70.7,70.2,67.5,69.8,75.8,72.0,68.6,62.0,54.8,2016-11-01,Noviembre,2016-11,Noviembre
RF-14,Plaza Elíptica,2016,11,66.9,65.9,61.4,65.5,71.7,68.1,63.3,55.4,47.1,2016-11-01,Noviembre,2016-11,Noviembre
RF-01,Paseo de Recoletos,2016,11,69.0,68.6,66.0,68.2,74.8,71.5,65.8,57.5,48.7,2016-11-01,Noviembre,2016-11,Noviembre
RF-06,Gregorio Marañón,2016,11,72.1,71.4,67.3,70.9,77.7,74.4,67.9,60.2,51.8,2016-11-01,Noviembre,2016-11,Noviembre
RF-12,Manuel Becerra,2016,11,65.8,64.7,59.7,64.3,71.5,65.6,61.6,53.7,45.7,2016-11-01,Noviembre,2016-11,Noviembre
RF-11,Ramón y Cajal,2016,11,70.0,69.2,63.3,68.5,74.8,71.7,67.1,52.8,39.5,2016-11-01,Noviembre,2016-11,Noviembre
RF-19,Alto de Extremadura,2016,11,62.4,61.9,56.7,61.1,69.1,63.9,57.7,47.0,37.0,2016-11-01,Noviembre,2016-11,Noviembre
RF-05,Barrio del Pilar,2016,11,63.9,63.2,56.9,62.3,69.5,66.0,59.6,47.0,39.0,2016-11-01,Noviembre,2016-11,Noviembre
RF-18,General Ricardos ubicación antigua,2016,11,58.6,59.8,50.2,57.5,67.8,58.9,50.9,41.3,35.8,2016-11-01,Noviembre,2016-11,Noviembre
RF-08,Escuelas Aguirre,2016,11,68.8,68.1,64.8,67.7,74.3,70.8,66.0,58.5,48.7,2016-11-01,Noviembre,2016-11,Noviembre
RF-16,Arturo Soria,2016,11,62.8,61.8,57.1,61.5,,,,,,2016-11-01,Noviembre,2016-11,Noviembre
RF-03,Plaza del Carmen,2016,11,62.6,61.0,59.6,61.5,70.1,64.3,58.8,52.2,46.7,2016-11-01,Noviembre,2016-11,Noviembre
RF-10,Cuatro Caminos,2016,11,67.0,66.0,60.5,65.5,73.9,69.3,61.5,49.9,42.7,2016-11-01,Noviembre,2016-11,Noviembre
RF-04,Plaza de España,2016,11,66.7,65.8,62.4,65.5,74.2,67.8,63.8,57.1,49.0,2016-11-01,Noviembre,2016-11,Noviembre
RF-13,Vallecas,2016,11,60.0,58.3,52.1,58.3,66.3,61.2,54.4,42.9,39.5,2016-11-01,Noviembre,2016-11,Noviembre
RF-20,Avenida de Moratalaz,2016,11,63.7,62.8,56.0,62.1,,,,,,2016-11-01,Noviembre,2016-11,Noviembre
RF-47,Mendez Álvaro,2016,12,55.9,59.5,51.0,55.9,66.6,55.2,48.0,41.1,36.7,2016-12-01,Diciembre,2016-12,Diciembre
RF-02,Carlos V,2016,12,70.5,70.0,67.5,69.4,76.3,71.5,67.9,61.9,56.3,2016-12-01,Diciembre,2016-12,Diciembre
RF-17,Villaverde,2016,12,62.7,66.7,60.6,63.3,67.5,60.3,53.4,42.9,35.9,2016-12-01,Diciembre,2016-12,Diciembre
RF-12,Manuel Becerra,2016,12,65.6,64.8,60.1,64.3,71.5,65.6,61.5,54.3,47.6,2016-12-01,Diciembre,2016-12,Diciembre
RF-27,Barajas Pueblo,2016,12,63.2,62.7,57.5,61.9,72.2,65.8,54.8,43.8,36.9,2016-12-01,Diciembre,2016-12,Diciembre
RF-28,Cuatro Vientos,2016,12,68.5,68.2,61.4,67.1,75.4,71.5,61.6,43.6,38.0,2016-12-01,Diciembre,2016-12,Diciembre
RF-03,Plaza del Carmen,2016,12,63.0,60.9,60.6,62.1,70.2,63.8,58.0,52.5,48.6,2016-12-01,Diciembre,2016-12,Diciembre
RF-26,Embajada,2016,12,64.4,64.5,59.5,63.2,71.6,67.6,58.4,50.8,43.6,2016-12-01,Diciembre,2016-12,Diciembre
RF-01,Paseo de Recoletos,2016,12,69.5,68.8,66.7,68.7,74.9,71.6,66.1,58.5,51.0,2016-12-01,Diciembre,2016-12,Diciembre
RF-55,Urb Embajada 2,2016,12,57.5,56.4,52.5,56.1,64.1,58.8,51.7,44.3,39.7,2016-12-01,Diciembre,2016-12,Diciembre
RF-06,Gregorio Marañón,2016,12,71.8,71.3,67.9,70.7,77.7,74.2,67.6,61.0,53.8,2016-12-01,Diciembre,2016-12,Diciembre
RF-54,Ensanche de Vallecas,2016,12,62.1,62.2,55.3,60.8,67.5,64.0,58.7,45.5,38.6,2016-12-01,Diciembre,2016-12,Diciembre
RF-14,Plaza Elíptica,2016,12,66.7,66.0,61.9,65.5,71.8,68.0,63.3,56.0,48.4,2016-12-01,Diciembre,2016-12,Diciembre
RF-48,Castellana,2016,12,64.2,63.2,59.9,63.0,68.9,65.7,61.5,54.5,46.6,2016-12-01,Diciembre,2016-12,Diciembre
RF-30,Campo de las Naciones,2016,12,61.6,59.9,54.4,59.9,67.6,63.4,57.4,44.6,40.7,2016-12-01,Diciembre,2016-12,Diciembre
RF-11,Ramón y Cajal,2016,12,69.7,68.8,64.0,68.3,74.6,71.4,66.7,53.9,42.0,2016-12-01,Diciembre,2016-12,Diciembre
RF-18,General Ricardos ubicación antigua,2016,12,65.5,66.5,57.1,64.4,69.8,60.0,52.0,43.2,38.9,2016-12-01,Diciembre,2016-12,Diciembre
RF-19,Alto de Extremadura,2016,12,62.7,62.5,57.7,61.6,69.8,64.1,57.7,47.8,38.8,2016-12-01,Diciembre,2016-12,Diciembre
RF-16,Arturo Soria,2016,12,63.9,62.1,58.6,62.4,68.0,65.1,59.4,44.3,38.1,2016-12-01,Diciembre,2016-12,Diciembre
RF-10,Cuatro Caminos,2016,12,66.9,65.9,61.4,65.5,73.8,69.0,61.0,51.1,44.3,2016-12-01,Diciembre,2016-12,Diciembre
RF-50,Plaza de Castilla,2016,12,67.6,66.2,62.5,66.2,73.0,67.6,63.4,56.3,49.4,2016-12-01,Diciembre,2016-12,Diciembre
RF-04,Plaza de España,2016,12,66.2,66.4,62.8,65.4,73.4,67.7,63.7,57.0,50.4,2016-12-01,Diciembre,2016-12,Diciembre
RF-31,Sanchinarro,2016,12,65.2,64.8,54.7,63.6,73.2,68.3,55.5,44.5,39.2,2016-12-01,Diciembre,2016-12,Diciembre
RF-20,Avenida de Moratalaz,2016,12,63.5,62.9,57.8,62.2,70.8,64.6,58.9,47.9,41.0,2016-12-01,Diciembre,2016-12,Diciembre
RF-86,Tres Olivos,2016,12,59.5,59.2,52.1,58.0,67.6,61.8,52.0,39.6,36.9,2016-12-01,Diciembre,2016-12,Diciembre
RF-29,El Pardo,2016,12,59.3,57.3,49.7,57.3,66.0,60.5,50.3,36.8,33.4,2016-12-01,Diciembre,2016-12,Diciembre
RF-24,Casa de Campo,2016,12,49.8,47.7,43.2,48.1,56.4,50.9,44.9,40.2,37.1,2016-12-01,Diciembre,2016-12,Diciembre
RF-13,Vallecas,2016,12,61.9,62.6,57.3,61.0,67.0,61.1,54.2,43.7,40.1,2016-12-01,Diciembre,2016-12,Diciembre
RF-05,Barrio del Pilar,2016,12,66.7,66.8,56.8,65.2,74.9,68.0,59.9,48.1,40.5,2016-12-01,Diciembre,2016-12,Diciembre
RF-08,Escuelas Aguirre,2016,12,68.2,67.5,64.9,67.2,73.9,70.3,65.4,58.1,49.1,2016-12-01,Diciembre,2016-12,Diciembre
RF-25,Santa Eugenia,2016,12,67.6,67.1,63.1,66.5,71.9,68.8,66.0,58.7,50.0,2016-12-01,Diciembre,2016-12,Diciembre
RF-25,Santa Eugenia,2017,1,67.0,66.5,63.1,65.9,71.2,68.0,65.4,57.1,48.0,2017-01-01,Enero,2017-01,Enero
RF-05,Barrio del Pilar,2017,1,65.7,66.2,60.1,64.6,74.4,67.0,59.7,46.9,37.9,2017-01-01,Enero,2017-01,Enero
RF-17,Villaverde,2017,1,59.2,62.7,63.4,61.6,69.4,61.4,53.6,42.2,36.4,2017-01-01,Enero,2017-01,Enero
RF-20,Avenida de Moratalaz,2017,1,63.9,62.5,59.5,62.6,71.2,64.6,58.5,45.8,38.8,2017-01-01,Enero,2017-01,Enero
RF-10,Cuatro Caminos,2017,1,66.5,65.5,60.2,65.0,73.4,68.8,61.0,51.1,45.2,2017-01-01,Enero,2017-01,Enero
RF-26,Embajada,2017,1,64.8,63.4,59.3,63.3,71.8,67.9,58.4,49.9,41.8,2017-01-01,Enero,2017-01,Enero
RF-11,Ramón y Cajal,2017,1,69.6,68.8,63.2,68.2,74.8,71.4,66.5,52.2,39.2,2017-01-01,Enero,2017-01,Enero
RF-47,Mendez Álvaro,2017,1,56.3,58.0,60.3,58.3,67.0,55.3,48.1,41.0,37.2,2017-01-01,Enero,2017-01,Enero
RF-12,Manuel Becerra,2017,1,65.9,65.0,62.1,64.8,74.3,65.5,61.3,53.4,46.0,2017-01-01,Enero,2017-01,Enero
RF-06,Gregorio Marañón,2017,1,71.9,71.4,67.2,70.7,77.7,74.2,67.5,60.3,52.0,2017-01-01,Enero,2017-01,Enero
RF-27,Barajas Pueblo,2017,1,63.4,62.4,57.4,62.0,72.4,66.2,55.0,43.4,36.3,2017-01-01,Enero,2017-01,Enero
RF-18,General Ricardos ubicación antigua,2017,1,61.6,64.0,72.4,68.4,68.9,59.4,51.4,41.9,39.1,2017-01-01,Enero,2017-01,Enero
RF-55,Urb Embajada 2,2017,1,60.7,55.8,53.4,58.6,66.8,59.4,51.5,44.2,41.2,2017-01-01,Enero,2017-01,Enero
RF-30,Campo de las Naciones,2017,1,66.6,59.7,54.2,64.0,72.6,64.2,57.5,44.6,40.4,2017-01-01,Enero,2017-01,Enero
RF-04,Plaza de España,2017,1,65.9,65.9,62.4,65.0,72.7,67.4,63.5,56.4,49.1,2017-01-01,Enero,2017-01,Enero
RF-48,Castellana,2017,1,64.0,63.5,59.6,62.8,69.4,65.9,61.3,54.0,45.2,2017-01-01,Enero,2017-01,Enero
RF-24,Casa de Campo,2017,1,49.1,44.9,44.7,47.5,56.2,50.2,44.0,38.8,36.2,2017-01-01,Enero,2017-01,Enero
RF-29,El Pardo,2017,1,58.3,55.3,51.0,56.4,65.6,60.4,49.8,35.1,32.6,2017-01-01,Enero,2017-01,Enero
RF-50,Plaza de Castilla,2017,1,70.7,66.1,61.8,68.5,79.0,67.9,63.6,55.6,48.8,2017-01-01,Enero,2017-01,Enero
RF-31,Sanchinarro,2017,1,65.0,64.9,54.6,63.4,73.1,68.4,55.4,43.2,37.5,2017-01-01,Enero,2017-01,Enero
RF-28,Cuatro Vientos,2017,1,68.6,67.4,62.1,67.0,75.3,71.5,61.5,42.8,37.9,2017-01-01,Enero,2017-01,Enero
RF-08,Escuelas Aguirre,2017,1,68.1,67.6,64.2,67.0,73.6,70.2,65.3,57.5,47.3,2017-01-01,Enero,2017-01,Enero
RF-54,Ensanche de Vallecas,2017,1,61.8,62.1,60.6,61.5,67.8,64.2,58.8,43.8,37.8,2017-01-01,Enero,2017-01,Enero
RF-02,Carlos V,2017,1,70.2,69.8,66.9,69.3,75.5,71.4,67.9,61.2,54.8,2017-01-01,Enero,2017-01,Enero
RF-13,Vallecas,2017,1,60.3,58.4,67.0,63.8,66.3,60.9,53.9,41.7,37.4,2017-01-01,Enero,2017-01,Enero
RF-86,Tres Olivos,2017,1,59.2,60.1,56.8,58.7,67.4,61.5,51.6,38.6,36.0,2017-01-01,Enero,2017-01,Enero
RF-19,Alto de Extremadura,2017,1,62.4,61.6,58.7,61.3,69.2,64.0,57.7,46.9,37.7,2017-01-01,Enero,2017-01,Enero
RF-14,Plaza Elíptica,2017,1,66.3,66.0,62.5,65.3,71.5,67.8,63.0,55.4,47.8,2017-01-01,Enero,2017-01,Enero
RF-16,Arturo Soria,2017,1,62.7,61.5,58.3,61.4,67.8,64.8,59.1,43.3,36.9,2017-01-01,Enero,2017-01,Enero
RF-03,Plaza del Carmen,2017,1,67.7,60.9,62.8,65.8,75.4,66.0,58.5,53.4,50.7,2017-01-01,Enero,2017-01,Enero
RF-01,Paseo de Recoletos,2017,1,69.1,69.2,66.5,68.2,74.0,71.3,65.8,57.9,50.0,2017-01-01,Enero,2017-01,Enero
RF-19,Alto de Extremadura,2017,2,62.6,61.7,56.9,61.2,69.2,64.2,58.2,47.7,38.3,2017-02-01,Febrero,2017-02,Febrero
RF-13,Vallecas,2017,2,59.8,58.4,51.6,58.0,66.2,60.9,54.2,42.4,38.0,2017-02-01,Febrero,2017-02,Febrero
RF-27,Barajas Pueblo,2017,2,63.5,62.0,57.0,61.9,72.2,66.2,54.8,43.1,36.1,2017-02-01,Febrero,2017-02,Febrero
RF-01,Paseo de Recoletos,2017,2,68.9,68.6,66.5,68.1,74.5,71.4,66.1,58.5,50.3,2017-02-01,Febrero,2017-02,Febrero
RF-04,Plaza de España,2017,2,68.5,66.4,62.4,66.8,76.2,68.2,63.9,57.4,49.6,2017-02-01,Febrero,2017-02,Febrero
RF-54,Ensanche de Vallecas,2017,2,62.4,61.9,55.0,60.9,68.3,64.4,59.0,44.7,39.0,2017-02-01,Febrero,2017-02,Febrero
RF-86,Tres Olivos,2017,2,59.8,58.3,51.9,58.0,67.5,61.9,53.1,39.9,36.2,2017-02-01,Febrero,2017-02,Febrero
RF-06,Gregorio Marañón,2017,2,72.1,71.6,67.5,70.9,77.7,74.4,67.9,61.0,52.8,2017-02-01,Febrero,2017-02,Febrero
RF-20,Avenida de Moratalaz,2017,2,63.5,62.6,57.0,62.0,70.7,64.8,58.9,47.0,39.1,2017-02-01,Febrero,2017-02,Febrero
RF-48,Castellana,2017,2,68.5,63.7,59.9,66.3,76.1,66.8,62.2,54.8,46.2,2017-02-01,Febrero,2017-02,Febrero
RF-30,Campo de las Naciones,2017,2,62.5,61.0,54.9,61.0,67.9,64.3,59.2,45.8,41.2,2017-02-01,Febrero,2017-02,Febrero
RF-03,Plaza del Carmen,2017,2,68.7,61.5,59.8,66.3,78.4,68.6,59.6,54.0,50.9,2017-02-01,Febrero,2017-02,Febrero
RF-24,Casa de Campo,2017,2,51.1,47.1,45.5,49.3,57.8,51.1,45.5,40.8,37.5,2017-02-01,Febrero,2017-02,Febrero
RF-31,Sanchinarro,2017,2,64.8,64.6,54.5,63.2,73.3,68.2,55.8,44.8,39.2,2017-02-01,Febrero,2017-02,Febrero
RF-16,Arturo Soria,2017,2,63.6,62.3,57.0,62.0,68.6,65.5,59.8,43.8,37.1,2017-02-01,Febrero,2017-02,Febrero
RF-28,Cuatro Vientos,2017,2,68.9,67.6,61.4,67.2,75.6,71.8,62.2,44.0,38.2,2017-02-01,Febrero,2017-02,Febrero
RF-17,Villaverde,2017,2,59.5,61.5,53.8,58.8,68.8,61.3,54.0,42.5,37.4,2017-02-01,Febrero,2017-02,Febrero
RF-02,Carlos V,2017,2,70.5,70.1,67.1,69.5,76.0,71.7,68.2,61.5,54.6,2017-02-01,Febrero,2017-02,Febrero
RF-50,Plaza de Castilla,2017,2,67.3,66.7,62.7,66.1,72.5,68.0,64.1,56.5,49.0,2017-02-01,Febrero,2017-02,Febrero
RF-29,El Pardo,2017,2,58.2,56.0,50.4,56.3,65.5,60.7,51.2,37.0,33.4,2017-02-01,Febrero,2017-02,Febrero
RF-08,Escuelas Aguirre,2017,2,68.9,68.0,64.7,67.7,74.1,70.7,66.1,58.8,49.6,2017-02-01,Febrero,2017-02,Febrero
RF-55,Urb Embajada 2,2017,2,58.0,56.3,52.9,56.5,64.6,59.3,52.8,48.8,42.8,2017-02-01,Febrero,2017-02,Febrero
RF-26,Embajada,2017,2,65.0,63.7,61.0,63.8,71.7,68.0,59.2,50.3,42.6,2017-02-01,Febrero,2017-02,Febrero
RF-10,Cuatro Caminos,2017,2,67.1,65.7,60.7,65.5,73.7,69.1,61.5,50.1,42.9,2017-02-01,Febrero,2017-02,Febrero
RF-25,Santa Eugenia,2017,2,68.0,67.3,63.0,66.7,72.8,69.4,66.1,58.2,49.0,2017-02-01,Febrero,2017-02,Febrero
RF-14,Plaza Elíptica,2017,2,66.8,66.1,62.0,65.5,71.7,68.1,63.5,55.9,48.1,2017-02-01,Febrero,2017-02,Febrero
RF-05,Barrio del Pilar,2017,2,63.9,63.2,56.6,62.4,69.5,65.7,60.0,47.2,39.0,2017-02-01,Febrero,2017-02,Febrero
RF-18,General Ricardos ubicación antigua,2017,2,60.2,60.5,51.8,58.8,68.8,60.3,53.3,45.3,40.2,2017-02-01,Febrero,2017-02,Febrero
RF-47,Mendez Álvaro,2017,2,56.3,57.6,49.3,55.3,65.6,55.5,48.9,41.1,37.4,2017-02-01,Febrero,2017-02,Febrero
RF-12,Manuel Becerra,2017,2,65.7,65.2,59.8,64.3,71.3,65.7,61.8,54.0,46.5,2017-02-01,Febrero,2017-02,Febrero
RF-11,Ramón y Cajal,2017,2,70.0,69.1,63.4,68.5,74.8,71.8,67.2,53.0,39.8,2017-02-01,Febrero,2017-02,Febrero
RF-18,General Ricardos ubicación antigua,2017,3,61.2,60.4,52.6,59.6,69.6,60.3,53.3,47.6,40.6,2017-03-01,Marzo,2017-03,Marzo
RF-02,Carlos V,2017,3,70.0,69.8,66.5,69.1,75.8,71.1,67.7,61.0,53.8,2017-03-01,Marzo,2017-03,Marzo
RF-08,Escuelas Aguirre,2017,3,68.3,67.6,64.2,67.2,73.8,70.3,65.6,58.3,49.9,2017-03-01,Marzo,2017-03,Marzo
RF-26,Embajada,2017,3,64.4,63.1,58.8,63.0,71.1,67.4,58.6,49.8,42.3,2017-03-01,Marzo,2017-03,Marzo
RF-30,Campo de las Naciones,2017,3,64.1,60.5,54.2,61.9,69.1,63.9,58.4,45.3,40.9,2017-03-01,Marzo,2017-03,Marzo
RF-05,Barrio del Pilar,2017,3,63.5,62.7,55.8,61.9,68.8,65.0,59.3,47.0,41.0,2017-03-01,Marzo,2017-03,Marzo
RF-14,Plaza Elíptica,2017,3,66.3,66.0,61.3,65.1,71.5,67.8,63.1,55.4,48.1,2017-03-01,Marzo,2017-03,Marzo
RF-11,Ramón y Cajal,2017,3,69.3,68.5,62.6,67.8,74.4,71.0,66.2,52.2,40.7,2017-03-01,Marzo,2017-03,Marzo
RF-29,El Pardo,2017,3,57.9,55.9,49.3,56.1,65.0,60.2,50.9,37.0,33.7,2017-03-01,Marzo,2017-03,Marzo
RF-16,Arturo Soria,2017,3,62.9,61.5,56.4,61.3,68.1,64.7,59.0,43.1,36.4,2017-03-01,Marzo,2017-03,Marzo
RF-13,Vallecas,2017,3,59.3,58.7,51.4,57.7,66.0,60.4,53.6,41.5,36.8,2017-03-01,Marzo,2017-03,Marzo
RF-19,Alto de Extremadura,2017,3,61.9,61.6,56.6,60.7,69.0,63.7,57.5,47.2,38.5,2017-03-01,Marzo,2017-03,Marzo
RF-06,Gregorio Marañón,2017,3,71.6,70.9,66.9,70.4,77.6,73.9,67.3,60.2,51.8,2017-03-01,Marzo,2017-03,Marzo
RF-50,Plaza de Castilla,2017,3,67.3,66.0,61.3,65.8,72.8,67.5,63.4,55.4,48.5,2017-03-01,Marzo,2017-03,Marzo
RF-48,Castellana,2017,3,65.9,63.0,59.5,64.1,73.1,66.4,61.5,54.3,45.9,2017-03-01,Marzo,2017-03,Marzo
RF-28,Cuatro Vientos,2017,3,68.6,67.3,61.1,66.9,75.2,71.5,61.7,43.4,37.6,2017-03-01,Marzo,2017-03,Marzo
RF-24,Casa de Campo,2017,3,51.2,48.1,46.1,49.6,57.4,52.1,47.3,41.6,37.6,2017-03-01,Marzo,2017-03,Marzo
RF-25,Santa Eugenia,2017,3,66.7,66.3,61.8,65.5,70.8,68.1,65.1,57.5,48.3,2017-03-01,Marzo,2017-03,Marzo
RF-17,Villaverde,2017,3,60.0,62.3,53.6,59.3,69.0,62.1,54.1,41.8,35.9,2017-03-01,Marzo,2017-03,Marzo
RF-27,Barajas Pueblo,2017,3,63.9,63.8,60.0,62.9,72.2,66.3,60.3,46.8,37.3,2017-03-01,Marzo,2017-03,Marzo
RF-55,Urb Embajada 2,2017,3,58.5,57.2,53.0,57.0,64.9,59.0,52.8,49.6,46.4,2017-03-01,Marzo,2017-03,Marzo
RF-47,Mendez Álvaro,2017,3,55.2,57.7,49.0,54.7,65.9,55.2,48.6,40.9,36.7,2017-03-01,Marzo,2017-03,Marzo
RF-03,Plaza del Carmen,2017,3,63.1,61.9,59.8,62.0,71.0,64.4,58.7,53.3,50.0,2017-03-01,Marzo,2017-03,Marzo
RF-20,Avenida de Moratalaz,2017,3,63.5,62.3,55.4,61.8,70.7,64.1,58.2,45.8,38.6,2017-03-01,Marzo,2017-03,Marzo
RF-31,Sanchinarro,2017,3,63.7,63.6,53.4,62.1,72.4,67.0,54.3,43.7,38.9,2017-03-01,Marzo,2017-03,Marzo
RF-12,Manuel Becerra,2017,3,66.1,65.1,59.3,64.6,71.1,65.4,61.5,53.6,46.5,2017-03-01,Marzo,2017-03,Marzo
RF-04,Plaza de España,2017,3,65.7,65.8,62.1,64.8,72.5,67.2,63.4,56.8,49.4,2017-03-01,Marzo,2017-03,Marzo
RF-54,Ensanche de Vallecas,2017,3,62.8,61.3,54.1,61.0,70.8,64.0,58.2,43.2,37.2,2017-03-01,Marzo,2017-03,Marzo
RF-01,Paseo de Recoletos,2017,3,72.3,67.9,66.3,70.4,73.9,70.7,65.5,57.6,49.3,2017-03-01,Marzo,2017-03,Marzo
RF-86,Tres Olivos,2017,3,59.6,57.8,50.6,57.8,67.5,61.7,52.4,39.3,36.1,2017-03-01,Marzo,2017-03,Marzo
RF-10,Cuatro Caminos,2017,3,66.4,65.4,59.7,64.8,73.1,68.5,60.8,51.5,44.9,2017-03-01,Marzo,2017-03,Marzo
RF-26,Embajada,2017,4,63.5,62.3,58.4,62.1,70.6,66.6,57.7,49.7,41.4,2017-04-01,Abril,2017-04,Abril
RF-86,Tres Olivos,2017,4,58.3,57.8,50.6,56.8,66.7,60.6,51.3,38.4,35.8,2017-04-01,Abril,2017-04,Abril
RF-29,El Pardo,2017,4,58.1,55.9,49.5,56.2,64.8,59.5,50.7,38.0,34.4,2017-04-01,Abril,2017-04,Abril
RF-17,Villaverde,2017,4,58.7,62.9,53.1,58.8,69.3,60.9,53.5,41.0,35.6,2017-04-01,Abril,2017-04,Abril
RF-19,Alto de Extremadura,2017,4,61.6,61.2,55.8,60.3,68.8,63.0,56.4,46.0,36.7,2017-04-01,Abril,2017-04,Abril
RF-03,Plaza del Carmen,2017,4,62.8,62.7,59.8,62.0,70.8,64.5,58.9,54.0,50.5,2017-04-01,Abril,2017-04,Abril
RF-14,Plaza Elíptica,2017,4,65.5,65.2,60.8,64.4,70.8,67.0,62.2,54.7,47.4,2017-04-01,Abril,2017-04,Abril
RF-47,Mendez Álvaro,2017,4,55.0,57.6,48.8,54.5,65.3,54.9,48.5,39.7,36.2,2017-04-01,Abril,2017-04,Abril
RF-31,Sanchinarro,2017,4,62.7,63.0,52.9,61.2,71.7,66.1,52.4,42.2,37.6,2017-04-01,Abril,2017-04,Abril
RF-02,Carlos V,2017,4,69.3,69.2,66.2,68.5,75.0,70.6,67.0,60.5,53.8,2017-04-01,Abril,2017-04,Abril
RF-24,Casa de Campo,2017,4,51.1,50.0,44.8,49.6,57.6,52.6,46.7,41.6,36.8,2017-04-01,Abril,2017-04,Abril
RF-28,Cuatro Vientos,2017,4,67.5,66.4,60.7,65.9,74.4,70.5,60.2,43.2,36.3,2017-04-01,Abril,2017-04,Abril
RF-01,Paseo de Recoletos,2017,4,67.3,67.1,65.0,66.6,72.9,69.8,64.4,56.4,48.5,2017-04-01,Abril,2017-04,Abril
RF-54,Ensanche de Vallecas,2017,4,60.3,60.2,53.5,58.9,66.7,62.5,56.6,43.0,36.8,2017-04-01,Abril,2017-04,Abril
RF-11,Ramón y Cajal,2017,4,68.7,67.9,62.2,67.3,73.6,70.5,65.3,52.0,41.0,2017-04-01,Abril,2017-04,Abril
RF-55,Urb Embajada 2,2017,4,65.0,55.5,53.4,62.2,73.2,58.7,51.0,45.2,42.2,2017-04-01,Abril,2017-04,Abril
RF-08,Escuelas Aguirre,2017,4,67.4,67.1,63.7,66.4,73.0,69.5,64.7,57.5,48.5,2017-04-01,Abril,2017-04,Abril
RF-18,General Ricardos ubicación antigua,2017,4,57.6,60.5,51.7,57.2,66.9,59.5,51.9,43.1,39.6,2017-04-01,Abril,2017-04,Abril
RF-25,Santa Eugenia,2017,4,66.1,65.8,62.1,65.0,70.7,67.6,64.3,57.1,48.8,2017-04-01,Abril,2017-04,Abril
RF-50,Plaza de Castilla,2017,4,66.2,65.6,61.0,64.9,72.3,66.8,62.3,54.5,48.3,2017-04-01,Abril,2017-04,Abril
RF-10,Cuatro Caminos,2017,4,65.3,64.6,59.6,63.9,72.4,67.4,59.3,49.6,44.1,2017-04-01,Abril,2017-04,Abril
RF-27,Barajas Pueblo,2017,4,63.5,65.3,60.5,63.2,72.1,65.8,60.3,48.7,36.7,2017-04-01,Abril,2017-04,Abril
RF-30,Campo de las Naciones,2017,4,60.8,59.3,53.0,59.1,66.6,62.5,56.5,43.3,39.2,2017-04-01,Abril,2017-04,Abril
RF-05,Barrio del Pilar,2017,4,63.4,63.6,58.1,62.3,69.0,65.2,60.4,49.9,42.5,2017-04-01,Abril,2017-04,Abril
RF-16,Arturo Soria,2017,4,61.7,60.4,55.4,60.2,67.3,63.6,57.6,42.1,35.7,2017-04-01,Abril,2017-04,Abril
RF-04,Plaza de España,2017,4,65.1,65.4,61.8,64.3,72.1,66.6,62.8,56.7,49.3,2017-04-01,Abril,2017-04,Abril
RF-12,Manuel Becerra,2017,4,65.5,66.0,59.2,64.4,73.4,65.2,60.8,53.1,45.6,2017-04-01,Abril,2017-04,Abril
RF-20,Avenida de Moratalaz,2017,4,62.8,62.2,55.2,61.3,70.7,63.5,57.4,45.7,38.5,2017-04-01,Abril,2017-04,Abril
RF-06,Gregorio Marañón,2017,4,70.8,70.5,66.6,69.8,76.8,73.1,66.5,59.5,51.8,2017-04-01,Abril,2017-04,Abril
RF-13,Vallecas,2017,4,67.9,59.7,51.4,65.2,71.8,60.3,53.1,41.4,36.5,2017-04-01,Abril,2017-04,Abril
RF-48,Castellana,2017,4,62.5,62.0,58.4,61.4,67.9,64.3,60.0,53.2,45.4,2017-04-01,Abril,2017-04,Abril
RF-19,Alto de Extremadura,2017,5,61.9,61.6,56.5,60.7,69.2,63.2,56.8,46.3,36.6,2017-05-01,Mayo,2017-05,Mayo
RF-13,Vallecas,2017,5,58.9,59.0,52.2,57.6,65.6,60.3,54.1,42.0,36.8,2017-05-01,Mayo,2017-05,Mayo
RF-26,Embajada,2017,5,64.5,62.2,58.2,62.8,71.8,66.8,57.9,49.6,41.2,2017-05-01,Mayo,2017-05,Mayo
RF-02,Carlos V,2017,5,72.5,69.6,66.4,70.7,76.3,70.8,67.2,60.6,53.8,2017-05-01,Mayo,2017-05,Mayo
RF-50,Plaza de Castilla,2017,5,66.2,65.6,61.1,64.9,71.5,66.7,62.7,54.8,48.4,2017-05-01,Mayo,2017-05,Mayo
RF-04,Plaza de España,2017,5,65.2,65.5,61.6,64.4,72.1,66.6,63.0,56.3,49.0,2017-05-01,Mayo,2017-05,Mayo
RF-31,Sanchinarro,2017,5,62.9,63.0,53.1,61.4,71.4,66.3,52.7,42.6,37.6,2017-05-01,Mayo,2017-05,Mayo
RF-86,Tres Olivos,2017,5,58.8,58.0,56.0,57.9,66.6,60.9,52.5,39.0,35.6,2017-05-01,Mayo,2017-05,Mayo
RF-55,Urb Embajada 2,2017,5,56.6,55.2,51.1,55.1,63.0,57.3,50.8,45.0,42.3,2017-05-01,Mayo,2017-05,Mayo
RF-27,Barajas Pueblo,2017,5,61.7,61.5,56.5,60.5,70.8,64.6,52.7,42.8,35.2,2017-05-01,Mayo,2017-05,Mayo
RF-14,Plaza Elíptica,2017,5,67.7,65.6,61.1,66.0,74.5,67.1,62.3,54.9,48.0,2017-05-01,Mayo,2017-05,Mayo
RF-01,Paseo de Recoletos,2017,5,67.4,67.3,65.3,66.8,73.8,69.6,64.5,56.6,48.5,2017-05-01,Mayo,2017-05,Mayo
RF-12,Manuel Becerra,2017,5,65.6,65.7,59.7,64.4,71.8,65.5,61.3,53.6,47.5,2017-05-01,Mayo,2017-05,Mayo
RF-28,Cuatro Vientos,2017,5,67.6,66.4,60.8,66.0,74.3,70.5,60.6,44.4,41.0,2017-05-01,Mayo,2017-05,Mayo
RF-47,Mendez Álvaro,2017,5,55.5,57.9,48.9,54.8,65.7,55.3,49.4,40.5,36.4,2017-05-01,Mayo,2017-05,Mayo
RF-03,Plaza del Carmen,2017,5,62.9,62.2,60.7,62.1,70.8,64.6,59.3,54.4,50.5,2017-05-01,Mayo,2017-05,Mayo
RF-17,Villaverde,2017,5,58.8,61.0,55.1,58.4,67.9,61.2,54.6,40.5,35.2,2017-05-01,Mayo,2017-05,Mayo
RF-24,Casa de Campo,2017,5,50.0,49.7,43.3,48.6,57.3,52.0,45.1,39.3,36.2,2017-05-01,Mayo,2017-05,Mayo
RF-25,Santa Eugenia,2017,5,66.0,65.6,61.7,64.9,70.6,67.1,64.3,57.2,48.5,2017-05-01,Mayo,2017-05,Mayo
RF-16,Arturo Soria,2017,5,61.4,60.5,55.8,60.0,67.0,63.5,57.9,41.9,35.2,2017-05-01,Mayo,2017-05,Mayo
RF-48,Castellana,2017,5,62.5,62.3,58.9,61.6,68.3,64.6,60.2,53.6,46.1,2017-05-01,Mayo,2017-05,Mayo
RF-10,Cuatro Caminos,2017,5,65.6,64.7,59.4,64.1,72.6,67.6,59.9,49.7,44.5,2017-05-01,Mayo,2017-05,Mayo
RF-54,Ensanche de Vallecas,2017,5,61.1,60.9,56.4,60.0,66.7,62.9,58.5,47.1,37.2,2017-05-01,Mayo,2017-05,Mayo
RF-08,Escuelas Aguirre,2017,5,67.9,68.3,64.1,67.1,73.7,69.9,65.2,58.1,49.3,2017-05-01,Mayo,2017-05,Mayo
RF-18,General Ricardos ubicación antigua,2017,5,59.8,63.5,58.9,60.4,71.1,61.1,52.8,43.7,39.7,2017-05-01,Mayo,2017-05,Mayo
RF-06,Gregorio Marañón,2017,5,70.9,70.6,66.6,69.8,77.0,73.0,66.6,59.7,52.0,2017-05-01,Mayo,2017-05,Mayo
RF-05,Barrio del Pilar,2017,5,63.2,63.8,58.9,62.3,68.5,65.1,60.9,52.4,42.7,2017-05-01,Mayo,2017-05,Mayo
RF-11,Ramón y Cajal,2017,5,72.8,68.1,62.3,70.4,76.3,70.5,65.8,52.9,41.9,2017-05-01,Mayo,2017-05,Mayo
RF-29,El Pardo,2017,5,58.5,56.3,49.4,56.6,65.0,59.6,51.7,37.1,34.1,2017-05-01,Mayo,2017-05,Mayo
RF-30,Campo de las Naciones,2017,5,62.4,59.9,53.4,60.4,67.3,62.8,57.3,43.6,39.3,2017-05-01,Mayo,2017-05,Mayo
RF-20,Avenida de Moratalaz,2017,5,62.8,62.3,55.5,61.3,70.6,63.7,58.2,48.1,38.9,2017-05-01,Mayo,2017-05,Mayo
RF-30,Campo de las Naciones,2017,6,60.7,59.6,53.6,59.1,66.3,62.4,57.3,44.5,40.1,2017-06-01,Junio,2017-06,Junio
RF-16,Arturo Soria,2017,6,60.8,60.0,55.5,59.5,66.0,62.8,57.5,43.4,35.8,2017-06-01,Junio,2017-06,Junio
RF-24,Casa de Campo,2017,6,51.4,51.0,44.3,49.9,58.1,51.5,46.1,40.6,35.3,2017-06-01,Junio,2017-06,Junio
RF-55,Urb Embajada 2,2017,6,56.1,55.1,51.1,54.7,62.5,57.4,51.2,46.4,42.9,2017-06-01,Junio,2017-06,Junio
RF-02,Carlos V,2017,6,69.6,69.3,66.6,68.8,75.8,70.6,67.1,60.8,54.2,2017-06-01,Junio,2017-06,Junio
RF-14,Plaza Elíptica,2017,6,70.2,64.4,59.7,67.8,77.5,66.0,62.0,54.6,48.7,2017-06-01,Junio,2017-06,Junio
RF-19,Alto de Extremadura,2017,6,62.5,61.9,55.8,61.1,70.1,63.6,57.0,46.5,38.1,2017-06-01,Junio,2017-06,Junio
RF-04,Plaza de España,2017,6,66.8,73.6,62.1,68.8,80.6,66.5,62.8,56.4,49.2,2017-06-01,Junio,2017-06,Junio
RF-06,Gregorio Marañón,2017,6,70.9,70.3,66.8,69.8,77.0,72.9,66.5,59.3,51.8,2017-06-01,Junio,2017-06,Junio
RF-01,Paseo de Recoletos,2017,6,67.5,67.3,65.3,66.9,73.5,69.6,64.8,57.2,49.5,2017-06-01,Junio,2017-06,Junio
RF-03,Plaza del Carmen,2017,6,62.8,62.0,61.6,62.3,71.7,64.7,59.3,55.0,51.7,2017-06-01,Junio,2017-06,Junio
RF-18,General Ricardos ubicación antigua,2017,6,58.0,61.4,53.1,57.9,68.2,59.7,52.5,44.6,42.4,2017-06-01,Junio,2017-06,Junio
RF-54,Ensanche de Vallecas,2017,6,61.0,61.1,57.3,60.1,66.5,62.7,58.7,53.2,38.4,2017-06-01,Junio,2017-06,Junio
RF-86,Tres Olivos,2017,6,58.5,57.8,52.3,57.0,66.4,60.5,52.2,40.6,35.7,2017-06-01,Junio,2017-06,Junio
RF-25,Santa Eugenia,2017,6,65.6,65.1,61.5,64.5,69.3,66.7,64.0,57.5,49.0,2017-06-01,Junio,2017-06,Junio
RF-11,Ramón y Cajal,2017,6,68.5,68.1,62.5,67.2,73.4,70.1,65.9,53.5,42.2,2017-06-01,Junio,2017-06,Junio
RF-10,Cuatro Caminos,2017,6,65.6,64.6,59.8,64.2,72.2,67.4,60.0,49.7,44.6,2017-06-01,Junio,2017-06,Junio
RF-29,El Pardo,2017,6,57.7,56.5,50.7,56.1,64.4,59.4,52.3,38.9,34.3,2017-06-01,Junio,2017-06,Junio
RF-12,Manuel Becerra,2017,6,64.7,65.0,59.9,63.7,71.1,65.5,61.4,53.6,46.4,2017-06-01,Junio,2017-06,Junio
RF-47,Mendez Álvaro,2017,6,55.8,57.1,50.2,54.9,66.4,55.9,49.4,43.2,37.1,2017-06-01,Junio,2017-06,Junio
RF-26,Embajada,2017,6,63.3,62.2,58.3,62.0,69.8,66.2,57.9,50.0,42.8,2017-06-01,Junio,2017-06,Junio
RF-48,Castellana,2017,6,62.5,62.0,58.4,61.4,67.8,64.3,60.0,53.7,47.2,2017-06-01,Junio,2017-06,Junio
RF-05,Barrio del Pilar,2017,6,62.6,65.1,57.1,62.1,70.5,64.4,59.0,48.4,42.5,2017-06-01,Junio,2017-06,Junio
RF-28,Cuatro Vientos,2017,6,67.7,66.7,60.7,66.1,74.1,70.3,61.2,42.5,35.7,2017-06-01,Junio,2017-06,Junio
RF-08,Escuelas Aguirre,2017,6,67.8,69.7,64.7,67.5,73.8,69.8,65.2,58.5,50.1,2017-06-01,Junio,2017-06,Junio
RF-13,Vallecas,2017,6,58.8,59.3,53.0,57.7,65.7,60.4,54.7,44.7,37.4,2017-06-01,Junio,2017-06,Junio
RF-17,Villaverde,2017,6,58.5,62.8,57.7,59.4,69.1,62.2,55.2,42.8,35.9,2017-06-01,Junio,2017-06,Junio
RF-31,Sanchinarro,2017,6,62.3,62.9,53.0,60.9,70.8,65.9,52.7,43.1,37.0,2017-06-01,Junio,2017-06,Junio
RF-50,Plaza de Castilla,2017,6,66.2,66.1,61.6,65.1,72.0,66.8,62.8,55.3,49.0,2017-06-01,Junio,2017-06,Junio
RF-27,Barajas Pueblo,2017,6,62.4,60.5,56.2,60.8,70.8,64.5,53.9,44.5,36.5,2017-06-01,Junio,2017-06,Junio
RF-20,Avenida de Moratalaz,2017,6,63.7,63.1,56.4,62.2,70.9,64.0,59.3,49.2,38.9,2017-06-01,Junio,2017-06,Junio
RF-28,Cuatro Vientos,2017,7,66.8,65.9,60.3,65.3,73.9,69.7,59.8,41.9,35.5,2017-07-01,Julio,2017-07,Julio
RF-86,Tres Olivos,2017,7,58.5,56.8,50.4,56.8,66.4,59.6,50.1,40.0,36.3,2017-07-01,Julio,2017-07,Julio
RF-50,Plaza de Castilla,2017,7,65.8,65.2,60.7,64.6,71.6,66.4,62.1,54.9,48.5,2017-07-01,Julio,2017-07,Julio
RF-12,Manuel Becerra,2017,7,64.4,64.3,59.6,63.3,70.5,65.1,60.9,53.4,46.3,2017-07-01,Julio,2017-07,Julio
RF-16,Arturo Soria,2017,7,60.4,59.6,55.3,59.0,66.0,62.6,56.8,42.5,36.3,2017-07-01,Julio,2017-07,Julio
RF-47,Mendez Álvaro,2017,7,55.0,57.1,49.9,54.4,65.5,54.8,48.5,42.5,37.2,2017-07-01,Julio,2017-07,Julio
RF-05,Barrio del Pilar,2017,7,61.3,62.4,55.0,60.3,68.4,62.7,57.3,47.8,43.0,2017-07-01,Julio,2017-07,Julio
RF-02,Carlos V,2017,7,70.9,76.3,66.3,71.8,80.0,70.9,67.0,61.0,54.6,2017-07-01,Julio,2017-07,Julio
RF-13,Vallecas,2017,7,59.3,66.4,61.0,62.0,73.1,61.1,54.8,44.6,37.6,2017-07-01,Julio,2017-07,Julio
RF-03,Plaza del Carmen,2017,7,68.6,61.5,61.3,66.5,77.3,64.9,58.8,54.7,51.6,2017-07-01,Julio,2017-07,Julio
RF-17,Villaverde,2017,7,57.4,62.4,57.6,58.7,68.4,61.6,54.0,43.3,37.5,2017-07-01,Julio,2017-07,Julio
RF-10,Cuatro Caminos,2017,7,64.9,64.4,58.9,63.6,72.1,66.9,59.0,48.9,44.8,2017-07-01,Julio,2017-07,Julio
RF-24,Casa de Campo,2017,7,50.7,50.5,45.7,49.6,56.0,51.5,47.7,42.3,37.0,2017-07-01,Julio,2017-07,Julio
RF-31,Sanchinarro,2017,7,62.3,62.9,52.8,61.0,71.3,65.8,51.8,42.8,37.8,2017-07-01,Julio,2017-07,Julio
RF-19,Alto de Extremadura,2017,7,62.0,61.3,55.8,60.6,69.9,63.3,56.3,46.7,40.1,2017-07-01,Julio,2017-07,Julio
RF-14,Plaza Elíptica,2017,7,67.6,64.0,60.4,65.6,75.4,66.0,61.4,54.6,48.5,2017-07-01,Julio,2017-07,Julio
RF-11,Ramón y Cajal,2017,7,68.2,67.3,62.1,66.7,73.5,69.9,64.9,52.7,42.9,2017-07-01,Julio,2017-07,Julio
RF-48,Castellana,2017,7,62.2,61.5,57.9,61.0,67.7,64.1,59.5,53.3,47.3,2017-07-01,Julio,2017-07,Julio
RF-27,Barajas Pueblo,2017,7,61.5,59.6,56.1,60.0,70.3,63.7,52.7,44.3,36.9,2017-07-01,Julio,2017-07,Julio
RF-29,El Pardo,2017,7,57.3,55.4,51.2,55.7,64.5,59.0,51.4,38.8,34.3,2017-07-01,Julio,2017-07,Julio
RF-06,Gregorio Marañón,2017,7,70.4,69.6,65.9,69.2,77.0,72.6,65.8,58.6,51.8,2017-07-01,Julio,2017-07,Julio
RF-55,Urb Embajada 2,2017,7,56.8,54.5,51.4,55.2,63.6,57.2,50.8,46.2,43.1,2017-07-01,Julio,2017-07,Julio
RF-04,Plaza de España,2017,7,66.0,69.4,73.7,70.3,83.0,66.5,62.6,56.3,49.4,2017-07-01,Julio,2017-07,Julio
RF-54,Ensanche de Vallecas,2017,7,59.8,59.6,53.0,58.4,66.4,61.5,55.8,43.5,36.0,2017-07-01,Julio,2017-07,Julio
RF-01,Paseo de Recoletos,2017,7,67.5,69.7,68.4,68.2,76.5,69.8,64.3,56.6,50.4,2017-07-01,Julio,2017-07,Julio
RF-30,Campo de las Naciones,2017,7,60.3,59.6,55.0,59.0,67.1,62.1,56.7,45.9,40.9,2017-07-01,Julio,2017-07,Julio
RF-20,Avenida de Moratalaz,2017,7,62.8,63.1,56.9,61.6,70.1,64.1,59.2,51.3,40.4,2017-07-01,Julio,2017-07,Julio
RF-18,General Ricardos ubicación antigua,2017,7,57.7,59.2,52.4,56.9,66.6,58.7,51.7,43.8,41.1,2017-07-01,Julio,2017-07,Julio
RF-25,Santa Eugenia,2017,7,66.0,65.5,61.7,64.9,71.8,66.9,63.9,57.8,49.5,2017-07-01,Julio,2017-07,Julio
RF-08,Escuelas Aguirre,2017,7,67.3,66.9,64.0,66.4,73.0,69.3,64.6,57.9,50.2,2017-07-01,Julio,2017-07,Julio
RF-13,Vallecas,2017,8,57.4,58.2,53.9,56.7,64.9,59.1,52.9,44.3,37.2,2017-08-01,Agosto,2017-08,Agosto
RF-14,Plaza Elíptica,2017,8,65.5,63.0,58.8,63.8,72.0,65.1,60.7,53.7,47.7,2017-08-01,Agosto,2017-08,Agosto
RF-18,General Ricardos ubicación antigua,2017,8,56.7,58.4,51.2,55.9,65.6,57.4,49.5,42.6,40.3,2017-08-01,Agosto,2017-08,Agosto
RF-12,Manuel Becerra,2017,8,63.5,63.3,58.7,62.4,69.7,64.5,59.8,51.9,44.6,2017-08-01,Agosto,2017-08,Agosto
RF-27,Barajas Pueblo,2017,8,60.4,59.2,55.8,59.1,69.6,62.7,51.6,44.1,36.7,2017-08-01,Agosto,2017-08,Agosto
RF-02,Carlos V,2017,8,69.0,68.7,65.5,68.1,75.0,70.2,66.4,60.1,53.8,2017-08-01,Agosto,2017-08,Agosto
RF-05,Barrio del Pilar,2017,8,59.6,61.8,54.2,59.0,66.8,61.9,56.3,47.0,42.1,2017-08-01,Agosto,2017-08,Agosto
RF-47,Mendez Álvaro,2017,8,53.9,55.7,48.5,53.2,63.8,53.8,47.7,42.2,37.0,2017-08-01,Agosto,2017-08,Agosto
RF-03,Plaza del Carmen,2017,8,62.7,60.8,59.8,61.6,70.4,63.2,58.2,54.1,51.0,2017-08-01,Agosto,2017-08,Agosto
RF-86,Tres Olivos,2017,8,55.9,55.4,49.3,54.5,65.0,57.8,47.7,39.4,36.1,2017-08-01,Agosto,2017-08,Agosto
RF-28,Cuatro Vientos,2017,8,65.5,64.8,58.9,64.0,73.2,68.2,57.8,40.1,35.2,2017-08-01,Agosto,2017-08,Agosto
RF-17,Villaverde,2017,8,57.1,61.7,56.3,58.1,67.7,60.8,52.6,42.4,36.4,2017-08-01,Agosto,2017-08,Agosto
RF-06,Gregorio Marañón,2017,8,69.3,68.5,64.6,68.1,75.7,71.6,64.7,56.8,50.0,2017-08-01,Agosto,2017-08,Agosto
RF-25,Santa Eugenia,2017,8,65.2,64.6,61.0,64.1,69.8,66.5,63.4,56.9,48.8,2017-08-01,Agosto,2017-08,Agosto
RF-10,Cuatro Caminos,2017,8,63.6,63.1,57.9,62.3,71.0,65.5,57.0,47.1,43.1,2017-08-01,Agosto,2017-08,Agosto
RF-20,Avenida de Moratalaz,2017,8,63.4,62.3,56.2,61.8,71.5,63.4,58.2,50.2,39.5,2017-08-01,Agosto,2017-08,Agosto
RF-01,Paseo de Recoletos,2017,8,66.6,66.3,63.1,65.7,72.6,69.4,62.7,54.9,48.4,2017-08-01,Agosto,2017-08,Agosto
RF-55,Urb Embajada 2,2017,8,56.0,54.9,50.3,54.6,62.0,56.0,50.1,46.4,43.2,2017-08-01,Agosto,2017-08,Agosto
RF-48,Castellana,2017,8,61.2,60.5,56.4,59.9,66.8,62.8,58.6,51.4,45.3,2017-08-01,Agosto,2017-08,Agosto
RF-04,Plaza de España,2017,8,64.2,64.4,60.2,63.2,70.7,65.4,61.9,54.6,48.0,2017-08-01,Agosto,2017-08,Agosto
RF-54,Ensanche de Vallecas,2017,8,58.2,58.8,52.3,57.1,64.9,60.5,54.5,42.9,35.4,2017-08-01,Agosto,2017-08,Agosto
RF-50,Plaza de Castilla,2017,8,65.1,64.4,59.8,63.8,70.5,65.5,60.9,53.4,47.6,2017-08-01,Agosto,2017-08,Agosto
RF-16,Arturo Soria,2017,8,59.8,58.9,54.2,58.4,65.7,62.2,55.4,41.3,35.9,2017-08-01,Agosto,2017-08,Agosto
RF-24,Casa de Campo,2017,8,49.3,49.9,45.1,48.4,55.0,50.6,46.9,39.9,36.3,2017-08-01,Agosto,2017-08,Agosto
RF-30,Campo de las Naciones,2017,8,60.0,59.7,51.7,58.5,67.7,60.9,54.8,43.1,38.1,2017-08-01,Agosto,2017-08,Agosto
RF-29,El Pardo,2017,8,57.0,55.1,49.7,55.2,64.0,58.5,49.9,38.0,34.2,2017-08-01,Agosto,2017-08,Agosto
RF-19,Alto de Extremadura,2017,8,60.8,59.7,55.0,59.3,69.3,62.0,54.8,44.1,36.6,2017-08-01,Agosto,2017-08,Agosto
RF-26,Embajada,2017,8,62.5,61.4,58.0,61.2,70.0,65.6,56.3,49.9,42.6,2017-08-01,Agosto,2017-08,Agosto
RF-08,Escuelas Aguirre,2017,8,66.4,66.3,62.9,65.5,72.3,68.4,63.8,56.4,48.8,2017-08-01,Agosto,2017-08,Agosto
RF-31,Sanchinarro,2017,8,61.0,61.7,51.2,59.6,70.6,64.2,49.8,41.7,37.3,2017-08-01,Agosto,2017-08,Agosto
RF-11,Ramón y Cajal,2017,8,67.0,66.1,60.1,65.5,72.6,69.0,63.0,49.3,41.2,2017-08-01,Agosto,2017-08,Agosto
RF-18,General Ricardos ubicación antigua,2017,9,56.9,60.3,51.4,56.7,66.8,59.0,51.0,42.7,40.1,2017-09-01,Septiembre,2017-09,Septiembre
RF-08,Escuelas Aguirre,2017,9,67.6,67.3,63.8,66.6,73.0,69.6,65.0,58.2,50.3,2017-09-01,Septiembre,2017-09,Septiembre
RF-02,Carlos V,2017,9,69.7,70.3,66.4,69.0,75.8,70.8,67.3,61.2,54.8,2017-09-01,Septiembre,2017-09,Septiembre
RF-05,Barrio del Pilar,2017,9,61.4,62.7,54.3,60.4,68.6,63.2,57.8,47.1,42.1,2017-09-01,Septiembre,2017-09,Septiembre
RF-16,Arturo Soria,2017,9,61.2,60.3,55.0,59.7,66.4,63.1,57.6,42.2,36.1,2017-09-01,Septiembre,2017-09,Septiembre
RF-03,Plaza del Carmen,2017,9,63.4,62.6,60.9,62.6,71.2,64.4,59.2,54.3,50.7,2017-09-01,Septiembre,2017-09,Septiembre
RF-48,Castellana,2017,9,62.5,61.9,58.1,61.3,67.7,64.4,60.0,53.1,46.7,2017-09-01,Septiembre,2017-09,Septiembre
RF-24,Casa de Campo,2017,9,49.4,49.8,43.0,48.2,56.4,51.1,45.4,38.8,36.2,2017-09-01,Septiembre,2017-09,Septiembre
RF-54,Ensanche de Vallecas,2017,9,59.7,60.0,57.4,59.1,65.6,61.8,56.6,43.2,37.5,2017-09-01,Septiembre,2017-09,Septiembre
RF-17,Villaverde,2017,9,56.7,61.0,53.8,57.2,66.2,59.9,52.9,42.0,37.1,2017-09-01,Septiembre,2017-09,Septiembre
RF-31,Sanchinarro,2017,9,62.5,62.7,52.7,61.0,71.1,65.9,52.6,43.1,39.2,2017-09-01,Septiembre,2017-09,Septiembre
RF-25,Santa Eugenia,2017,9,65.9,65.3,61.4,64.8,69.4,66.9,64.3,57.3,49.3,2017-09-01,Septiembre,2017-09,Septiembre
RF-10,Cuatro Caminos,2017,9,65.0,64.6,58.8,63.7,72.0,67.2,59.5,48.5,43.6,2017-09-01,Septiembre,2017-09,Septiembre
RF-26,Embajada,2017,9,63.7,62.4,60.6,62.4,70.6,66.7,57.6,50.4,42.8,2017-09-01,Septiembre,2017-09,Septiembre
RF-27,Barajas Pueblo,2017,9,61.8,61.0,56.2,60.4,70.4,64.2,53.2,43.6,37.2,2017-09-01,Septiembre,2017-09,Septiembre
RF-13,Vallecas,2017,9,69.5,59.3,53.3,66.7,77.5,61.7,54.6,42.9,36.9,2017-09-01,Septiembre,2017-09,Septiembre
RF-06,Gregorio Marañón,2017,9,70.8,70.1,66.3,69.6,76.8,72.9,66.1,58.6,50.8,2017-09-01,Septiembre,2017-09,Septiembre
RF-86,Tres Olivos,2017,9,59.2,57.6,49.6,57.3,66.6,60.3,51.1,38.8,36.2,2017-09-01,Septiembre,2017-09,Septiembre
RF-20,Avenida de Moratalaz,2017,9,61.6,61.8,54.4,60.3,69.4,61.8,57.2,46.3,39.3,2017-09-01,Septiembre,2017-09,Septiembre
RF-55,Urb Embajada 2,2017,9,55.3,54.1,52.2,54.3,62.2,56.9,50.3,45.3,42.4,2017-09-01,Septiembre,2017-09,Septiembre
RF-14,Plaza Elíptica,2017,9,64.3,64.2,59.5,63.2,69.9,65.2,61.6,54.3,47.8,2017-09-01,Septiembre,2017-09,Septiembre
RF-01,Paseo de Recoletos,2017,9,67.3,67.1,64.5,66.8,72.9,69.9,64.5,56.6,49.3,2017-09-01,Septiembre,2017-09,Septiembre
RF-28,Cuatro Vientos,2017,9,66.9,66.0,59.9,65.5,73.9,69.8,60.0,41.9,36.1,2017-09-01,Septiembre,2017-09,Septiembre
RF-29,El Pardo,2017,9,60.0,59.1,61.1,60.3,65.9,61.7,58.1,55.8,40.1,2017-09-01,Septiembre,2017-09,Septiembre
RF-04,Plaza de España,2017,9,65.1,65.4,61.2,64.2,72.0,66.5,62.8,56.2,49.2,2017-09-01,Septiembre,2017-09,Septiembre
RF-47,Mendez Álvaro,2017,9,55.0,58.4,48.5,54.8,66.3,54.7,48.2,40.5,36.4,2017-09-01,Septiembre,2017-09,Septiembre
RF-30,Campo de las Naciones,2017,9,59.8,58.9,52.7,58.3,65.6,61.3,56.0,43.6,38.6,2017-09-01,Septiembre,2017-09,Septiembre
RF-50,Plaza de Castilla,2017,9,66.1,65.3,60.7,64.7,71.5,66.5,62.5,54.8,48.3,2017-09-01,Septiembre,2017-09,Septiembre
RF-19,Alto de Extremadura,2017,9,61.5,60.8,56.0,60.3,69.3,62.9,56.6,46.2,38.0,2017-09-01,Septiembre,2017-09,Septiembre
RF-11,Ramón y Cajal,2017,9,68.7,68.3,62.5,67.4,73.7,70.4,65.8,52.6,42.5,2017-09-01,Septiembre,2017-09,Septiembre
RF-12,Manuel Becerra,2017,9,64.3,64.4,59.0,63.1,70.1,65.0,61.0,53.0,45.6,2017-09-01,Septiembre,2017-09,Septiembre
RF-04,Plaza de España,2017,10,65.2,66.5,61.8,64.7,73.1,66.8,63.0,56.4,49.3,2017-10-01,Octubre,2017-10,Octubre
RF-28,Cuatro Vientos,2017,10,67.9,66.8,61.8,66.4,74.6,70.6,61.7,56.1,53.3,2017-10-01,Octubre,2017-10,Octubre
RF-31,Sanchinarro,2017,10,63.1,62.9,53.0,61.6,71.7,66.5,53.3,42.3,37.6,2017-10-01,Octubre,2017-10,Octubre
RF-47,Mendez Álvaro,2017,10,56.7,57.4,48.2,55.4,66.7,54.9,48.1,40.4,36.8,2017-10-01,Octubre,2017-10,Octubre
RF-20,Avenida de Moratalaz,2017,10,61.7,61.4,53.7,60.2,69.4,62.0,57.0,45.5,39.1,2017-10-01,Octubre,2017-10,Octubre
RF-17,Villaverde,2017,10,57.6,60.4,51.4,57.1,66.3,59.8,52.8,42.2,37.4,2017-10-01,Octubre,2017-10,Octubre
RF-06,Gregorio Marañón,2017,10,71.9,70.5,66.4,70.4,77.3,73.3,66.4,58.8,50.8,2017-10-01,Octubre,2017-10,Octubre
RF-13,Vallecas,2017,10,66.2,60.1,53.0,63.8,72.0,62.2,54.6,42.1,37.1,2017-10-01,Octubre,2017-10,Octubre
RF-03,Plaza del Carmen,2017,10,62.1,62.4,60.9,61.8,70.1,64.3,58.9,53.1,49.1,2017-10-01,Octubre,2017-10,Octubre
RF-48,Castellana,2017,10,64.6,62.8,58.4,63.0,68.8,64.9,60.4,53.1,45.3,2017-10-01,Octubre,2017-10,Octubre
RF-08,Escuelas Aguirre,2017,10,68.0,67.5,64.0,66.9,73.7,69.9,65.3,58.1,49.1,2017-10-01,Octubre,2017-10,Octubre
RF-54,Ensanche de Vallecas,2017,10,60.5,60.7,53.7,59.2,66.6,62.6,57.3,44.6,37.6,2017-10-01,Octubre,2017-10,Octubre
RF-26,Embajada,2017,10,63.5,62.4,58.3,62.1,70.7,66.5,57.7,49.8,42.2,2017-10-01,Octubre,2017-10,Octubre
RF-24,Casa de Campo,2017,10,50.5,48.0,43.1,48.6,57.0,51.3,45.7,39.1,36.5,2017-10-01,Octubre,2017-10,Octubre
RF-16,Arturo Soria,2017,10,62.3,60.9,55.4,60.7,67.1,63.7,58.0,41.7,35.7,2017-10-01,Octubre,2017-10,Octubre
RF-11,Ramón y Cajal,2017,10,69.2,69.5,62.6,67.9,74.0,70.8,66.1,52.0,41.6,2017-10-01,Octubre,2017-10,Octubre
RF-19,Alto de Extremadura,2017,10,61.8,60.9,56.1,60.4,69.4,63.0,56.5,46.2,37.6,2017-10-01,Octubre,2017-10,Octubre
RF-50,Plaza de Castilla,2017,10,66.7,65.7,60.9,65.3,71.8,66.9,62.8,55.1,48.2,2017-10-01,Octubre,2017-10,Octubre
RF-86,Tres Olivos,2017,10,60.9,57.6,49.4,58.7,68.1,60.9,51.0,38.4,36.0,2017-10-01,Octubre,2017-10,Octubre
RF-05,Barrio del Pilar,2017,10,62.8,67.4,65.2,64.7,77.4,65.9,59.0,47.6,42.1,2017-10-01,Octubre,2017-10,Octubre
RF-30,Campo de las Naciones,2017,10,60.6,58.8,52.0,58.8,67.0,61.9,56.3,42.5,38.4,2017-10-01,Octubre,2017-10,Octubre
RF-01,Paseo de Recoletos,2017,10,68.1,67.6,64.9,67.2,73.7,70.4,64.6,56.3,48.3,2017-10-01,Octubre,2017-10,Octubre
RF-27,Barajas Pueblo,2017,10,62.1,62.7,56.5,61.0,71.1,64.8,53.7,42.9,36.1,2017-10-01,Octubre,2017-10,Octubre
RF-12,Manuel Becerra,2017,10,64.3,64.5,59.4,63.2,70.3,65.3,61.3,53.3,45.5,2017-10-01,Octubre,2017-10,Octubre
RF-29,El Pardo,2017,10,57.1,55.6,49.5,55.4,64.5,59.6,50.5,37.0,34.5,2017-10-01,Octubre,2017-10,Octubre
RF-55,Urb Embajada 2,2017,10,56.1,54.6,50.6,54.6,62.9,57.5,50.7,44.8,42.1,2017-10-01,Octubre,2017-10,Octubre
RF-18,General Ricardos ubicación antigua,2017,10,57.5,58.9,51.4,56.6,66.0,58.8,51.4,42.8,40.0,2017-10-01,Octubre,2017-10,Octubre
RF-25,Santa Eugenia,2017,10,66.4,66.2,61.7,65.3,70.9,67.5,64.9,57.4,49.3,2017-10-01,Octubre,2017-10,Octubre
RF-14,Plaza Elíptica,2017,10,66.7,64.7,59.7,65.0,74.2,66.6,62.2,54.4,47.3,2017-10-01,Octubre,2017-10,Octubre
RF-02,Carlos V,2017,10,70.0,69.9,66.9,69.2,75.8,71.1,67.6,61.7,55.2,2017-10-01,Octubre,2017-10,Octubre
RF-10,Cuatro Caminos,2017,10,65.8,65.0,59.3,64.4,72.7,67.8,60.0,48.7,43.4,2017-10-01,Octubre,2017-10,Octubre
RF-12,Manuel Becerra,2017,11,64.6,64.3,59.7,63.4,70.4,65.3,61.3,53.6,45.3,2017-11-01,Noviembre,2017-11,Noviembre
RF-13,Vallecas,2017,11,66.1,65.1,51.6,64.2,66.4,61.4,54.9,42.7,38.4,2017-11-01,Noviembre,2017-11,Noviembre
RF-29,El Pardo,2017,11,57.8,55.0,50.8,55.9,65.0,60.2,50.2,36.2,33.2,2017-11-01,Noviembre,2017-11,Noviembre
RF-05,Barrio del Pilar,2017,11,61.9,61.8,54.8,60.5,68.0,63.2,58.0,46.3,41.3,2017-11-01,Noviembre,2017-11,Noviembre
RF-54,Ensanche de Vallecas,2017,11,61.6,61.8,55.4,60.4,67.1,63.7,58.8,51.1,42.9,2017-11-01,Noviembre,2017-11,Noviembre
RF-18,General Ricardos ubicación antigua,2017,11,58.5,58.1,50.8,57.0,66.8,59.0,51.7,42.4,37.9,2017-11-01,Noviembre,2017-11,Noviembre
RF-30,Campo de las Naciones,2017,11,61.0,58.8,53.4,59.2,66.5,62.1,56.7,43.7,39.4,2017-11-01,Noviembre,2017-11,Noviembre
RF-26,Embajada,2017,11,59.8,59.6,55.4,58.7,65.4,61.7,57.2,49.9,43.1,2017-11-01,Noviembre,2017-11,Noviembre
RF-04,Plaza de España,2017,11,68.7,68.3,63.5,67.4,77.8,68.5,63.8,57.3,49.7,2017-11-01,Noviembre,2017-11,Noviembre
RF-16,Arturo Soria,2017,11,62.7,61.4,56.3,61.1,67.8,64.5,58.9,42.3,36.4,2017-11-01,Noviembre,2017-11,Noviembre
RF-47,Mendez Álvaro,2017,11,55.9,56.2,48.5,54.6,65.6,55.2,47.9,40.5,36.5,2017-11-01,Noviembre,2017-11,Noviembre
RF-06,Gregorio Marañón,2017,11,71.5,71.0,66.8,70.3,77.2,73.8,67.1,59.5,51.3,2017-11-01,Noviembre,2017-11,Noviembre
RF-86,Tres Olivos,2017,11,58.7,57.4,49.9,56.9,66.8,60.8,50.9,38.5,36.1,2017-11-01,Noviembre,2017-11,Noviembre
RF-02,Carlos V,2017,11,72.6,70.2,67.2,71.0,76.3,71.5,68.2,62.1,55.2,2017-11-01,Noviembre,2017-11,Noviembre
RF-14,Plaza Elíptica,2017,11,65.6,64.4,59.8,64.1,70.8,66.0,62.4,54.6,47.1,2017-11-01,Noviembre,2017-11,Noviembre
RF-24,Casa de Campo,2017,11,49.6,45.6,43.2,47.7,54.9,50.3,44.6,39.2,37.0,2017-11-01,Noviembre,2017-11,Noviembre
RF-50,Plaza de Castilla,2017,11,66.7,66.4,61.7,65.4,71.8,67.2,63.3,55.7,48.4,2017-11-01,Noviembre,2017-11,Noviembre
RF-31,Sanchinarro,2017,11,63.8,63.7,53.8,62.3,72.2,67.3,54.6,43.7,37.9,2017-11-01,Noviembre,2017-11,Noviembre
RF-28,Cuatro Vientos,2017,11,68.2,67.0,61.0,66.6,74.9,71.3,60.9,44.2,41.7,2017-11-01,Noviembre,2017-11,Noviembre
RF-10,Cuatro Caminos,2017,11,66.1,65.4,60.1,64.7,73.0,68.3,60.6,50.0,44.0,2017-11-01,Noviembre,2017-11,Noviembre
RF-11,Ramón y Cajal,2017,11,69.6,68.6,63.1,68.1,74.1,71.3,66.6,52.4,41.3,2017-11-01,Noviembre,2017-11,Noviembre
RF-20,Avenida de Moratalaz,2017,11,61.3,60.7,53.4,59.8,69.1,61.9,56.8,44.3,38.5,2017-11-01,Noviembre,2017-11,Noviembre
RF-55,Urb Embajada 2,2017,11,56.1,55.4,51.0,54.8,63.1,58.1,51.1,44.1,40.1,2017-11-01,Noviembre,2017-11,Noviembre
RF-03,Plaza del Carmen,2017,11,62.7,61.8,60.3,61.9,71.0,64.7,58.6,52.5,48.4,2017-11-01,Noviembre,2017-11,Noviembre
RF-48,Castellana,2017,11,63.3,62.8,58.8,62.1,68.4,65.3,60.9,53.2,44.7,2017-11-01,Noviembre,2017-11,Noviembre
RF-19,Alto de Extremadura,2017,11,61.7,60.8,55.4,60.3,68.6,63.3,57.0,46.4,37.4,2017-11-01,Noviembre,2017-11,Noviembre
RF-17,Villaverde,2017,11,57.6,58.3,50.2,56.4,65.3,58.7,52.3,41.8,36.8,2017-11-01,Noviembre,2017-11,Noviembre
RF-08,Escuelas Aguirre,2017,11,68.3,67.9,64.4,67.3,73.8,70.3,65.7,58.3,48.2,2017-11-01,Noviembre,2017-11,Noviembre
RF-01,Paseo de Recoletos,2017,11,68.5,68.3,65.7,67.7,74.0,71.1,65.2,57.2,49.8,2017-11-01,Noviembre,2017-11,Noviembre
RF-27,Barajas Pueblo,2017,11,62.5,62.4,57.1,61.3,71.7,65.4,54.8,43.8,37.5,2017-11-01,Noviembre,2017-11,Noviembre
RF-26,Embajada,2017,12,60.0,63.3,56.0,59.9,65.8,61.9,57.0,50.6,43.8,2017-12-01,Diciembre,2017-12,Diciembre
RF-25,Santa Eugenia,2017,12,67.2,67.7,63.4,66.3,70.0,68.3,66.0,59.1,51.2,2017-12-01,Diciembre,2017-12,Diciembre
RF-03,Plaza del Carmen,2017,12,61.9,62.0,60.9,61.6,70.0,64.1,58.3,52.7,49.3,2017-12-01,Diciembre,2017-12,Diciembre
RF-47,Mendez Álvaro,2017,12,55.9,56.0,50.6,54.8,64.6,55.2,48.0,41.2,38.0,2017-12-01,Diciembre,2017-12,Diciembre
RF-17,Villaverde,2017,12,60.3,63.9,58.2,60.7,65.4,58.6,52.4,43.1,38.4,2017-12-01,Diciembre,2017-12,Diciembre
RF-06,Gregorio Marañón,2017,12,71.6,71.1,67.6,70.5,77.4,74.0,67.3,60.3,53.5,2017-12-01,Diciembre,2017-12,Diciembre
RF-54,Ensanche de Vallecas,2017,12,61.7,61.9,55.7,60.5,67.3,63.9,58.7,44.9,39.2,2017-12-01,Diciembre,2017-12,Diciembre
RF-48,Castellana,2017,12,63.5,63.1,59.9,62.5,68.5,65.7,61.3,54.1,46.8,2017-12-01,Diciembre,2017-12,Diciembre
RF-86,Tres Olivos,2017,12,61.0,58.3,59.5,60.2,67.1,61.0,51.7,39.5,36.3,2017-12-01,Diciembre,2017-12,Diciembre
RF-19,Alto de Extremadura,2017,12,62.0,61.5,56.3,60.7,68.3,63.3,57.0,45.1,30.0,2017-12-01,Diciembre,2017-12,Diciembre
RF-02,Carlos V,2017,12,71.9,72.5,67.5,71.0,76.3,71.4,68.0,62.4,56.6,2017-12-01,Diciembre,2017-12,Diciembre
RF-18,General Ricardos ubicación antigua,2017,12,63.7,69.0,58.7,64.4,67.2,59.1,51.3,42.1,36.8,2017-12-01,Diciembre,2017-12,Diciembre
RF-20,Avenida de Moratalaz,2017,12,61.7,61.0,55.4,60.3,69.2,62.1,57.0,46.8,40.2,2017-12-01,Diciembre,2017-12,Diciembre
RF-55,Urb Embajada 2,2017,12,56.5,56.8,51.7,55.7,63.6,58.5,51.3,44.0,40.0,2017-12-01,Diciembre,2017-12,Diciembre
RF-10,Cuatro Caminos,2017,12,66.3,65.2,61.0,64.9,73.2,68.6,60.7,50.0,41.9,2017-12-01,Diciembre,2017-12,Diciembre
RF-11,Ramón y Cajal,2017,12,69.6,69.1,64.3,68.3,74.3,71.5,66.7,54.2,43.0,2017-12-01,Diciembre,2017-12,Diciembre
RF-50,Plaza de Castilla,2017,12,66.8,67.0,62.6,65.8,72.0,67.5,63.6,56.6,50.2,2017-12-01,Diciembre,2017-12,Diciembre
RF-08,Escuelas Aguirre,2017,12,68.3,68.1,65.1,67.4,73.7,70.3,65.8,58.8,50.4,2017-12-01,Diciembre,2017-12,Diciembre
RF-28,Cuatro Vientos,2017,12,68.6,67.6,61.8,67.1,75.5,71.8,61.5,45.1,40.8,2017-12-01,Diciembre,2017-12,Diciembre
RF-31,Sanchinarro,2017,12,64.5,64.7,54.6,63.0,72.8,68.1,55.2,44.6,39.9,2017-12-01,Diciembre,2017-12,Diciembre
RF-01,Paseo de Recoletos,2017,12,68.7,68.7,66.6,68.1,74.2,71.6,65.6,58.2,52.4,2017-12-01,Diciembre,2017-12,Diciembre
RF-24,Casa de Campo,2017,12,49.1,46.7,45.0,47.7,55.9,50.6,44.7,39.4,36.6,2017-12-01,Diciembre,2017-12,Diciembre
RF-04,Plaza de España,2017,12,65.7,66.2,62.5,65.0,73.1,67.4,63.2,56.8,50.6,2017-12-01,Diciembre,2017-12,Diciembre
RF-14,Plaza Elíptica,2017,12,65.3,64.7,60.7,64.1,70.7,66.2,62.6,55.9,49.1,2017-12-01,Diciembre,2017-12,Diciembre
RF-05,Barrio del Pilar,2017,12,62.6,71.4,55.0,65.3,71.5,63.6,58.3,47.1,42.1,2017-12-01,Diciembre,2017-12,Diciembre
RF-30,Campo de las Naciones,2017,12,60.3,58.5,54.7,58.8,66.3,62.0,56.2,46.1,43.5,2017-12-01,Diciembre,2017-12,Diciembre
RF-27,Barajas Pueblo,2017,12,63.0,63.9,57.5,62.0,72.5,65.6,53.6,43.7,37.7,2017-12-01,Diciembre,2017-12,Diciembre
RF-29,El Pardo,2017,12,57.6,56.0,50.2,55.9,65.0,60.4,50.0,35.9,33.1,2017-12-01,Diciembre,2017-12,Diciembre
RF-16,Arturo Soria,2017,12,62.7,62.5,57.4,61.5,67.9,64.9,59.2,44.0,37.6,2017-12-01,Diciembre,2017-12,Diciembre
RF-12,Manuel Becerra,2017,12,65.0,65.5,60.2,64.0,72.2,65.3,61.3,54.4,47.3,2017-12-01,Diciembre,2017-12,Diciembre
RF-13,Vallecas,2017,12,60.0,65.0,56.1,60.7,66.3,61.2,54.5,43.3,38.9,2017-12-01,Diciembre,2017-12,Diciembre
RF-29,El Pardo,2018,1,59.0,55.9,50.3,56.9,66.3,61.2,50.5,35.2,33.1,2018-01-01,Enero,2018-01,Enero
RF-86,Tres Olivos,2018,1,59.1,58.1,52.7,57.6,67.4,61.4,52.0,39.9,36.5,2018-01-01,Enero,2018-01,Enero
RF-06,Gregorio Marañón,2018,1,72.0,71.7,67.3,70.9,77.8,74.5,67.7,59.8,51.8,2018-01-01,Enero,2018-01,Enero
RF-13,Vallecas,2018,1,59.8,58.3,61.6,60.2,66.1,61.1,54.5,42.9,38.4,2018-01-01,Enero,2018-01,Enero
RF-11,Ramón y Cajal,2018,1,70.1,69.5,65.2,68.9,74.8,72.0,67.2,53.0,41.6,2018-01-01,Enero,2018-01,Enero
RF-48,Castellana,2018,1,64.2,63.8,59.6,63.0,69.1,66.2,61.6,53.8,45.2,2018-01-01,Enero,2018-01,Enero
RF-03,Plaza del Carmen,2018,1,66.6,62.3,61.6,64.9,71.4,64.2,57.9,52.4,49.2,2018-01-01,Enero,2018-01,Enero
RF-25,Santa Eugenia,2018,1,68.3,68.1,65.7,67.6,72.8,69.8,66.7,58.9,49.9,2018-01-01,Enero,2018-01,Enero
RF-47,Mendez Álvaro,2018,1,55.4,56.2,61.7,58.7,65.0,55.6,48.5,41.0,37.3,2018-01-01,Enero,2018-01,Enero
RF-18,General Ricardos ubicación antigua,2018,1,58.8,59.0,70.2,66.1,67.1,59.1,51.5,41.9,37.0,2018-01-01,Enero,2018-01,Enero
RF-14,Plaza Elíptica,2018,1,65.4,65.0,61.0,64.3,70.7,66.5,63.0,55.3,48.3,2018-01-01,Enero,2018-01,Enero
RF-10,Cuatro Caminos,2018,1,66.8,65.7,61.7,65.4,73.6,69.0,61.3,49.6,42.3,2018-01-01,Enero,2018-01,Enero
RF-28,Cuatro Vientos,2018,1,69.2,68.2,63.4,67.8,75.9,72.2,62.1,44.0,40.2,2018-01-01,Enero,2018-01,Enero
RF-55,Urb Embajada 2,2018,1,57.6,56.3,53.5,56.4,64.7,59.5,52.4,44.4,39.9,2018-01-01,Enero,2018-01,Enero
RF-02,Carlos V,2018,1,70.6,70.3,67.2,69.7,75.8,71.8,68.4,62.1,55.6,2018-01-01,Enero,2018-01,Enero
RF-20,Avenida de Moratalaz,2018,1,62.6,61.8,58.7,61.5,70.4,63.0,57.6,45.6,39.4,2018-01-01,Enero,2018-01,Enero
RF-08,Escuelas Aguirre,2018,1,68.5,68.2,64.7,67.5,73.9,70.6,66.1,58.5,48.5,2018-01-01,Enero,2018-01,Enero
RF-31,Sanchinarro,2018,1,65.0,65.2,55.3,63.6,73.5,68.6,55.7,44.4,39.8,2018-01-01,Enero,2018-01,Enero
RF-30,Campo de las Naciones,2018,1,61.3,60.0,53.9,59.7,67.2,62.9,57.3,45.6,43.0,2018-01-01,Enero,2018-01,Enero
RF-24,Casa de Campo,2018,1,47.8,45.5,43.6,46.4,53.6,49.3,44.0,39.2,36.6,2018-01-01,Enero,2018-01,Enero
RF-50,Plaza de Castilla,2018,1,67.5,67.2,62.9,66.4,72.5,68.1,64.2,56.4,49.4,2018-01-01,Enero,2018-01,Enero
RF-27,Barajas Pueblo,2018,1,63.0,63.8,58.0,62.1,72.7,65.8,53.8,43.6,36.9,2018-01-01,Enero,2018-01,Enero
RF-05,Barrio del Pilar,2018,1,62.4,63.7,59.9,62.0,68.1,63.9,58.9,46.8,41.9,2018-01-01,Enero,2018-01,Enero
RF-12,Manuel Becerra,2018,1,64.9,64.0,63.6,64.3,70.7,65.5,61.5,53.6,46.2,2018-01-01,Enero,2018-01,Enero
RF-04,Plaza de España,2018,1,66.3,66.2,62.9,65.4,73.3,67.7,63.7,56.8,49.8,2018-01-01,Enero,2018-01,Enero
RF-17,Villaverde,2018,1,58.3,60.9,66.0,62.7,66.2,59.1,52.7,44.0,38.8,2018-01-01,Enero,2018-01,Enero
RF-19,Alto de Extremadura,2018,1,62.6,60.8,57.5,61.1,69.4,63.8,57.3,42.5,29.6,2018-01-01,Enero,2018-01,Enero
RF-26,Embajada,2018,1,61.1,60.3,57.3,60.0,67.3,63.0,58.0,50.7,43.6,2018-01-01,Enero,2018-01,Enero
RF-54,Ensanche de Vallecas,2018,1,62.1,62.2,57.6,61.0,67.9,64.4,59.1,44.5,39.2,2018-01-01,Enero,2018-01,Enero
RF-01,Paseo de Recoletos,2018,1,69.4,69.5,66.5,68.7,75.0,72.3,66.1,58.1,50.8,2018-01-01,Enero,2018-01,Enero
RF-16,Arturo Soria,2018,1,63.3,62.5,57.8,62.0,68.7,65.7,60.0,43.3,37.1,2018-01-01,Enero,2018-01,Enero
RF-25,Santa Eugenia,2018,2,68.3,68.0,62.6,67.1,73.8,69.8,66.2,58.3,49.7,2018-02-01,Febrero,2018-02,Febrero
RF-48,Castellana,2018,2,63.8,63.3,59.1,62.6,68.9,65.9,61.3,53.4,45.2,2018-02-01,Febrero,2018-02,Febrero
RF-01,Paseo de Recoletos,2018,2,69.3,69.3,66.3,68.5,75.2,72.1,66.1,58.0,50.8,2018-02-01,Febrero,2018-02,Febrero
RF-20,Avenida de Moratalaz,2018,2,62.4,61.3,54.0,60.7,69.9,62.9,57.0,44.4,38.8,2018-02-01,Febrero,2018-02,Febrero
RF-54,Ensanche de Vallecas,2018,2,62.2,62.0,54.4,60.7,68.1,64.4,58.8,43.6,38.2,2018-02-01,Febrero,2018-02,Febrero
RF-04,Plaza de España,2018,2,67.1,66.5,61.9,65.9,75.4,67.7,63.6,56.6,49.5,2018-02-01,Febrero,2018-02,Febrero
RF-17,Villaverde,2018,2,57.9,57.9,51.6,56.6,65.8,59.0,52.5,41.9,37.0,2018-02-01,Febrero,2018-02,Febrero
RF-10,Cuatro Caminos,2018,2,66.9,65.7,59.7,65.3,73.7,68.9,61.0,48.0,40.2,2018-02-01,Febrero,2018-02,Febrero
RF-18,General Ricardos ubicación antigua,2018,2,58.6,58.0,50.5,57.0,66.9,59.1,51.6,40.8,35.7,2018-02-01,Febrero,2018-02,Febrero
RF-28,Cuatro Vientos,2018,2,69.0,67.9,61.5,67.4,75.8,71.9,61.6,42.8,39.1,2018-02-01,Febrero,2018-02,Febrero
RF-08,Escuelas Aguirre,2018,2,68.5,68.1,64.4,67.5,74.1,70.6,65.8,58.4,49.0,2018-02-01,Febrero,2018-02,Febrero
RF-55,Urb Embajada 2,2018,2,57.8,56.3,51.2,56.2,64.8,59.5,52.2,43.1,39.2,2018-02-01,Febrero,2018-02,Febrero
RF-03,Plaza del Carmen,2018,2,62.0,61.5,59.9,61.3,69.9,64.1,58.1,52.7,49.8,2018-02-01,Febrero,2018-02,Febrero
RF-05,Barrio del Pilar,2018,2,62.0,61.7,54.6,60.5,68.1,63.5,58.3,46.3,41.6,2018-02-01,Febrero,2018-02,Febrero
RF-26,Embajada,2018,2,61.0,60.4,55.7,59.7,67.5,62.8,57.4,49.8,42.3,2018-02-01,Febrero,2018-02,Febrero
RF-31,Sanchinarro,2018,2,64.7,64.7,53.6,63.1,73.4,68.1,54.9,42.8,38.1,2018-02-01,Febrero,2018-02,Febrero
RF-50,Plaza de Castilla,2018,2,67.5,67.5,62.4,66.3,72.9,68.3,64.0,56.0,48.8,2018-02-01,Febrero,2018-02,Febrero
RF-14,Plaza Elíptica,2018,2,65.6,64.9,60.4,64.3,71.1,66.6,62.6,55.0,48.0,2018-02-01,Febrero,2018-02,Febrero
RF-02,Carlos V,2018,2,70.7,70.3,67.0,69.7,75.8,71.9,68.3,61.6,54.8,2018-02-01,Febrero,2018-02,Febrero
RF-86,Tres Olivos,2018,2,59.1,57.4,49.7,57.3,67.2,61.1,51.3,38.1,35.9,2018-02-01,Febrero,2018-02,Febrero
RF-13,Vallecas,2018,2,59.8,60.6,51.6,58.6,66.3,61.0,54.1,41.6,37.1,2018-02-01,Febrero,2018-02,Febrero
RF-11,Ramón y Cajal,2018,2,70.0,69.4,63.5,68.6,75.1,71.9,67.0,52.4,41.5,2018-02-01,Febrero,2018-02,Febrero
RF-30,Campo de las Naciones,2018,2,62.1,60.1,53.2,60.2,68.0,63.4,57.1,44.6,41.8,2018-02-01,Febrero,2018-02,Febrero
RF-24,Casa de Campo,2018,2,47.8,45.5,41.9,46.2,54.0,48.8,43.5,39.0,36.3,2018-02-01,Febrero,2018-02,Febrero
RF-47,Mendez Álvaro,2018,2,55.5,57.0,47.4,54.4,64.9,55.3,47.8,39.2,35.9,2018-02-01,Febrero,2018-02,Febrero
RF-29,El Pardo,2018,2,58.3,56.0,49.7,56.4,65.9,61.0,50.4,34.6,32.4,2018-02-01,Febrero,2018-02,Febrero
RF-27,Barajas Pueblo,2018,2,63.2,62.3,57.5,61.8,72.5,65.9,54.7,42.4,36.0,2018-02-01,Febrero,2018-02,Febrero
RF-12,Manuel Becerra,2018,2,64.6,64.1,59.0,63.3,70.4,65.1,61.1,53.2,45.8,2018-02-01,Febrero,2018-02,Febrero
RF-06,Gregorio Marañón,2018,2,72.1,71.6,67.1,70.9,78.0,74.5,67.7,59.5,51.3,2018-02-01,Febrero,2018-02,Febrero
RF-19,Alto de Extremadura,2018,2,62.1,61.5,55.6,60.7,68.6,63.6,57.3,46.3,36.7,2018-02-01,Febrero,2018-02,Febrero
RF-16,Arturo Soria,2018,2,63.2,62.1,57.0,61.7,68.5,65.3,59.5,42.4,36.3,2018-02-01,Febrero,2018-02,Febrero
RF-30,Campo de las Naciones,2018,3,61.8,60.0,54.6,60.1,68.3,63.8,57.0,46.7,42.6,2018-03-01,Marzo,2018-03,Marzo
RF-08,Escuelas Aguirre,2018,3,68.8,68.2,65.2,67.8,74.4,70.9,66.1,59.1,49.8,2018-03-01,Marzo,2018-03,Marzo
RF-27,Barajas Pueblo,2018,3,63.2,65.4,56.7,62.5,73.1,65.9,52.8,42.1,35.3,2018-03-01,Marzo,2018-03,Marzo
RF-55,Urb Embajada 2,2018,3,58.7,57.1,52.1,57.1,66.1,60.0,52.0,43.9,39.2,2018-03-01,Marzo,2018-03,Marzo
RF-50,Plaza de Castilla,2018,3,68.3,67.8,64.3,67.2,73.8,69.2,64.8,57.5,50.4,2018-03-01,Marzo,2018-03,Marzo
RF-28,Cuatro Vientos,2018,3,69.2,67.7,61.9,67.5,76.1,72.2,62.0,45.9,41.0,2018-03-01,Marzo,2018-03,Marzo
RF-20,Avenida de Moratalaz,2018,3,62.8,62.1,55.0,61.2,69.8,63.5,57.5,45.6,39.6,2018-03-01,Marzo,2018-03,Marzo
RF-14,Plaza Elíptica,2018,3,65.9,65.3,61.1,64.7,70.9,67.1,63.1,56.1,49.0,2018-03-01,Marzo,2018-03,Marzo
RF-18,General Ricardos ubicación antigua,2018,3,58.8,57.6,52.0,57.2,66.4,59.7,52.4,43.1,38.2,2018-03-01,Marzo,2018-03,Marzo
RF-48,Castellana,2018,3,64.3,63.6,60.1,63.1,69.5,66.4,61.8,54.3,45.8,2018-03-01,Marzo,2018-03,Marzo
RF-25,Santa Eugenia,2018,3,68.8,68.2,63.6,67.5,74.0,70.8,66.5,59.2,49.6,2018-03-01,Marzo,2018-03,Marzo
RF-47,Mendez Álvaro,2018,3,58.1,56.6,48.8,56.3,66.4,56.5,49.3,41.4,37.0,2018-03-01,Marzo,2018-03,Marzo
RF-02,Carlos V,2018,3,71.3,71.8,67.4,70.4,78.0,72.5,68.4,62.0,55.6,2018-03-01,Marzo,2018-03,Marzo
RF-24,Casa de Campo,2018,3,50.8,48.9,45.1,49.3,58.3,50.9,44.9,38.8,36.3,2018-03-01,Marzo,2018-03,Marzo
RF-12,Manuel Becerra,2018,3,65.0,64.8,59.9,63.8,70.9,65.7,61.5,54.3,47.1,2018-03-01,Marzo,2018-03,Marzo
RF-04,Plaza de España,2018,3,66.4,66.1,62.3,65.4,73.3,67.8,63.8,57.1,50.5,2018-03-01,Marzo,2018-03,Marzo
RF-06,Gregorio Marañón,2018,3,72.1,71.4,67.5,70.9,78.0,74.6,67.5,59.9,52.3,2018-03-01,Marzo,2018-03,Marzo
RF-29,El Pardo,2018,3,59.0,56.7,50.6,57.1,66.7,61.4,51.0,36.3,33.0,2018-03-01,Marzo,2018-03,Marzo
RF-10,Cuatro Caminos,2018,3,67.2,65.8,60.8,65.6,74.3,69.3,61.1,49.8,43.4,2018-03-01,Marzo,2018-03,Marzo
RF-13,Vallecas,2018,3,60.3,58.3,52.4,58.5,66.6,61.0,54.0,42.6,37.9,2018-03-01,Marzo,2018-03,Marzo
RF-86,Tres Olivos,2018,3,59.5,57.9,51.6,57.8,67.7,61.4,52.4,40.5,36.0,2018-03-01,Marzo,2018-03,Marzo
RF-31,Sanchinarro,2018,3,64.9,64.7,54.4,63.3,73.8,68.1,55.0,44.4,39.0,2018-03-01,Marzo,2018-03,Marzo
RF-01,Paseo de Recoletos,2018,3,69.3,69.1,66.6,68.5,75.1,72.2,66.0,57.8,50.8,2018-03-01,Marzo,2018-03,Marzo
RF-03,Plaza del Carmen,2018,3,65.2,62.5,60.6,63.7,73.7,65.3,58.9,54.1,50.6,2018-03-01,Marzo,2018-03,Marzo
RF-17,Villaverde,2018,3,58.0,58.7,51.0,56.8,65.5,59.1,52.7,42.8,36.9,2018-03-01,Marzo,2018-03,Marzo
RF-11,Ramón y Cajal,2018,3,70.3,69.4,64.1,68.9,75.4,72.3,66.9,53.2,42.2,2018-03-01,Marzo,2018-03,Marzo
RF-26,Embajada,2018,3,62.0,60.7,56.6,60.6,68.6,63.9,58.3,51.0,43.0,2018-03-01,Marzo,2018-03,Marzo
RF-16,Arturo Soria,2018,3,63.9,62.7,58.0,62.5,69.2,66.0,60.0,44.5,36.8,2018-03-01,Marzo,2018-03,Marzo
RF-19,Alto de Extremadura,2018,3,62.1,61.4,56.4,60.8,68.8,63.9,57.7,47.9,38.9,2018-03-01,Marzo,2018-03,Marzo
RF-05,Barrio del Pilar,2018,3,62.5,61.6,54.9,60.9,68.3,63.7,58.3,46.8,41.3,2018-03-01,Marzo,2018-03,Marzo
RF-54,Ensanche de Vallecas,2018,3,62.4,61.8,54.7,60.9,68.7,64.6,58.6,43.5,38.3,2018-03-01,Marzo,2018-03,Marzo
RF-47,Mendez Álvaro,2018,4,55.4,57.4,48.4,54.6,64.9,55.6,49.2,39.9,36.2,2018-04-01,Abril,2018-04,Abril
RF-06,Gregorio Marañón,2018,4,71.8,71.1,66.9,70.5,77.9,73.9,67.1,59.5,51.3,2018-04-01,Abril,2018-04,Abril
RF-17,Villaverde,2018,4,57.7,59.4,50.5,56.8,65.7,59.1,52.9,41.0,36.1,2018-04-01,Abril,2018-04,Abril
RF-04,Plaza de España,2018,4,65.8,65.6,61.6,64.7,72.4,67.0,63.4,56.6,50.0,2018-04-01,Abril,2018-04,Abril
RF-03,Plaza del Carmen,2018,4,63.9,62.0,60.0,62.6,71.5,64.3,58.6,53.0,49.3,2018-04-01,Abril,2018-04,Abril
RF-28,Cuatro Vientos,2018,4,68.3,67.0,60.9,66.6,75.3,71.1,61.0,44.6,38.2,2018-04-01,Abril,2018-04,Abril
RF-05,Barrio del Pilar,2018,4,61.6,61.5,53.9,60.1,67.6,62.8,57.8,46.2,41.1,2018-04-01,Abril,2018-04,Abril
RF-08,Escuelas Aguirre,2018,4,67.9,67.8,64.4,67.0,73.6,69.9,65.5,58.6,49.2,2018-04-01,Abril,2018-04,Abril
RF-86,Tres Olivos,2018,4,59.3,58.1,51.1,57.6,67.1,61.2,52.6,39.0,35.5,2018-04-01,Abril,2018-04,Abril
RF-16,Arturo Soria,2018,4,62.8,61.8,56.7,61.3,68.5,64.9,59.1,42.7,35.0,2018-04-01,Abril,2018-04,Abril
RF-48,Castellana,2018,4,64.9,63.1,59.9,63.5,70.2,65.9,61.2,53.7,45.0,2018-04-01,Abril,2018-04,Abril
RF-10,Cuatro Caminos,2018,4,66.5,65.3,60.1,64.9,73.7,68.5,60.7,49.5,44.4,2018-04-01,Abril,2018-04,Abril
RF-25,Santa Eugenia,2018,4,67.7,67.5,62.9,66.6,73.1,69.1,65.9,58.6,49.6,2018-04-01,Abril,2018-04,Abril
RF-29,El Pardo,2018,4,58.5,57.8,50.2,56.9,65.8,60.6,51.2,36.5,33.7,2018-04-01,Abril,2018-04,Abril
RF-30,Campo de las Naciones,2018,4,62.3,59.9,54.2,60.4,68.0,62.8,57.1,46.0,43.1,2018-04-01,Abril,2018-04,Abril
RF-54,Ensanche de Vallecas,2018,4,62.0,61.1,53.5,60.3,68.3,63.9,58.2,42.2,36.4,2018-04-01,Abril,2018-04,Abril
RF-13,Vallecas,2018,4,60.7,58.9,51.4,58.9,67.9,60.7,53.9,41.0,36.6,2018-04-01,Abril,2018-04,Abril
RF-19,Alto de Extremadura,2018,4,61.4,60.7,55.1,60.0,68.2,62.9,56.4,40.2,28.8,2018-04-01,Abril,2018-04,Abril
RF-31,Sanchinarro,2018,4,63.6,63.9,53.3,62.1,72.4,66.9,53.8,42.5,36.9,2018-04-01,Abril,2018-04,Abril
RF-18,General Ricardos ubicación antigua,2018,4,60.1,58.9,51.4,58.4,68.2,59.9,52.8,43.0,37.8,2018-04-01,Abril,2018-04,Abril
RF-50,Plaza de Castilla,2018,4,67.2,66.9,61.8,66.0,72.8,67.7,63.5,55.7,48.8,2018-04-01,Abril,2018-04,Abril
RF-26,Embajada,2018,4,61.0,59.8,55.8,59.6,67.0,62.4,57.6,50.7,43.3,2018-04-01,Abril,2018-04,Abril
RF-11,Ramón y Cajal,2018,4,69.5,68.9,63.1,68.1,74.8,71.3,66.5,52.6,41.3,2018-04-01,Abril,2018-04,Abril
RF-01,Paseo de Recoletos,2018,4,68.6,68.3,65.3,67.7,74.7,71.1,65.3,57.1,50.0,2018-04-01,Abril,2018-04,Abril
RF-20,Avenida de Moratalaz,2018,4,62.7,61.6,56.5,61.2,70.0,62.8,57.4,45.0,38.1,2018-04-01,Abril,2018-04,Abril
RF-02,Carlos V,2018,4,70.2,69.8,66.5,69.2,76.0,71.4,67.5,61.2,54.8,2018-04-01,Abril,2018-04,Abril
RF-24,Casa de Campo,2018,4,49.8,47.9,43.7,48.2,56.7,50.9,44.8,38.9,37.2,2018-04-01,Abril,2018-04,Abril
RF-12,Manuel Becerra,2018,4,65.0,66.7,59.3,64.2,72.2,65.5,61.4,53.7,47.3,2018-04-01,Abril,2018-04,Abril
RF-27,Barajas Pueblo,2018,4,62.8,61.6,56.1,61.2,71.7,65.3,52.6,41.6,34.6,2018-04-01,Abril,2018-04,Abril
RF-55,Urb Embajada 2,2018,4,57.8,55.7,50.9,56.0,64.3,58.6,51.2,43.2,38.9,2018-04-01,Abril,2018-04,Abril
RF-14,Plaza Elíptica,2018,4,65.2,64.8,60.5,64.0,70.4,66.3,62.6,55.5,48.9,2018-04-01,Abril,2018-04,Abril
RF-30,Campo de las Naciones,2018,5,60.6,60.1,54.4,59.2,67.8,62.1,56.8,42.9,37.8,2018-05-01,Mayo,2018-05,Mayo
RF-08,Escuelas Aguirre,2018,5,67.7,67.6,64.2,66.8,73.6,69.6,65.2,58.1,48.8,2018-05-01,Mayo,2018-05,Mayo
RF-29,El Pardo,2018,5,57.9,56.0,50.6,56.1,64.8,59.6,50.7,36.1,33.6,2018-05-01,Mayo,2018-05,Mayo
RF-13,Vallecas,2018,5,58.9,59.7,52.7,57.8,66.4,60.1,53.6,41.5,36.5,2018-05-01,Mayo,2018-05,Mayo
RF-55,Urb Embajada 2,2018,5,57.0,56.3,52.1,55.7,64.6,58.2,50.8,43.8,39.1,2018-05-01,Mayo,2018-05,Mayo
RF-31,Sanchinarro,2018,5,63.0,63.4,53.1,61.5,71.7,66.5,52.7,41.6,36.5,2018-05-01,Mayo,2018-05,Mayo
RF-26,Embajada,2018,5,60.1,59.4,55.3,58.9,66.3,61.8,56.8,50.3,42.4,2018-05-01,Mayo,2018-05,Mayo
RF-11,Ramón y Cajal,2018,5,69.3,68.7,63.3,67.9,74.7,70.9,66.1,52.4,41.3,2018-05-01,Mayo,2018-05,Mayo
RF-24,Casa de Campo,2018,5,49.7,48.7,45.5,48.5,56.8,51.0,44.6,38.7,37.0,2018-05-01,Mayo,2018-05,Mayo
RF-03,Plaza del Carmen,2018,5,62.2,63.8,60.2,62.0,70.4,63.9,58.5,53.2,49.3,2018-05-01,Mayo,2018-05,Mayo
RF-10,Cuatro Caminos,2018,5,67.3,64.5,59.5,65.3,75.5,68.2,59.9,48.2,42.4,2018-05-01,Mayo,2018-05,Mayo
RF-05,Barrio del Pilar,2018,5,61.2,61.5,54.1,59.9,67.6,62.4,57.4,46.7,41.7,2018-05-01,Mayo,2018-05,Mayo
RF-16,Arturo Soria,2018,5,61.7,61.3,56.0,60.4,67.6,63.9,58.0,41.4,34.6,2018-05-01,Mayo,2018-05,Mayo
RF-04,Plaza de España,2018,5,66.9,65.4,61.4,65.4,72.9,66.8,63.0,55.9,49.4,2018-05-01,Mayo,2018-05,Mayo
RF-86,Tres Olivos,2018,5,58.5,57.7,56.8,57.8,66.7,60.5,51.2,38.3,35.2,2018-05-01,Mayo,2018-05,Mayo
RF-19,Alto de Extremadura,2018,5,60.6,60.6,56.8,59.7,67.7,62.1,55.8,43.3,29.8,2018-05-01,Mayo,2018-05,Mayo
RF-06,Gregorio Marañón,2018,5,71.4,70.9,67.0,70.3,77.8,73.6,66.9,59.4,51.7,2018-05-01,Mayo,2018-05,Mayo
RF-12,Manuel Becerra,2018,5,64.6,64.7,59.0,63.4,71.3,65.2,61.0,53.2,47.2,2018-05-01,Mayo,2018-05,Mayo
RF-48,Castellana,2018,5,63.0,62.6,58.8,61.9,69.0,64.9,60.3,53.0,45.5,2018-05-01,Mayo,2018-05,Mayo
RF-47,Mendez Álvaro,2018,5,55.1,57.5,49.7,54.6,64.9,55.1,48.9,38.9,35.4,2018-05-01,Mayo,2018-05,Mayo
RF-14,Plaza Elíptica,2018,5,64.5,64.2,59.9,63.4,70.0,65.5,61.7,54.7,48.0,2018-05-01,Mayo,2018-05,Mayo
RF-20,Avenida de Moratalaz,2018,5,61.8,61.9,55.4,60.5,69.3,62.0,57.0,45.9,38.5,2018-05-01,Mayo,2018-05,Mayo
RF-01,Paseo de Recoletos,2018,5,67.6,67.9,64.7,66.9,73.8,70.1,64.4,56.1,48.8,2018-05-01,Mayo,2018-05,Mayo
RF-17,Villaverde,2018,5,58.8,62.4,53.8,58.8,67.3,60.4,53.5,40.9,34.9,2018-05-01,Mayo,2018-05,Mayo
RF-28,Cuatro Vientos,2018,5,67.4,66.1,60.4,65.8,74.4,70.3,59.9,41.1,36.5,2018-05-01,Mayo,2018-05,Mayo
RF-54,Ensanche de Vallecas,2018,5,61.2,60.3,55.2,59.7,67.5,62.7,57.1,42.8,35.2,2018-05-01,Mayo,2018-05,Mayo
RF-18,General Ricardos ubicación antigua,2018,5,59.2,62.9,59.7,60.2,68.4,59.9,53.0,42.5,37.4,2018-05-01,Mayo,2018-05,Mayo
RF-50,Plaza de Castilla,2018,5,66.6,65.8,61.5,65.3,72.3,66.9,62.7,55.2,48.5,2018-05-01,Mayo,2018-05,Mayo
RF-02,Carlos V,2018,5,69.9,69.7,66.7,69.0,76.3,70.9,67.1,60.8,53.8,2018-05-01,Mayo,2018-05,Mayo
RF-27,Barajas Pueblo,2018,5,61.4,62.1,56.5,60.5,70.8,64.4,52.2,41.8,34.3,2018-05-01,Mayo,2018-05,Mayo
RF-25,Santa Eugenia,2018,5,67.1,67.1,62.9,66.1,72.1,68.7,65.5,58.5,49.9,2018-05-01,Mayo,2018-05,Mayo
RF-55,Urb Embajada 2,2018,6,57.3,55.7,51.7,55.8,64.0,58.1,51.7,45.4,41.0,2018-06-01,Junio,2018-06,Junio
RF-18,General Ricardos ubicación antigua,2018,6,58.4,59.0,51.0,57.2,66.7,58.7,51.8,42.1,37.2,2018-06-01,Junio,2018-06,Junio
RF-04,Plaza de España,2018,6,65.3,65.2,61.0,64.3,71.9,66.6,63.0,55.6,48.9,2018-06-01,Junio,2018-06,Junio
RF-08,Escuelas Aguirre,2018,6,67.6,67.6,63.9,66.7,73.4,69.6,65.1,58.1,49.6,2018-06-01,Junio,2018-06,Junio
RF-14,Plaza Elíptica,2018,6,64.5,64.2,59.8,63.4,70.1,65.5,61.8,55.0,48.5,2018-06-01,Junio,2018-06,Junio
RF-50,Plaza de Castilla,2018,6,66.6,65.8,61.3,65.3,71.8,66.8,62.7,55.3,48.6,2018-06-01,Junio,2018-06,Junio
RF-24,Casa de Campo,2018,6,50.3,49.0,43.6,48.7,55.6,50.3,45.7,38.8,36.8,2018-06-01,Junio,2018-06,Junio
RF-47,Mendez Álvaro,2018,6,56.5,57.1,49.3,55.3,66.4,55.1,49.1,40.9,36.0,2018-06-01,Junio,2018-06,Junio
RF-13,Vallecas,2018,6,57.9,58.8,53.9,57.1,65.5,59.9,53.9,43.0,36.8,2018-06-01,Junio,2018-06,Junio
RF-30,Campo de las Naciones,2018,6,60.2,59.2,53.1,58.6,66.0,61.6,56.8,42.6,38.0,2018-06-01,Junio,2018-06,Junio
RF-05,Barrio del Pilar,2018,6,61.3,62.6,55.5,60.4,69.0,62.6,57.7,47.2,41.8,2018-06-01,Junio,2018-06,Junio
RF-16,Arturo Soria,2018,6,61.2,60.6,55.8,59.9,66.6,63.4,57.9,42.8,35.3,2018-06-01,Junio,2018-06,Junio
RF-02,Carlos V,2018,6,69.9,69.3,65.8,68.8,75.8,70.7,67.0,60.8,53.8,2018-06-01,Junio,2018-06,Junio
RF-28,Cuatro Vientos,2018,6,67.4,66.6,60.6,65.9,74.3,70.2,60.5,42.6,36.6,2018-06-01,Junio,2018-06,Junio
RF-12,Manuel Becerra,2018,6,64.5,64.4,59.0,63.3,70.8,64.9,61.0,53.0,45.9,2018-06-01,Junio,2018-06,Junio
RF-10,Cuatro Caminos,2018,6,65.3,64.6,59.6,64.0,72.3,67.3,59.6,48.1,41.7,2018-06-01,Junio,2018-06,Junio
RF-54,Ensanche de Vallecas,2018,6,60.3,59.8,53.4,58.9,66.3,62.2,56.9,43.0,35.2,2018-06-01,Junio,2018-06,Junio
RF-31,Sanchinarro,2018,6,62.5,63.3,52.8,61.2,71.3,66.2,52.6,42.1,37.2,2018-06-01,Junio,2018-06,Junio
RF-11,Ramón y Cajal,2018,6,69.0,68.4,63.0,67.6,74.0,70.7,66.1,53.2,42.5,2018-06-01,Junio,2018-06,Junio
RF-06,Gregorio Marañón,2018,6,71.2,70.8,66.6,70.1,77.3,73.3,66.8,59.5,51.8,2018-06-01,Junio,2018-06,Junio
RF-03,Plaza del Carmen,2018,6,61.4,61.8,60.3,61.1,69.5,63.8,58.7,54.0,50.3,2018-06-01,Junio,2018-06,Junio
RF-17,Villaverde,2018,6,58.0,60.8,52.9,57.7,66.9,60.6,53.9,41.9,36.0,2018-06-01,Junio,2018-06,Junio
RF-25,Santa Eugenia,2018,6,66.7,66.4,62.3,65.6,71.1,67.9,65.2,58.5,50.4,2018-06-01,Junio,2018-06,Junio
RF-29,El Pardo,2018,6,58.3,56.4,50.6,56.5,65.4,59.7,51.9,37.2,34.1,2018-06-01,Junio,2018-06,Junio
RF-27,Barajas Pueblo,2018,6,61.3,64.7,56.4,61.2,71.3,64.5,52.3,43.0,34.3,2018-06-01,Junio,2018-06,Junio
RF-86,Tres Olivos,2018,6,57.9,57.9,50.9,56.6,66.2,60.1,51.4,39.3,35.6,2018-06-01,Junio,2018-06,Junio
RF-20,Avenida de Moratalaz,2018,6,61.3,61.3,53.9,59.9,68.1,61.7,56.8,46.8,39.3,2018-06-01,Junio,2018-06,Junio
RF-19,Alto de Extremadura,2018,6,60.6,60.9,54.8,59.4,67.2,62.0,56.0,46.0,36.8,2018-06-01,Junio,2018-06,Junio
RF-48,Castellana,2018,6,63.0,62.2,58.9,61.8,68.9,64.8,60.3,53.6,46.6,2018-06-01,Junio,2018-06,Junio
RF-01,Paseo de Recoletos,2018,6,68.0,67.5,64.5,67.0,74.3,70.0,64.7,56.5,49.8,2018-06-01,Junio,2018-06,Junio
RF-26,Embajada,2018,6,61.2,59.0,55.5,59.6,65.9,61.9,56.9,50.9,43.6,2018-06-01,Junio,2018-06,Junio
RF-03,Plaza del Carmen,2018,7,61.8,61.7,61.6,61.7,70.4,64.4,58.7,54.2,50.4,2018-07-01,Julio,2018-07,Julio
RF-25,Santa Eugenia,2018,7,65.6,65.1,61.5,64.5,69.1,66.8,64.1,57.9,50.2,2018-07-01,Julio,2018-07,Julio
RF-02,Carlos V,2018,7,70.5,76.3,65.8,71.5,82.0,70.2,66.4,60.5,53.8,2018-07-01,Julio,2018-07,Julio
RF-19,Alto de Extremadura,2018,7,60.4,60.5,54.8,59.2,,,,,,2018-07-01,Julio,2018-07,Julio
RF-50,Plaza de Castilla,2018,7,65.4,65.2,60.7,64.3,71.3,65.9,62.0,54.9,48.5,2018-07-01,Julio,2018-07,Julio
RF-28,Cuatro Vientos,2018,7,66.6,65.5,60.0,65.1,73.7,69.4,59.7,42.2,37.0,2018-07-01,Julio,2018-07,Julio
RF-17,Villaverde,2018,7,57.4,61.8,55.3,58.0,67.5,61.0,53.2,42.4,36.9,2018-07-01,Julio,2018-07,Julio
RF-01,Paseo de Recoletos,2018,7,67.0,69.9,68.0,68.0,74.0,69.6,64.1,56.1,50.2,2018-07-01,Julio,2018-07,Julio
RF-18,General Ricardos ubicación antigua,2018,7,59.5,59.4,51.3,58.0,68.2,60.1,52.3,41.7,37.9,2018-07-01,Julio,2018-07,Julio
RF-20,Avenida de Moratalaz,2018,7,60.5,60.8,53.5,59.2,67.8,61.9,56.0,46.0,38.7,2018-07-01,Julio,2018-07,Julio
RF-48,Castellana,2018,7,61.8,61.1,57.8,60.7,67.5,63.9,59.0,52.5,46.6,2018-07-01,Julio,2018-07,Julio
RF-54,Ensanche de Vallecas,2018,7,59.0,58.6,52.8,57.7,64.8,60.9,55.5,43.3,36.3,2018-07-01,Julio,2018-07,Julio
RF-27,Barajas Pueblo,2018,7,60.7,59.9,56.1,59.5,69.9,63.7,51.7,44.2,36.8,2018-07-01,Julio,2018-07,Julio
RF-55,Urb Embajada 2,2018,7,56.5,56.1,52.6,55.5,63.3,57.7,52.2,46.8,43.1,2018-07-01,Julio,2018-07,Julio
RF-30,Campo de las Naciones,2018,7,59.8,59.3,54.3,58.5,66.1,61.2,56.5,44.4,39.3,2018-07-01,Julio,2018-07,Julio
RF-86,Tres Olivos,2018,7,56.9,56.3,50.7,55.5,65.2,58.9,49.8,39.3,35.7,2018-07-01,Julio,2018-07,Julio
RF-16,Arturo Soria,2018,7,60.8,59.2,54.7,59.1,65.9,62.6,56.7,42.2,35.5,2018-07-01,Julio,2018-07,Julio
RF-05,Barrio del Pilar,2018,7,60.6,62.1,54.8,59.7,66.9,62.0,57.3,47.9,43.1,2018-07-01,Julio,2018-07,Julio
RF-10,Cuatro Caminos,2018,7,64.6,63.5,58.5,63.2,71.4,66.5,58.6,47.3,40.8,2018-07-01,Julio,2018-07,Julio
RF-12,Manuel Becerra,2018,7,66.5,63.5,58.8,64.6,75.9,64.8,60.3,52.6,45.6,2018-07-01,Julio,2018-07,Julio
RF-13,Vallecas,2018,7,59.1,62.8,59.9,60.2,71.6,62.0,54.7,44.7,37.8,2018-07-01,Julio,2018-07,Julio
RF-47,Mendez Álvaro,2018,7,54.8,56.5,48.8,53.9,64.8,55.6,48.9,42.1,36.5,2018-07-01,Julio,2018-07,Julio
RF-24,Casa de Campo,2018,7,50.4,50.0,44.9,49.1,56.0,51.7,47.3,40.8,38.2,2018-07-01,Julio,2018-07,Julio
RF-31,Sanchinarro,2018,7,61.6,62.6,52.5,60.3,70.6,65.3,51.5,42.5,37.9,2018-07-01,Julio,2018-07,Julio
RF-04,Plaza de España,2018,7,65.5,72.4,70.9,69.4,83.8,66.7,62.5,55.3,48.9,2018-07-01,Julio,2018-07,Julio
RF-26,Embajada,2018,7,61.0,59.6,55.1,59.5,67.2,62.9,57.0,50.3,43.8,2018-07-01,Julio,2018-07,Julio
RF-08,Escuelas Aguirre,2018,7,66.7,66.7,63.6,65.9,72.2,68.7,64.4,57.8,49.8,2018-07-01,Julio,2018-07,Julio
RF-29,El Pardo,2018,7,58.3,55.9,51.8,56.5,64.7,59.8,52.6,38.6,34.2,2018-07-01,Julio,2018-07,Julio
RF-06,Gregorio Marañón,2018,7,70.3,69.6,66.2,69.2,76.8,72.6,65.8,58.5,51.0,2018-07-01,Julio,2018-07,Julio
RF-11,Ramón y Cajal,2018,7,68.0,67.1,61.8,66.5,72.8,69.9,64.7,51.5,40.5,2018-07-01,Julio,2018-07,Julio
RF-14,Plaza Elíptica,2018,7,63.9,63.7,59.6,62.9,69.4,64.9,61.3,54.9,48.9,2018-07-01,Julio,2018-07,Julio
RF-03,Plaza del Carmen,2018,8,61.3,60.4,59.0,60.5,69.3,63.1,57.6,52.9,49.6,2018-08-01,Agosto,2018-08,Agosto
RF-25,Santa Eugenia,2018,8,65.2,64.4,60.7,64.0,68.8,66.3,63.5,57.0,49.4,2018-08-01,Agosto,2018-08,Agosto
RF-13,Vallecas,2018,8,58.0,58.7,54.7,57.3,66.0,59.5,53.4,44.8,38.7,2018-08-01,Agosto,2018-08,Agosto
RF-50,Plaza de Castilla,2018,8,64.6,64.0,59.5,63.4,70.0,65.0,60.8,53.4,48.0,2018-08-01,Agosto,2018-08,Agosto
RF-16,Arturo Soria,2018,8,59.4,58.6,54.1,58.1,65.2,61.9,55.3,41.3,35.9,2018-08-01,Agosto,2018-08,Agosto
RF-47,Mendez Álvaro,2018,8,57.9,56.9,48.9,56.2,67.8,56.8,48.3,42.4,37.2,2018-08-01,Agosto,2018-08,Agosto
RF-20,Avenida de Moratalaz,2018,8,59.4,59.5,53.2,58.1,66.4,60.5,55.1,45.7,39.8,2018-08-01,Agosto,2018-08,Agosto
RF-06,Gregorio Marañón,2018,8,68.9,68.6,64.4,67.8,75.4,71.5,64.5,56.6,49.2,2018-08-01,Agosto,2018-08,Agosto
RF-29,El Pardo,2018,8,57.4,54.8,50.6,55.6,64.2,58.6,50.1,37.7,34.2,2018-08-01,Agosto,2018-08,Agosto
RF-12,Manuel Becerra,2018,8,63.8,63.0,57.8,62.4,69.7,63.8,59.1,51.6,45.7,2018-08-01,Agosto,2018-08,Agosto
RF-11,Ramón y Cajal,2018,8,66.9,65.7,60.2,65.3,72.1,68.9,62.6,48.9,40.3,2018-08-01,Agosto,2018-08,Agosto
RF-17,Villaverde,2018,8,56.6,62.8,56.9,58.5,68.8,61.6,52.6,42.8,37.1,2018-08-01,Agosto,2018-08,Agosto
RF-10,Cuatro Caminos,2018,8,63.0,62.8,57.5,61.8,70.6,65.1,56.9,46.5,40.0,2018-08-01,Agosto,2018-08,Agosto
RF-54,Ensanche de Vallecas,2018,8,57.9,58.2,51.8,56.7,64.3,60.0,54.6,43.0,35.8,2018-08-01,Agosto,2018-08,Agosto
RF-86,Tres Olivos,2018,8,55.1,55.2,48.4,53.8,64.0,57.0,47.1,38.9,36.0,2018-08-01,Agosto,2018-08,Agosto
RF-55,Urb Embajada 2,2018,8,56.0,54.2,50.7,54.5,62.4,56.7,50.6,46.4,43.0,2018-08-01,Agosto,2018-08,Agosto
RF-48,Castellana,2018,8,60.8,60.0,56.3,59.6,66.1,62.4,58.5,51.2,46.2,2018-08-01,Agosto,2018-08,Agosto
RF-31,Sanchinarro,2018,8,60.5,61.3,51.0,59.2,70.0,63.8,50.0,42.1,37.2,2018-08-01,Agosto,2018-08,Agosto
RF-04,Plaza de España,2018,8,63.9,63.9,60.0,62.9,70.4,65.1,61.6,54.4,48.5,2018-08-01,Agosto,2018-08,Agosto
RF-24,Casa de Campo,2018,8,51.8,49.5,44.4,50.0,55.4,51.0,46.9,40.3,38.4,2018-08-01,Agosto,2018-08,Agosto
RF-30,Campo de las Naciones,2018,8,57.3,57.0,51.9,56.1,63.8,59.2,54.1,43.7,38.8,2018-08-01,Agosto,2018-08,Agosto
RF-05,Barrio del Pilar,2018,8,59.3,61.2,53.7,58.6,65.7,61.0,56.2,47.7,43.4,2018-08-01,Agosto,2018-08,Agosto
RF-01,Paseo de Recoletos,2018,8,66.5,66.1,62.8,65.5,72.0,69.0,62.5,54.9,49.3,2018-08-01,Agosto,2018-08,Agosto
RF-14,Plaza Elíptica,2018,8,63.4,63.4,59.2,62.4,69.3,64.6,60.8,54.5,48.5,2018-08-01,Agosto,2018-08,Agosto
RF-27,Barajas Pueblo,2018,8,60.2,59.2,56.3,59.1,69.7,62.9,51.6,45.1,37.0,2018-08-01,Agosto,2018-08,Agosto
RF-02,Carlos V,2018,8,70.3,67.8,64.7,68.6,75.0,69.5,65.5,59.3,52.8,2018-08-01,Agosto,2018-08,Agosto
RF-18,General Ricardos ubicación antigua,2018,8,56.5,58.5,51.7,55.9,65.6,58.3,50.3,43.1,39.4,2018-08-01,Agosto,2018-08,Agosto
RF-08,Escuelas Aguirre,2018,8,66.0,65.7,62.4,65.0,72.2,67.9,63.2,56.0,48.6,2018-08-01,Agosto,2018-08,Agosto
RF-19,Alto de Extremadura,2018,8,59.7,59.3,54.3,58.5,67.4,60.9,53.6,45.8,41.1,2018-08-01,Agosto,2018-08,Agosto
RF-28,Cuatro Vientos,2018,8,65.7,64.7,58.7,64.2,73.0,68.3,58.2,40.6,35.9,2018-08-01,Agosto,2018-08,Agosto
RF-26,Embajada,2018,8,59.0,58.4,54.9,57.9,64.7,61.3,55.7,50.1,43.5,2018-08-01,Agosto,2018-08,Agosto
RF-01,Paseo de Recoletos,2018,9,67.0,66.8,63.9,66.2,72.5,69.5,64.1,56.2,49.2,2018-09-01,Septiembre,2018-09,Septiembre
RF-11,Ramón y Cajal,2018,9,69.1,69.1,62.9,67.8,74.3,70.4,65.8,52.2,40.6,2018-09-01,Septiembre,2018-09,Septiembre
RF-26,Embajada,2018,9,59.7,59.2,55.4,58.6,65.4,62.0,56.6,50.0,42.8,2018-09-01,Septiembre,2018-09,Septiembre
RF-13,Vallecas,2018,9,58.3,59.0,54.5,57.5,65.9,60.0,54.0,43.9,38.4,2018-09-01,Septiembre,2018-09,Septiembre
RF-31,Sanchinarro,2018,9,62.2,62.5,53.8,60.8,70.8,65.7,52.1,42.2,36.8,2018-09-01,Septiembre,2018-09,Septiembre
RF-29,El Pardo,2018,9,57.3,55.9,60.1,58.3,67.2,59.8,51.4,37.3,34.0,2018-09-01,Septiembre,2018-09,Septiembre
RF-55,Urb Embajada 2,2018,9,55.9,54.8,51.6,54.7,62.5,57.4,51.2,46.2,42.8,2018-09-01,Septiembre,2018-09,Septiembre
RF-24,Casa de Campo,2018,9,49.9,51.0,44.5,49.1,55.9,51.4,46.6,40.0,38.2,2018-09-01,Septiembre,2018-09,Septiembre
RF-50,Plaza de Castilla,2018,9,65.9,65.3,61.3,64.6,71.3,66.2,62.3,55.1,48.5,2018-09-01,Septiembre,2018-09,Septiembre
RF-30,Campo de las Naciones,2018,9,59.9,58.8,54.1,58.5,66.6,61.4,56.0,42.7,38.3,2018-09-01,Septiembre,2018-09,Septiembre
RF-02,Carlos V,2018,9,69.3,69.1,65.7,68.3,75.0,70.2,66.7,60.6,53.8,2018-09-01,Septiembre,2018-09,Septiembre
RF-18,General Ricardos ubicación antigua,2018,9,57.4,58.4,50.3,56.3,66.1,58.8,51.4,43.0,39.5,2018-09-01,Septiembre,2018-09,Septiembre
RF-19,Alto de Extremadura,2018,9,60.2,59.8,53.9,58.8,67.0,61.6,54.8,44.8,38.4,2018-09-01,Septiembre,2018-09,Septiembre
RF-27,Barajas Pueblo,2018,9,60.9,60.7,56.0,59.8,70.1,63.9,52.0,43.9,36.7,2018-09-01,Septiembre,2018-09,Septiembre
RF-14,Plaza Elíptica,2018,9,64.3,64.3,59.7,63.2,69.9,65.4,61.7,54.8,48.8,2018-09-01,Septiembre,2018-09,Septiembre
RF-17,Villaverde,2018,9,57.1,61.6,53.9,57.7,67.6,60.5,52.9,41.8,35.6,2018-09-01,Septiembre,2018-09,Septiembre
RF-10,Cuatro Caminos,2018,9,64.9,64.1,58.9,63.4,71.8,66.9,59.2,48.0,41.6,2018-09-01,Septiembre,2018-09,Septiembre
RF-05,Barrio del Pilar,2018,9,61.8,62.1,53.7,60.4,68.3,62.8,57.7,47.3,42.5,2018-09-01,Septiembre,2018-09,Septiembre
RF-03,Plaza del Carmen,2018,9,62.0,61.4,60.4,61.4,69.9,63.9,58.9,53.6,50.2,2018-09-01,Septiembre,2018-09,Septiembre
RF-16,Arturo Soria,2018,9,60.4,60.0,55.1,59.2,66.2,62.7,56.8,41.8,35.1,2018-09-01,Septiembre,2018-09,Septiembre
RF-28,Cuatro Vientos,2018,9,66.7,65.6,59.9,65.3,73.8,69.7,59.8,41.0,36.2,2018-09-01,Septiembre,2018-09,Septiembre
RF-06,Gregorio Marañón,2018,9,70.7,70.2,66.2,69.5,76.8,72.9,66.4,58.9,51.3,2018-09-01,Septiembre,2018-09,Septiembre
RF-86,Tres Olivos,2018,9,57.7,58.7,50.1,56.6,65.6,59.4,49.9,38.4,35.5,2018-09-01,Septiembre,2018-09,Septiembre
RF-20,Avenida de Moratalaz,2018,9,60.0,60.4,53.5,58.8,66.8,61.2,56.1,45.2,39.4,2018-09-01,Septiembre,2018-09,Septiembre
RF-04,Plaza de España,2018,9,65.0,64.9,60.7,63.9,71.4,66.4,62.6,55.4,49.3,2018-09-01,Septiembre,2018-09,Septiembre
RF-12,Manuel Becerra,2018,9,63.9,64.4,59.0,62.9,69.8,64.8,60.7,53.0,47.2,2018-09-01,Septiembre,2018-09,Septiembre
RF-54,Ensanche de Vallecas,2018,9,59.8,59.5,57.7,59.1,65.7,61.7,56.4,43.0,35.8,2018-09-01,Septiembre,2018-09,Septiembre
RF-08,Escuelas Aguirre,2018,9,66.9,66.7,63.1,65.9,72.7,68.8,64.2,56.9,48.8,2018-09-01,Septiembre,2018-09,Septiembre
RF-25,Santa Eugenia,2018,9,65.7,65.6,61.4,64.6,69.3,66.9,64.4,57.6,49.7,2018-09-01,Septiembre,2018-09,Septiembre
RF-48,Castellana,2018,9,62.4,61.9,57.9,61.2,68.1,64.3,59.7,52.8,47.0,2018-09-01,Septiembre,2018-09,Septiembre
RF-47,Mendez Álvaro,2018,9,55.2,57.9,51.1,54.9,65.8,55.0,48.5,41.7,36.9,2018-09-01,Septiembre,2018-09,Septiembre
RF-28,Cuatro Vientos,2018,10,68.2,66.7,60.6,66.5,74.9,70.9,60.8,42.2,36.4,2018-10-01,Octubre,2018-10,Octubre
RF-04,Plaza de España,2018,10,66.4,65.5,61.1,65.1,74.4,67.1,63.3,55.9,50.0,2018-10-01,Octubre,2018-10,Octubre
RF-30,Campo de las Naciones,2018,10,60.9,59.5,53.4,59.2,67.0,62.6,56.8,43.6,37.6,2018-10-01,Octubre,2018-10,Octubre
RF-01,Paseo de Recoletos,2018,10,68.2,67.9,64.7,67.3,73.7,70.4,64.9,56.7,48.3,2018-10-01,Octubre,2018-10,Octubre
RF-55,Urb Embajada 2,2018,10,57.7,55.6,51.3,56.0,64.0,58.6,51.7,45.2,41.0,2018-10-01,Octubre,2018-10,Octubre
RF-29,El Pardo,2018,10,58.1,55.8,50.0,56.2,65.3,60.2,50.4,36.0,33.2,2018-10-01,Octubre,2018-10,Octubre
RF-06,Gregorio Marañón,2018,10,71.9,71.3,67.2,70.7,77.7,74.1,67.5,60.0,52.3,2018-10-01,Octubre,2018-10,Octubre
RF-20,Avenida de Moratalaz,2018,10,61.4,61.0,53.5,59.8,67.9,62.5,57.1,45.1,39.8,2018-10-01,Octubre,2018-10,Octubre
RF-47,Mendez Álvaro,2018,10,56.1,57.7,48.0,55.1,65.9,55.5,48.4,39.9,35.5,2018-10-01,Octubre,2018-10,Octubre
RF-19,Alto de Extremadura,2018,10,61.7,60.2,54.5,60.0,68.2,62.4,55.9,45.3,37.2,2018-10-01,Octubre,2018-10,Octubre
RF-11,Ramón y Cajal,2018,10,80.0,68.7,63.1,77.2,76.5,71.5,66.7,52.4,41.0,2018-10-01,Octubre,2018-10,Octubre
RF-03,Plaza del Carmen,2018,10,63.5,63.7,60.0,62.7,71.2,64.6,58.9,52.4,48.4,2018-10-01,Octubre,2018-10,Octubre
RF-86,Tres Olivos,2018,10,59.0,57.1,49.7,57.1,66.8,60.5,50.9,38.3,36.0,2018-10-01,Octubre,2018-10,Octubre
RF-50,Plaza de Castilla,2018,10,66.7,66.2,61.5,65.5,71.8,67.3,63.2,55.3,48.3,2018-10-01,Octubre,2018-10,Octubre
RF-24,Casa de Campo,2018,10,50.2,47.7,43.6,48.5,56.2,50.8,46.1,38.9,36.3,2018-10-01,Octubre,2018-10,Octubre
RF-12,Manuel Becerra,2018,10,64.8,64.6,59.5,63.6,71.0,65.4,61.3,53.5,47.5,2018-10-01,Octubre,2018-10,Octubre
RF-27,Barajas Pueblo,2018,10,62.5,61.3,56.7,61.2,71.4,65.3,54.3,43.3,35.8,2018-10-01,Octubre,2018-10,Octubre
RF-26,Embajada,2018,10,61.8,60.7,56.7,60.4,68.2,63.9,58.0,50.7,42.8,2018-10-01,Octubre,2018-10,Octubre
RF-54,Ensanche de Vallecas,2018,10,61.0,61.2,53.3,59.6,66.9,63.1,57.7,43.9,37.5,2018-10-01,Octubre,2018-10,Octubre
RF-31,Sanchinarro,2018,10,63.9,63.5,53.3,62.3,72.3,67.0,54.6,42.9,38.4,2018-10-01,Octubre,2018-10,Octubre
RF-08,Escuelas Aguirre,2018,10,67.0,66.8,63.8,66.2,72.8,69.0,64.6,56.9,46.4,2018-10-01,Octubre,2018-10,Octubre
RF-05,Barrio del Pilar,2018,10,63.5,65.3,61.9,63.4,74.1,65.4,59.0,47.4,42.1,2018-10-01,Octubre,2018-10,Octubre
RF-10,Cuatro Caminos,2018,10,66.5,65.0,60.2,64.9,73.4,68.2,60.3,47.3,38.7,2018-10-01,Octubre,2018-10,Octubre
RF-16,Arturo Soria,2018,10,62.3,61.4,56.0,60.8,67.8,64.3,58.5,41.8,35.2,2018-10-01,Octubre,2018-10,Octubre
RF-13,Vallecas,2018,10,60.1,59.4,52.7,58.5,66.2,60.4,54.2,43.5,38.3,2018-10-01,Octubre,2018-10,Octubre
RF-25,Santa Eugenia,2018,10,67.6,67.3,62.5,66.4,72.7,69.0,65.8,58.3,49.7,2018-10-01,Octubre,2018-10,Octubre
RF-48,Castellana,2018,10,62.9,62.6,58.4,61.8,67.9,65.0,60.4,52.9,45.7,2018-10-01,Octubre,2018-10,Octubre
RF-14,Plaza Elíptica,2018,10,64.9,65.2,59.8,63.9,70.6,66.0,62.4,54.9,47.5,2018-10-01,Octubre,2018-10,Octubre
RF-02,Carlos V,2018,10,71.9,70.1,66.5,70.4,80.5,71.6,67.6,61.2,54.6,2018-10-01,Octubre,2018-10,Octubre
RF-18,General Ricardos ubicación antigua,2018,10,58.4,57.4,49.9,56.7,66.1,58.4,51.5,42.7,38.8,2018-10-01,Octubre,2018-10,Octubre
RF-17,Villaverde,2018,10,57.9,59.6,51.2,57.0,66.6,59.4,52.5,41.4,35.6,2018-10-01,Octubre,2018-10,Octubre
RF-12,Manuel Becerra,2018,11,65.5,63.8,59.2,63.5,71.1,65.1,61.1,53.8,47.1,2018-11-01,Noviembre,2018-11,Noviembre
RF-20,Avenida de Moratalaz,2018,11,61.9,60.9,54.4,60.3,68.1,62.9,57.6,45.7,39.8,2018-11-01,Noviembre,2018-11,Noviembre
RF-48,Castellana,2018,11,63.6,63.0,59.3,62.5,68.6,65.7,61.2,53.9,46.4,2018-11-01,Noviembre,2018-11,Noviembre
RF-30,Campo de las Naciones,2018,11,61.7,60.0,54.5,60.0,67.5,63.1,57.9,45.3,40.5,2018-11-01,Noviembre,2018-11,Noviembre
RF-10,Cuatro Caminos,2018,11,66.5,65.6,60.7,65.1,73.5,68.7,60.8,49.5,41.8,2018-11-01,Noviembre,2018-11,Noviembre
RF-86,Tres Olivos,2018,11,59.0,57.4,50.6,57.2,67.1,61.0,51.6,38.7,35.7,2018-11-01,Noviembre,2018-11,Noviembre
RF-16,Arturo Soria,2018,11,63.3,62.1,57.2,61.8,68.7,65.4,59.6,43.4,36.2,2018-11-01,Noviembre,2018-11,Noviembre
RF-28,Cuatro Vientos,2018,11,68.8,67.3,61.4,67.1,75.5,71.8,61.7,44.2,38.2,2018-11-01,Noviembre,2018-11,Noviembre
RF-50,Plaza de Castilla,2018,11,67.1,66.6,62.8,65.9,72.3,67.7,63.9,56.9,50.6,2018-11-01,Noviembre,2018-11,Noviembre
RF-04,Plaza de España,2018,11,66.1,65.5,61.5,64.9,73.1,67.1,63.4,56.6,50.1,2018-11-01,Noviembre,2018-11,Noviembre
RF-17,Villaverde,2018,11,57.6,58.9,50.5,56.5,66.1,59.3,52.3,41.1,35.4,2018-11-01,Noviembre,2018-11,Noviembre
RF-08,Escuelas Aguirre,2018,11,67.6,67.1,64.5,66.7,73.3,69.6,65.1,57.7,48.3,2018-11-01,Noviembre,2018-11,Noviembre
RF-54,Ensanche de Vallecas,2018,11,61.7,61.3,54.5,60.2,67.2,63.8,58.5,44.4,38.6,2018-11-01,Noviembre,2018-11,Noviembre
RF-18,General Ricardos ubicación antigua,2018,11,57.5,57.3,48.8,56.0,65.6,58.5,51.2,41.2,37.0,2018-11-01,Noviembre,2018-11,Noviembre
RF-29,El Pardo,2018,11,58.6,55.6,50.4,56.7,65.9,60.8,50.6,36.3,32.7,2018-11-01,Noviembre,2018-11,Noviembre
RF-24,Casa de Campo,2018,11,49.6,46.8,43.9,47.9,55.6,50.7,45.5,39.0,36.8,2018-11-01,Noviembre,2018-11,Noviembre
RF-13,Vallecas,2018,11,59.3,59.7,52.6,58.1,65.8,61.0,54.6,43.3,39.2,2018-11-01,Noviembre,2018-11,Noviembre
RF-55,Urb Embajada 2,2018,11,57.8,55.9,51.5,56.1,64.5,58.9,51.5,44.7,41.3,2018-11-01,Noviembre,2018-11,Noviembre
RF-14,Plaza Elíptica,2018,11,65.5,65.0,60.6,64.3,70.8,66.6,63.1,56.0,49.3,2018-11-01,Noviembre,2018-11,Noviembre
RF-06,Gregorio Marañón,2018,11,72.3,71.7,67.7,71.2,77.9,74.6,68.0,60.7,52.7,2018-11-01,Noviembre,2018-11,Noviembre
RF-05,Barrio del Pilar,2018,11,63.6,60.8,54.6,61.5,69.9,64.1,58.2,47.0,42.3,2018-11-01,Noviembre,2018-11,Noviembre
RF-47,Mendez Álvaro,2018,11,58.2,55.7,48.3,56.2,66.4,55.6,48.3,40.5,36.4,2018-11-01,Noviembre,2018-11,Noviembre
RF-19,Alto de Extremadura,2018,11,61.5,60.8,55.3,60.1,67.9,62.9,56.6,46.8,38.8,2018-11-01,Noviembre,2018-11,Noviembre
RF-31,Sanchinarro,2018,11,64.4,64.3,53.9,62.8,72.9,67.8,55.0,43.9,38.7,2018-11-01,Noviembre,2018-11,Noviembre
RF-11,Ramón y Cajal,2018,11,70.7,69.9,64.0,69.2,77.4,72.3,67.3,54.1,42.2,2018-11-01,Noviembre,2018-11,Noviembre
RF-26,Embajada,2018,11,64.0,61.5,61.9,63.1,68.8,64.9,58.8,51.3,44.7,2018-11-01,Noviembre,2018-11,Noviembre
RF-27,Barajas Pueblo,2018,11,62.8,61.6,56.8,61.3,71.9,65.7,52.8,42.3,36.0,2018-11-01,Noviembre,2018-11,Noviembre
RF-01,Paseo de Recoletos,2018,11,68.2,68.0,65.6,67.5,73.9,70.8,65.3,57.4,49.3,2018-11-01,Noviembre,2018-11,Noviembre
RF-25,Santa Eugenia,2018,11,68.2,67.8,63.6,66.9,71.8,69.4,66.6,59.5,51.2,2018-11-01,Noviembre,2018-11,Noviembre
RF-03,Plaza del Carmen,2018,11,67.0,61.6,60.5,64.9,72.3,64.6,58.5,52.4,48.4,2018-11-01,Noviembre,2018-11,Noviembre
RF-02,Carlos V,2018,11,70.4,70.1,67.3,69.6,76.7,71.6,68.0,62.1,55.8,2018-11-01,Noviembre,2018-11,Noviembre
RF-26,Embajada,2018,12,61.5,60.8,57.0,60.2,67.4,63.8,58.0,51.4,44.4,2018-12-01,Diciembre,2018-12,Diciembre
RF-48,Castellana,2018,12,63.2,63.0,59.6,62.2,68.4,65.4,61.0,54.2,46.8,2018-12-01,Diciembre,2018-12,Diciembre
RF-47,Mendez Álvaro,2018,12,59.0,59.5,52.7,57.8,65.4,54.6,47.4,40.6,36.2,2018-12-01,Diciembre,2018-12,Diciembre
RF-04,Plaza de España,2018,12,65.8,65.7,62.0,64.9,73.0,67.0,63.4,56.7,49.9,2018-12-01,Diciembre,2018-12,Diciembre
RF-08,Escuelas Aguirre,2018,12,67.2,66.5,64.5,66.3,72.9,69.2,64.6,57.0,46.9,2018-12-01,Diciembre,2018-12,Diciembre
RF-14,Plaza Elíptica,2018,12,65.6,64.9,60.9,64.4,71.0,66.4,62.9,56.1,49.4,2018-12-01,Diciembre,2018-12,Diciembre
RF-54,Ensanche de Vallecas,2018,12,61.9,62.0,54.9,60.6,67.0,63.8,58.5,45.6,37.5,2018-12-01,Diciembre,2018-12,Diciembre
RF-86,Tres Olivos,2018,12,61.3,59.3,51.1,59.4,66.6,60.3,50.3,38.0,35.1,2018-12-01,Diciembre,2018-12,Diciembre
RF-20,Avenida de Moratalaz,2018,12,61.5,60.3,55.5,60.0,67.4,62.2,57.3,46.5,39.8,2018-12-01,Diciembre,2018-12,Diciembre
RF-10,Cuatro Caminos,2018,12,65.9,65.2,60.7,64.6,73.1,68.3,60.3,49.9,43.1,2018-12-01,Diciembre,2018-12,Diciembre
RF-01,Paseo de Recoletos,2018,12,67.8,67.6,65.4,67.1,73.0,70.4,64.6,57.2,50.3,2018-12-01,Diciembre,2018-12,Diciembre
RF-12,Manuel Becerra,2018,12,64.1,65.2,59.6,63.3,70.5,64.8,60.9,54.4,48.6,2018-12-01,Diciembre,2018-12,Diciembre
RF-50,Plaza de Castilla,2018,12,66.8,66.3,62.3,65.6,72.0,67.2,63.4,56.6,50.5,2018-12-01,Diciembre,2018-12,Diciembre
RF-27,Barajas Pueblo,2018,12,63.9,62.9,57.7,62.4,72.3,65.8,53.7,44.0,36.8,2018-12-01,Diciembre,2018-12,Diciembre
RF-11,Ramón y Cajal,2018,12,69.7,69.6,64.2,68.6,76.6,71.5,66.6,54.4,42.4,2018-12-01,Diciembre,2018-12,Diciembre
RF-28,Cuatro Vientos,2018,12,68.8,67.4,61.5,67.1,75.5,71.7,61.6,43.7,38.1,2018-12-01,Diciembre,2018-12,Diciembre
RF-31,Sanchinarro,2018,12,64.7,64.4,54.3,63.0,72.8,68.1,55.0,43.9,38.9,2018-12-01,Diciembre,2018-12,Diciembre
RF-17,Villaverde,2018,12,60.6,64.0,60.8,61.5,66.4,58.9,52.5,42.9,34.8,2018-12-01,Diciembre,2018-12,Diciembre
RF-06,Gregorio Marañón,2018,12,71.7,71.2,67.9,70.6,77.7,74.1,67.5,60.9,53.5,2018-12-01,Diciembre,2018-12,Diciembre
RF-16,Arturo Soria,2018,12,62.7,62.0,57.5,61.4,67.9,64.9,59.2,43.7,37.1,2018-12-01,Diciembre,2018-12,Diciembre
RF-25,Santa Eugenia,2018,12,67.3,66.8,62.8,66.1,70.8,68.4,66.0,59.3,51.2,2018-12-01,Diciembre,2018-12,Diciembre
RF-05,Barrio del Pilar,2018,12,62.4,65.7,55.2,62.1,69.1,63.5,58.2,48.0,43.9,2018-12-01,Diciembre,2018-12,Diciembre
RF-19,Alto de Extremadura,2018,12,61.3,60.8,57.3,60.2,68.0,62.8,56.3,47.2,39.6,2018-12-01,Diciembre,2018-12,Diciembre
RF-55,Urb Embajada 2,2018,12,57.1,57.1,52.1,55.8,64.2,58.6,51.4,44.5,40.5,2018-12-01,Diciembre,2018-12,Diciembre
RF-29,El Pardo,2018,12,57.9,55.2,49.9,56.0,65.1,60.3,49.4,34.7,32.1,2018-12-01,Diciembre,2018-12,Diciembre
RF-24,Casa de Campo,2018,12,49.5,46.8,44.0,47.9,55.3,51.0,45.6,40.0,37.1,2018-12-01,Diciembre,2018-12,Diciembre
RF-13,Vallecas,2018,12,61.2,59.5,55.7,59.7,65.8,60.8,54.1,43.1,37.6,2018-12-01,Diciembre,2018-12,Diciembre
RF-03,Plaza del Carmen,2018,12,63.1,61.8,61.0,62.3,71.7,64.5,58.6,52.7,49.2,2018-12-01,Diciembre,2018-12,Diciembre
RF-02,Carlos V,2018,12,70.4,70.3,67.3,69.6,76.0,71.1,67.7,61.9,56.0,2018-12-01,Diciembre,2018-12,Diciembre
RF-18,General Ricardos ubicación antigua,2018,12,60.5,65.1,59.3,62.2,66.7,58.9,51.2,42.2,37.2,2018-12-01,Diciembre,2018-12,Diciembre
RF-30,Campo de las Naciones,2018,12,60.7,60.9,53.9,59.4,66.4,62.4,57.0,44.9,39.5,2018-12-01,Diciembre,2018-12,Diciembre
RF-17,Villaverde,2019,1,58.0,58.5,63.8,60.9,65.5,58.3,52.2,43.1,37.9,2019-01-01,Enero,2019-01,Enero
RF-20,Avenida de Moratalaz,2019,1,62.1,60.7,58.1,60.9,68.5,62.4,57.3,44.8,39.1,2019-01-01,Enero,2019-01,Enero
RF-29,El Pardo,2019,1,58.5,55.7,50.8,56.6,65.6,60.9,51.4,36.4,32.1,2019-01-01,Enero,2019-01,Enero
RF-12,Manuel Becerra,2019,1,64.3,64.0,65.5,64.7,70.7,64.7,60.7,52.7,45.3,2019-01-01,Enero,2019-01,Enero
RF-55,Urb Embajada 2,2019,1,58.0,56.4,52.5,56.6,64.5,59.3,52.4,44.9,40.6,2019-01-01,Enero,2019-01,Enero
RF-54,Ensanche de Vallecas,2019,1,61.8,61.6,58.5,60.9,67.4,64.0,58.8,44.9,38.8,2019-01-01,Enero,2019-01,Enero
RF-18,General Ricardos ubicación antigua,2019,1,57.8,58.2,74.4,69.7,66.1,58.5,50.9,42.5,37.8,2019-01-01,Enero,2019-01,Enero
RF-30,Campo de las Naciones,2019,1,62.3,67.7,55.3,62.8,68.1,62.8,57.1,45.4,40.1,2019-01-01,Enero,2019-01,Enero
RF-24,Casa de Campo,2019,1,50.9,48.2,46.1,49.3,59.1,51.6,45.5,39.8,37.2,2019-01-01,Enero,2019-01,Enero
RF-27,Barajas Pueblo,2019,1,63.2,63.6,59.2,62.3,72.6,66.2,55.0,44.3,37.9,2019-01-01,Enero,2019-01,Enero
RF-26,Embajada,2019,1,61.8,61.1,61.8,61.7,67.4,63.9,58.2,51.4,44.6,2019-01-01,Enero,2019-01,Enero
RF-11,Ramón y Cajal,2019,1,69.6,68.6,64.6,68.3,74.4,71.3,66.3,51.6,40.1,2019-01-01,Enero,2019-01,Enero
RF-02,Carlos V,2019,1,69.9,69.4,66.5,68.9,75.5,71.0,67.4,60.7,54.0,2019-01-01,Enero,2019-01,Enero
RF-05,Barrio del Pilar,2019,1,61.6,63.3,57.2,61.0,67.2,62.8,58.0,47.0,43.1,2019-01-01,Enero,2019-01,Enero
RF-06,Gregorio Marañón,2019,1,71.5,71.5,66.9,70.5,77.7,74.0,67.2,59.4,51.8,2019-01-01,Enero,2019-01,Enero
RF-19,Alto de Extremadura,2019,1,61.3,60.3,59.6,60.6,67.6,62.7,56.3,46.3,38.6,2019-01-01,Enero,2019-01,Enero
RF-01,Paseo de Recoletos,2019,1,68.5,68.5,65.5,67.8,74.5,71.3,64.9,56.9,49.0,2019-01-01,Enero,2019-01,Enero
RF-48,Castellana,2019,1,63.4,63.4,59.0,62.3,68.7,65.5,60.9,53.0,45.8,2019-01-01,Enero,2019-01,Enero
RF-31,Sanchinarro,2019,1,64.2,64.6,54.4,62.8,72.6,67.7,55.2,42.7,30.0,2019-01-01,Enero,2019-01,Enero
RF-16,Arturo Soria,2019,1,62.4,61.7,57.0,61.1,67.8,64.8,58.9,42.4,36.2,2019-01-01,Enero,2019-01,Enero
RF-50,Plaza de Castilla,2019,1,66.7,66.2,62.0,65.5,71.8,67.4,63.4,55.4,48.5,2019-01-01,Enero,2019-01,Enero
RF-86,Tres Olivos,2019,1,58.5,57.2,55.7,57.5,66.8,60.7,51.4,38.8,36.1,2019-01-01,Enero,2019-01,Enero
RF-08,Escuelas Aguirre,2019,1,67.0,66.5,64.5,66.2,73.0,69.0,64.3,55.1,44.6,2019-01-01,Enero,2019-01,Enero
RF-13,Vallecas,2019,1,59.3,59.1,61.6,60.2,65.7,60.7,54.1,42.5,37.6,2019-01-01,Enero,2019-01,Enero
RF-25,Santa Eugenia,2019,1,66.9,66.8,62.2,65.8,70.9,68.0,65.5,58.0,49.4,2019-01-01,Enero,2019-01,Enero
RF-10,Cuatro Caminos,2019,1,66.0,65.3,60.0,64.6,72.9,68.2,60.4,48.2,41.2,2019-01-01,Enero,2019-01,Enero
RF-47,Mendez Álvaro,2019,1,56.9,60.9,58.9,58.5,66.5,55.6,47.9,40.6,36.3,2019-01-01,Enero,2019-01,Enero
RF-04,Plaza de España,2019,1,65.5,65.3,61.4,64.5,72.5,66.7,62.8,55.5,47.9,2019-01-01,Enero,2019-01,Enero
RF-28,Cuatro Vientos,2019,1,68.8,67.4,62.5,67.2,75.5,71.7,61.6,43.5,37.7,2019-01-01,Enero,2019-01,Enero
RF-03,Plaza del Carmen,2019,1,62.7,60.6,60.9,61.8,69.9,63.7,57.5,51.6,49.1,2019-01-01,Enero,2019-01,Enero
RF-28,Cuatro Vientos,2019,2,68.9,66.7,61.0,67.1,75.3,71.6,61.8,42.4,37.7,2019-02-01,Febrero,2019-02,Febrero
RF-02,Carlos V,2019,2,70.2,69.5,66.4,69.0,75.5,70.9,67.4,61.1,54.8,2019-02-01,Febrero,2019-02,Febrero
RF-06,Gregorio Marañón,2019,2,71.8,71.0,66.9,70.5,77.6,73.8,67.4,59.7,51.3,2019-02-01,Febrero,2019-02,Febrero
RF-47,Mendez Álvaro,2019,2,54.9,56.6,48.5,54.1,64.4,55.2,48.0,40.2,36.6,2019-02-01,Febrero,2019-02,Febrero
RF-05,Barrio del Pilar,2019,2,61.9,60.6,54.2,60.2,68.5,62.8,58.1,47.8,44.1,2019-02-01,Febrero,2019-02,Febrero
RF-19,Alto de Extremadura,2019,2,60.9,60.0,55.2,59.5,67.4,62.4,56.0,46.1,38.1,2019-02-01,Febrero,2019-02,Febrero
RF-25,Santa Eugenia,2019,2,66.9,66.4,62.2,65.7,70.3,68.0,65.6,58.0,49.7,2019-02-01,Febrero,2019-02,Febrero
RF-16,Arturo Soria,2019,2,62.9,61.4,56.3,61.3,68.9,64.6,58.9,42.2,36.3,2019-02-01,Febrero,2019-02,Febrero
RF-14,Plaza Elíptica,2019,2,65.6,64.8,59.9,64.2,,,,,,2019-02-01,Febrero,2019-02,Febrero
RF-11,Ramón y Cajal,2019,2,69.6,68.5,62.8,68.1,74.2,71.1,66.4,51.6,40.1,2019-02-01,Febrero,2019-02,Febrero
RF-13,Vallecas,2019,2,58.8,58.3,52.0,57.4,65.0,60.5,53.9,42.0,38.0,2019-02-01,Febrero,2019-02,Febrero
RF-18,General Ricardos ubicación antigua,2019,2,58.9,57.4,50.6,57.1,65.9,58.9,51.8,42.5,38.1,2019-02-01,Febrero,2019-02,Febrero
RF-30,Campo de las Naciones,2019,2,61.0,59.2,53.6,59.2,66.8,62.5,57.2,44.6,40.8,2019-02-01,Febrero,2019-02,Febrero
RF-04,Plaza de España,2019,2,65.7,65.4,61.3,64.6,72.6,66.8,63.2,55.8,48.7,2019-02-01,Febrero,2019-02,Febrero
RF-29,El Pardo,2019,2,58.3,55.9,50.2,56.4,65.4,60.6,50.5,35.0,32.3,2019-02-01,Febrero,2019-02,Febrero
RF-03,Plaza del Carmen,2019,2,65.0,61.0,60.1,63.3,71.6,63.8,57.6,51.5,48.2,2019-02-01,Febrero,2019-02,Febrero
RF-24,Casa de Campo,2019,2,50.0,46.6,44.4,48.3,56.0,51.0,45.7,39.5,37.1,2019-02-01,Febrero,2019-02,Febrero
RF-31,Sanchinarro,2019,2,63.8,63.6,53.5,62.2,72.2,67.1,54.4,43.3,38.4,2019-02-01,Febrero,2019-02,Febrero
RF-20,Avenida de Moratalaz,2019,2,69.0,60.9,53.2,66.3,78.8,65.0,57.1,43.5,38.0,2019-02-01,Febrero,2019-02,Febrero
RF-55,Urb Embajada 2,2019,2,57.8,56.4,52.1,56.3,64.6,59.1,52.0,44.7,41.0,2019-02-01,Febrero,2019-02,Febrero
RF-86,Tres Olivos,2019,2,58.8,57.0,50.6,57.0,66.8,60.8,51.5,38.7,36.3,2019-02-01,Febrero,2019-02,Febrero
RF-08,Escuelas Aguirre,2019,2,67.3,66.5,63.4,66.2,73.0,69.2,64.4,55.8,44.4,2019-02-01,Febrero,2019-02,Febrero
RF-50,Plaza de Castilla,2019,2,68.1,66.0,61.6,66.4,71.8,67.0,63.2,55.4,48.2,2019-02-01,Febrero,2019-02,Febrero
RF-54,Ensanche de Vallecas,2019,2,61.3,61.1,54.0,59.9,66.9,63.5,58.2,44.2,39.3,2019-02-01,Febrero,2019-02,Febrero
RF-27,Barajas Pueblo,2019,2,63.5,65.4,57.8,62.8,73.0,66.2,54.4,44.5,38.9,2019-02-01,Febrero,2019-02,Febrero
RF-17,Villaverde,2019,2,57.7,56.8,50.3,56.1,65.0,58.5,52.3,41.8,36.6,2019-02-01,Febrero,2019-02,Febrero
RF-01,Paseo de Recoletos,2019,2,68.5,68.1,65.6,67.6,73.8,70.9,64.9,57.2,49.3,2019-02-01,Febrero,2019-02,Febrero
RF-10,Cuatro Caminos,2019,2,66.1,64.8,59.3,64.5,72.8,68.1,60.4,48.2,40.8,2019-02-01,Febrero,2019-02,Febrero
RF-12,Manuel Becerra,2019,2,65.2,63.8,58.7,63.6,71.5,64.9,60.9,52.8,45.4,2019-02-01,Febrero,2019-02,Febrero
RF-26,Embajada,2019,2,61.3,60.6,56.9,60.1,66.9,63.6,58.0,50.7,44.3,2019-02-01,Febrero,2019-02,Febrero
RF-48,Castellana,2019,2,63.7,62.9,59.4,62.5,68.9,65.6,61.0,53.5,46.1,2019-02-01,Febrero,2019-02,Febrero
RF-03,Plaza del Carmen,2019,3,65.7,60.9,60.0,63.6,74.9,64.4,57.7,51.5,47.2,2019-03-01,Marzo,2019-03,Marzo
RF-28,Cuatro Vientos,2019,3,68.1,66.3,60.3,66.3,74.7,70.8,60.7,43.3,37.7,2019-03-01,Marzo,2019-03,Marzo
RF-31,Sanchinarro,2019,3,63.0,62.9,52.8,61.4,71.6,66.4,53.2,42.3,37.5,2019-03-01,Marzo,2019-03,Marzo
RF-48,Castellana,2019,3,63.0,62.4,59.1,61.9,68.6,65.0,60.4,53.6,47.4,2019-03-01,Marzo,2019-03,Marzo
RF-20,Avenida de Moratalaz,2019,3,68.5,60.2,53.4,65.7,78.3,66.7,56.8,44.3,38.4,2019-03-01,Marzo,2019-03,Marzo
RF-08,Escuelas Aguirre,2019,3,67.0,66.3,63.3,66.0,72.8,68.9,64.2,56.1,45.1,2019-03-01,Marzo,2019-03,Marzo
RF-17,Villaverde,2019,3,58.2,58.0,50.0,56.7,65.4,58.7,52.6,40.7,34.4,2019-03-01,Marzo,2019-03,Marzo
RF-18,General Ricardos ubicación antigua,2019,3,57.6,57.7,51.1,56.3,65.9,58.7,51.4,42.4,37.7,2019-03-01,Marzo,2019-03,Marzo
RF-11,Ramón y Cajal,2019,3,69.0,67.5,62.8,67.4,75.6,70.4,65.1,52.1,40.8,2019-03-01,Marzo,2019-03,Marzo
RF-30,Campo de las Naciones,2019,3,60.4,58.7,54.0,58.8,66.5,62.0,56.2,43.7,38.8,2019-03-01,Marzo,2019-03,Marzo
RF-12,Manuel Becerra,2019,3,64.2,63.7,58.6,62.9,70.5,64.8,60.7,53.0,46.0,2019-03-01,Marzo,2019-03,Marzo
RF-29,El Pardo,2019,3,58.2,55.6,50.0,56.3,65.0,60.2,50.4,35.7,33.2,2019-03-01,Marzo,2019-03,Marzo
RF-55,Urb Embajada 2,2019,3,58.3,55.5,51.3,56.5,64.0,58.7,51.7,44.3,40.0,2019-03-01,Marzo,2019-03,Marzo
RF-13,Vallecas,2019,3,63.8,58.5,52.2,61.4,65.6,60.1,53.6,41.9,37.8,2019-03-01,Marzo,2019-03,Marzo
RF-14,Plaza Elíptica,2019,3,64.6,63.8,59.3,63.3,70.3,65.7,61.7,54.1,47.1,2019-03-01,Marzo,2019-03,Marzo
RF-01,Paseo de Recoletos,2019,3,68.2,67.8,65.3,67.4,73.8,70.5,64.8,57.1,49.5,2019-03-01,Marzo,2019-03,Marzo
RF-06,Gregorio Marañón,2019,3,71.3,70.7,66.8,70.1,77.3,73.5,67.0,59.7,51.3,2019-03-01,Marzo,2019-03,Marzo
RF-10,Cuatro Caminos,2019,3,65.8,64.9,58.8,64.3,72.6,67.7,59.9,48.0,40.7,2019-03-01,Marzo,2019-03,Marzo
RF-16,Arturo Soria,2019,3,61.9,60.6,55.7,60.4,67.6,63.8,58.2,42.8,35.5,2019-03-01,Marzo,2019-03,Marzo
RF-02,Carlos V,2019,3,69.8,71.0,66.1,69.2,76.5,70.6,67.0,60.7,54.0,2019-03-01,Marzo,2019-03,Marzo
RF-26,Embajada,2019,3,61.2,60.0,56.5,59.9,66.9,63.3,57.7,50.6,43.0,2019-03-01,Marzo,2019-03,Marzo
RF-27,Barajas Pueblo,2019,3,62.9,64.9,57.7,62.3,72.7,65.8,53.9,43.2,35.5,2019-03-01,Marzo,2019-03,Marzo
RF-25,Santa Eugenia,2019,3,66.6,66.0,61.7,65.4,70.5,67.7,65.1,57.9,49.4,2019-03-01,Marzo,2019-03,Marzo
RF-05,Barrio del Pilar,2019,3,63.0,60.9,54.4,61.1,68.9,62.6,57.7,47.3,41.7,2019-03-01,Marzo,2019-03,Marzo
RF-19,Alto de Extremadura,2019,3,60.5,60.4,55.0,59.3,67.1,62.0,55.4,45.2,36.1,2019-03-01,Marzo,2019-03,Marzo
RF-04,Plaza de España,2019,3,65.1,65.0,61.2,64.2,72.3,66.3,62.6,55.9,48.7,2019-03-01,Marzo,2019-03,Marzo
RF-54,Ensanche de Vallecas,2019,3,60.9,60.5,53.8,59.5,66.6,62.8,57.4,43.5,37.9,2019-03-01,Marzo,2019-03,Marzo
RF-47,Mendez Álvaro,2019,3,55.3,57.3,48.4,54.5,65.4,54.9,48.2,39.2,34.7,2019-03-01,Marzo,2019-03,Marzo
RF-24,Casa de Campo,2019,3,50.7,47.7,44.1,48.9,56.7,51.9,46.6,39.3,36.2,2019-03-01,Marzo,2019-03,Marzo
RF-50,Plaza de Castilla,2019,3,66.2,65.7,61.2,65.0,71.8,66.8,62.8,55.1,48.2,2019-03-01,Marzo,2019-03,Marzo
RF-86,Tres Olivos,2019,3,58.5,56.6,50.2,56.7,66.3,60.3,51.3,38.5,35.6,2019-03-01,Marzo,2019-03,Marzo
RF-55,Urb Embajada 2,2019,4,57.3,55.4,51.2,55.7,64.1,58.7,51.5,44.1,39.6,2019-04-01,Abril,2019-04,Abril
RF-20,Avenida de Moratalaz,2019,4,66.0,61.9,54.8,63.7,75.6,65.1,56.8,43.9,37.7,2019-04-01,Abril,2019-04,Abril
RF-19,Alto de Extremadura,2019,4,60.3,60.5,54.7,59.1,67.2,62.1,55.5,44.9,36.0,2019-04-01,Abril,2019-04,Abril
RF-86,Tres Olivos,2019,4,58.6,57.3,50.2,56.9,66.4,60.5,51.5,38.6,35.3,2019-04-01,Abril,2019-04,Abril
RF-11,Ramón y Cajal,2019,4,68.3,67.3,61.1,66.8,74.3,69.8,64.3,50.9,39.3,2019-04-01,Abril,2019-04,Abril
RF-01,Paseo de Recoletos,2019,4,67.4,67.3,64.3,66.6,73.2,70.0,63.8,55.6,48.0,2019-04-01,Abril,2019-04,Abril
RF-03,Plaza del Carmen,2019,4,63.2,61.5,59.7,62.0,71.6,63.4,57.2,51.3,46.7,2019-04-01,Abril,2019-04,Abril
RF-30,Campo de las Naciones,2019,4,60.9,59.9,54.2,59.4,67.4,62.7,57.0,43.9,38.4,2019-04-01,Abril,2019-04,Abril
RF-13,Vallecas,2019,4,61.0,58.2,51.4,59.0,68.5,60.3,53.1,42.0,37.7,2019-04-01,Abril,2019-04,Abril
RF-25,Santa Eugenia,2019,4,67.6,67.3,63.2,66.5,72.7,68.9,65.7,58.3,48.9,2019-04-01,Abril,2019-04,Abril
RF-47,Mendez Álvaro,2019,4,56.0,56.7,48.0,54.8,65.5,55.7,48.6,39.4,34.4,2019-04-01,Abril,2019-04,Abril
RF-16,Arturo Soria,2019,4,61.9,61.1,56.1,60.5,67.6,64.3,58.3,42.8,34.6,2019-04-01,Abril,2019-04,Abril
RF-10,Cuatro Caminos,2019,4,65.8,65.2,59.2,64.4,72.8,67.8,59.6,48.4,42.1,2019-04-01,Abril,2019-04,Abril
RF-50,Plaza de Castilla,2019,4,66.8,66.2,61.5,65.5,71.7,67.3,62.9,55.4,48.8,2019-04-01,Abril,2019-04,Abril
RF-31,Sanchinarro,2019,4,63.4,63.7,52.9,61.9,72.6,66.7,53.1,42.5,37.1,2019-04-01,Abril,2019-04,Abril
RF-08,Escuelas Aguirre,2019,4,67.1,66.9,63.6,66.2,73.1,69.2,64.4,56.4,46.0,2019-04-01,Abril,2019-04,Abril
RF-26,Embajada,2019,4,62.0,60.8,57.2,60.7,69.0,64.0,58.1,51.0,42.8,2019-04-01,Abril,2019-04,Abril
RF-48,Castellana,2019,4,63.1,62.8,58.5,62.0,68.8,65.3,60.4,53.0,45.8,2019-04-01,Abril,2019-04,Abril
RF-17,Villaverde,2019,4,57.3,57.7,50.5,56.1,65.0,58.7,52.4,41.0,33.8,2019-04-01,Abril,2019-04,Abril
RF-29,El Pardo,2019,4,58.4,56.5,53.6,57.0,66.1,60.7,50.8,35.6,33.0,2019-04-01,Abril,2019-04,Abril
RF-12,Manuel Becerra,2019,4,64.4,65.3,58.7,63.4,71.4,64.9,60.7,52.9,45.7,2019-04-01,Abril,2019-04,Abril
RF-54,Ensanche de Vallecas,2019,4,60.9,60.8,53.3,59.5,67.3,63.0,57.3,42.7,36.4,2019-04-01,Abril,2019-04,Abril
RF-04,Plaza de España,2019,4,65.1,64.8,60.5,64.0,71.9,66.3,62.5,55.2,48.2,2019-04-01,Abril,2019-04,Abril
RF-24,Casa de Campo,2019,4,50.8,48.6,43.5,49.0,57.6,51.9,45.7,38.9,36.2,2019-04-01,Abril,2019-04,Abril
RF-06,Gregorio Marañón,2019,4,71.5,71.0,66.9,70.3,77.7,73.8,67.2,59.5,50.3,2019-04-01,Abril,2019-04,Abril
RF-28,Cuatro Vientos,2019,4,67.9,66.8,60.4,66.3,74.9,70.8,60.6,43.9,37.0,2019-04-01,Abril,2019-04,Abril
RF-02,Carlos V,2019,4,70.0,69.8,66.3,69.0,75.5,71.0,67.0,60.5,53.8,2019-04-01,Abril,2019-04,Abril
RF-05,Barrio del Pilar,2019,4,62.1,62.1,54.2,60.7,68.1,62.7,57.5,46.3,40.6,2019-04-01,Abril,2019-04,Abril
RF-18,General Ricardos ubicación antigua,2019,4,59.2,57.8,49.6,57.4,67.1,58.7,51.4,41.7,37.3,2019-04-01,Abril,2019-04,Abril
RF-27,Barajas Pueblo,2019,4,62.6,63.6,57.1,61.6,71.9,65.4,53.6,42.7,35.0,2019-04-01,Abril,2019-04,Abril
RF-14,Plaza Elíptica,2019,4,64.9,65.4,59.8,63.9,70.4,66.0,62.0,54.6,48.3,2019-04-01,Abril,2019-04,Abril
RF-13,Vallecas,2019,5,57.2,58.8,51.8,56.4,65.0,58.6,52.5,42.7,37.7,2019-05-01,Mayo,2019-05,Mayo
RF-11,Ramón y Cajal,2019,5,67.7,66.9,60.8,66.2,73.6,68.9,63.9,51.1,40.2,2019-05-01,Mayo,2019-05,Mayo
RF-30,Campo de las Naciones,2019,5,60.2,59.1,53.6,58.7,66.4,61.7,56.4,42.1,37.3,2019-05-01,Mayo,2019-05,Mayo
RF-47,Mendez Álvaro,2019,5,56.0,57.7,48.9,55.1,65.2,54.8,49.1,42.2,35.4,2019-05-01,Mayo,2019-05,Mayo
RF-27,Barajas Pueblo,2019,5,61.9,61.2,56.6,60.6,70.8,64.8,53.4,42.9,35.6,2019-05-01,Mayo,2019-05,Mayo
RF-31,Sanchinarro,2019,5,62.3,62.6,52.4,60.8,70.9,65.7,52.3,42.6,37.7,2019-05-01,Mayo,2019-05,Mayo
RF-05,Barrio del Pilar,2019,5,60.6,61.5,54.0,59.5,66.7,62.0,57.3,47.6,42.8,2019-05-01,Mayo,2019-05,Mayo
RF-26,Embajada,2019,5,61.5,59.5,56.1,59.9,67.3,62.8,57.1,50.2,42.4,2019-05-01,Mayo,2019-05,Mayo
RF-06,Gregorio Marañón,2019,5,70.8,70.3,66.3,69.7,76.8,72.9,66.5,59.3,51.0,2019-05-01,Mayo,2019-05,Mayo
RF-04,Plaza de España,2019,5,67.2,63.2,59.0,65.1,75.4,68.5,60.8,53.5,46.9,2019-05-01,Mayo,2019-05,Mayo
RF-12,Manuel Becerra,2019,5,64.1,63.9,58.6,62.9,70.8,64.7,60.4,52.4,45.0,2019-05-01,Mayo,2019-05,Mayo
RF-28,Cuatro Vientos,2019,5,67.0,65.7,59.4,65.3,73.8,69.7,59.9,42.4,37.5,2019-05-01,Mayo,2019-05,Mayo
RF-16,Arturo Soria,2019,5,60.9,60.0,55.3,59.5,66.3,62.9,57.4,42.5,34.8,2019-05-01,Mayo,2019-05,Mayo
RF-48,Castellana,2019,5,62.4,61.9,58.0,61.3,68.0,64.3,59.7,53.2,47.3,2019-05-01,Mayo,2019-05,Mayo
RF-25,Santa Eugenia,2019,5,65.9,65.7,62.0,64.9,69.5,67.0,64.5,57.8,48.9,2019-05-01,Mayo,2019-05,Mayo
RF-29,El Pardo,2019,5,58.0,56.6,51.4,56.4,65.0,59.8,51.4,35.8,33.3,2019-05-01,Mayo,2019-05,Mayo
RF-55,Urb Embajada 2,2019,5,56.2,55.0,50.7,54.8,62.8,57.8,51.1,44.7,40.4,2019-05-01,Mayo,2019-05,Mayo
RF-02,Carlos V,2019,5,69.2,68.9,65.7,68.3,75.3,70.2,66.6,60.1,53.8,2019-05-01,Mayo,2019-05,Mayo
RF-10,Cuatro Caminos,2019,5,65.0,64.4,58.9,63.7,71.8,66.8,59.1,48.8,44.3,2019-05-01,Mayo,2019-05,Mayo
RF-18,General Ricardos ubicación antigua,2019,5,57.5,59.5,58.5,58.2,66.6,59.1,52.1,42.3,37.9,2019-05-01,Mayo,2019-05,Mayo
RF-19,Alto de Extremadura,2019,5,60.0,60.0,54.2,58.8,67.0,61.4,54.7,43.7,35.1,2019-05-01,Mayo,2019-05,Mayo
RF-08,Escuelas Aguirre,2019,5,66.7,66.3,62.9,65.7,72.5,68.5,63.9,56.0,46.0,2019-05-01,Mayo,2019-05,Mayo
RF-03,Plaza del Carmen,2019,5,62.1,61.3,60.1,61.4,70.6,63.5,58.1,52.3,48.3,2019-05-01,Mayo,2019-05,Mayo
RF-24,Casa de Campo,2019,5,50.1,48.5,42.8,48.4,57.9,51.6,44.0,38.0,36.1,2019-05-01,Mayo,2019-05,Mayo
RF-01,Paseo de Recoletos,2019,5,66.7,66.8,63.8,65.9,72.0,69.2,63.5,55.5,48.3,2019-05-01,Mayo,2019-05,Mayo
RF-50,Plaza de Castilla,2019,5,69.0,65.3,60.7,66.9,77.0,66.8,62.3,54.6,48.0,2019-05-01,Mayo,2019-05,Mayo
RF-14,Plaza Elíptica,2019,5,64.2,64.1,59.3,63.1,70.1,65.2,61.3,54.2,48.3,2019-05-01,Mayo,2019-05,Mayo
RF-20,Avenida de Moratalaz,2019,5,61.0,60.1,55.5,59.6,67.4,61.4,55.9,44.3,38.0,2019-05-01,Mayo,2019-05,Mayo
RF-17,Villaverde,2019,5,57.6,60.4,51.5,57.1,66.5,60.0,53.6,41.8,36.0,2019-05-01,Mayo,2019-05,Mayo
RF-54,Ensanche de Vallecas,2019,5,59.9,59.8,53.3,58.6,65.8,62.0,56.5,43.0,37.3,2019-05-01,Mayo,2019-05,Mayo
RF-86,Tres Olivos,2019,5,57.9,56.9,57.2,57.5,65.6,60.0,51.4,38.4,35.3,2019-05-01,Mayo,2019-05,Mayo
RF-54,Ensanche de Vallecas,2019,6,59.9,59.6,53.0,58.5,65.6,61.7,56.4,43.1,35.1,2019-06-01,Junio,2019-06,Junio
RF-24,Casa de Campo,2019,6,49.7,49.3,43.5,48.3,56.6,51.2,45.3,39.9,37.1,2019-06-01,Junio,2019-06,Junio
RF-48,Castellana,2019,6,62.3,61.9,58.3,61.2,68.0,64.2,59.7,53.5,47.9,2019-06-01,Junio,2019-06,Junio
RF-26,Embajada,2019,6,60.6,59.4,56.2,59.3,66.2,62.6,57.3,51.2,43.8,2019-06-01,Junio,2019-06,Junio
RF-47,Mendez Álvaro,2019,6,56.2,58.7,50.0,55.6,67.3,55.5,49.8,42.1,35.5,2019-06-01,Junio,2019-06,Junio
RF-12,Manuel Becerra,2019,6,64.2,64.2,59.1,63.1,71.1,64.7,60.3,52.6,45.1,2019-06-01,Junio,2019-06,Junio
RF-05,Barrio del Pilar,2019,6,61.1,63.8,57.1,60.8,70.8,62.6,57.7,47.2,41.2,2019-06-01,Junio,2019-06,Junio
RF-17,Villaverde,2019,6,57.8,62.4,53.2,58.2,68.3,60.6,53.9,42.7,36.1,2019-06-01,Junio,2019-06,Junio
RF-02,Carlos V,2019,6,69.1,69.1,66.1,68.3,75.0,70.0,66.5,60.5,54.0,2019-06-01,Junio,2019-06,Junio
RF-06,Gregorio Marañón,2019,6,70.9,70.2,66.5,69.7,77.0,72.9,66.4,59.5,51.3,2019-06-01,Junio,2019-06,Junio
RF-10,Cuatro Caminos,2019,6,65.0,63.9,59.7,63.6,71.8,66.8,59.3,49.3,44.2,2019-06-01,Junio,2019-06,Junio
RF-50,Plaza de Castilla,2019,6,66.1,65.6,60.9,64.8,72.0,66.3,62.3,55.0,48.5,2019-06-01,Junio,2019-06,Junio
RF-27,Barajas Pueblo,2019,6,61.3,60.2,56.9,60.1,70.3,64.2,52.8,44.4,36.5,2019-06-01,Junio,2019-06,Junio
RF-04,Plaza de España,2019,6,65.9,62.6,59.0,64.0,74.3,66.3,60.5,53.7,46.7,2019-06-01,Junio,2019-06,Junio
RF-16,Arturo Soria,2019,6,60.6,59.6,55.1,59.2,65.8,62.5,57.1,42.8,34.8,2019-06-01,Junio,2019-06,Junio
RF-86,Tres Olivos,2019,6,58.4,57.0,51.5,56.8,65.8,60.1,51.7,39.3,35.3,2019-06-01,Junio,2019-06,Junio
RF-03,Plaza del Carmen,2019,6,63.3,61.5,61.5,62.5,72.0,63.8,58.4,53.0,49.2,2019-06-01,Junio,2019-06,Junio
RF-20,Avenida de Moratalaz,2019,6,60.4,60.7,55.7,59.3,66.9,61.3,55.8,44.7,37.4,2019-06-01,Junio,2019-06,Junio
RF-14,Plaza Elíptica,2019,6,64.4,63.8,59.8,63.2,69.9,65.2,61.6,54.8,49.3,2019-06-01,Junio,2019-06,Junio
RF-01,Paseo de Recoletos,2019,6,67.1,66.8,64.0,66.2,72.6,69.2,63.9,56.1,48.8,2019-06-01,Junio,2019-06,Junio
RF-19,Alto de Extremadura,2019,6,59.6,59.0,53.3,58.2,67.0,60.9,53.6,37.7,29.3,2019-06-01,Junio,2019-06,Junio
RF-11,Ramón y Cajal,2019,6,67.6,67.0,61.1,66.1,72.5,68.8,64.2,51.4,40.1,2019-06-01,Junio,2019-06,Junio
RF-18,General Ricardos ubicación antigua,2019,6,59.6,59.2,50.6,58.0,68.4,60.9,52.6,42.5,38.6,2019-06-01,Junio,2019-06,Junio
RF-28,Cuatro Vientos,2019,6,67.1,65.9,59.9,65.5,73.8,69.7,60.7,44.0,38.1,2019-06-01,Junio,2019-06,Junio
RF-13,Vallecas,2019,6,57.3,59.5,53.8,57.0,65.6,58.7,52.8,43.7,37.1,2019-06-01,Junio,2019-06,Junio
RF-25,Santa Eugenia,2019,6,65.6,65.4,61.8,64.6,69.2,66.8,64.3,58.2,49.9,2019-06-01,Junio,2019-06,Junio
RF-55,Urb Embajada 2,2019,6,57.2,55.9,51.8,55.7,63.9,58.2,52.1,46.4,41.6,2019-06-01,Junio,2019-06,Junio
RF-29,El Pardo,2019,6,58.4,56.5,52.0,56.8,65.3,59.8,52.3,38.2,33.7,2019-06-01,Junio,2019-06,Junio
RF-30,Campo de las Naciones,2019,6,59.8,59.4,55.2,58.6,66.7,61.4,56.6,44.3,38.7,2019-06-01,Junio,2019-06,Junio
RF-08,Escuelas Aguirre,2019,6,66.5,67.0,63.9,65.9,73.0,68.6,64.0,57.0,48.9,2019-06-01,Junio,2019-06,Junio
RF-31,Sanchinarro,2019,6,61.8,62.2,52.1,60.3,70.6,65.2,51.7,40.5,29.0,2019-06-01,Junio,2019-06,Junio
RF-10,Cuatro Caminos,2019,7,64.5,63.7,59.0,63.1,,,,,,2019-07-01,Julio,2019-07,Julio
RF-13,Vallecas,2019,7,58.0,64.1,61.5,60.9,74.0,59.4,53.0,45.4,37.8,2019-07-01,Julio,2019-07,Julio
RF-16,Arturo Soria,2019,7,60.2,59.4,54.9,58.8,65.6,62.3,56.4,42.4,35.3,2019-07-01,Julio,2019-07,Julio
RF-03,Plaza del Carmen,2019,7,63.1,62.6,62.8,62.9,71.8,64.7,58.6,53.3,49.4,2019-07-01,Julio,2019-07,Julio
RF-25,Santa Eugenia,2019,7,65.9,65.5,61.8,64.8,69.7,67.1,64.5,58.2,50.4,2019-07-01,Julio,2019-07,Julio
RF-50,Plaza de Castilla,2019,7,65.4,65.2,60.9,64.3,70.8,65.8,62.0,55.0,48.5,2019-07-01,Julio,2019-07,Julio
RF-05,Barrio del Pilar,2019,7,61.2,62.4,55.0,60.2,66.9,62.1,57.6,47.4,41.4,2019-07-01,Julio,2019-07,Julio
RF-12,Manuel Becerra,2019,7,63.4,63.0,57.8,62.1,69.9,63.7,59.2,51.1,43.4,2019-07-01,Julio,2019-07,Julio
RF-86,Tres Olivos,2019,7,56.9,56.2,50.1,55.4,65.1,58.9,50.0,40.6,36.2,2019-07-01,Julio,2019-07,Julio
RF-20,Avenida de Moratalaz,2019,7,63.4,60.5,52.9,61.3,68.4,61.2,55.0,45.0,38.0,2019-07-01,Julio,2019-07,Julio
RF-01,Paseo de Recoletos,2019,7,66.9,67.5,66.6,66.9,74.0,69.2,63.8,56.2,50.0,2019-07-01,Julio,2019-07,Julio
RF-19,Alto de Extremadura,2019,7,59.8,59.8,53.7,58.6,67.5,61.4,54.5,44.3,37.1,2019-07-01,Julio,2019-07,Julio
RF-11,Ramón y Cajal,2019,7,67.2,66.8,60.8,65.8,72.3,68.7,63.7,50.8,40.6,2019-07-01,Julio,2019-07,Julio
RF-28,Cuatro Vientos,2019,7,66.9,65.9,59.5,65.3,73.5,69.4,60.4,42.7,36.1,2019-07-01,Julio,2019-07,Julio
RF-55,Urb Embajada 2,2019,7,56.8,55.0,51.5,55.3,62.8,57.5,51.6,46.8,43.6,2019-07-01,Julio,2019-07,Julio
RF-29,El Pardo,2019,7,57.9,56.6,51.1,56.4,64.7,59.6,51.9,39.0,33.6,2019-07-01,Julio,2019-07,Julio
RF-30,Campo de las Naciones,2019,7,59.4,59.7,54.2,58.3,65.6,61.3,56.5,44.2,39.1,2019-07-01,Julio,2019-07,Julio
RF-18,General Ricardos ubicación antigua,2019,7,58.2,58.7,53.3,57.2,67.2,59.9,52.2,42.9,39.9,2019-07-01,Julio,2019-07,Julio
RF-24,Casa de Campo,2019,7,48.2,48.7,43.2,47.2,54.7,49.9,45.1,40.4,36.4,2019-07-01,Julio,2019-07,Julio
RF-02,Carlos V,2019,7,69.2,76.0,70.5,71.7,80.0,70.1,66.4,60.3,53.6,2019-07-01,Julio,2019-07,Julio
RF-06,Gregorio Marañón,2019,7,70.5,69.8,66.1,69.3,76.8,72.5,66.0,58.9,51.0,2019-07-01,Julio,2019-07,Julio
RF-27,Barajas Pueblo,2019,7,60.6,60.2,56.3,59.5,69.8,63.5,51.9,45.0,36.9,2019-07-01,Julio,2019-07,Julio
RF-17,Villaverde,2019,7,57.4,61.8,54.9,58.0,68.3,60.7,53.2,44.0,37.2,2019-07-01,Julio,2019-07,Julio
RF-31,Sanchinarro,2019,7,61.3,62.4,52.3,60.0,70.3,64.8,51.0,41.1,28.7,2019-07-01,Julio,2019-07,Julio
RF-47,Mendez Álvaro,2019,7,54.9,56.1,48.7,54.0,63.3,55.4,50.1,41.0,35.6,2019-07-01,Julio,2019-07,Julio
RF-54,Ensanche de Vallecas,2019,7,59.0,59.4,53.1,57.9,64.8,61.0,56.0,44.0,35.8,2019-07-01,Julio,2019-07,Julio
RF-04,Plaza de España,2019,7,64.0,62.4,58.8,62.6,72.2,64.6,59.8,53.6,47.8,2019-07-01,Julio,2019-07,Julio
RF-08,Escuelas Aguirre,2019,7,65.7,66.0,62.7,65.0,,,,,,2019-07-01,Julio,2019-07,Julio
RF-14,Plaza Elíptica,2019,7,64.0,63.8,59.7,63.0,69.6,64.9,61.4,54.8,49.0,2019-07-01,Julio,2019-07,Julio
RF-48,Castellana,2019,7,62.0,61.5,57.7,60.8,67.2,63.8,59.4,53.2,48.2,2019-07-01,Julio,2019-07,Julio
RF-26,Embajada,2019,7,60.3,59.4,56.0,59.1,65.7,62.4,57.1,51.3,44.3,2019-07-01,Julio,2019-07,Julio
RF-11,Ramón y Cajal,2019,8,66.2,65.9,59.3,64.8,71.8,67.9,61.5,47.9,39.5,2019-08-01,Agosto,2019-08,Agosto
RF-86,Tres Olivos,2019,8,56.0,56.3,49.0,54.7,64.5,57.3,48.0,40.0,36.1,2019-08-01,Agosto,2019-08,Agosto
RF-04,Plaza de España,2019,8,62.2,62.4,58.0,61.2,69.7,63.3,58.7,52.8,47.0,2019-08-01,Agosto,2019-08,Agosto
RF-05,Barrio del Pilar,2019,8,59.4,62.4,53.9,59.1,66.5,61.5,56.4,46.4,40.3,2019-08-01,Agosto,2019-08,Agosto
RF-28,Cuatro Vientos,2019,8,65.8,64.8,58.2,64.2,73.0,68.5,58.6,41.1,35.9,2019-08-01,Agosto,2019-08,Agosto
RF-25,Santa Eugenia,2019,8,65.9,65.5,61.6,64.8,70.6,67.1,64.1,57.9,49.6,2019-08-01,Agosto,2019-08,Agosto
RF-30,Campo de las Naciones,2019,8,58.0,59.4,53.9,57.3,65.3,59.9,55.2,43.2,39.1,2019-08-01,Agosto,2019-08,Agosto
RF-54,Ensanche de Vallecas,2019,8,58.2,59.3,52.3,57.2,64.9,60.4,54.9,42.7,35.6,2019-08-01,Agosto,2019-08,Agosto
RF-03,Plaza del Carmen,2019,8,61.8,61.5,59.7,61.1,70.4,63.2,57.4,52.1,48.6,2019-08-01,Agosto,2019-08,Agosto
RF-17,Villaverde,2019,8,56.0,61.7,54.2,57.3,67.3,60.1,52.2,42.7,36.9,2019-08-01,Agosto,2019-08,Agosto
RF-01,Paseo de Recoletos,2019,8,66.3,69.8,62.6,66.4,72.6,68.7,61.8,54.0,46.8,2019-08-01,Agosto,2019-08,Agosto
RF-12,Manuel Becerra,2019,8,63.1,62.3,57.6,61.8,70.5,63.0,58.0,50.4,43.3,2019-08-01,Agosto,2019-08,Agosto
RF-14,Plaza Elíptica,2019,8,63.2,63.6,59.2,62.3,69.1,64.5,60.7,54.4,49.0,2019-08-01,Agosto,2019-08,Agosto
RF-10,Cuatro Caminos,2019,8,63.3,63.5,57.1,62.1,71.0,65.2,57.1,47.3,42.9,2019-08-01,Agosto,2019-08,Agosto
RF-31,Sanchinarro,2019,8,60.4,61.7,51.4,59.2,70.3,63.6,50.1,42.6,37.5,2019-08-01,Agosto,2019-08,Agosto
RF-20,Avenida de Moratalaz,2019,8,59.0,60.3,53.5,58.1,66.1,59.9,54.0,44.3,38.2,2019-08-01,Agosto,2019-08,Agosto
RF-19,Alto de Extremadura,2019,8,58.9,60.5,52.8,58.1,67.3,60.7,52.7,37.7,29.5,2019-08-01,Agosto,2019-08,Agosto
RF-13,Vallecas,2019,8,60.4,59.7,53.4,58.9,68.7,58.9,52.0,43.8,37.6,2019-08-01,Agosto,2019-08,Agosto
RF-24,Casa de Campo,2019,8,48.9,53.8,42.8,49.3,55.9,50.6,45.1,39.5,36.1,2019-08-01,Agosto,2019-08,Agosto
RF-27,Barajas Pueblo,2019,8,60.1,59.7,55.9,59.0,69.7,62.8,50.9,44.0,36.2,2019-08-01,Agosto,2019-08,Agosto
RF-48,Castellana,2019,8,61.0,60.8,56.3,59.9,66.6,62.6,58.5,51.8,47.1,2019-08-01,Agosto,2019-08,Agosto
RF-47,Mendez Álvaro,2019,8,53.7,56.5,48.9,53.4,62.9,55.0,48.2,39.7,35.3,2019-08-01,Agosto,2019-08,Agosto
RF-08,Escuelas Aguirre,2019,8,64.8,65.7,61.6,64.2,71.6,67.0,61.8,54.4,47.2,2019-08-01,Agosto,2019-08,Agosto
RF-29,El Pardo,2019,8,57.4,55.5,49.7,55.6,64.5,58.6,49.2,36.9,33.5,2019-08-01,Agosto,2019-08,Agosto
RF-18,General Ricardos ubicación antigua,2019,8,58.3,58.9,51.0,57.1,67.6,60.0,51.0,42.5,39.3,2019-08-01,Agosto,2019-08,Agosto
RF-16,Arturo Soria,2019,8,60.0,59.9,54.3,58.7,66.2,62.2,55.3,40.9,35.0,2019-08-01,Agosto,2019-08,Agosto
RF-50,Plaza de Castilla,2019,8,64.5,64.6,60.3,63.5,70.0,64.9,60.6,53.4,47.5,2019-08-01,Agosto,2019-08,Agosto
RF-55,Urb Embajada 2,2019,8,55.3,56.0,50.4,54.3,62.5,56.8,50.5,45.6,41.5,2019-08-01,Agosto,2019-08,Agosto
RF-26,Embajada,2019,8,60.2,58.8,55.8,61.8,65.6,61.9,56.3,51.0,44.2,2019-08-01,Agosto,2019-08,Agosto
RF-06,Gregorio Marañón,2019,8,69.5,68.8,64.7,68.3,76.3,71.7,64.8,56.9,49.6,2019-08-01,Agosto,2019-08,Agosto
RF-02,Carlos V,2019,8,69.0,68.6,65.0,68.0,75.0,69.8,65.7,59.0,52.6,2019-08-01,Agosto,2019-08,Agosto
RF-18,General Ricardos ubicación antigua,2019,9,57.8,58.5,49.8,56.5,66.5,58.6,51.2,42.6,40.0,2019-09-01,Septiembre,2019-09,Septiembre
RF-31,Sanchinarro,2019,9,62.5,62.5,52.6,61.0,71.2,65.8,53.1,43.4,38.8,2019-09-01,Septiembre,2019-09,Septiembre
RF-11,Ramón y Cajal,2019,9,68.0,68.5,62.1,66.8,73.3,69.5,64.9,51.2,40.3,2019-09-01,Septiembre,2019-09,Septiembre
RF-02,Carlos V,2019,9,69.5,69.2,66.1,68.6,75.3,70.4,66.7,60.2,53.6,2019-09-01,Septiembre,2019-09,Septiembre
RF-12,Manuel Becerra,2019,9,63.9,63.6,58.0,62.6,70.1,64.1,59.8,52.0,45.0,2019-09-01,Septiembre,2019-09,Septiembre
RF-14,Plaza Elíptica,2019,9,64.0,64.2,59.8,63.0,69.5,65.0,61.5,54.6,48.7,2019-09-01,Septiembre,2019-09,Septiembre
RF-47,Mendez Álvaro,2019,9,56.6,58.4,51.2,55.9,67.7,55.9,49.3,39.8,34.9,2019-09-01,Septiembre,2019-09,Septiembre
RF-50,Plaza de Castilla,2019,9,66.1,65.7,61.2,64.9,71.7,66.4,62.5,55.2,48.6,2019-09-01,Septiembre,2019-09,Septiembre
RF-03,Plaza del Carmen,2019,9,63.2,62.1,60.7,62.3,71.6,64.5,58.8,52.6,48.6,2019-09-01,Septiembre,2019-09,Septiembre
RF-48,Castellana,2019,9,62.6,62.0,58.2,61.5,68.1,64.3,60.0,53.3,47.3,2019-09-01,Septiembre,2019-09,Septiembre
RF-20,Avenida de Moratalaz,2019,9,61.4,59.9,53.8,59.7,68.0,61.8,55.7,44.7,38.4,2019-09-01,Septiembre,2019-09,Septiembre
RF-29,El Pardo,2019,9,58.0,56.6,61.5,59.3,67.6,60.1,51.1,36.9,33.4,2019-09-01,Septiembre,2019-09,Septiembre
RF-19,Alto de Extremadura,2019,9,60.8,60.4,53.8,59.4,67.7,61.7,55.0,44.2,36.1,2019-09-01,Septiembre,2019-09,Septiembre
RF-13,Vallecas,2019,9,64.2,57.6,51.7,61.6,69.6,67.1,53.6,44.0,38.5,2019-09-01,Septiembre,2019-09,Septiembre
RF-10,Cuatro Caminos,2019,9,65.2,64.5,59.2,63.8,72.1,67.2,59.6,49.0,42.6,2019-09-01,Septiembre,2019-09,Septiembre
RF-26,Embajada,2019,9,61.2,60.2,56.7,60.0,67.2,63.4,57.8,51.4,43.8,2019-09-01,Septiembre,2019-09,Septiembre
RF-01,Paseo de Recoletos,2019,9,72.6,67.0,63.9,69.6,79.8,69.7,63.8,55.4,48.3,2019-09-01,Septiembre,2019-09,Septiembre
RF-16,Arturo Soria,2019,9,62.4,60.8,55.4,60.7,67.6,63.5,57.6,42.0,34.9,2019-09-01,Septiembre,2019-09,Septiembre
RF-08,Escuelas Aguirre,2019,9,66.4,65.8,62.8,65.4,72.4,68.3,63.2,55.9,47.5,2019-09-01,Septiembre,2019-09,Septiembre
RF-24,Casa de Campo,2019,9,48.6,48.7,42.7,47.4,54.9,49.9,44.2,39.2,36.8,2019-09-01,Septiembre,2019-09,Septiembre
RF-55,Urb Embajada 2,2019,9,56.4,56.2,52.5,55.4,63.0,58.0,51.6,45.5,41.3,2019-09-01,Septiembre,2019-09,Septiembre
RF-86,Tres Olivos,2019,9,57.6,57.4,50.0,56.2,65.8,59.8,50.8,40.2,36.3,2019-09-01,Septiembre,2019-09,Septiembre
RF-54,Ensanche de Vallecas,2019,9,60.3,60.1,58.1,59.6,66.1,62.2,57.1,43.7,37.0,2019-09-01,Septiembre,2019-09,Septiembre
RF-06,Gregorio Marañón,2019,9,71.2,70.5,66.7,70.0,77.0,73.2,66.9,59.7,51.0,2019-09-01,Septiembre,2019-09,Septiembre
RF-27,Barajas Pueblo,2019,9,62.3,60.8,56.2,60.8,70.8,64.7,53.7,44.2,37.2,2019-09-01,Septiembre,2019-09,Septiembre
RF-30,Campo de las Naciones,2019,9,60.3,59.5,52.7,58.7,66.5,61.7,56.5,42.9,37.9,2019-09-01,Septiembre,2019-09,Septiembre
RF-25,Santa Eugenia,2019,9,67.1,66.5,62.3,65.9,71.9,68.3,65.4,58.5,50.2,2019-09-01,Septiembre,2019-09,Septiembre
RF-17,Villaverde,2019,9,58.6,60.3,51.4,57.7,66.8,59.5,52.6,41.9,36.6,2019-09-01,Septiembre,2019-09,Septiembre
RF-04,Plaza de España,2019,9,62.9,62.3,58.8,61.8,71.1,63.5,59.7,54.0,48.4,2019-09-01,Septiembre,2019-09,Septiembre
RF-05,Barrio del Pilar,2019,9,61.5,62.1,54.1,60.3,67.6,62.7,57.7,46.5,39.9,2019-09-01,Septiembre,2019-09,Septiembre
RF-28,Cuatro Vientos,2019,9,67.2,65.7,59.2,65.4,73.8,69.8,59.9,42.1,36.0,2019-09-01,Septiembre,2019-09,Septiembre
RF-04,Plaza de España,2019,10,64.1,62.6,58.7,62.6,72.2,64.7,60.0,53.7,47.9,2019-10-01,Octubre,2019-10,Octubre
RF-48,Castellana,2019,10,63.5,62.7,58.6,62.2,68.8,65.1,60.5,53.2,46.1,2019-10-01,Octubre,2019-10,Octubre
RF-16,Arturo Soria,2019,10,62.2,61.5,56.0,60.7,67.6,64.2,58.4,41.7,34.7,2019-10-01,Octubre,2019-10,Octubre
RF-13,Vallecas,2019,10,65.0,58.9,51.3,62.4,70.4,67.4,54.0,42.9,38.1,2019-10-01,Octubre,2019-10,Octubre
RF-50,Plaza de Castilla,2019,10,66.7,66.2,61.6,65.5,71.8,67.0,63.2,55.5,48.6,2019-10-01,Octubre,2019-10,Octubre
RF-25,Santa Eugenia,2019,10,67.2,67.0,62.8,66.1,71.7,68.5,65.8,58.7,49.9,2019-10-01,Octubre,2019-10,Octubre
RF-18,General Ricardos ubicación antigua,2019,10,57.4,58.6,50.3,56.4,,,,,,2019-10-01,Octubre,2019-10,Octubre
RF-24,Casa de Campo,2019,10,49.5,47.8,43.2,47.9,56.0,50.8,44.6,39.1,36.7,2019-10-01,Octubre,2019-10,Octubre
RF-08,Escuelas Aguirre,2019,10,66.8,66.3,63.0,65.7,72.6,68.6,63.9,56.4,47.1,2019-10-01,Octubre,2019-10,Octubre
RF-31,Sanchinarro,2019,10,63.4,63.2,52.7,61.8,71.9,66.6,54.4,44.0,38.3,2019-10-01,Octubre,2019-10,Octubre
RF-14,Plaza Elíptica,2019,10,64.9,64.8,60.1,63.8,71.0,65.8,62.3,55.1,49.1,2019-10-01,Octubre,2019-10,Octubre
RF-19,Alto de Extremadura,2019,10,60.4,60.8,54.2,59.2,67.4,62.0,55.2,41.8,30.0,2019-10-01,Octubre,2019-10,Octubre
RF-29,El Pardo,2019,10,58.4,56.0,50.3,56.6,65.4,60.4,50.8,36.2,33.5,2019-10-01,Octubre,2019-10,Octubre
RF-26,Embajada,2019,10,61.8,61.2,57.3,60.6,67.9,64.1,58.3,51.5,44.3,2019-10-01,Octubre,2019-10,Octubre
RF-02,Carlos V,2019,10,70.0,69.8,66.7,69.1,76.7,71.0,67.4,61.1,54.6,2019-10-01,Octubre,2019-10,Octubre
RF-55,Urb Embajada 2,2019,10,56.8,55.6,50.7,55.3,63.7,58.3,51.2,44.5,40.2,2019-10-01,Octubre,2019-10,Octubre
RF-27,Barajas Pueblo,2019,10,62.6,61.1,56.7,61.2,71.4,65.5,53.6,43.0,36.9,2019-10-01,Octubre,2019-10,Octubre
RF-47,Mendez Álvaro,2019,10,56.0,57.6,49.6,55.1,66.9,55.3,48.5,39.6,35.4,2019-10-01,Octubre,2019-10,Octubre
RF-86,Tres Olivos,2019,10,60.1,57.2,49.8,58.0,66.6,60.5,51.4,39.5,36.2,2019-10-01,Octubre,2019-10,Octubre
RF-28,Cuatro Vientos,2019,10,68.2,66.4,60.6,66.4,74.5,70.8,61.6,42.3,36.1,2019-10-01,Octubre,2019-10,Octubre
RF-05,Barrio del Pilar,2019,10,62.6,70.2,68.6,67.1,81.2,64.3,58.5,46.0,39.3,2019-10-01,Octubre,2019-10,Octubre
RF-54,Ensanche de Vallecas,2019,10,60.9,60.8,53.3,59.5,66.6,62.9,57.7,42.8,37.2,2019-10-01,Octubre,2019-10,Octubre
RF-17,Villaverde,2019,10,57.2,58.2,50.5,56.2,65.0,58.8,52.4,41.2,35.1,2019-10-01,Octubre,2019-10,Octubre
RF-30,Campo de las Naciones,2019,10,60.7,59.7,55.3,59.3,67.1,62.4,56.9,43.9,38.9,2019-10-01,Octubre,2019-10,Octubre
RF-01,Paseo de Recoletos,2019,10,74.7,66.8,64.4,72.4,81.7,74.1,64.6,56.0,48.3,2019-10-01,Octubre,2019-10,Octubre
RF-03,Plaza del Carmen,2019,10,63.6,62.1,61.2,62.7,71.1,65.2,58.9,52.1,48.0,2019-10-01,Octubre,2019-10,Octubre
RF-06,Gregorio Marañón,2019,10,72.0,71.3,67.0,70.8,77.7,74.1,67.8,59.8,50.8,2019-10-01,Octubre,2019-10,Octubre
RF-11,Ramón y Cajal,2019,10,68.7,67.9,62.0,67.2,73.7,70.1,65.5,51.2,39.5,2019-10-01,Octubre,2019-10,Octubre
RF-20,Avenida de Moratalaz,2019,10,61.2,60.7,53.4,59.7,67.5,62.0,56.0,44.0,38.5,2019-10-01,Octubre,2019-10,Octubre
RF-12,Manuel Becerra,2019,10,64.6,64.0,58.5,63.2,71.8,64.7,60.2,51.7,44.8,2019-10-01,Octubre,2019-10,Octubre
RF-10,Cuatro Caminos,2019,10,66.0,65.2,59.9,64.6,72.8,68.0,60.4,49.5,42.0,2019-10-01,Octubre,2019-10,Octubre
RF-06,Gregorio Marañón,2019,11,72.1,71.8,67.8,71.0,77.7,74.4,67.9,60.7,51.7,2019-11-01,Noviembre,2019-11,Noviembre
RF-29,El Pardo,2019,11,59.0,55.8,50.7,57.0,66.0,61.2,51.1,37.0,32.8,2019-11-01,Noviembre,2019-11,Noviembre
RF-26,Embajada,2019,11,62.9,61.8,57.7,61.6,69.4,65.3,58.9,51.5,44.5,2019-11-01,Noviembre,2019-11,Noviembre
RF-50,Plaza de Castilla,2019,11,67.2,67.0,62.4,66.0,72.3,67.7,63.9,56.8,50.3,2019-11-01,Noviembre,2019-11,Noviembre
RF-02,Carlos V,2019,11,70.4,70.1,67.1,69.5,75.8,71.4,67.9,61.7,55.4,2019-11-01,Noviembre,2019-11,Noviembre
RF-14,Plaza Elíptica,2019,11,65.6,64.9,60.2,64.2,70.7,66.2,62.7,55.5,49.4,2019-11-01,Noviembre,2019-11,Noviembre
RF-28,Cuatro Vientos,2019,11,68.8,67.5,61.3,67.1,75.2,71.6,62.1,45.1,38.4,2019-11-01,Noviembre,2019-11,Noviembre
RF-31,Sanchinarro,2019,11,64.6,64.5,54.0,63.0,73.0,67.7,55.9,44.9,39.5,2019-11-01,Noviembre,2019-11,Noviembre
RF-24,Casa de Campo,2019,11,48.6,46.2,43.0,47.0,55.4,49.9,43.6,38.9,37.1,2019-11-01,Noviembre,2019-11,Noviembre
RF-48,Castellana,2019,11,63.7,63.4,59.4,62.6,68.7,65.9,61.4,54.1,46.1,2019-11-01,Noviembre,2019-11,Noviembre
RF-08,Escuelas Aguirre,2019,11,67.1,66.6,63.8,66.2,72.9,69.0,64.4,57.6,48.3,2019-11-01,Noviembre,2019-11,Noviembre
RF-05,Barrio del Pilar,2019,11,61.4,61.6,53.8,60.0,67.0,62.9,57.7,45.4,38.4,2019-11-01,Noviembre,2019-11,Noviembre
RF-19,Alto de Extremadura,2019,11,61.1,61.2,54.5,59.7,67.0,62.5,56.5,46.7,38.7,2019-11-01,Noviembre,2019-11,Noviembre
RF-54,Ensanche de Vallecas,2019,11,62.0,61.5,54.1,60.4,67.8,64.2,58.6,43.5,37.8,2019-11-01,Noviembre,2019-11,Noviembre
RF-11,Ramón y Cajal,2019,11,69.3,68.6,62.6,67.8,74.2,70.8,66.0,52.8,41.0,2019-11-01,Noviembre,2019-11,Noviembre
RF-17,Villaverde,2019,11,57.4,57.9,50.1,56.1,64.7,58.6,52.4,42.5,36.5,2019-11-01,Noviembre,2019-11,Noviembre
RF-27,Barajas Pueblo,2019,11,63.1,61.0,56.5,61.4,71.8,65.7,53.8,42.8,36.0,2019-11-01,Noviembre,2019-11,Noviembre
RF-12,Manuel Becerra,2019,11,65.2,63.3,58.3,63.5,73.2,64.6,60.2,52.3,45.1,2019-11-01,Noviembre,2019-11,Noviembre
RF-55,Urb Embajada 2,2019,11,57.2,55.3,50.8,55.5,64.2,58.9,51.6,43.9,40.1,2019-11-01,Noviembre,2019-11,Noviembre
RF-20,Avenida de Moratalaz,2019,11,61.8,60.9,54.1,60.2,68.0,62.8,56.7,44.9,38.9,2019-11-01,Noviembre,2019-11,Noviembre
RF-01,Paseo de Recoletos,2019,11,67.9,67.6,65.4,67.1,73.0,70.2,64.3,56.8,49.3,2019-11-01,Noviembre,2019-11,Noviembre
RF-10,Cuatro Caminos,2019,11,66.6,65.5,60.2,65.1,73.3,68.6,61.2,49.8,42.3,2019-11-01,Noviembre,2019-11,Noviembre
RF-30,Campo de las Naciones,2019,11,62.1,60.0,54.2,60.2,68.0,63.3,57.4,45.9,40.9,2019-11-01,Noviembre,2019-11,Noviembre
RF-47,Mendez Álvaro,2019,11,55.3,55.9,50.0,54.3,65.6,55.4,48.8,40.8,36.6,2019-11-01,Noviembre,2019-11,Noviembre
RF-03,Plaza del Carmen,2019,11,63.6,61.6,60.3,62.4,70.8,64.9,58.8,51.8,47.3,2019-11-01,Noviembre,2019-11,Noviembre
RF-18,General Ricardos ubicación antigua,2019,11,58.5,57.2,49.8,56.4,66.8,58.7,51.1,41.9,38.7,2019-11-01,Noviembre,2019-11,Noviembre
RF-16,Arturo Soria,2019,11,63.2,62.2,57.3,61.7,68.4,65.3,59.5,44.4,36.2,2019-11-01,Noviembre,2019-11,Noviembre
RF-86,Tres Olivos,2019,11,58.8,57.4,50.5,57.0,66.7,60.8,52.3,40.4,36.2,2019-11-01,Noviembre,2019-11,Noviembre
RF-13,Vallecas,2019,11,64.5,57.1,52.1,61.9,69.9,67.5,54.6,43.9,39.4,2019-11-01,Noviembre,2019-11,Noviembre
RF-04,Plaza de España,2019,11,64.1,62.9,59.3,62.8,72.8,64.4,60.2,54.3,48.6,2019-11-01,Noviembre,2019-11,Noviembre
RF-25,Santa Eugenia,2019,11,68.1,68.0,63.3,67.1,72.9,69.9,66.4,59.3,50.9,2019-11-01,Noviembre,2019-11,Noviembre
RF-24,Casa de Campo,2019,12,51.2,47.9,46.0,49.5,58.2,51.7,45.9,40.5,37.7,2019-12-01,Diciembre,2019-12,Diciembre
RF-06,Gregorio Marañón,2019,12,72.2,71.8,68.2,71.2,77.8,74.4,67.8,60.7,52.3,2019-12-01,Diciembre,2019-12,Diciembre
RF-14,Plaza Elíptica,2019,12,65.2,65.0,60.8,64.1,70.8,66.3,62.7,56.0,49.4,2019-12-01,Diciembre,2019-12,Diciembre
RF-13,Vallecas,2019,12,61.5,59.9,53.9,62.0,68.3,63.4,54.0,45.3,39.2,2019-12-01,Diciembre,2019-12,Diciembre
RF-12,Manuel Becerra,2019,12,64.5,63.5,59.0,63.1,71.1,64.6,60.0,52.5,45.6,2019-12-01,Diciembre,2019-12,Diciembre
RF-20,Avenida de Moratalaz,2019,12,61.5,61.2,55.6,60.2,68.3,62.9,56.6,45.5,39.1,2019-12-01,Diciembre,2019-12,Diciembre
RF-10,Cuatro Caminos,2019,12,66.4,66.2,60.8,65.1,73.4,68.6,60.7,50.0,43.4,2019-12-01,Diciembre,2019-12,Diciembre
RF-01,Paseo de Recoletos,2019,12,68.1,68.4,65.2,67.4,74.3,70.6,64.5,56.4,49.8,2019-12-01,Diciembre,2019-12,Diciembre
RF-17,Villaverde,2019,12,58.0,64.4,53.2,59.3,65.2,58.9,52.5,42.7,35.5,2019-12-01,Diciembre,2019-12,Diciembre
RF-04,Plaza de España,2019,12,64.1,63.2,59.6,62.9,,,,,,2019-12-01,Diciembre,2019-12,Diciembre
RF-11,Ramón y Cajal,2019,12,68.9,68.3,63.4,67.6,74.0,70.6,65.5,52.7,41.7,2019-12-01,Diciembre,2019-12,Diciembre
RF-54,Ensanche de Vallecas,2019,12,62.2,62.0,55.2,60.8,68.1,64.4,58.8,45.2,36.9,2019-12-01,Diciembre,2019-12,Diciembre
RF-05,Barrio del Pilar,2019,12,61.7,62.3,55.1,60.5,67.4,63.2,58.1,46.9,41.1,2019-12-01,Diciembre,2019-12,Diciembre
RF-47,Mendez Álvaro,2019,12,58.2,55.0,50.1,56.2,66.3,56.2,48.3,41.3,37.3,2019-12-01,Diciembre,2019-12,Diciembre
RF-27,Barajas Pueblo,2019,12,63.2,61.9,57.3,61.7,71.9,65.6,54.4,43.9,36.7,2019-12-01,Diciembre,2019-12,Diciembre
RF-28,Cuatro Vientos,2019,12,69.0,67.6,61.7,67.4,75.5,71.9,62.3,44.6,37.8,2019-12-01,Diciembre,2019-12,Diciembre
RF-30,Campo de las Naciones,2019,12,61.8,60.7,55.8,60.3,67.7,63.3,57.4,46.2,40.7,2019-12-01,Diciembre,2019-12,Diciembre
RF-26,Embajada,2019,12,63.0,63.4,58.5,61.9,69.6,65.5,59.2,52.5,45.2,2019-12-01,Diciembre,2019-12,Diciembre
RF-86,Tres Olivos,2019,12,58.7,57.9,53.4,57.3,67.1,60.8,51.7,39.7,35.8,2019-12-01,Diciembre,2019-12,Diciembre
RF-02,Carlos V,2019,12,70.5,70.9,67.8,69.8,76.7,71.6,67.9,61.8,55.8,2019-12-01,Diciembre,2019-12,Diciembre
RF-29,El Pardo,2019,12,59.4,57.4,51.5,57.5,66.4,61.5,51.2,37.1,33.1,2019-12-01,Diciembre,2019-12,Diciembre
RF-03,Plaza del Carmen,2019,12,64.3,63.5,60.6,63.2,71.4,65.5,59.0,51.9,47.6,2019-12-01,Diciembre,2019-12,Diciembre
RF-31,Sanchinarro,2019,12,64.3,64.0,54.0,62.6,73.3,67.6,53.4,34.2,28.3,2019-12-01,Diciembre,2019-12,Diciembre
RF-08,Escuelas Aguirre,2019,12,67.0,66.9,64.4,66.3,73.1,69.2,64.3,57.2,47.6,2019-12-01,Diciembre,2019-12,Diciembre
RF-25,Santa Eugenia,2019,12,68.5,68.4,64.2,67.5,73.5,70.1,66.9,60.2,51.9,2019-12-01,Diciembre,2019-12,Diciembre
RF-19,Alto de Extremadura,2019,12,61.1,61.6,55.6,60.1,67.4,62.6,56.3,46.5,37.9,2019-12-01,Diciembre,2019-12,Diciembre
RF-16,Arturo Soria,2019,12,62.8,62.4,57.8,61.6,68.3,65.3,59.3,44.0,37.1,2019-12-01,Diciembre,2019-12,Diciembre
RF-50,Plaza de Castilla,2019,12,66.9,66.6,63.1,65.9,71.9,67.7,63.6,56.5,50.0,2019-12-01,Diciembre,2019-12,Diciembre
RF-48,Castellana,2019,12,63.6,63.4,59.8,62.6,68.9,65.6,61.3,54.1,46.2,2019-12-01,Diciembre,2019-12,Diciembre
RF-18,General Ricardos ubicación antigua,2019,12,62.3,64.7,50.7,56.4,67.4,59.1,51.3,42.5,39.2,2019-12-01,Diciembre,2019-12,Diciembre
RF-55,Urb Embajada 2,2019,12,57.7,57.7,51.9,56.6,64.7,59.5,52.1,44.5,40.0,2019-12-01,Diciembre,2019-12,Diciembre
RF-54,Ensanche de Vallecas,2020,1,62.1,62.0,59.8,61.4,67.8,64.3,59.0,44.9,38.8,2020-01-01,Enero,2020-01,Enero
RF-26,Embajada,2020,1,63.3,61.6,57.9,62.4,69.0,65.2,58.8,41.0,29.2,2020-01-01,Enero,2020-01,Enero
RF-18,General Ricardos ubicación antigua,2020,1,59.6,62.5,70.9,56.4,67.6,58.9,51.0,42.2,38.8,2020-01-01,Enero,2020-01,Enero
RF-24,Casa de Campo,2020,1,49.4,47.6,46.0,48.3,56.3,51.0,45.3,41.2,39.3,2020-01-01,Enero,2020-01,Enero
RF-12,Manuel Becerra,2020,1,63.7,62.8,58.4,62.4,70.2,64.1,59.8,51.5,43.9,2020-01-01,Enero,2020-01,Enero
RF-27,Barajas Pueblo,2020,1,63.4,62.2,57.8,61.9,72.3,66.0,54.8,44.0,36.6,2020-01-01,Enero,2020-01,Enero
RF-10,Cuatro Caminos,2020,1,66.5,65.4,60.2,65.0,73.2,68.5,60.8,48.5,42.1,2020-01-01,Enero,2020-01,Enero
RF-28,Cuatro Vientos,2020,1,69.4,67.3,62.0,67.6,75.7,72.1,62.4,43.1,38.2,2020-01-01,Enero,2020-01,Enero
RF-20,Avenida de Moratalaz,2020,1,61.7,61.0,57.4,60.5,68.2,62.6,56.5,43.8,38.9,2020-01-01,Enero,2020-01,Enero
RF-16,Arturo Soria,2020,1,62.6,62.0,57.3,61.3,67.8,65.0,59.2,43.1,36.7,2020-01-01,Enero,2020-01,Enero
RF-03,Plaza del Carmen,2020,1,63.1,62.1,60.6,62.2,70.9,64.7,57.9,50.7,46.6,2020-01-01,Enero,2020-01,Enero
RF-05,Barrio del Pilar,2020,1,63.4,62.8,64.5,63.7,71.3,63.6,58.3,46.0,40.5,2020-01-01,Enero,2020-01,Enero
RF-17,Villaverde,2020,1,57.2,64.5,59.1,60.0,65.6,58.7,52.2,41.9,36.8,2020-01-01,Enero,2020-01,Enero
RF-50,Plaza de Castilla,2020,1,66.7,66.6,61.9,65.6,72.0,67.5,63.5,55.6,49.0,2020-01-01,Enero,2020-01,Enero
RF-47,Mendez Álvaro,2020,1,57.6,55.9,50.7,55.9,67.2,55.2,48.0,40.4,36.8,2020-01-01,Enero,2020-01,Enero
RF-48,Castellana,2020,1,63.5,63.3,59.2,62.4,68.6,65.8,61.1,53.3,45.1,2020-01-01,Enero,2020-01,Enero
RF-14,Plaza Elíptica,2020,1,65.4,64.4,65.0,65.1,70.8,66.1,62.5,54.8,48.1,2020-01-01,Enero,2020-01,Enero
RF-86,Tres Olivos,2020,1,58.3,57.0,54.8,57.2,66.6,60.5,51.1,38.8,36.2,2020-01-01,Enero,2020-01,Enero
RF-01,Paseo de Recoletos,2020,1,68.7,67.9,64.9,67.8,73.9,71.3,65.5,57.9,50.8,2020-01-01,Enero,2020-01,Enero
RF-29,El Pardo,2020,1,59.3,56.0,50.7,57.2,66.4,61.5,50.7,34.8,32.3,2020-01-01,Enero,2020-01,Enero
RF-31,Sanchinarro,2020,1,64.8,64.5,55.4,63.2,73.2,68.1,55.2,44.1,39.9,2020-01-01,Enero,2020-01,Enero
RF-19,Alto de Extremadura,2020,1,61.4,60.7,60.5,60.5,67.3,62.4,55.4,40.8,29.4,2020-01-01,Enero,2020-01,Enero
RF-08,Escuelas Aguirre,2020,1,66.8,66.1,63.5,65.8,72.6,68.9,64.1,56.3,47.1,2020-01-01,Enero,2020-01,Enero
RF-30,Campo de las Naciones,2020,1,61.2,59.4,54.0,59.5,67.0,62.9,56.8,45.3,40.8,2020-01-01,Enero,2020-01,Enero
RF-02,Carlos V,2020,1,70.2,69.6,67.1,69.3,75.5,71.3,67.8,61.2,55.3,2020-01-01,Enero,2020-01,Enero
RF-25,Santa Eugenia,2020,1,68.4,67.7,63.5,67.2,72.7,69.6,66.6,58.9,50.2,2020-01-01,Enero,2020-01,Enero
RF-11,Ramón y Cajal,2020,1,68.8,67.7,62.2,67.3,73.6,70.4,65.6,51.7,40.6,2020-01-01,Enero,2020-01,Enero
RF-06,Gregorio Marañón,2020,1,71.9,71.6,67.1,70.8,77.7,74.3,67.7,60.0,51.3,2020-01-01,Enero,2020-01,Enero
RF-55,Urb Embajada 2,2020,1,58.2,56.3,56.8,57.5,64.8,59.4,52.1,44.5,40.4,2020-01-01,Enero,2020-01,Enero
RF-13,Vallecas,2020,1,62.4,57.3,68.5,64.3,69.5,64.4,53.8,42.9,37.8,2020-01-01,Enero,2020-01,Enero
RF-05,Barrio del Pilar,2020,2,61.5,61.1,53.7,60.0,67.0,62.7,58.0,45.4,39.1,2020-02-01,Febrero,2020-02,Febrero
RF-30,Campo de las Naciones,2020,2,60.8,59.3,53.9,59.2,66.5,62.5,57.0,44.1,38.6,2020-02-01,Febrero,2020-02,Febrero
RF-54,Ensanche de Vallecas,2020,2,61.2,61.1,53.7,59.8,66.7,63.4,58.1,44.0,36.0,2020-02-01,Febrero,2020-02,Febrero
RF-29,El Pardo,2020,2,57.8,55.8,50.2,56.0,64.9,60.4,50.6,35.0,33.1,2020-02-01,Febrero,2020-02,Febrero
RF-11,Ramón y Cajal,2020,2,68.6,67.6,62.0,67.1,73.4,69.8,65.3,51.4,40.4,2020-02-01,Febrero,2020-02,Febrero
RF-48,Castellana,2020,2,63.6,63.0,59.2,62.4,68.8,65.5,61.1,53.7,45.8,2020-02-01,Febrero,2020-02,Febrero
RF-27,Barajas Pueblo,2020,2,62.3,61.4,57.0,61.0,71.6,65.2,53.4,43.4,35.6,2020-02-01,Febrero,2020-02,Febrero
RF-28,Cuatro Vientos,2020,2,68.6,66.5,60.5,66.8,74.8,71.1,62.6,42.2,36.9,2020-02-01,Febrero,2020-02,Febrero
RF-86,Tres Olivos,2020,2,58.3,56.7,50.1,56.5,66.2,60.2,51.3,39.3,36.1,2020-02-01,Febrero,2020-02,Febrero
RF-26,Embajada,2020,2,61.6,60.7,56.8,60.4,67.4,64.1,58.1,50.6,43.6,2020-02-01,Febrero,2020-02,Febrero
RF-02,Carlos V,2020,2,69.7,69.3,66.7,68.8,75.0,70.8,67.4,61.1,55.0,2020-02-01,Febrero,2020-02,Febrero
RF-01,Paseo de Recoletos,2020,2,67.5,67.5,65.3,67.0,73.3,70.1,64.6,57.1,49.5,2020-02-01,Febrero,2020-02,Febrero
RF-16,Arturo Soria,2020,2,62.2,61.3,56.4,60.8,67.3,64.3,58.6,41.9,35.5,2020-02-01,Febrero,2020-02,Febrero
RF-24,Casa de Campo,2020,2,49.3,46.4,44.0,47.6,56.0,51.0,44.5,41.3,39.5,2020-02-01,Febrero,2020-02,Febrero
RF-47,Mendez Álvaro,2020,2,55.5,56.9,48.5,54.5,66.2,54.6,47.7,39.0,35.1,2020-02-01,Febrero,2020-02,Febrero
RF-08,Escuelas Aguirre,2020,2,66.1,65.3,62.6,65.1,71.8,68.0,63.1,55.6,45.2,2020-02-01,Febrero,2020-02,Febrero
RF-55,Urb Embajada 2,2020,2,57.3,55.7,51.1,55.7,64.1,58.8,51.1,43.8,39.3,2020-02-01,Febrero,2020-02,Febrero
RF-25,Santa Eugenia,2020,2,67.3,66.8,62.6,66.1,70.5,68.5,66.1,58.8,49.9,2020-02-01,Febrero,2020-02,Febrero
RF-03,Plaza del Carmen,2020,2,63.1,60.7,60.1,62.0,70.9,64.7,58.5,51.0,46.2,2020-02-01,Febrero,2020-02,Febrero
RF-31,Sanchinarro,2020,2,63.5,63.2,53.1,61.9,72.0,66.7,54.1,43.3,38.5,2020-02-01,Febrero,2020-02,Febrero
RF-19,Alto de Extremadura,2020,2,60.7,59.5,53.6,59.1,67.0,61.9,55.1,39.1,29.8,2020-02-01,Febrero,2020-02,Febrero
RF-13,Vallecas,2020,2,63.1,56.7,50.4,60.5,70.5,64.9,53.4,41.6,35.8,2020-02-01,Febrero,2020-02,Febrero
RF-06,Gregorio Marañón,2020,2,71.6,71.0,66.9,70.4,77.4,73.8,67.3,60.0,50.7,2020-02-01,Febrero,2020-02,Febrero
RF-18,General Ricardos ubicación antigua,2020,2,58.3,57.6,50.2,56.4,66.7,58.9,51.3,42.5,39.2,2020-02-01,Febrero,2020-02,Febrero
RF-12,Manuel Becerra,2020,2,63.7,62.9,58.1,62.3,70.0,64.0,59.7,51.3,43.1,2020-02-01,Febrero,2020-02,Febrero
RF-50,Plaza de Castilla,2020,2,66.5,66.0,61.3,65.2,71.3,66.9,63.3,55.5,48.8,2020-02-01,Febrero,2020-02,Febrero
RF-14,Plaza Elíptica,2020,2,66.1,64.3,59.8,64.4,71.7,65.9,62.3,54.7,47.6,2020-02-01,Febrero,2020-02,Febrero
RF-10,Cuatro Caminos,2020,2,65.8,64.9,60.0,64.4,72.7,67.9,60.5,48.6,42.2,2020-02-01,Febrero,2020-02,Febrero
RF-20,Avenida de Moratalaz,2020,2,60.7,60.5,53.5,59.3,66.9,62.0,56.2,43.3,38.1,2020-02-01,Febrero,2020-02,Febrero
RF-17,Villaverde,2020,2,57.2,58.7,49.7,56.2,65.6,58.8,52.2,41.5,34.5,2020-02-01,Febrero,2020-02,Febrero
RF-54,Ensanche de Vallecas,2020,3,62.3,58.7,52.8,60.2,69.1,62.6,54.3,40.2,33.4,2020-03-01,Marzo,2020-03,Marzo
RF-20,Avenida de Moratalaz,2020,3,60.2,58.7,55.8,58.9,66.7,60.8,54.2,39.9,36.3,2020-03-01,Marzo,2020-03,Marzo
RF-11,Ramón y Cajal,2020,3,66.7,65.1,60.6,65.1,72.7,68.8,60.6,44.3,37.4,2020-03-01,Marzo,2020-03,Marzo
RF-27,Barajas Pueblo,2020,3,61.1,60.4,55.2,59.7,71.0,62.4,49.7,39.4,33.4,2020-03-01,Marzo,2020-03,Marzo
RF-19,Alto de Extremadura,2020,3,59.1,58.9,52.2,57.7,66.6,60.9,52.2,38.8,29.5,2020-03-01,Marzo,2020-03,Marzo
RF-03,Plaza del Carmen,2020,3,63.2,58.7,58.1,61.5,71.7,64.8,53.1,43.2,40.6,2020-03-01,Marzo,2020-03,Marzo
RF-13,Vallecas,2020,3,58.6,57.7,49.9,57.0,66.5,61.1,48.7,38.8,35.0,2020-03-01,Marzo,2020-03,Marzo
RF-12,Manuel Becerra,2020,3,61.7,62.1,56.0,60.6,68.3,62.7,56.7,46.0,34.5,2020-03-01,Marzo,2020-03,Marzo
RF-24,Casa de Campo,2020,3,48.2,46.2,47.2,47.6,55.8,49.6,44.5,42.6,42.0,2020-03-01,Marzo,2020-03,Marzo
RF-05,Barrio del Pilar,2020,3,59.9,59.4,52.4,58.4,66.3,61.2,54.4,42.0,36.4,2020-03-01,Marzo,2020-03,Marzo
RF-50,Plaza de Castilla,2020,3,64.8,63.8,59.7,63.4,70.0,66.0,59.8,50.0,44.2,2020-03-01,Marzo,2020-03,Marzo
RF-02,Carlos V,2020,3,67.8,66.5,64.2,66.6,73.4,69.6,63.6,54.5,47.8,2020-03-01,Marzo,2020-03,Marzo
RF-06,Gregorio Marañón,2020,3,69.2,67.9,64.2,67.8,75.9,71.9,63.5,50.7,40.0,2020-03-01,Marzo,2020-03,Marzo
RF-29,El Pardo,2020,3,56.0,54.0,48.7,54.3,64.3,58.7,46.4,35.0,33.2,2020-03-01,Marzo,2020-03,Marzo
RF-47,Mendez Álvaro,2020,3,53.8,55.5,49.7,53.3,65.2,54.0,45.8,37.9,33.9,2020-03-01,Marzo,2020-03,Marzo
RF-86,Tres Olivos,2020,3,56.2,55.0,49.3,54.6,65.0,58.2,47.6,38.5,36.4,2020-03-01,Marzo,2020-03,Marzo
RF-16,Arturo Soria,2020,3,60.4,58.8,54.3,58.9,66.8,63.2,54.0,37.7,33.1,2020-03-01,Marzo,2020-03,Marzo
RF-55,Urb Embajada 2,2020,3,55.5,53.3,49.8,53.9,63.1,56.8,48.4,41.1,38.2,2020-03-01,Marzo,2020-03,Marzo
RF-26,Embajada,2020,3,59.8,58.0,55.5,58.5,67.2,62.5,54.9,45.7,38.8,2020-03-01,Marzo,2020-03,Marzo
RF-18,General Ricardos ubicación antigua,2020,3,55.4,55.0,49.6,54.1,63.8,56.5,47.4,40.9,38.5,2020-03-01,Marzo,2020-03,Marzo
RF-30,Campo de las Naciones,2020,3,59.2,57.3,53.4,57.6,65.8,61.2,54.2,41.4,36.1,2020-03-01,Marzo,2020-03,Marzo
RF-17,Villaverde,2020,3,55.2,54.6,48.5,53.7,63.3,56.9,48.6,38.5,33.7,2020-03-01,Marzo,2020-03,Marzo
RF-28,Cuatro Vientos,2020,3,66.3,64.1,58.8,64.5,73.6,68.9,57.6,39.3,35.7,2020-03-01,Marzo,2020-03,Marzo
RF-31,Sanchinarro,2020,3,61.3,60.1,50.9,59.5,71.2,63.2,49.0,40.5,36.3,2020-03-01,Marzo,2020-03,Marzo
RF-14,Plaza Elíptica,2020,3,63.6,61.9,58.2,62.1,69.0,64.5,59.1,49.8,40.2,2020-03-01,Marzo,2020-03,Marzo
RF-08,Escuelas Aguirre,2020,3,63.2,62.2,59.5,62.1,70.0,65.8,58.8,46.4,38.4,2020-03-01,Marzo,2020-03,Marzo
RF-10,Cuatro Caminos,2020,3,63.7,62.4,56.8,62.1,71.6,65.6,55.2,43.8,40.9,2020-03-01,Marzo,2020-03,Marzo
RF-01,Paseo de Recoletos,2020,3,68.8,64.8,62.0,66.8,73.0,68.9,60.2,48.2,38.5,2020-03-01,Marzo,2020-03,Marzo
RF-48,Castellana,2020,3,61.3,60.2,57.0,60.1,67.9,63.9,57.1,46.1,37.8,2020-03-01,Marzo,2020-03,Marzo
RF-25,Santa Eugenia,2020,3,66.3,64.7,61.4,64.9,70.9,67.9,64.0,53.8,43.2,2020-03-01,Marzo,2020-03,Marzo
RF-30,Campo de las Naciones,2020,4,56.2,55.9,48.9,54.8,63.4,57.6,52.6,38.8,34.5,2020-04-01,Abril,2020-04,Abril
RF-06,Gregorio Marañón,2020,4,65.6,63.9,58.6,63.9,72.8,66.8,57.6,44.7,37.3,2020-04-01,Abril,2020-04,Abril
RF-02,Carlos V,2020,4,65.4,63.7,60.6,64.0,71.7,67.0,59.5,51.6,45.4,2020-04-01,Abril,2020-04,Abril
RF-08,Escuelas Aguirre,2020,4,60.7,58.9,54.8,59.1,68.1,62.5,54.3,42.4,37.0,2020-04-01,Abril,2020-04,Abril
RF-31,Sanchinarro,2020,4,58.5,57.3,47.0,56.6,69.7,56.7,46.2,40.3,37.1,2020-04-01,Abril,2020-04,Abril
RF-05,Barrio del Pilar,2020,4,57.6,57.9,49.4,56.3,64.7,58.6,51.3,38.1,34.9,2020-04-01,Abril,2020-04,Abril
RF-18,General Ricardos ubicación antigua,2020,4,55.5,55.2,47.7,54.0,64.6,55.2,45.9,39.7,37.5,2020-04-01,Abril,2020-04,Abril
RF-25,Santa Eugenia,2020,4,64.8,62.3,59.9,63.3,70.2,67.0,61.4,49.6,38.9,2020-04-01,Abril,2020-04,Abril
RF-19,Alto de Extremadura,2020,4,57.1,59.0,49.0,56.2,66.1,58.7,49.1,34.1,28.6,2020-04-01,Abril,2020-04,Abril
RF-86,Tres Olivos,2020,4,54.1,54.4,46.7,52.8,63.2,55.7,46.0,37.0,35.5,2020-04-01,Abril,2020-04,Abril
RF-27,Barajas Pueblo,2020,4,58.1,57.7,51.4,56.7,68.5,57.7,46.1,35.4,30.9,2020-04-01,Abril,2020-04,Abril
RF-13,Vallecas,2020,4,53.3,56.1,47.5,52.8,62.4,54.7,45.3,37.0,33.3,2020-04-01,Abril,2020-04,Abril
RF-54,Ensanche de Vallecas,2020,4,56.9,57.8,49.5,55.7,64.5,59.0,49.7,37.0,32.9,2020-04-01,Abril,2020-04,Abril
RF-50,Plaza de Castilla,2020,4,61.7,60.9,55.6,60.3,67.5,62.8,56.0,46.8,42.2,2020-04-01,Abril,2020-04,Abril
RF-11,Ramón y Cajal,2020,4,63.6,63.1,55.4,62.0,70.3,65.5,56.2,39.5,36.6,2020-04-01,Abril,2020-04,Abril
RF-10,Cuatro Caminos,2020,4,60.3,61.7,54.5,59.4,68.9,61.0,51.1,42.8,41.0,2020-04-01,Abril,2020-04,Abril
RF-14,Plaza Elíptica,2020,4,61.0,59.2,55.5,59.5,66.9,62.2,56.0,48.0,39.3,2020-04-01,Abril,2020-04,Abril
RF-28,Cuatro Vientos,2020,4,63.8,62.0,56.3,62.0,72.4,66.0,53.5,37.6,35.1,2020-04-01,Abril,2020-04,Abril
RF-48,Castellana,2020,4,58.9,57.3,55.1,57.7,67.8,59.8,52.5,41.8,35.7,2020-04-01,Abril,2020-04,Abril
RF-29,El Pardo,2020,4,55.0,51.2,45.6,52.9,63.5,55.6,44.0,34.4,33.1,2020-04-01,Abril,2020-04,Abril
RF-17,Villaverde,2020,4,53.4,55.2,45.8,52.5,62.2,54.3,46.7,35.5,32.4,2020-04-01,Abril,2020-04,Abril
RF-55,Urb Embajada 2,2020,4,52.9,60.4,46.2,54.7,60.8,53.1,45.5,39.2,37.2,2020-04-01,Abril,2020-04,Abril
RF-20,Avenida de Moratalaz,2020,4,59.1,59.0,49.5,57.6,66.0,59.0,53.2,37.6,35.8,2020-04-01,Abril,2020-04,Abril
RF-16,Arturo Soria,2020,4,58.2,57.1,51.0,56.6,65.6,60.7,49.2,34.2,31.4,2020-04-01,Abril,2020-04,Abril
RF-03,Plaza del Carmen,2020,4,60.9,53.4,52.3,58.5,70.3,60.9,47.0,41.4,39.2,2020-04-01,Abril,2020-04,Abril
RF-12,Manuel Becerra,2020,4,59.5,61.1,53.2,58.6,65.4,60.0,54.1,41.0,32.0,2020-04-01,Abril,2020-04,Abril
RF-24,Casa de Campo,2020,4,47.6,45.1,43.3,46.2,53.6,47.6,43.4,41.7,41.1,2020-04-01,Abril,2020-04,Abril
RF-47,Mendez Álvaro,2020,4,54.0,54.4,47.4,52.8,63.5,52.8,44.9,35.6,32.7,2020-04-01,Abril,2020-04,Abril
RF-26,Embajada,2020,4,55.7,56.2,50.4,54.6,64.6,56.4,49.3,41.5,36.1,2020-04-01,Abril,2020-04,Abril
RF-01,Paseo de Recoletos,2020,4,69.2,60.9,57.6,66.6,79.8,65.6,60.4,53.6,51.1,2020-04-01,Abril,2020-04,Abril
RF-28,Cuatro Vientos,2020,5,64.8,63.0,56.9,63.0,72.6,67.1,56.1,37.5,34.7,2020-05-01,Mayo,2020-05,Mayo
RF-14,Plaza Elíptica,2020,5,63.4,61.9,56.4,61.8,70.4,64.3,58.5,49.9,42.5,2020-05-01,Mayo,2020-05,Mayo
RF-18,General Ricardos ubicación antigua,2020,5,55.2,55.4,48.2,53.9,63.6,55.8,47.9,40.8,38.6,2020-05-01,Mayo,2020-05,Mayo
RF-05,Barrio del Pilar,2020,5,58.6,59.6,51.7,57.5,65.0,59.8,53.9,42.1,35.8,2020-05-01,Mayo,2020-05,Mayo
RF-24,Casa de Campo,2020,5,50.0,46.4,43.5,48.2,55.7,48.2,43.9,42.1,41.1,2020-05-01,Mayo,2020-05,Mayo
RF-03,Plaza del Carmen,2020,5,60.8,57.5,54.0,58.9,69.6,62.0,51.6,42.7,39.8,2020-05-01,Mayo,2020-05,Mayo
RF-30,Campo de las Naciones,2020,5,57.3,57.3,49.6,55.9,64.2,58.4,53.0,39.8,35.1,2020-05-01,Mayo,2020-05,Mayo
RF-08,Escuelas Aguirre,2020,5,63.1,62.2,57.1,61.6,70.0,64.7,57.5,46.9,39.3,2020-05-01,Mayo,2020-05,Mayo
RF-50,Plaza de Castilla,2020,5,63.1,62.8,56.9,61.8,68.8,63.9,58.4,48.2,43.0,2020-05-01,Mayo,2020-05,Mayo
RF-02,Carlos V,2020,5,66.0,65.6,60.9,64.9,72.8,67.6,60.8,52.7,46.0,2020-05-01,Mayo,2020-05,Mayo
RF-19,Alto de Extremadura,2020,5,59.7,58.2,51.5,58.0,67.5,59.9,51.7,36.6,29.8,2020-05-01,Mayo,2020-05,Mayo
RF-06,Gregorio Marañón,2020,5,65.7,64.4,58.4,64.1,73.0,66.9,58.6,45.4,37.4,2020-05-01,Mayo,2020-05,Mayo
RF-16,Arturo Soria,2020,5,58.5,57.2,52.3,57.0,65.5,60.8,51.6,36.3,32.7,2020-05-01,Mayo,2020-05,Mayo
RF-31,Sanchinarro,2020,5,59.5,58.5,48.8,57.7,69.6,59.8,49.1,41.6,37.4,2020-05-01,Mayo,2020-05,Mayo
RF-25,Santa Eugenia,2020,5,65.2,64.0,59.6,63.9,70.7,67.3,62.2,51.0,38.6,2020-05-01,Mayo,2020-05,Mayo
RF-13,Vallecas,2020,5,58.3,56.6,49.8,56.5,66.3,58.5,49.6,39.3,35.8,2020-05-01,Mayo,2020-05,Mayo
RF-12,Manuel Becerra,2020,5,61.9,62.0,54.5,60.5,68.9,62.2,56.6,45.6,36.5,2020-05-01,Mayo,2020-05,Mayo
RF-20,Avenida de Moratalaz,2020,5,60.0,61.2,51.4,58.9,67.8,60.4,53.9,38.7,35.7,2020-05-01,Mayo,2020-05,Mayo
RF-26,Embajada,2020,5,57.1,55.2,50.6,55.5,65.3,58.3,50.3,41.4,36.4,2020-05-01,Mayo,2020-05,Mayo
RF-17,Villaverde,2020,5,58.8,58.4,48.8,57.1,68.6,58.5,50.4,37.3,33.2,2020-05-01,Mayo,2020-05,Mayo
RF-01,Paseo de Recoletos,2020,5,64.7,62.4,57.9,63.0,71.0,66.7,57.7,44.9,37.6,2020-05-01,Mayo,2020-05,Mayo
RF-55,Urb Embajada 2,2020,5,55.7,54.0,48.5,54.0,61.8,54.9,47.9,40.7,37.4,2020-05-01,Mayo,2020-05,Mayo
RF-11,Ramón y Cajal,2020,5,65.4,73.5,57.3,67.5,74.3,67.3,59.5,41.7,37.3,2020-05-01,Mayo,2020-05,Mayo
RF-86,Tres Olivos,2020,5,58.0,56.3,47.7,56.0,65.2,57.0,47.8,38.3,36.2,2020-05-01,Mayo,2020-05,Mayo
RF-10,Cuatro Caminos,2020,5,61.9,61.4,55.4,60.5,69.8,63.3,54.0,44.6,42.0,2020-05-01,Mayo,2020-05,Mayo
RF-47,Mendez Álvaro,2020,5,56.2,57.5,49.3,55.2,66.1,55.1,48.6,36.5,32.9,2020-05-01,Mayo,2020-05,Mayo
RF-48,Castellana,2020,5,58.4,59.6,57.0,58.2,68.3,59.5,53.3,45.0,37.0,2020-05-01,Mayo,2020-05,Mayo
RF-54,Ensanche de Vallecas,2020,5,58.0,57.2,50.7,56.5,64.8,59.9,53.2,38.8,33.6,2020-05-01,Mayo,2020-05,Mayo
RF-29,El Pardo,2020,5,56.9,54.5,47.0,54.9,63.9,57.5,46.1,34.8,33.2,2020-05-01,Mayo,2020-05,Mayo
RF-27,Barajas Pueblo,2020,5,58.6,57.2,52.8,57.1,69.0,58.4,47.7,37.0,30.9,2020-05-01,Mayo,2020-05,Mayo
RF-86,Tres Olivos,2020,6,56.7,57.6,50.9,55.7,64.9,58.8,50.7,40.4,36.6,2020-06-01,Junio,2020-06,Junio
RF-47,Mendez Álvaro,2020,6,56.6,58.8,50.4,55.9,67.5,56.6,50.4,39.6,34.8,2020-06-01,Junio,2020-06,Junio
RF-16,Arturo Soria,2020,6,59.8,59.2,53.9,58.4,65.7,61.9,55.5,39.9,33.7,2020-06-01,Junio,2020-06,Junio
RF-28,Cuatro Vientos,2020,6,66.9,65.8,59.0,65.3,73.6,69.2,61.0,41.1,35.4,2020-06-01,Junio,2020-06,Junio
RF-25,Santa Eugenia,2020,6,66.3,65.6,61.3,65.1,70.4,67.7,64.4,56.3,45.9,2020-06-01,Junio,2020-06,Junio
RF-10,Cuatro Caminos,2020,6,63.9,63.8,58.1,62.7,71.0,65.5,57.5,46.1,41.5,2020-06-01,Junio,2020-06,Junio
RF-13,Vallecas,2020,6,57.4,58.4,51.6,56.4,64.0,58.2,52.4,42.5,34.8,2020-06-01,Junio,2020-06,Junio
RF-03,Plaza del Carmen,2020,6,61.3,59.5,56.0,59.8,69.5,62.7,55.3,46.4,40.6,2020-06-01,Junio,2020-06,Junio
RF-50,Plaza de Castilla,2020,6,64.5,65.1,59.4,63.5,69.6,65.1,60.7,52.0,46.0,2020-06-01,Junio,2020-06,Junio
RF-20,Avenida de Moratalaz,2020,6,61.5,59.9,53.6,59.8,68.3,61.4,55.8,44.3,37.0,2020-06-01,Junio,2020-06,Junio
RF-08,Escuelas Aguirre,2020,6,65.0,65.1,61.0,64.0,71.0,66.9,62.2,53.4,48.1,2020-06-01,Junio,2020-06,Junio
RF-02,Carlos V,2020,6,68.2,67.3,63.1,67.0,73.5,68.6,63.7,56.0,49.8,2020-06-01,Junio,2020-06,Junio
RF-19,Alto de Extremadura,2020,6,59.8,60.5,54.2,58.7,67.4,61.2,53.4,35.7,29.2,2020-06-01,Junio,2020-06,Junio
RF-29,El Pardo,2020,6,58.7,59.6,52.2,57.6,66.8,60.5,52.7,38.0,33.6,2020-06-01,Junio,2020-06,Junio
RF-11,Ramón y Cajal,2020,6,67.0,71.5,60.9,67.2,73.8,68.5,63.1,48.0,39.0,2020-06-01,Junio,2020-06,Junio
RF-54,Ensanche de Vallecas,2020,6,59.6,59.6,52.5,58.2,65.3,61.1,55.8,41.8,35.3,2020-06-01,Junio,2020-06,Junio
RF-01,Paseo de Recoletos,2020,6,67.6,68.3,61.2,66.1,75.5,68.0,60.5,50.2,42.0,2020-06-01,Junio,2020-06,Junio
RF-26,Embajada,2020,6,60.1,59.0,52.0,58.5,67.1,62.6,53.4,43.3,36.8,2020-06-01,Junio,2020-06,Junio
RF-17,Villaverde,2020,6,57.2,63.0,51.8,58.1,66.9,60.0,53.2,41.1,35.2,2020-06-01,Junio,2020-06,Junio
RF-05,Barrio del Pilar,2020,6,60.4,65.6,53.7,60.9,67.4,62.3,57.2,45.7,38.4,2020-06-01,Junio,2020-06,Junio
RF-48,Castellana,2020,6,59.8,59.9,55.2,58.7,66.9,61.1,56.7,49.0,43.1,2020-06-01,Junio,2020-06,Junio
RF-14,Plaza Elíptica,2020,6,64.5,64.2,59.2,63.3,69.5,64.8,61.1,53.3,45.8,2020-06-01,Junio,2020-06,Junio
RF-24,Casa de Campo,2020,6,47.9,47.9,44.1,47.0,53.9,49.9,44.8,42.0,40.9,2020-06-01,Junio,2020-06,Junio
RF-18,General Ricardos ubicación antigua,2020,6,57.1,56.6,49.6,55.6,65.2,57.8,50.4,42.0,38.5,2020-06-01,Junio,2020-06,Junio
RF-12,Manuel Becerra,2020,6,62.5,63.5,57.4,61.6,68.9,63.3,58.7,49.7,41.1,2020-06-01,Junio,2020-06,Junio
RF-30,Campo de las Naciones,2020,6,59.0,59.5,52.5,57.9,66.8,60.8,55.1,42.1,37.2,2020-06-01,Junio,2020-06,Junio
RF-31,Sanchinarro,2020,6,60.9,61.7,51.6,59.6,70.3,64.1,51.3,42.5,37.3,2020-06-01,Junio,2020-06,Junio
RF-06,Gregorio Marañón,2020,6,67.3,66.9,61.6,66.0,74.3,68.9,62.1,51.4,42.3,2020-06-01,Junio,2020-06,Junio
RF-55,Urb Embajada 2,2020,6,55.4,55.5,49.8,54.2,62.5,56.2,50.5,44.3,41.2,2020-06-01,Junio,2020-06,Junio
RF-27,Barajas Pueblo,2020,6,60.1,58.7,53.5,58.5,69.5,62.4,49.0,38.1,32.1,2020-06-01,Junio,2020-06,Junio
RF-55,Urb Embajada 2,2020,7,55.9,54.8,50.1,54.4,62.2,56.8,50.6,45.8,42.4,2020-07-01,Julio,2020-07,Julio
RF-86,Tres Olivos,2020,7,59.3,54.5,49.6,57.1,66.5,57.3,48.9,42.0,36.8,2020-07-01,Julio,2020-07,Julio
RF-01,Paseo de Recoletos,2020,7,69.1,66.6,62.6,67.3,76.7,69.0,62.0,52.4,45.0,2020-07-01,Julio,2020-07,Julio
RF-11,Ramón y Cajal,2020,7,66.7,65.9,60.2,65.2,71.8,68.3,62.8,48.7,40.1,2020-07-01,Julio,2020-07,Julio
RF-14,Plaza Elíptica,2020,7,64.4,64.2,60.0,63.3,69.6,64.9,61.4,54.5,47.4,2020-07-01,Julio,2020-07,Julio
RF-18,General Ricardos ubicación antigua,2020,7,57.2,56.8,50.5,55.8,65.9,58.4,50.5,42.7,39.4,2020-07-01,Julio,2020-07,Julio
RF-19,Alto de Extremadura,2020,7,69.9,61.8,54.3,67.3,81.4,65.8,56.6,43.2,35.6,2020-07-01,Julio,2020-07,Julio
RF-08,Escuelas Aguirre,2020,7,65.5,65.2,61.6,64.5,71.6,66.9,62.5,54.4,48.5,2020-07-01,Julio,2020-07,Julio
RF-20,Avenida de Moratalaz,2020,7,60.8,59.2,53.5,59.0,68.0,61.2,55.2,46.1,39.1,2020-07-01,Julio,2020-07,Julio
RF-48,Castellana,2020,7,59.0,58.4,54.3,57.8,65.1,60.3,56.2,49.5,46.0,2020-07-01,Julio,2020-07,Julio
RF-12,Manuel Becerra,2020,7,62.6,62.8,57.2,61.5,68.9,62.9,58.3,49.7,42.1,2020-07-01,Julio,2020-07,Julio
RF-24,Casa de Campo,2020,7,49.6,50.1,45.5,48.7,55.3,51.3,46.7,43.6,38.6,2020-07-01,Julio,2020-07,Julio
RF-05,Barrio del Pilar,2020,7,60.0,61.9,55.1,59.4,66.3,61.9,57.2,47.5,41.2,2020-07-01,Julio,2020-07,Julio
RF-30,Campo de las Naciones,2020,7,58.9,58.6,54.4,57.8,66.6,60.6,55.3,43.5,37.9,2020-07-01,Julio,2020-07,Julio
RF-50,Plaza de Castilla,2020,7,64.5,64.1,60.0,63.3,69.3,64.8,60.7,53.0,47.7,2020-07-01,Julio,2020-07,Julio
RF-16,Arturo Soria,2020,7,59.6,59.1,54.3,58.4,65.4,62.0,55.9,41.6,35.9,2020-07-01,Julio,2020-07,Julio
RF-25,Santa Eugenia,2020,7,66.4,65.8,61.9,65.2,70.3,67.7,64.9,58.0,49.2,2020-07-01,Julio,2020-07,Julio
RF-31,Sanchinarro,2020,7,60.6,62.0,52.6,59.6,70.0,64.1,50.9,44.2,38.6,2020-07-01,Julio,2020-07,Julio
RF-13,Vallecas,2020,7,58.9,58.4,53.6,57.6,67.0,60.0,53.3,45.7,38.5,2020-07-01,Julio,2020-07,Julio
RF-02,Carlos V,2020,7,67.6,67.1,63.6,66.6,73.5,68.7,64.4,57.2,51.0,2020-07-01,Julio,2020-07,Julio
RF-06,Gregorio Marañón,2020,7,67.6,67.1,62.7,66.4,74.3,69.4,63.0,53.7,45.8,2020-07-01,Julio,2020-07,Julio
RF-26,Embajada,2020,7,61.9,60.8,54.1,60.2,68.8,64.5,54.9,46.5,39.5,2020-07-01,Julio,2020-07,Julio
RF-10,Cuatro Caminos,2020,7,63.7,63.2,58.4,62.4,70.9,65.6,57.3,47.0,42.2,2020-07-01,Julio,2020-07,Julio
RF-17,Villaverde,2020,7,57.3,61.3,53.4,57.5,66.7,60.6,53.6,44.6,38.6,2020-07-01,Julio,2020-07,Julio
RF-27,Barajas Pueblo,2020,7,60.7,58.9,54.7,59.1,69.7,63.3,49.9,42.0,34.6,2020-07-01,Julio,2020-07,Julio
RF-47,Mendez Álvaro,2020,7,54.9,56.5,50.4,54.3,65.0,55.6,50.6,40.9,36.6,2020-07-01,Julio,2020-07,Julio
RF-28,Cuatro Vientos,2020,7,66.5,65.3,58.9,64.9,73.2,68.9,60.4,42.3,36.3,2020-07-01,Julio,2020-07,Julio
RF-29,El Pardo,2020,7,57.8,56.8,52.9,56.4,64.8,59.7,52.6,39.5,34.4,2020-07-01,Julio,2020-07,Julio
RF-54,Ensanche de Vallecas,2020,7,58.8,59.0,53.1,57.6,64.7,60.8,55.8,44.5,36.8,2020-07-01,Julio,2020-07,Julio
RF-03,Plaza del Carmen,2020,7,61.6,59.7,56.9,60.1,69.4,63.0,56.0,49.4,45.4,2020-07-01,Julio,2020-07,Julio
RF-26,Embajada,2020,8,58.5,57.2,53.2,57.1,65.9,60.8,53.5,46.5,39.8,2020-08-01,Agosto,2020-08,Agosto
RF-12,Manuel Becerra,2020,8,61.6,61.8,55.7,60.4,67.5,62.0,57.0,47.6,39.6,2020-08-01,Agosto,2020-08,Agosto
RF-31,Sanchinarro,2020,8,60.1,60.9,50.8,58.8,70.0,62.7,49.8,43.0,38.0,2020-08-01,Agosto,2020-08,Agosto
RF-17,Villaverde,2020,8,56.8,61.8,53.5,57.5,67.4,59.9,51.8,42.2,36.9,2020-08-01,Agosto,2020-08,Agosto
RF-30,Campo de las Naciones,2020,8,57.8,58.0,54.1,56.9,65.7,59.6,54.4,43.4,37.9,2020-08-01,Agosto,2020-08,Agosto
RF-50,Plaza de Castilla,2020,8,64.3,63.6,58.9,62.9,69.6,64.9,59.9,51.7,46.8,2020-08-01,Agosto,2020-08,Agosto
RF-19,Alto de Extremadura,2020,8,67.7,58.6,52.4,64.8,78.3,62.9,53.2,39.3,29.5,2020-08-01,Agosto,2020-08,Agosto
RF-01,Paseo de Recoletos,2020,8,68.0,64.9,61.2,66.1,76.5,68.4,60.1,50.1,42.3,2020-08-01,Agosto,2020-08,Agosto
RF-54,Ensanche de Vallecas,2020,8,58.5,58.4,52.2,57.2,64.8,60.5,54.8,43.0,35.6,2020-08-01,Agosto,2020-08,Agosto
RF-16,Arturo Soria,2020,8,59.6,58.9,54.0,58.3,65.5,61.7,54.4,40.1,34.7,2020-08-01,Agosto,2020-08,Agosto
RF-25,Santa Eugenia,2020,8,66.2,65.7,61.5,65.0,71.1,67.5,64.5,57.5,48.4,2020-08-01,Agosto,2020-08,Agosto
RF-13,Vallecas,2020,8,56.1,57.2,53.7,55.7,63.8,57.5,51.5,44.1,37.0,2020-08-01,Agosto,2020-08,Agosto
RF-03,Plaza del Carmen,2020,8,60.7,59.6,56.2,59.4,68.7,62.0,54.3,46.9,41.9,2020-08-01,Agosto,2020-08,Agosto
RF-20,Avenida de Moratalaz,2020,8,59.4,59.3,52.1,58.0,66.0,59.9,54.3,44.8,39.1,2020-08-01,Agosto,2020-08,Agosto
RF-10,Cuatro Caminos,2020,8,62.8,62.9,57.1,61.6,70.5,64.3,55.5,45.9,41.2,2020-08-01,Agosto,2020-08,Agosto
RF-08,Escuelas Aguirre,2020,8,64.7,64.3,60.0,63.5,70.8,66.0,60.8,52.3,47.4,2020-08-01,Agosto,2020-08,Agosto
RF-47,Mendez Álvaro,2020,8,54.7,55.0,49.5,53.6,65.1,53.7,48.0,39.6,35.4,2020-08-01,Agosto,2020-08,Agosto
RF-48,Castellana,2020,8,58.5,57.4,53.4,57.1,64.5,59.5,55.4,48.2,45.1,2020-08-01,Agosto,2020-08,Agosto
RF-86,Tres Olivos,2020,8,54.4,53.3,47.1,52.8,62.0,55.6,47.5,39.6,36.3,2020-08-01,Agosto,2020-08,Agosto
RF-06,Gregorio Marañón,2020,8,66.9,66.2,61.5,65.6,73.5,68.3,61.7,51.3,43.8,2020-08-01,Agosto,2020-08,Agosto
RF-11,Ramón y Cajal,2020,8,65.7,64.6,58.3,64.1,71.3,67.4,60.5,45.5,39.5,2020-08-01,Agosto,2020-08,Agosto
RF-27,Barajas Pueblo,2020,8,61.0,57.3,54.2,59.0,69.5,61.2,49.4,42.0,34.9,2020-08-01,Agosto,2020-08,Agosto
RF-18,General Ricardos ubicación antigua,2020,8,58.3,56.6,50.3,56.5,66.7,58.9,50.3,42.1,38.0,2020-08-01,Agosto,2020-08,Agosto
RF-24,Casa de Campo,2020,8,48.5,48.1,44.6,47.4,53.6,49.3,45.7,43.3,42.0,2020-08-01,Agosto,2020-08,Agosto
RF-05,Barrio del Pilar,2020,8,60.0,61.3,53.9,59.0,66.3,61.4,56.2,46.0,39.6,2020-08-01,Agosto,2020-08,Agosto
RF-14,Plaza Elíptica,2020,8,63.9,64.6,59.5,63.0,69.2,64.4,60.8,53.7,46.2,2020-08-01,Agosto,2020-08,Agosto
RF-55,Urb Embajada 2,2020,8,56.2,53.1,48.6,54.3,62.2,54.8,49.2,44.8,41.6,2020-08-01,Agosto,2020-08,Agosto
RF-29,El Pardo,2020,8,56.2,55.7,51.0,55.0,63.9,58.7,49.5,38.1,34.3,2020-08-01,Agosto,2020-08,Agosto
RF-02,Carlos V,2020,8,67.0,66.9,63.1,66.0,72.8,68.3,63.5,56.4,50.4,2020-08-01,Agosto,2020-08,Agosto
RF-28,Cuatro Vientos,2020,8,65.7,64.4,57.9,64.0,72.9,68.3,58.4,40.8,36.1,2020-08-01,Agosto,2020-08,Agosto
RF-08,Escuelas Aguirre,2020,9,65.4,64.9,60.8,64.2,71.4,67.1,62.2,52.9,47.7,2020-09-01,Septiembre,2020-09,Septiembre
RF-24,Casa de Campo,2020,9,49.5,47.7,44.2,48.1,56.7,49.9,45.5,42.2,40.5,2020-09-01,Septiembre,2020-09,Septiembre
RF-19,Alto de Extremadura,2020,9,60.9,60.3,53.7,59.5,68.3,61.5,54.0,39.5,30.3,2020-09-01,Septiembre,2020-09,Septiembre
RF-01,Paseo de Recoletos,2020,9,66.8,66.2,62.1,65.6,72.7,68.9,62.1,51.8,43.0,2020-09-01,Septiembre,2020-09,Septiembre
RF-86,Tres Olivos,2020,9,55.6,54.9,48.9,54.1,63.1,57.3,49.2,39.2,36.3,2020-09-01,Septiembre,2020-09,Septiembre
RF-50,Plaza de Castilla,2020,9,65.4,65.2,60.8,64.3,70.6,66.1,61.8,53.0,47.2,2020-09-01,Septiembre,2020-09,Septiembre
RF-30,Campo de las Naciones,2020,9,59.8,59.4,52.1,58.3,66.3,61.1,56.0,43.1,38.3,2020-09-01,Septiembre,2020-09,Septiembre
RF-05,Barrio del Pilar,2020,9,60.3,61.4,53.4,59.2,66.1,61.9,56.9,44.7,37.4,2020-09-01,Septiembre,2020-09,Septiembre
RF-48,Castellana,2020,9,60.5,59.9,55.4,59.2,67.0,62.0,57.2,49.0,42.4,2020-09-01,Septiembre,2020-09,Septiembre
RF-14,Plaza Elíptica,2020,9,63.9,65.0,59.3,63.1,69.2,64.6,61.1,53.1,45.2,2020-09-01,Septiembre,2020-09,Septiembre
RF-25,Santa Eugenia,2020,9,67.4,66.4,62.0,66.1,71.7,68.4,65.5,57.2,47.4,2020-09-01,Septiembre,2020-09,Septiembre
RF-18,General Ricardos ubicación antigua,2020,9,58.6,57.0,49.4,56.8,66.8,59.1,50.8,41.2,36.8,2020-09-01,Septiembre,2020-09,Septiembre
RF-06,Gregorio Marañón,2020,9,68.8,68.1,63.6,67.5,75.5,70.5,63.9,53.8,45.8,2020-09-01,Septiembre,2020-09,Septiembre
RF-13,Vallecas,2020,9,58.9,57.7,54.1,57.6,65.5,58.8,52.6,43.8,37.2,2020-09-01,Septiembre,2020-09,Septiembre
RF-47,Mendez Álvaro,2020,9,54.6,56.4,50.2,54.0,66.0,54.4,48.0,39.8,35.5,2020-09-01,Septiembre,2020-09,Septiembre
RF-03,Plaza del Carmen,2020,9,61.7,60.1,57.7,60.4,69.9,63.4,56.0,45.9,40.6,2020-09-01,Septiembre,2020-09,Septiembre
RF-20,Avenida de Moratalaz,2020,9,60.2,60.0,53.3,58.8,66.9,61.3,55.5,44.0,38.4,2020-09-01,Septiembre,2020-09,Septiembre
RF-28,Cuatro Vientos,2020,9,66.9,65.6,58.8,65.2,73.5,69.2,60.3,41.3,35.7,2020-09-01,Septiembre,2020-09,Septiembre
RF-10,Cuatro Caminos,2020,9,65.2,65.1,58.5,63.8,72.6,67.2,58.9,46.9,42.1,2020-09-01,Septiembre,2020-09,Septiembre
RF-16,Arturo Soria,2020,9,60.9,60.2,55.1,59.5,66.8,63.0,56.8,40.2,34.3,2020-09-01,Septiembre,2020-09,Septiembre
RF-31,Sanchinarro,2020,9,61.9,62.1,52.4,60.5,71.0,65.2,52.1,43.4,38.1,2020-09-01,Septiembre,2020-09,Septiembre
RF-55,Urb Embajada 2,2020,9,55.0,54.7,50.0,53.8,62.7,55.5,49.7,44.8,41.8,2020-09-01,Septiembre,2020-09,Septiembre
RF-11,Ramón y Cajal,2020,9,67.6,66.3,60.3,66.0,72.9,69.2,63.7,47.6,39.0,2020-09-01,Septiembre,2020-09,Septiembre
RF-26,Embajada,2020,9,60.3,58.8,58.0,58.8,67.0,62.4,54.9,46.8,40.1,2020-09-01,Septiembre,2020-09,Septiembre
RF-54,Ensanche de Vallecas,2020,9,60.2,59.4,52.5,58.6,65.9,61.9,56.4,42.8,36.4,2020-09-01,Septiembre,2020-09,Septiembre
RF-02,Carlos V,2020,9,68.3,67.9,63.9,67.2,73.8,69.4,65.2,57.5,51.3,2020-09-01,Septiembre,2020-09,Septiembre
RF-29,El Pardo,2020,9,56.9,56.7,51.2,55.7,64.1,59.3,50.6,37.2,34.0,2020-09-01,Septiembre,2020-09,Septiembre
RF-27,Barajas Pueblo,2020,9,63.1,59.1,55.1,61.0,72.7,64.2,50.0,41.0,34.3,2020-09-01,Septiembre,2020-09,Septiembre
RF-12,Manuel Becerra,2020,9,63.2,62.7,57.0,61.8,69.4,63.5,58.8,48.7,40.3,2020-09-01,Septiembre,2020-09,Septiembre
RF-17,Villaverde,2020,9,57.5,59.8,50.8,56.8,66.2,59.1,51.8,41.1,35.6,2020-09-01,Septiembre,2020-09,Septiembre
RF-26,Embajada,2020,10,60.9,59.0,54.2,59.2,67.8,63.0,54.9,46.2,39.5,2020-10-01,Octubre,2020-10,Octubre
RF-05,Barrio del Pilar,2020,10,61.0,61.2,52.3,59.6,66.8,62.5,57.2,42.7,36.4,2020-10-01,Octubre,2020-10,Octubre
RF-27,Barajas Pueblo,2020,10,60.0,57.9,53.4,58.3,69.4,61.5,50.0,39.6,33.8,2020-10-01,Octubre,2020-10,Octubre
RF-13,Vallecas,2020,10,59.7,58.1,52.5,58.0,67.3,60.2,53.2,43.0,37.3,2020-10-01,Octubre,2020-10,Octubre
RF-03,Plaza del Carmen,2020,10,62.8,61.0,56.5,61.2,70.3,63.9,55.6,43.0,38.3,2020-10-01,Octubre,2020-10,Octubre
RF-02,Carlos V,2020,10,69.2,68.9,64.1,67.9,74.6,70.0,65.6,56.9,50.6,2020-10-01,Octubre,2020-10,Octubre
RF-25,Santa Eugenia,2020,10,67.7,66.8,61.7,65.7,71.1,68.6,65.3,55.8,44.9,2020-10-01,Octubre,2020-10,Octubre
RF-17,Villaverde,2020,10,66.3,58.5,50.4,63.6,71.4,61.2,52.6,40.3,34.9,2020-10-01,Octubre,2020-10,Octubre
RF-08,Escuelas Aguirre,2020,10,65.8,65.1,60.1,64.4,71.6,67.5,62.5,51.5,44.5,2020-10-01,Octubre,2020-10,Octubre
RF-10,Cuatro Caminos,2020,10,65.4,64.2,58.6,63.9,72.7,67.4,58.9,46.1,41.6,2020-10-01,Octubre,2020-10,Octubre
RF-29,El Pardo,2020,10,58.2,57.1,49.8,56.5,65.2,60.2,50.6,35.8,33.5,2020-10-01,Octubre,2020-10,Octubre
RF-47,Mendez Álvaro,2020,10,55.6,56.2,49.6,54.5,66.3,55.2,48.0,38.8,35.2,2020-10-01,Octubre,2020-10,Octubre
RF-48,Castellana,2020,10,61.3,59.9,54.0,59.5,67.9,62.4,57.2,47.2,40.1,2020-10-01,Octubre,2020-10,Octubre
RF-54,Ensanche de Vallecas,2020,10,61.0,60.4,52.7,59.4,66.9,63.0,57.3,41.7,37.1,2020-10-01,Octubre,2020-10,Octubre
RF-30,Campo de las Naciones,2020,10,60.2,58.4,51.9,58.2,66.3,61.3,55.7,42.5,37.5,2020-10-01,Octubre,2020-10,Octubre
RF-86,Tres Olivos,2020,10,56.5,55.5,47.8,54.8,63.8,58.1,49.7,38.0,35.7,2020-10-01,Octubre,2020-10,Octubre
RF-20,Avenida de Moratalaz,2020,10,61.0,60.6,52.2,59.4,67.5,62.2,55.8,42.3,38.3,2020-10-01,Octubre,2020-10,Octubre
RF-28,Cuatro Vientos,2020,10,67.5,65.3,59.7,65.7,74.0,70.0,60.6,40.0,34.8,2020-10-01,Octubre,2020-10,Octubre
RF-11,Ramón y Cajal,2020,10,68.3,67.1,60.3,66.7,73.6,69.8,64.1,46.3,37.9,2020-10-01,Octubre,2020-10,Octubre
RF-18,General Ricardos ubicación antigua,2020,10,57.4,56.4,48.4,55.7,65.5,58.2,49.9,39.6,35.7,2020-10-01,Octubre,2020-10,Octubre
RF-31,Sanchinarro,2020,10,63.4,63.2,51.9,61.7,72.2,66.4,53.9,42.7,37.8,2020-10-01,Octubre,2020-10,Octubre
RF-14,Plaza Elíptica,2020,10,64.9,64.3,58.8,63.5,69.8,65.3,61.5,52.3,44.1,2020-10-01,Octubre,2020-10,Octubre
RF-55,Urb Embajada 2,2020,10,57.8,53.7,49.0,55.7,63.9,56.1,49.7,43.7,41.4,2020-10-01,Octubre,2020-10,Octubre
RF-06,Gregorio Marañón,2020,10,69.7,68.9,62.7,68.2,76.8,71.3,64.5,52.3,44.2,2020-10-01,Octubre,2020-10,Octubre
RF-16,Arturo Soria,2020,10,62.2,61.1,55.1,60.6,67.8,64.3,57.8,39.2,34.5,2020-10-01,Octubre,2020-10,Octubre
RF-24,Casa de Campo,2020,10,49.8,47.8,45.2,48.4,57.2,51.0,44.8,41.5,40.3,2020-10-01,Octubre,2020-10,Octubre
RF-50,Plaza de Castilla,2020,10,66.1,65.7,59.4,64.7,71.0,66.7,62.2,51.7,46.0,2020-10-01,Octubre,2020-10,Octubre
RF-12,Manuel Becerra,2020,10,63.2,63.5,56.1,61.9,69.0,63.7,59.0,48.1,39.4,2020-10-01,Octubre,2020-10,Octubre
RF-01,Paseo de Recoletos,2020,10,69.7,68.3,61.8,67.8,78.0,70.3,62.7,50.5,41.0,2020-10-01,Octubre,2020-10,Octubre
RF-19,Alto de Extremadura,2020,10,60.3,59.0,52.3,58.5,66.9,61.2,53.9,38.9,29.1,2020-10-01,Octubre,2020-10,Octubre
RF-08,Escuelas Aguirre,2020,11,66.0,65.1,60.6,64.6,72.0,67.9,62.6,49.6,41.2,2020-11-01,Noviembre,2020-11,Noviembre
RF-19,Alto de Extremadura,2020,11,60.8,59.7,52.2,59.1,67.5,61.8,54.4,39.5,32.1,2020-11-01,Noviembre,2020-11,Noviembre
RF-10,Cuatro Caminos,2020,11,65.8,64.4,58.9,64.2,72.9,67.7,59.0,44.7,41.5,2020-11-01,Noviembre,2020-11,Noviembre
RF-29,El Pardo,2020,11,58.7,56.4,49.4,56.8,65.8,60.7,50.5,35.2,33.4,2020-11-01,Noviembre,2020-11,Noviembre
RF-18,General Ricardos ubicación antigua,2020,11,58.9,55.1,48.3,56.7,66.4,58.4,50.2,40.0,36.6,2020-11-01,Noviembre,2020-11,Noviembre
RF-26,Embajada,2020,11,61.6,59.5,54.9,61.9,68.9,64.1,55.9,46.0,38.8,2020-11-01,Noviembre,2020-11,Noviembre
RF-50,Plaza de Castilla,2020,11,66.2,65.4,59.9,64.5,70.9,66.8,62.2,50.8,45.1,2020-11-01,Noviembre,2020-11,Noviembre
RF-48,Castellana,2020,11,61.8,60.4,54.7,60.2,68.4,63.1,57.8,45.5,38.2,2020-11-01,Noviembre,2020-11,Noviembre
RF-24,Casa de Campo,2020,11,49.8,46.6,43.2,47.9,56.1,51.1,44.8,39.3,37.2,2020-11-01,Noviembre,2020-11,Noviembre
RF-54,Ensanche de Vallecas,2020,11,61.9,60.8,52.7,60.1,67.6,63.8,58.3,42.0,34.9,2020-11-01,Noviembre,2020-11,Noviembre
RF-31,Sanchinarro,2020,11,64.0,63.1,52.2,62.1,72.8,66.9,53.9,41.5,37.2,2020-11-01,Noviembre,2020-11,Noviembre
RF-30,Campo de las Naciones,2020,11,60.4,58.2,52.7,58.5,66.7,61.9,56.1,43.0,37.5,2020-11-01,Noviembre,2020-11,Noviembre
RF-47,Mendez Álvaro,2020,11,56.4,54.1,48.7,54.6,65.5,54.8,47.4,37.8,34.6,2020-11-01,Noviembre,2020-11,Noviembre
RF-17,Villaverde,2020,11,60.2,57.0,50.0,58.0,69.0,59.6,52.0,40.2,35.0,2020-11-01,Noviembre,2020-11,Noviembre
RF-12,Manuel Becerra,2020,11,63.2,62.4,56.8,61.7,69.3,63.9,59.1,46.9,38.0,2020-11-01,Noviembre,2020-11,Noviembre
RF-25,Santa Eugenia,2020,11,68.9,68.0,62.9,67.4,73.8,70.3,66.9,55.7,44.9,2020-11-01,Noviembre,2020-11,Noviembre
RF-27,Barajas Pueblo,2020,11,58.3,56.6,52.6,56.7,67.0,60.2,50.3,40.5,34.7,2020-11-01,Noviembre,2020-11,Noviembre
RF-55,Urb Embajada 2,2020,11,57.0,53.8,49.4,55.1,63.1,56.8,50.1,43.8,41.4,2020-11-01,Noviembre,2020-11,Noviembre
RF-11,Ramón y Cajal,2020,11,70.4,67.5,60.2,68.3,75.9,70.7,64.7,44.2,38.0,2020-11-01,Noviembre,2020-11,Noviembre
RF-16,Arturo Soria,2020,11,63.0,61.3,55.5,61.2,68.3,64.8,58.2,37.9,33.4,2020-11-01,Noviembre,2020-11,Noviembre
RF-86,Tres Olivos,2020,11,57.4,54.6,48.8,55.4,64.8,58.6,49.4,37.2,35.2,2020-11-01,Noviembre,2020-11,Noviembre
RF-05,Barrio del Pilar,2020,11,61.7,60.5,53.3,60.0,67.4,63.1,57.6,41.8,36.3,2020-11-01,Noviembre,2020-11,Noviembre
RF-01,Paseo de Recoletos,2020,11,68.2,66.6,62.0,66.6,74.3,70.2,62.5,50.1,40.2,2020-11-01,Noviembre,2020-11,Noviembre
RF-02,Carlos V,2020,11,69.2,68.4,64.3,67.9,74.8,70.5,65.9,56.5,49.8,2020-11-01,Noviembre,2020-11,Noviembre
RF-03,Plaza del Carmen,2020,11,62.6,60.1,56.3,60.9,70.3,64.0,55.9,42.2,37.7,2020-11-01,Noviembre,2020-11,Noviembre
RF-14,Plaza Elíptica,2020,11,65.2,64.5,58.9,63.8,70.3,65.8,62.1,51.7,43.0,2020-11-01,Noviembre,2020-11,Noviembre
RF-06,Gregorio Marañón,2020,11,70.0,69.1,62.9,68.4,76.8,71.8,65.0,50.9,42.5,2020-11-01,Noviembre,2020-11,Noviembre
RF-20,Avenida de Moratalaz,2020,11,61.7,60.2,51.7,59.9,68.2,62.5,55.9,40.2,36.8,2020-11-01,Noviembre,2020-11,Noviembre
RF-28,Cuatro Vientos,2020,11,68.2,65.9,59.3,66.3,74.8,70.7,60.9,39.0,34.9,2020-11-01,Noviembre,2020-11,Noviembre
RF-13,Vallecas,2020,11,60.5,58.5,50.7,58.5,66.3,60.5,53.3,40.6,35.4,2020-11-01,Noviembre,2020-11,Noviembre
RF-28,Cuatro Vientos,2020,12,68.4,66.0,60.1,66.5,74.9,70.9,61.4,41.0,35.5,2020-12-01,Diciembre,2020-12,Diciembre
RF-29,El Pardo,2020,12,58.1,56.5,50.1,56.3,65.5,60.9,50.1,34.6,32.3,2020-12-01,Diciembre,2020-12,Diciembre
RF-10,Cuatro Caminos,2020,12,65.3,64.1,58.2,63.7,72.7,67.5,59.1,47.1,42.8,2020-12-01,Diciembre,2020-12,Diciembre
RF-06,Gregorio Marañón,2020,12,69.8,69.1,63.2,68.3,76.0,71.6,64.9,51.3,42.0,2020-12-01,Diciembre,2020-12,Diciembre
RF-86,Tres Olivos,2020,12,57.0,56.7,48.1,55.4,63.5,58.2,49.8,38.0,35.5,2020-12-01,Diciembre,2020-12,Diciembre
RF-16,Arturo Soria,2020,12,62.7,61.9,56.4,61.2,68.2,65.0,58.4,39.1,33.7,2020-12-01,Diciembre,2020-12,Diciembre
RF-03,Plaza del Carmen,2020,12,62.5,61.3,57.1,61.1,69.9,63.4,55.4,42.5,38.2,2020-12-01,Diciembre,2020-12,Diciembre
RF-05,Barrio del Pilar,2020,12,61.3,60.5,52.8,59.7,66.6,62.8,57.5,41.2,36.1,2020-12-01,Diciembre,2020-12,Diciembre
RF-27,Barajas Pueblo,2020,12,57.7,55.8,52.4,56.2,66.0,59.8,49.7,40.4,33.9,2020-12-01,Diciembre,2020-12,Diciembre
RF-25,Santa Eugenia,2020,12,68.3,67.5,62.9,67.0,71.8,69.7,66.8,56.2,44.6,2020-12-01,Diciembre,2020-12,Diciembre
RF-13,Vallecas,2020,12,58.6,59.4,51.5,57.5,65.4,59.7,53.0,40.5,35.3,2020-12-01,Diciembre,2020-12,Diciembre
RF-12,Manuel Becerra,2020,12,63.8,62.5,56.7,62.2,69.4,63.8,59.3,48.6,40.7,2020-12-01,Diciembre,2020-12,Diciembre
RF-50,Plaza de Castilla,2020,12,66.1,65.7,60.4,64.8,70.8,67.1,63.0,51.5,45.4,2020-12-01,Diciembre,2020-12,Diciembre
RF-48,Castellana,2020,12,61.1,60.4,54.8,59.7,66.9,62.9,57.8,45.9,38.6,2020-12-01,Diciembre,2020-12,Diciembre
RF-17,Villaverde,2020,12,57.7,61.9,53.2,57.9,64.9,58.3,51.6,40.1,34.1,2020-12-01,Diciembre,2020-12,Diciembre
RF-14,Plaza Elíptica,2020,12,65.1,64.6,59.6,63.8,69.9,65.9,62.4,52.6,44.0,2020-12-01,Diciembre,2020-12,Diciembre
RF-02,Carlos V,2020,12,69.1,68.6,64.5,67.9,74.3,70.1,66.1,56.8,50.2,2020-12-01,Diciembre,2020-12,Diciembre
RF-54,Ensanche de Vallecas,2020,12,61.8,61.0,53.9,60.2,67.0,63.8,58.3,40.8,34.3,2020-12-01,Diciembre,2020-12,Diciembre
RF-26,Embajada,2020,12,60.8,59.0,54.9,60.7,68.0,63.5,55.3,46.4,38.8,2020-12-01,Diciembre,2020-12,Diciembre
RF-11,Ramón y Cajal,2020,12,69.0,67.4,60.8,67.2,73.8,70.1,64.5,45.6,37.9,2020-12-01,Diciembre,2020-12,Diciembre
RF-18,General Ricardos ubicación antigua,2020,12,59.4,66.0,49.7,60.6,67.0,58.6,50.1,42.2,39.5,2020-12-01,Diciembre,2020-12,Diciembre
RF-55,Urb Embajada 2,2020,12,55.6,53.5,50.2,54.0,62.7,56.4,49.8,43.0,38.1,2020-12-01,Diciembre,2020-12,Diciembre
RF-31,Sanchinarro,2020,12,64.3,63.5,54.0,62.6,72.8,67.5,54.8,42.1,37.5,2020-12-01,Diciembre,2020-12,Diciembre
RF-19,Alto de Extremadura,2020,12,60.0,60.6,53.6,58.8,66.6,61.6,54.9,41.3,32.4,2020-12-01,Diciembre,2020-12,Diciembre
RF-24,Casa de Campo,2020,12,49.4,45.9,44.4,47.7,56.6,50.8,44.1,38.4,36.6,2020-12-01,Diciembre,2020-12,Diciembre
RF-30,Campo de las Naciones,2020,12,60.3,57.3,52.2,58.3,65.9,61.6,55.5,42.7,37.4,2020-12-01,Diciembre,2020-12,Diciembre
RF-20,Avenida de Moratalaz,2020,12,60.8,60.1,52.8,59.2,67.1,62.3,56.0,41.1,36.8,2020-12-01,Diciembre,2020-12,Diciembre
RF-47,Mendez Álvaro,2020,12,56.2,55.4,48.9,54.6,65.8,54.8,47.7,38.2,34.5,2020-12-01,Diciembre,2020-12,Diciembre
RF-01,Paseo de Recoletos,2020,12,67.1,66.2,61.9,65.8,73.0,69.3,62.6,49.9,40.8,2020-12-01,Diciembre,2020-12,Diciembre
RF-48,Castellana,2021,1,59.7,59.2,52.7,58.2,64.8,60.3,55.5,43.2,38.2,2021-01-01,Enero,2021-01,Enero
RF-13,Vallecas,2021,1,57.1,56.1,63.8,60.5,64.2,57.4,50.0,39.2,36.8,2021-01-01,Enero,2021-01,Enero
RF-26,Embajada,2021,1,60.2,58.0,54.3,58.6,66.9,61.4,54.0,45.6,40.0,2021-01-01,Enero,2021-01,Enero
RF-14,Plaza Elíptica,2021,1,64.1,63.5,57.9,62.7,68.8,64.1,60.1,49.0,41.9,2021-01-01,Enero,2021-01,Enero
RF-29,El Pardo,2021,1,56.8,55.2,48.5,55.1,63.0,57.4,46.7,33.5,31.9,2021-01-01,Enero,2021-01,Enero
RF-47,Mendez Álvaro,2021,1,53.6,52.8,49.2,52.4,62.9,53.0,46.2,38.1,36.4,2021-01-01,Enero,2021-01,Enero
RF-11,Ramón y Cajal,2021,1,67.1,66.0,58.2,65.3,70.9,66.9,60.8,41.9,37.4,2021-01-01,Enero,2021-01,Enero
RF-03,Plaza del Carmen,2021,1,60.6,58.1,58.6,59.7,68.5,60.7,52.4,41.4,39.1,2021-01-01,Enero,2021-01,Enero
RF-25,Santa Eugenia,2021,1,67.5,66.5,61.1,66.0,69.6,67.6,64.5,52.4,42.8,2021-01-01,Enero,2021-01,Enero
RF-16,Arturo Soria,2021,1,60.8,59.7,54.1,59.2,65.6,60.7,53.2,37.6,34.9,2021-01-01,Enero,2021-01,Enero
RF-50,Plaza de Castilla,2021,1,66.4,65.7,58.4,64.9,70.4,66.2,61.8,50.0,45.5,2021-01-01,Enero,2021-01,Enero
RF-17,Villaverde,2021,1,57.0,58.7,57.0,57.3,64.7,57.4,50.0,39.1,36.4,2021-01-01,Enero,2021-01,Enero
RF-02,Carlos V,2021,1,68.7,68.5,63.5,67.5,72.7,69.1,64.6,55.4,48.6,2021-01-01,Enero,2021-01,Enero
RF-54,Ensanche de Vallecas,2021,1,60.9,60.4,55.5,59.6,66.4,61.9,55.5,40.5,37.3,2021-01-01,Enero,2021-01,Enero
RF-24,Casa de Campo,2021,1,49.0,45.3,43.0,47.2,56.0,50.1,43.3,37.9,36.9,2021-01-01,Enero,2021-01,Enero
RF-18,General Ricardos ubicación antigua,2021,1,57.8,55.8,70.9,66.4,67.1,57.1,48.7,41.6,40.4,2021-01-01,Enero,2021-01,Enero
RF-55,Urb Embajada 2,2021,1,54.6,52.7,49.5,53.1,61.7,54.2,47.8,40.6,38.3,2021-01-01,Enero,2021-01,Enero
RF-19,Alto de Extremadura,2021,1,59.1,59.0,52.2,57.7,65.7,59.7,52.4,38.4,32.8,2021-01-01,Enero,2021-01,Enero
RF-86,Tres Olivos,2021,1,55.8,53.3,53.2,54.7,62.8,55.8,47.2,37.7,36.1,2021-01-01,Enero,2021-01,Enero
RF-01,Paseo de Recoletos,2021,1,66.6,66.5,60.2,65.3,71.4,68.2,59.9,47.1,41.0,2021-01-01,Enero,2021-01,Enero
RF-20,Avenida de Moratalaz,2021,1,59.7,58.8,53.0,58.2,66.0,59.9,53.1,39.8,37.6,2021-01-01,Enero,2021-01,Enero
RF-10,Cuatro Caminos,2021,1,64.6,64.0,59.0,63.3,70.8,65.3,56.9,46.7,45.2,2021-01-01,Enero,2021-01,Enero
RF-06,Gregorio Marañón,2021,1,68.7,68.0,60.9,67.1,73.4,68.7,62.0,48.4,40.9,2021-01-01,Enero,2021-01,Enero
RF-08,Escuelas Aguirre,2021,1,65.1,64.6,58.7,63.8,70.2,65.5,59.7,47.2,40.9,2021-01-01,Enero,2021-01,Enero
RF-05,Barrio del Pilar,2021,1,60.8,59.8,55.2,59.3,65.8,60.8,54.8,39.4,36.6,2021-01-01,Enero,2021-01,Enero
RF-30,Campo de las Naciones,2021,1,58.3,55.7,52.0,56.6,64.0,58.5,51.9,42.1,39.5,2021-01-01,Enero,2021-01,Enero
RF-28,Cuatro Vientos,2021,1,67.3,64.8,58.6,65.3,73.1,67.9,58.1,41.0,38.3,2021-01-01,Enero,2021-01,Enero
RF-12,Manuel Becerra,2021,1,62.8,61.5,56.4,61.2,69.5,61.7,56.9,46.6,42.7,2021-01-01,Enero,2021-01,Enero
RF-31,Sanchinarro,2021,1,63.0,62.3,52.3,61.3,70.8,63.9,51.4,40.4,37.9,2021-01-01,Enero,2021-01,Enero
RF-27,Barajas Pueblo,2021,1,56.9,55.4,61.0,58.6,64.8,57.5,48.7,40.3,36.2,2021-01-01,Enero,2021-01,Enero
RF-01,Paseo de Recoletos,2021,2,68.0,67.8,61.3,66.6,73.3,70.5,62.7,48.9,41.0,2021-02-01,Febrero,2021-02,Febrero
RF-20,Avenida de Moratalaz,2021,2,61.4,60.6,52.0,59.7,67.8,62.1,55.9,42.6,41.0,2021-02-01,Febrero,2021-02,Febrero
RF-05,Barrio del Pilar,2021,2,62.3,60.2,50.8,60.3,68.0,63.3,58.0,40.1,36.5,2021-02-01,Febrero,2021-02,Febrero
RF-19,Alto de Extremadura,2021,2,60.9,60.0,51.6,59.2,67.4,61.7,55.1,39.3,33.0,2021-02-01,Febrero,2021-02,Febrero
RF-26,Embajada,2021,2,63.2,59.1,54.7,61.1,69.6,63.8,56.1,46.7,41.3,2021-02-01,Febrero,2021-02,Febrero
RF-86,Tres Olivos,2021,2,56.7,55.1,47.7,55.0,63.7,58.2,50.4,37.8,35.8,2021-02-01,Febrero,2021-02,Febrero
RF-02,Carlos V,2021,2,69.3,68.8,63.0,67.9,74.1,70.1,66.1,55.4,49.1,2021-02-01,Febrero,2021-02,Febrero
RF-08,Escuelas Aguirre,2021,2,66.1,65.2,58.9,64.6,71.7,67.6,62.5,48.7,41.0,2021-02-01,Febrero,2021-02,Febrero
RF-25,Santa Eugenia,2021,2,68.7,67.7,62.0,67.2,71.6,69.7,67.1,54.6,44.5,2021-02-01,Febrero,2021-02,Febrero
RF-14,Plaza Elíptica,2021,2,65.4,64.8,58.4,63.9,70.2,65.9,62.5,51.0,43.5,2021-02-01,Febrero,2021-02,Febrero
RF-11,Ramón y Cajal,2021,2,68.3,67.3,58.4,66.5,73.3,69.8,64.0,42.3,37.6,2021-02-01,Febrero,2021-02,Febrero
RF-16,Arturo Soria,2021,2,62.5,61.3,53.8,60.7,67.7,64.4,57.8,37.8,34.7,2021-02-01,Febrero,2021-02,Febrero
RF-03,Plaza del Carmen,2021,2,61.9,62.3,55.0,60.6,69.5,63.2,56.0,42.3,39.5,2021-02-01,Febrero,2021-02,Febrero
RF-48,Castellana,2021,2,61.6,61.5,55.2,60.3,67.8,63.1,58.3,44.8,38.7,2021-02-01,Febrero,2021-02,Febrero
RF-29,El Pardo,2021,2,59.4,57.4,49.2,57.5,66.6,61.4,51.0,34.8,33.3,2021-02-01,Febrero,2021-02,Febrero
RF-27,Barajas Pueblo,2021,2,57.5,56.0,52.0,56.0,66.0,59.4,49.3,40.0,35.4,2021-02-01,Febrero,2021-02,Febrero
RF-17,Villaverde,2021,2,57.7,57.4,47.8,56.1,65.3,58.8,51.8,38.0,35.1,2021-02-01,Febrero,2021-02,Febrero
RF-28,Cuatro Vientos,2021,2,68.8,66.2,58.9,66.7,75.0,71.0,61.7,40.1,37.4,2021-02-01,Febrero,2021-02,Febrero
RF-50,Plaza de Castilla,2021,2,66.1,65.7,58.2,64.5,70.7,66.7,62.4,49.6,44.7,2021-02-01,Febrero,2021-02,Febrero
RF-10,Cuatro Caminos,2021,2,65.5,64.6,56.6,63.8,72.4,67.2,59.2,47.5,46.3,2021-02-01,Febrero,2021-02,Febrero
RF-54,Ensanche de Vallecas,2021,2,61.5,60.7,51.1,59.8,66.9,63.3,57.9,40.1,36.9,2021-02-01,Febrero,2021-02,Febrero
RF-06,Gregorio Marañón,2021,2,69.8,69.1,61.5,68.2,75.9,71.4,64.7,49.8,41.1,2021-02-01,Febrero,2021-02,Febrero
RF-18,General Ricardos ubicación antigua,2021,2,58.6,56.9,49.2,56.8,66.8,58.3,50.8,42.8,41.5,2021-02-01,Febrero,2021-02,Febrero
RF-24,Casa de Campo,2021,2,50.7,46.3,42.6,48.5,57.2,50.2,43.9,38.4,37.1,2021-02-01,Febrero,2021-02,Febrero
RF-13,Vallecas,2021,2,57.3,57.4,49.2,55.9,64.3,58.8,51.9,39.2,36.5,2021-02-01,Febrero,2021-02,Febrero
RF-55,Urb Embajada 2,2021,2,55.7,54.3,48.4,54.1,62.8,56.1,49.7,41.5,38.5,2021-02-01,Febrero,2021-02,Febrero
RF-31,Sanchinarro,2021,2,63.4,62.7,50.2,61.6,72.1,66.3,53.2,41.1,38.4,2021-02-01,Febrero,2021-02,Febrero
RF-47,Mendez Álvaro,2021,2,56.3,54.4,48.8,54.6,65.7,55.4,48.4,38.1,35.9,2021-02-01,Febrero,2021-02,Febrero
RF-12,Manuel Becerra,2021,2,64.0,62.5,54.8,62.2,70.2,64.0,59.3,46.8,41.6,2021-02-01,Febrero,2021-02,Febrero
RF-30,Campo de las Naciones,2021,2,60.4,58.2,56.6,59.1,67.5,61.9,56.1,43.9,39.9,2021-02-01,Febrero,2021-02,Febrero
RF-26,Embajada,2021,3,60.7,59.0,56.0,59.3,67.3,62.7,55.1,45.7,39.9,2021-03-01,Marzo,2021-03,Marzo
RF-86,Tres Olivos,2021,3,56.5,54.5,46.6,54.6,63.7,57.8,49.7,36.9,35.4,2021-03-01,Marzo,2021-03,Marzo
RF-28,Cuatro Vientos,2021,3,67.9,65.9,58.8,66.0,74.5,70.2,60.5,36.9,33.0,2021-03-01,Marzo,2021-03,Marzo
RF-10,Cuatro Caminos,2021,3,65.1,64.1,56.9,63.4,72.0,66.8,58.7,45.9,44.7,2021-03-01,Marzo,2021-03,Marzo
RF-27,Barajas Pueblo,2021,3,57.6,55.9,51.5,56.0,65.7,59.5,50.3,39.7,34.9,2021-03-01,Marzo,2021-03,Marzo
RF-20,Avenida de Moratalaz,2021,3,62.0,60.2,54.7,60.3,68.9,62.1,55.5,41.7,39.8,2021-03-01,Marzo,2021-03,Marzo
RF-01,Paseo de Recoletos,2021,3,68.6,67.2,61.4,67.0,73.5,69.9,62.3,48.9,40.2,2021-03-01,Marzo,2021-03,Marzo
RF-47,Mendez Álvaro,2021,3,55.6,55.0,49.0,54.2,65.6,55.0,48.4,37.5,34.7,2021-03-01,Marzo,2021-03,Marzo
RF-50,Plaza de Castilla,2021,3,65.6,65.2,58.9,64.2,70.2,66.1,62.0,49.4,44.1,2021-03-01,Marzo,2021-03,Marzo
RF-03,Plaza del Carmen,2021,3,61.8,61.8,56.5,60.7,69.3,63.4,56.7,42.5,39.1,2021-03-01,Marzo,2021-03,Marzo
RF-18,General Ricardos ubicación antigua,2021,3,57.8,57.1,51.6,56.4,66.5,58.1,50.7,39.1,37.5,2021-03-01,Marzo,2021-03,Marzo
RF-16,Arturo Soria,2021,3,61.8,60.4,53.5,60.0,67.4,63.4,57.1,36.6,33.7,2021-03-01,Marzo,2021-03,Marzo
RF-06,Gregorio Marañón,2021,3,69.3,68.8,61.6,67.8,75.5,70.8,64.4,49.6,40.6,2021-03-01,Marzo,2021-03,Marzo
RF-05,Barrio del Pilar,2021,3,61.6,60.3,50.9,59.8,67.2,62.6,57.5,40.1,35.8,2021-03-01,Marzo,2021-03,Marzo
RF-54,Ensanche de Vallecas,2021,3,61.1,60.1,51.0,59.3,66.3,62.7,57.5,40.3,37.4,2021-03-01,Marzo,2021-03,Marzo
RF-25,Santa Eugenia,2021,3,67.6,67.1,61.5,66.2,70.4,68.6,66.3,54.9,44.9,2021-03-01,Marzo,2021-03,Marzo
RF-08,Escuelas Aguirre,2021,3,65.9,64.7,59.2,64.3,71.7,67.2,62.0,48.5,40.2,2021-03-01,Marzo,2021-03,Marzo
RF-17,Villaverde,2021,3,58.1,58.3,48.9,56.7,65.4,58.8,52.0,37.9,34.9,2021-03-01,Marzo,2021-03,Marzo
RF-29,El Pardo,2021,3,57.5,56.9,48.2,55.9,64.8,60.0,50.7,34.4,33.2,2021-03-01,Marzo,2021-03,Marzo
RF-31,Sanchinarro,2021,3,62.8,62.3,50.4,61.1,71.4,65.6,52.5,39.7,37.1,2021-03-01,Marzo,2021-03,Marzo
RF-12,Manuel Becerra,2021,3,63.1,62.7,55.3,61.6,69.3,63.6,59.2,46.3,39.1,2021-03-01,Marzo,2021-03,Marzo
RF-55,Urb Embajada 2,2021,3,55.6,53.6,47.5,53.8,62.5,55.8,49.5,40.8,37.9,2021-03-01,Marzo,2021-03,Marzo
RF-19,Alto de Extremadura,2021,3,61.4,59.3,51.6,59.5,68.7,61.6,54.5,38.9,31.8,2021-03-01,Marzo,2021-03,Marzo
RF-11,Ramón y Cajal,2021,3,67.8,66.9,59.2,66.1,72.7,69.3,63.8,41.9,37.3,2021-03-01,Marzo,2021-03,Marzo
RF-48,Castellana,2021,3,61.1,61.5,54.4,59.9,67.5,62.2,57.5,44.7,38.3,2021-03-01,Marzo,2021-03,Marzo
RF-24,Casa de Campo,2021,3,49.5,46.7,42.6,47.7,56.5,50.7,44.1,38.1,36.9,2021-03-01,Marzo,2021-03,Marzo
RF-13,Vallecas,2021,3,57.1,57.3,49.7,55.8,64.0,58.4,51.7,38.5,36.1,2021-03-01,Marzo,2021-03,Marzo
RF-30,Campo de las Naciones,2021,3,59.8,58.3,51.2,58.1,65.7,61.4,55.8,42.1,38.5,2021-03-01,Marzo,2021-03,Marzo
RF-14,Plaza Elíptica,2021,3,64.5,64.3,58.0,63.2,69.7,65.3,61.9,50.7,42.4,2021-03-01,Marzo,2021-03,Marzo
RF-02,Carlos V,2021,3,68.9,68.4,63.2,67.6,74.2,69.7,65.7,55.3,48.9,2021-03-01,Marzo,2021-03,Marzo
RF-54,Ensanche de Vallecas,2021,4,60.9,60.5,51.2,59.3,66.2,62.7,57.5,39.6,36.5,2021-04-01,Abril,2021-04,Abril
RF-05,Barrio del Pilar,2021,4,60.9,63.7,51.5,60.2,67.0,62.3,57.0,39.5,35.1,2021-04-01,Abril,2021-04,Abril
RF-18,General Ricardos ubicación antigua,2021,4,58.5,57.7,49.7,56.9,66.6,58.0,50.8,39.5,37.2,2021-04-01,Abril,2021-04,Abril
RF-24,Casa de Campo,2021,4,49.1,47.4,41.3,47.3,55.5,50.2,44.0,37.6,36.5,2021-04-01,Abril,2021-04,Abril
RF-16,Arturo Soria,2021,4,62.2,60.8,53.5,60.4,67.5,63.6,57.3,36.2,33.0,2021-04-01,Abril,2021-04,Abril
RF-28,Cuatro Vientos,2021,4,67.3,65.8,59.2,65.6,74.1,69.9,59.8,36.5,31.6,2021-04-01,Abril,2021-04,Abril
RF-50,Plaza de Castilla,2021,4,65.6,65.5,58.9,64.3,70.5,66.4,62.1,49.7,44.0,2021-04-01,Abril,2021-04,Abril
RF-55,Urb Embajada 2,2021,4,55.6,54.0,48.4,53.9,62.6,56.1,49.6,42.1,39.7,2021-04-01,Abril,2021-04,Abril
RF-19,Alto de Extremadura,2021,4,60.5,59.9,52.6,58.9,67.3,61.6,54.9,38.1,30.9,2021-04-01,Abril,2021-04,Abril
RF-17,Villaverde,2021,4,58.0,60.1,48.6,57.1,65.7,59.4,52.6,36.8,33.9,2021-04-01,Abril,2021-04,Abril
RF-02,Carlos V,2021,4,68.9,68.6,63.4,67.7,74.1,69.9,65.8,55.5,49.1,2021-04-01,Abril,2021-04,Abril
RF-30,Campo de las Naciones,2021,4,60.2,59.2,51.6,58.5,66.1,61.7,56.3,42.4,38.2,2021-04-01,Abril,2021-04,Abril
RF-86,Tres Olivos,2021,4,57.0,55.8,48.1,55.2,64.4,58.3,50.5,36.7,35.0,2021-04-01,Abril,2021-04,Abril
RF-14,Plaza Elíptica,2021,4,64.9,64.7,58.4,63.5,70.2,65.6,61.9,51.0,42.8,2021-04-01,Abril,2021-04,Abril
RF-12,Manuel Becerra,2021,4,63.1,63.2,56.0,61.8,69.7,63.9,59.4,47.8,42.1,2021-04-01,Abril,2021-04,Abril
RF-25,Santa Eugenia,2021,4,68.7,68.2,62.6,67.3,71.6,69.7,67.1,55.6,44.7,2021-04-01,Abril,2021-04,Abril
RF-11,Ramón y Cajal,2021,4,68.0,67.4,59.4,66.4,73.2,69.7,64.2,42.4,37.4,2021-04-01,Abril,2021-04,Abril
RF-20,Avenida de Moratalaz,2021,4,63.2,61.3,53.3,61.3,69.9,63.2,56.3,39.4,36.6,2021-04-01,Abril,2021-04,Abril
RF-29,El Pardo,2021,4,58.8,57.4,48.7,56.9,65.5,60.5,50.9,34.7,33.4,2021-04-01,Abril,2021-04,Abril
RF-48,Castellana,2021,4,60.9,61.3,54.5,59.7,67.5,62.5,57.7,45.3,38.2,2021-04-01,Abril,2021-04,Abril
RF-47,Mendez Álvaro,2021,4,56.2,55.3,49.2,54.6,65.8,55.9,49.0,36.3,34.0,2021-04-01,Abril,2021-04,Abril
RF-10,Cuatro Caminos,2021,4,64.9,64.3,57.7,63.4,72.2,66.9,58.7,47.3,46.1,2021-04-01,Abril,2021-04,Abril
RF-13,Vallecas,2021,4,57.5,60.6,50.3,57.1,65.4,59.3,52.2,38.6,36.0,2021-04-01,Abril,2021-04,Abril
RF-26,Embajada,2021,4,61.0,58.7,54.0,59.2,67.4,62.7,55.1,45.7,39.8,2021-04-01,Abril,2021-04,Abril
RF-01,Paseo de Recoletos,2021,4,71.7,67.0,61.3,69.3,75.5,69.7,62.0,48.2,39.7,2021-04-01,Abril,2021-04,Abril
RF-06,Gregorio Marañón,2021,4,69.6,69.1,62.6,68.1,75.9,71.2,64.6,49.8,40.8,2021-04-01,Abril,2021-04,Abril
RF-31,Sanchinarro,2021,4,62.8,62.6,50.5,61.1,71.7,65.9,52.0,39.4,36.5,2021-04-01,Abril,2021-04,Abril
RF-08,Escuelas Aguirre,2021,4,65.5,65.0,59.5,64.2,71.8,67.3,62.1,48.5,40.3,2021-04-01,Abril,2021-04,Abril
RF-03,Plaza del Carmen,2021,4,61.7,63.2,55.6,60.8,69.4,63.5,56.7,43.0,38.9,2021-04-01,Abril,2021-04,Abril
RF-27,Barajas Pueblo,2021,4,57.8,56.3,51.6,56.3,66.4,59.8,50.1,38.6,33.3,2021-04-01,Abril,2021-04,Abril
RF-06,Gregorio Marañón,2021,5,69.1,69.4,63.0,67.9,76.1,70.5,64.1,51.7,43.0,2021-05-01,Mayo,2021-05,Mayo
RF-26,Embajada,2021,5,59.8,58.5,53.5,58.2,66.6,61.9,54.8,45.6,39.3,2021-05-01,Mayo,2021-05,Mayo
RF-30,Campo de las Naciones,2021,5,59.6,59.0,53.5,58.2,65.9,61.1,55.6,42.5,38.1,2021-05-01,Mayo,2021-05,Mayo
RF-20,Avenida de Moratalaz,2021,5,62.9,61.0,56.5,61.2,69.0,62.4,56.3,41.6,37.6,2021-05-01,Mayo,2021-05,Mayo
RF-08,Escuelas Aguirre,2021,5,64.9,64.9,60.2,63.8,71.0,66.8,61.8,51.3,43.5,2021-05-01,Mayo,2021-05,Mayo
RF-54,Ensanche de Vallecas,2021,5,60.0,59.9,52.1,58.5,65.4,61.8,56.8,41.2,36.9,2021-05-01,Mayo,2021-05,Mayo
RF-47,Mendez Álvaro,2021,5,56.3,56.3,50.4,55.1,66.5,55.6,49.9,39.4,35.6,2021-05-01,Mayo,2021-05,Mayo
RF-31,Sanchinarro,2021,5,62.2,62.2,51.7,60.7,71.0,65.3,52.3,41.4,37.7,2021-05-01,Mayo,2021-05,Mayo
RF-86,Tres Olivos,2021,5,56.1,55.4,49.4,54.6,63.4,57.9,50.5,38.5,35.7,2021-05-01,Mayo,2021-05,Mayo
RF-05,Barrio del Pilar,2021,5,60.8,61.1,51.5,59.4,66.7,61.7,56.7,41.6,35.8,2021-05-01,Mayo,2021-05,Mayo
RF-24,Casa de Campo,2021,5,51.6,47.9,41.3,49.4,57.7,51.1,44.3,37.7,36.3,2021-05-01,Mayo,2021-05,Mayo
RF-13,Vallecas,2021,5,57.7,58.1,51.0,56.5,65.1,58.6,52.3,40.9,36.5,2021-05-01,Mayo,2021-05,Mayo
RF-25,Santa Eugenia,2021,5,67.1,67.0,62.1,66.0,70.3,68.3,65.8,56.6,46.0,2021-05-01,Mayo,2021-05,Mayo
RF-14,Plaza Elíptica,2021,5,64.8,64.5,59.0,63.5,70.3,65.1,61.5,52.4,44.8,2021-05-01,Mayo,2021-05,Mayo
RF-27,Barajas Pueblo,2021,5,57.8,56.5,52.0,56.3,66.1,59.7,50.6,40.5,34.2,2021-05-01,Mayo,2021-05,Mayo
RF-16,Arturo Soria,2021,5,60.9,60.0,53.9,59.4,66.4,62.6,56.7,38.8,34.0,2021-05-01,Mayo,2021-05,Mayo
RF-28,Cuatro Vientos,2021,5,66.8,65.2,58.7,65.0,73.6,69.2,59.4,38.4,32.8,2021-05-01,Mayo,2021-05,Mayo
RF-03,Plaza del Carmen,2021,5,61.5,63.3,57.6,61.0,69.4,63.7,57.8,44.8,39.7,2021-05-01,Mayo,2021-05,Mayo
RF-18,General Ricardos ubicación antigua,2021,5,57.9,58.0,51.0,56.6,66.1,57.6,51.0,40.2,37.7,2021-05-01,Mayo,2021-05,Mayo
RF-12,Manuel Becerra,2021,5,63.1,63.5,56.4,61.8,69.9,63.5,59.2,48.9,43.8,2021-05-01,Mayo,2021-05,Mayo
RF-55,Urb Embajada 2,2021,5,55.6,54.7,49.8,54.2,62.4,56.0,50.6,46.3,44.9,2021-05-01,Mayo,2021-05,Mayo
RF-50,Plaza de Castilla,2021,5,65.3,65.1,59.3,64.0,70.5,65.6,61.6,51.1,45.0,2021-05-01,Mayo,2021-05,Mayo
RF-10,Cuatro Caminos,2021,5,64.5,63.6,58.6,63.1,71.5,66.3,58.6,47.4,45.3,2021-05-01,Mayo,2021-05,Mayo
RF-11,Ramón y Cajal,2021,5,67.7,66.9,59.7,66.1,72.5,69.1,64.0,45.1,38.0,2021-05-01,Mayo,2021-05,Mayo
RF-48,Castellana,2021,5,60.1,60.8,55.6,59.2,67.1,61.7,57.3,47.7,41.1,2021-05-01,Mayo,2021-05,Mayo
RF-17,Villaverde,2021,5,57.1,60.4,50.4,56.7,65.1,59.1,52.9,39.7,35.3,2021-05-01,Mayo,2021-05,Mayo
RF-29,El Pardo,2021,5,57.4,57.4,50.7,56.1,64.6,59.5,51.2,37.5,34.1,2021-05-01,Mayo,2021-05,Mayo
RF-02,Carlos V,2021,5,68.7,69.7,64.6,67.9,75.0,69.5,65.4,56.7,50.5,2021-05-01,Mayo,2021-05,Mayo
RF-19,Alto de Extremadura,2021,5,60.8,60.2,52.5,59.2,67.6,61.0,54.3,40.0,32.9,2021-05-01,Mayo,2021-05,Mayo
RF-01,Paseo de Recoletos,2021,5,65.7,66.6,61.5,64.9,71.9,68.2,61.5,49.8,40.6,2021-05-01,Mayo,2021-05,Mayo
RF-19,Alto de Extremadura,2021,6,60.0,60.3,53.2,58.8,67.7,61.3,54.6,42.3,34.5,2021-06-01,Junio,2021-06,Junio
RF-20,Avenida de Moratalaz,2021,6,60.3,60.9,55.4,59.4,67.2,61.6,56.0,44.2,38.1,2021-06-01,Junio,2021-06,Junio
RF-08,Escuelas Aguirre,2021,6,65.5,64.8,60.9,64.3,71.8,66.7,61.9,53.2,46.9,2021-06-01,Junio,2021-06,Junio
RF-55,Urb Embajada 2,2021,6,55.6,59.4,50.8,55.8,62.6,56.5,50.9,45.2,41.8,2021-06-01,Junio,2021-06,Junio
RF-01,Paseo de Recoletos,2021,6,65.6,65.7,61.8,64.6,71.4,67.7,61.9,51.9,43.4,2021-06-01,Junio,2021-06,Junio
RF-31,Sanchinarro,2021,6,62.0,62.5,52.0,60.6,70.9,65.4,52.2,42.3,38.3,2021-06-01,Junio,2021-06,Junio
RF-30,Campo de las Naciones,2021,6,59.7,59.4,52.3,58.2,65.7,61.2,56.3,42.6,39.1,2021-06-01,Junio,2021-06,Junio
RF-06,Gregorio Marañón,2021,6,69.1,68.7,63.7,67.9,75.6,70.5,64.5,54.1,45.3,2021-06-01,Junio,2021-06,Junio
RF-13,Vallecas,2021,6,59.6,59.3,52.5,58.2,66.4,60.5,53.5,43.6,38.1,2021-06-01,Junio,2021-06,Junio
RF-47,Mendez Álvaro,2021,6,58.6,56.9,51.0,56.9,66.8,56.7,51.0,42.6,38.8,2021-06-01,Junio,2021-06,Junio
RF-12,Manuel Becerra,2021,6,63.5,63.8,57.4,62.3,70.7,63.9,59.6,50.6,44.9,2021-06-01,Junio,2021-06,Junio
RF-26,Embajada,2021,6,61.0,58.9,54.7,59.3,67.3,62.6,55.7,47.4,40.7,2021-06-01,Junio,2021-06,Junio
RF-14,Plaza Elíptica,2021,6,71.7,64.3,60.0,69.1,73.4,67.3,62.0,53.9,46.9,2021-06-01,Junio,2021-06,Junio
RF-29,El Pardo,2021,6,58.4,56.7,51.7,56.8,65.1,59.6,51.8,38.1,34.1,2021-06-01,Junio,2021-06,Junio
RF-10,Cuatro Caminos,2021,6,64.7,63.9,58.7,63.3,71.5,66.3,58.8,49.6,47.7,2021-06-01,Junio,2021-06,Junio
RF-48,Castellana,2021,6,61.8,60.6,55.9,60.4,67.8,62.4,57.6,49.9,45.6,2021-06-01,Junio,2021-06,Junio
RF-03,Plaza del Carmen,2021,6,61.7,63.5,59.0,61.4,69.4,64.0,58.5,48.3,41.9,2021-06-01,Junio,2021-06,Junio
RF-18,General Ricardos ubicación antigua,2021,6,57.4,57.2,50.6,56.0,65.7,58.1,51.3,41.6,38.3,2021-06-01,Junio,2021-06,Junio
RF-25,Santa Eugenia,2021,6,67.5,67.2,63.3,66.4,70.6,68.6,66.2,58.9,49.4,2021-06-01,Junio,2021-06,Junio
RF-28,Cuatro Vientos,2021,6,67.4,66.3,59.4,65.8,73.9,69.8,61.3,40.8,34.1,2021-06-01,Junio,2021-06,Junio
RF-27,Barajas Pueblo,2021,6,59.0,57.1,53.7,57.5,67.0,60.4,51.5,43.5,35.4,2021-06-01,Junio,2021-06,Junio
RF-05,Barrio del Pilar,2021,6,61.5,61.7,53.1,60.1,67.1,62.3,57.4,43.7,37.5,2021-06-01,Junio,2021-06,Junio
RF-24,Casa de Campo,2021,6,49.5,49.3,44.0,48.2,56.3,50.4,44.3,37.6,35.4,2021-06-01,Junio,2021-06,Junio
RF-86,Tres Olivos,2021,6,56.4,55.9,50.7,55.1,64.1,58.2,50.8,40.4,36.3,2021-06-01,Junio,2021-06,Junio
RF-54,Ensanche de Vallecas,2021,6,60.0,60.2,52.8,58.7,65.7,61.7,56.8,44.2,38.2,2021-06-01,Junio,2021-06,Junio
RF-02,Carlos V,2021,6,68.1,68.4,64.4,67.2,73.9,68.8,65.2,57.8,51.7,2021-06-01,Junio,2021-06,Junio
RF-17,Villaverde,2021,6,57.8,60.9,52.3,57.5,65.8,60.0,53.9,42.5,36.7,2021-06-01,Junio,2021-06,Junio
RF-16,Arturo Soria,2021,6,61.2,60.4,54.6,59.7,66.7,62.7,57.1,40.6,34.8,2021-06-01,Junio,2021-06,Junio
RF-50,Plaza de Castilla,2021,6,65.3,65.3,60.3,64.2,70.7,65.8,61.9,53.1,47.2,2021-06-01,Junio,2021-06,Junio
RF-02,Carlos V,2021,7,67.9,68.2,64.7,67.2,73.8,68.7,65.1,58.7,53.2,2021-07-01,Julio,2021-07,Julio
RF-03,Plaza del Carmen,2021,7,61.3,63.0,58.8,61.0,69.4,63.6,57.7,49.1,43.4,2021-07-01,Julio,2021-07,Julio
RF-86,Tres Olivos,2021,7,55.2,54.5,48.9,53.8,63.0,56.8,49.1,40.9,36.2,2021-07-01,Julio,2021-07,Julio
RF-29,El Pardo,2021,7,58.3,56.4,52.3,56.7,65.2,59.7,51.9,38.7,34.1,2021-07-01,Julio,2021-07,Julio
RF-55,Urb Embajada 2,2021,7,64.9,54.5,49.8,62.1,67.2,58.5,50.9,45.2,41.1,2021-07-01,Julio,2021-07,Julio
RF-50,Plaza de Castilla,2021,7,64.8,64.5,60.3,63.7,69.9,65.1,61.3,53.4,48.1,2021-07-01,Julio,2021-07,Julio
RF-54,Ensanche de Vallecas,2021,7,58.9,59.2,53.1,57.7,64.6,60.8,56.0,46.5,38.0,2021-07-01,Julio,2021-07,Julio
RF-47,Mendez Álvaro,2021,7,56.1,54.6,50.9,54.7,65.2,55.4,50.2,41.6,38.7,2021-07-01,Julio,2021-07,Julio
RF-01,Paseo de Recoletos,2021,7,65.5,66.1,62.2,64.8,71.5,68.0,61.6,52.4,44.1,2021-07-01,Julio,2021-07,Julio
RF-05,Barrio del Pilar,2021,7,60.7,61.9,53.8,59.7,67.1,62.1,57.0,44.7,38.4,2021-07-01,Julio,2021-07,Julio
RF-06,Gregorio Marañón,2021,7,68.3,67.7,63.4,67.1,74.9,69.8,63.7,54.6,46.4,2021-07-01,Julio,2021-07,Julio
RF-30,Campo de las Naciones,2021,7,58.9,58.8,52.6,57.6,64.7,60.4,55.8,42.5,38.6,2021-07-01,Julio,2021-07,Julio
RF-48,Castellana,2021,7,59.6,58.7,55.6,58.5,65.9,60.7,56.6,50.1,46.6,2021-07-01,Julio,2021-07,Julio
RF-31,Sanchinarro,2021,7,61.4,61.7,51.9,60.0,70.3,64.5,51.6,43.3,38.9,2021-07-01,Julio,2021-07,Julio
RF-08,Escuelas Aguirre,2021,7,63.3,64.2,59.9,62.7,70.1,65.0,60.6,53.4,48.5,2021-07-01,Julio,2021-07,Julio
RF-13,Vallecas,2021,7,60.1,71.3,56.8,64.7,66.0,59.1,52.3,43.8,37.3,2021-07-01,Julio,2021-07,Julio
RF-14,Plaza Elíptica,2021,7,64.2,64.4,59.5,63.2,69.9,64.9,61.4,54.4,48.6,2021-07-01,Julio,2021-07,Julio
RF-25,Santa Eugenia,2021,7,66.9,66.2,62.7,65.7,70.0,67.8,65.5,59.0,50.3,2021-07-01,Julio,2021-07,Julio
RF-16,Arturo Soria,2021,7,59.7,58.9,54.4,58.4,65.5,61.8,55.8,41.0,35.5,2021-07-01,Julio,2021-07,Julio
RF-12,Manuel Becerra,2021,7,62.8,62.9,56.9,61.6,69.7,63.1,58.7,50.3,44.1,2021-07-01,Julio,2021-07,Julio
RF-20,Avenida de Moratalaz,2021,7,59.2,59.7,53.4,58.1,66.0,60.6,55.2,45.0,38.8,2021-07-01,Julio,2021-07,Julio
RF-27,Barajas Pueblo,2021,7,58.2,57.0,54.3,57.0,66.8,60.0,51.4,47.2,40.2,2021-07-01,Julio,2021-07,Julio
RF-28,Cuatro Vientos,2021,7,66.7,65.3,59.6,65.1,73.6,69.1,60.4,41.6,35.3,2021-07-01,Julio,2021-07,Julio
RF-17,Villaverde,2021,7,56.7,60.4,54.2,57.0,65.8,59.4,53.1,44.1,38.3,2021-07-01,Julio,2021-07,Julio
RF-18,General Ricardos ubicación antigua,2021,7,57.0,56.7,50.2,55.6,65.5,57.5,50.3,41.9,39.2,2021-07-01,Julio,2021-07,Julio
RF-26,Embajada,2021,7,59.6,58.7,54.8,58.4,66.2,62.0,55.5,48.3,42.0,2021-07-01,Julio,2021-07,Julio
RF-19,Alto de Extremadura,2021,7,59.4,59.8,54.3,58.4,67.3,60.8,54.1,44.8,38.6,2021-07-01,Julio,2021-07,Julio
RF-10,Cuatro Caminos,2021,7,63.7,62.7,58.9,62.4,70.8,65.4,57.8,49.5,47.2,2021-07-01,Julio,2021-07,Julio
RF-24,Casa de Campo,2021,7,48.9,47.6,43.9,47.5,54.4,50.0,45.7,40.4,37.5,2021-07-01,Julio,2021-07,Julio
RF-13,Vallecas,2021,8,56.3,56.8,53.0,55.6,64.1,57.7,51.7,44.3,38.0,2021-08-01,Agosto,2021-08,Agosto
RF-02,Carlos V,2021,8,67.3,67.3,64.2,66.5,72.9,68.3,64.4,58.0,52.9,2021-08-01,Agosto,2021-08,Agosto
RF-10,Cuatro Caminos,2021,8,61.6,61.0,57.5,60.5,69.5,63.3,55.5,47.8,45.1,2021-08-01,Agosto,2021-08,Agosto
RF-29,El Pardo,2021,8,56.6,55.4,51.0,55.2,64.0,58.5,49.8,37.7,33.5,2021-08-01,Agosto,2021-08,Agosto
RF-86,Tres Olivos,2021,8,53.7,53.6,47.2,52.4,62.1,55.3,47.6,40.8,36.1,2021-08-01,Agosto,2021-08,Agosto
RF-08,Escuelas Aguirre,2021,8,62.6,63.1,59.0,61.8,69.2,64.4,59.7,52.5,48.0,2021-08-01,Agosto,2021-08,Agosto
RF-28,Cuatro Vientos,2021,8,65.8,64.4,57.5,64.1,73.1,68.2,58.7,40.6,35.2,2021-08-01,Agosto,2021-08,Agosto
RF-54,Ensanche de Vallecas,2021,8,58.1,58.2,52.2,56.9,64.0,60.0,54.9,46.2,37.4,2021-08-01,Agosto,2021-08,Agosto
RF-31,Sanchinarro,2021,8,59.9,60.4,50.4,58.5,69.6,62.6,50.1,43.2,38.7,2021-08-01,Agosto,2021-08,Agosto
RF-47,Mendez Álvaro,2021,8,54.0,54.1,49.7,53.0,63.7,53.9,49.2,41.2,38.7,2021-08-01,Agosto,2021-08,Agosto
RF-12,Manuel Becerra,2021,8,62.0,61.9,56.1,60.7,68.4,62.4,57.7,49.1,43.1,2021-08-01,Agosto,2021-08,Agosto
RF-20,Avenida de Moratalaz,2021,8,59.0,58.8,52.1,57.6,66.0,59.7,53.9,44.2,38.5,2021-08-01,Agosto,2021-08,Agosto
RF-27,Barajas Pueblo,2021,8,63.9,56.8,54.0,61.7,67.6,60.8,51.7,47.7,43.8,2021-08-01,Agosto,2021-08,Agosto
RF-05,Barrio del Pilar,2021,8,59.3,61.2,52.9,58.5,65.7,61.2,55.9,44.8,38.7,2021-08-01,Agosto,2021-08,Agosto
RF-24,Casa de Campo,2021,8,47.6,47.0,42.2,46.4,53.2,49.1,44.3,39.5,37.7,2021-08-01,Agosto,2021-08,Agosto
RF-18,General Ricardos ubicación antigua,2021,8,58.6,56.1,49.0,56.6,67.1,59.4,49.9,42.1,39.9,2021-08-01,Agosto,2021-08,Agosto
RF-30,Campo de las Naciones,2021,8,58.7,58.4,52.0,57.3,64.4,59.2,54.7,42.4,39.3,2021-08-01,Agosto,2021-08,Agosto
RF-19,Alto de Extremadura,2021,8,59.2,58.8,53.0,57.9,66.9,60.2,52.8,43.8,39.5,2021-08-01,Agosto,2021-08,Agosto
RF-55,Urb Embajada 2,2021,8,68.1,52.9,48.6,64.8,64.4,55.2,49.1,44.2,39.1,2021-08-01,Agosto,2021-08,Agosto
RF-17,Villaverde,2021,8,55.7,59.5,51.5,55.8,64.7,58.4,51.9,44.0,38.7,2021-08-01,Agosto,2021-08,Agosto
RF-50,Plaza de Castilla,2021,8,64.1,63.3,59.3,62.8,69.3,64.4,60.1,52.5,47.6,2021-08-01,Agosto,2021-08,Agosto
RF-01,Paseo de Recoletos,2021,8,63.4,63.0,61.3,62.7,70.2,65.2,59.0,50.9,44.1,2021-08-01,Agosto,2021-08,Agosto
RF-16,Arturo Soria,2021,8,59.9,58.5,53.7,58.4,65.6,61.5,54.4,40.6,35.3,2021-08-01,Agosto,2021-08,Agosto
RF-06,Gregorio Marañón,2021,8,66.9,66.6,62.4,65.8,73.6,68.5,62.3,52.7,44.6,2021-08-01,Agosto,2021-08,Agosto
RF-26,Embajada,2021,8,58.7,57.7,54.5,57.5,65.9,61.2,54.7,48.5,42.1,2021-08-01,Agosto,2021-08,Agosto
RF-03,Plaza del Carmen,2021,8,60.6,60.7,57.0,59.7,68.5,61.5,55.7,47.9,42.9,2021-08-01,Agosto,2021-08,Agosto
RF-25,Santa Eugenia,2021,8,66.5,65.9,62.2,65.3,69.5,67.5,65.2,58.4,49.5,2021-08-01,Agosto,2021-08,Agosto
RF-48,Castellana,2021,8,58.0,56.9,53.3,56.7,63.7,58.8,55.2,48.6,45.6,2021-08-01,Agosto,2021-08,Agosto
RF-14,Plaza Elíptica,2021,8,63.4,63.5,59.4,62.5,69.0,64.3,60.7,54.5,49.0,2021-08-01,Agosto,2021-08,Agosto
RF-31,Sanchinarro,2021,9,62.3,62.2,52.5,60.7,71.0,65.4,52.4,43.1,39.3,2021-09-01,Septiembre,2021-09,Septiembre
RF-24,Casa de Campo,2021,9,48.2,47.7,47.9,48.0,54.7,49.6,44.0,38.9,37.4,2021-09-01,Septiembre,2021-09,Septiembre
RF-28,Cuatro Vientos,2021,9,66.8,65.6,59.8,65.1,73.4,69.2,60.6,39.8,34.0,2021-09-01,Septiembre,2021-09,Septiembre
RF-12,Manuel Becerra,2021,9,63.9,63.5,57.6,62.5,70.7,64.0,59.6,50.9,45.2,2021-09-01,Septiembre,2021-09,Septiembre
RF-05,Barrio del Pilar,2021,9,61.7,61.8,53.6,60.3,67.6,62.6,57.3,43.7,37.9,2021-09-01,Septiembre,2021-09,Septiembre
RF-20,Avenida de Moratalaz,2021,9,60.2,60.3,54.0,58.9,67.0,61.4,55.6,44.1,39.2,2021-09-01,Septiembre,2021-09,Septiembre
RF-27,Barajas Pueblo,2021,9,59.5,58.2,55.0,58.2,67.6,61.2,52.4,45.1,37.6,2021-09-01,Septiembre,2021-09,Septiembre
RF-02,Carlos V,2021,9,69.2,68.6,65.7,68.2,74.9,69.9,66.2,59.4,54.2,2021-09-01,Septiembre,2021-09,Septiembre
RF-16,Arturo Soria,2021,9,58.1,56.8,51.6,56.5,64.5,58.1,52.0,39.4,35.4,2021-09-01,Septiembre,2021-09,Septiembre
RF-25,Santa Eugenia,2021,9,68.1,67.7,63.7,67.0,71.0,69.0,66.7,59.4,50.9,2021-09-01,Septiembre,2021-09,Septiembre
RF-03,Plaza del Carmen,2021,9,61.6,63.3,59.5,61.4,69.9,64.1,58.2,49.3,44.0,2021-09-01,Septiembre,2021-09,Septiembre
RF-17,Villaverde,2021,9,56.5,59.3,50.7,56.1,65.1,58.6,52.1,41.8,37.0,2021-09-01,Septiembre,2021-09,Septiembre
RF-14,Plaza Elíptica,2021,9,64.5,64.7,60.6,63.6,70.1,65.2,61.8,54.5,48.4,2021-09-01,Septiembre,2021-09,Septiembre
RF-29,El Pardo,2021,9,57.4,56.8,51.9,56.1,64.6,59.6,51.0,37.0,33.8,2021-09-01,Septiembre,2021-09,Septiembre
RF-13,Vallecas,2021,9,58.1,58.7,52.0,57.0,65.5,59.2,52.9,42.5,37.9,2021-09-01,Septiembre,2021-09,Septiembre
RF-50,Plaza de Castilla,2021,9,65.4,65.5,60.9,64.4,70.6,65.9,62.1,53.8,48.3,2021-09-01,Septiembre,2021-09,Septiembre
RF-08,Escuelas Aguirre,2021,9,64.8,65.0,61.0,63.9,71.2,66.4,61.9,54.3,47.9,2021-09-01,Septiembre,2021-09,Septiembre
RF-19,Alto de Extremadura,2021,9,60.2,59.5,53.2,58.7,67.4,61.4,54.6,42.7,36.5,2021-09-01,Septiembre,2021-09,Septiembre
RF-30,Campo de las Naciones,2021,9,62.0,60.5,53.2,60.2,67.5,62.1,56.8,42.2,38.9,2021-09-01,Septiembre,2021-09,Septiembre
RF-47,Mendez Álvaro,2021,9,55.7,55.3,51.0,54.5,65.6,54.9,49.0,40.1,37.0,2021-09-01,Septiembre,2021-09,Septiembre
RF-48,Castellana,2021,9,60.5,60.0,55.8,59.3,66.3,61.6,57.6,50.2,45.3,2021-09-01,Septiembre,2021-09,Septiembre
RF-55,Urb Embajada 2,2021,9,55.9,55.4,53.2,55.1,62.9,56.3,50.2,43.6,38.8,2021-09-01,Septiembre,2021-09,Septiembre
RF-86,Tres Olivos,2021,9,58.4,55.3,49.8,56.4,64.7,58.2,50.0,39.3,36.5,2021-09-01,Septiembre,2021-09,Septiembre
RF-26,Embajada,2021,9,61.0,59.9,56.0,59.7,67.3,63.3,56.9,49.3,42.2,2021-09-01,Septiembre,2021-09,Septiembre
RF-06,Gregorio Marañón,2021,9,73.7,69.0,64.9,71.5,76.8,71.6,64.9,56.1,48.1,2021-09-01,Septiembre,2021-09,Septiembre
RF-18,General Ricardos ubicación antigua,2021,9,60.3,57.0,50.6,58.1,67.4,59.2,50.9,41.3,38.5,2021-09-01,Septiembre,2021-09,Septiembre
RF-10,Cuatro Caminos,2021,9,64.4,63.6,59.5,63.2,71.6,66.3,58.7,50.0,47.7,2021-09-01,Septiembre,2021-09,Septiembre
RF-01,Paseo de Recoletos,2021,9,65.2,64.0,60.2,63.8,71.0,65.8,60.3,50.7,43.8,2021-09-01,Septiembre,2021-09,Septiembre
RF-27,Barajas Pueblo,2021,10,59.2,58.0,54.7,57.9,67.5,61.4,52.0,43.5,37.8,2021-10-01,Octubre,2021-10,Octubre
RF-48,Castellana,2021,10,61.0,60.4,56.2,59.8,66.6,62.0,58.0,50.9,45.1,2021-10-01,Octubre,2021-10,Octubre
RF-12,Manuel Becerra,2021,10,63.4,63.9,58.2,62.4,70.3,64.2,59.9,51.6,46.5,2021-10-01,Octubre,2021-10,Octubre
RF-08,Escuelas Aguirre,2021,10,64.8,65.1,61.1,64.0,71.2,66.4,62.0,55.1,48.1,2021-10-01,Octubre,2021-10,Octubre
RF-14,Plaza Elíptica,2021,10,64.6,64.4,60.1,63.5,70.2,65.2,61.8,54.6,48.3,2021-10-01,Octubre,2021-10,Octubre
RF-20,Avenida de Moratalaz,2021,10,62.5,60.6,54.1,60.7,68.4,61.8,56.0,45.3,41.6,2021-10-01,Octubre,2021-10,Octubre
RF-24,Casa de Campo,2021,10,48.9,47.3,42.9,47.4,55.3,50.3,44.4,39.1,37.6,2021-10-01,Octubre,2021-10,Octubre
RF-06,Gregorio Marañón,2021,10,70.1,69.4,65.5,68.9,76.5,71.6,65.7,57.2,49.4,2021-10-01,Octubre,2021-10,Octubre
RF-05,Barrio del Pilar,2021,10,60.9,63.1,53.3,60.1,67.2,62.7,57.2,43.4,37.9,2021-10-01,Octubre,2021-10,Octubre
RF-18,General Ricardos ubicación antigua,2021,10,57.2,56.1,51.8,55.8,65.1,57.3,49.8,41.2,38.6,2021-10-01,Octubre,2021-10,Octubre
RF-55,Urb Embajada 2,2021,10,55.2,54.5,50.0,53.9,62.5,56.5,50.3,43.6,39.5,2021-10-01,Octubre,2021-10,Octubre
RF-03,Plaza del Carmen,2021,10,61.3,63.8,61.8,62.0,69.7,64.3,58.6,50.4,45.3,2021-10-01,Octubre,2021-10,Octubre
RF-19,Alto de Extremadura,2021,10,60.6,59.5,53.1,59.0,67.3,61.5,55.0,43.5,37.3,2021-10-01,Octubre,2021-10,Octubre
RF-30,Campo de las Naciones,2021,10,60.2,59.8,52.8,58.6,65.6,61.3,57.1,43.6,39.9,2021-10-01,Octubre,2021-10,Octubre
RF-31,Sanchinarro,2021,10,63.0,62.6,53.2,61.4,71.7,66.1,53.6,43.8,40.2,2021-10-01,Octubre,2021-10,Octubre
RF-16,Arturo Soria,2021,10,58.6,57.4,51.6,57.0,65.3,58.7,52.4,39.4,35.9,2021-10-01,Octubre,2021-10,Octubre
RF-26,Embajada,2021,10,61.6,60.7,56.9,60.3,67.8,63.9,57.5,50.3,43.7,2021-10-01,Octubre,2021-10,Octubre
RF-47,Mendez Álvaro,2021,10,55.6,55.3,49.6,54.3,65.3,54.6,48.4,39.9,37.2,2021-10-01,Octubre,2021-10,Octubre
RF-29,El Pardo,2021,10,58.1,56.4,50.5,56.4,64.6,59.5,50.7,36.5,34.0,2021-10-01,Octubre,2021-10,Octubre
RF-02,Carlos V,2021,10,68.7,68.8,65.9,68.0,74.6,69.6,66.2,60.4,55.5,2021-10-01,Octubre,2021-10,Octubre
RF-25,Santa Eugenia,2021,10,68.1,67.9,63.5,67.0,70.9,69.2,66.9,59.5,51.1,2021-10-01,Octubre,2021-10,Octubre
RF-17,Villaverde,2021,10,57.6,58.4,50.0,56.4,64.9,58.5,52.2,41.6,37.5,2021-10-01,Octubre,2021-10,Octubre
RF-13,Vallecas,2021,10,57.9,57.3,53.0,56.7,65.2,58.8,52.6,42.2,38.4,2021-10-01,Octubre,2021-10,Octubre
RF-10,Cuatro Caminos,2021,10,64.8,63.8,59.0,63.4,71.8,66.7,59.2,51.0,49.2,2021-10-01,Octubre,2021-10,Octubre
RF-28,Cuatro Vientos,2021,10,67.4,65.8,59.9,65.7,73.9,69.8,61.3,41.0,35.2,2021-10-01,Octubre,2021-10,Octubre
RF-50,Plaza de Castilla,2021,10,66.0,65.3,61.0,64.8,71.0,66.3,62.5,54.6,48.9,2021-10-01,Octubre,2021-10,Octubre
RF-01,Paseo de Recoletos,2021,10,64.1,63.4,60.5,63.0,70.6,65.6,60.2,51.7,45.7,2021-10-01,Octubre,2021-10,Octubre
RF-86,Tres Olivos,2021,10,58.9,55.5,49.5,56.8,64.0,58.1,49.9,39.1,37.0,2021-10-01,Octubre,2021-10,Octubre
RF-18,General Ricardos ubicación antigua,2021,11,57.7,55.0,47.2,55.6,65.6,56.4,48.7,39.6,37.4,2021-11-01,Noviembre,2021-11,Noviembre
RF-10,Cuatro Caminos,2021,11,65.4,64.3,59.8,63.9,72.3,67.3,59.9,51.2,49.2,2021-11-01,Noviembre,2021-11,Noviembre
RF-16,Arturo Soria,2021,11,59.2,57.2,51.9,57.5,65.9,59.4,53.4,40.3,36.6,2021-11-01,Noviembre,2021-11,Noviembre
RF-12,Manuel Becerra,2021,11,64.0,63.3,58.2,62.7,71.2,64.2,59.9,51.4,45.3,2021-11-01,Noviembre,2021-11,Noviembre
RF-30,Campo de las Naciones,2021,11,60.9,58.8,54.7,59.2,66.3,61.5,56.9,44.4,41.0,2021-11-01,Noviembre,2021-11,Noviembre
RF-01,Paseo de Recoletos,2021,11,68.6,63.7,60.9,66.5,72.9,66.6,60.6,52.0,46.3,2021-11-01,Noviembre,2021-11,Noviembre
RF-50,Plaza de Castilla,2021,11,66.0,65.7,61.6,64.9,71.1,66.7,63.0,54.8,48.9,2021-11-01,Noviembre,2021-11,Noviembre
RF-13,Vallecas,2021,11,60.8,57.4,51.0,58.7,67.1,60.7,53.8,41.9,38.6,2021-11-01,Noviembre,2021-11,Noviembre
RF-48,Castellana,2021,11,61.0,59.8,55.8,59.6,66.5,62.1,58.0,50.4,44.3,2021-11-01,Noviembre,2021-11,Noviembre
RF-29,El Pardo,2021,11,57.5,55.2,50.6,55.8,65.0,60.1,49.3,35.8,33.5,2021-11-01,Noviembre,2021-11,Noviembre
RF-02,Carlos V,2021,11,69.0,68.7,66.3,68.2,74.9,69.7,66.5,60.4,55.3,2021-11-01,Noviembre,2021-11,Noviembre
RF-31,Sanchinarro,2021,11,63.6,63.2,53.8,62.0,72.1,66.8,54.5,44.1,40.6,2021-11-01,Noviembre,2021-11,Noviembre
RF-20,Avenida de Moratalaz,2021,11,60.9,60.1,54.8,59.5,67.4,62.0,56.1,45.5,42.4,2021-11-01,Noviembre,2021-11,Noviembre
RF-25,Santa Eugenia,2021,11,69.0,68.2,64.1,67.7,71.7,69.8,67.6,59.9,51.2,2021-11-01,Noviembre,2021-11,Noviembre
RF-19,Alto de Extremadura,2021,11,60.4,59.7,54.0,59.0,67.1,61.8,55.6,44.1,37.8,2021-11-01,Noviembre,2021-11,Noviembre
RF-14,Plaza Elíptica,2021,11,64.1,63.8,59.9,63.0,70.0,64.7,60.9,53.7,48.0,2021-11-01,Noviembre,2021-11,Noviembre
RF-17,Villaverde,2021,11,59.3,56.7,52.4,57.5,66.0,58.8,52.3,42.1,38.7,2021-11-01,Noviembre,2021-11,Noviembre
RF-06,Gregorio Marañón,2021,11,70.1,69.5,65.7,68.9,76.6,71.5,65.7,57.4,49.6,2021-11-01,Noviembre,2021-11,Noviembre
RF-26,Embajada,2021,11,62.5,61.0,57.3,61.0,68.6,64.8,58.3,50.9,44.0,2021-11-01,Noviembre,2021-11,Noviembre
RF-28,Cuatro Vientos,2021,11,67.8,66.2,60.6,66.1,74.3,70.4,61.7,41.0,35.4,2021-11-01,Noviembre,2021-11,Noviembre
RF-86,Tres Olivos,2021,11,58.3,54.8,50.2,56.2,65.0,58.6,50.2,39.5,37.6,2021-11-01,Noviembre,2021-11,Noviembre
RF-03,Plaza del Carmen,2021,11,62.5,61.8,59.4,61.6,70.1,63.6,57.5,49.9,45.2,2021-11-01,Noviembre,2021-11,Noviembre
RF-05,Barrio del Pilar,2021,11,61.4,60.9,53.3,59.8,66.7,62.6,57.1,43.6,38.0,2021-11-01,Noviembre,2021-11,Noviembre
RF-55,Urb Embajada 2,2021,11,57.8,55.5,51.1,56.0,64.3,57.7,51.7,45.7,43.2,2021-11-01,Noviembre,2021-11,Noviembre
RF-24,Casa de Campo,2021,11,47.8,45.8,42.8,46.3,54.2,49.1,43.6,39.0,37.6,2021-11-01,Noviembre,2021-11,Noviembre
RF-27,Barajas Pueblo,2021,11,62.9,58.8,54.8,60.8,69.6,63.3,53.8,43.1,36.8,2021-11-01,Noviembre,2021-11,Noviembre
RF-06,Gregorio Marañón,2021,12,69.6,69.5,65.4,68.6,76.1,71.4,65.3,57.1,50.3,2021-12-01,Diciembre,2021-12,Diciembre
RF-55,Urb Embajada 2,2021,12,56.9,61.2,50.7,57.1,64.1,57.3,51.3,45.6,43.4,2021-12-01,Diciembre,2021-12,Diciembre
RF-28,Cuatro Vientos,2021,12,68.2,66.4,60.7,66.5,74.8,70.6,61.9,43.4,37.8,2021-12-01,Diciembre,2021-12,Diciembre
RF-17,Villaverde,2021,12,62.3,60.8,51.9,60.5,64.9,58.1,51.7,42.3,39.1,2021-12-01,Diciembre,2021-12,Diciembre
RF-30,Campo de las Naciones,2021,12,59.7,58.4,53.4,58.1,65.1,61.0,56.2,46.7,43.7,2021-12-01,Diciembre,2021-12,Diciembre
RF-48,Castellana,2021,12,60.7,60.2,55.9,59.5,66.3,61.8,58.0,50.4,44.6,2021-12-01,Diciembre,2021-12,Diciembre
RF-03,Plaza del Carmen,2021,12,61.2,62.3,58.9,60.8,69.4,63.1,57.0,49.9,45.6,2021-12-01,Diciembre,2021-12,Diciembre
RF-14,Plaza Elíptica,2021,12,63.8,63.4,59.1,62.6,69.3,64.6,61.0,53.4,47.9,2021-12-01,Diciembre,2021-12,Diciembre
RF-25,Santa Eugenia,2021,12,69.0,68.5,64.7,67.9,71.6,70.0,67.7,60.2,52.0,2021-12-01,Diciembre,2021-12,Diciembre
RF-16,Arturo Soria,2021,12,58.4,57.5,51.8,56.9,64.5,59.2,53.2,41.0,37.4,2021-12-01,Diciembre,2021-12,Diciembre
RF-26,Embajada,2021,12,62.5,61.3,57.4,61.1,68.9,64.9,58.3,51.4,44.9,2021-12-01,Diciembre,2021-12,Diciembre
RF-50,Plaza de Castilla,2021,12,66.2,66.1,61.6,65.1,71.1,67.0,63.0,55.0,49.2,2021-12-01,Diciembre,2021-12,Diciembre
RF-47,Mendez Álvaro,2021,12,57.0,54.7,50.2,55.5,66.5,54.3,47.9,40.6,38.1,2021-12-01,Diciembre,2021-12,Diciembre
RF-13,Vallecas,2021,12,64.2,58.8,51.8,61.8,69.8,60.6,53.6,42.9,39.7,2021-12-01,Diciembre,2021-12,Diciembre
RF-02,Carlos V,2021,12,71.1,70.8,66.2,69.9,75.3,70.7,66.9,60.7,55.7,2021-12-01,Diciembre,2021-12,Diciembre
RF-31,Sanchinarro,2021,12,64.0,63.8,53.9,62.4,72.4,67.1,54.8,44.7,41.2,2021-12-01,Diciembre,2021-12,Diciembre
RF-12,Manuel Becerra,2021,12,63.5,62.9,57.8,62.2,70.3,64.0,59.8,51.3,44.7,2021-12-01,Diciembre,2021-12,Diciembre
RF-27,Barajas Pueblo,2021,12,61.7,59.0,54.6,59.9,69.0,62.8,52.4,43.2,37.5,2021-12-01,Diciembre,2021-12,Diciembre
RF-05,Barrio del Pilar,2021,12,61.7,62.1,53.7,60.4,67.0,62.9,57.4,44.0,38.6,2021-12-01,Diciembre,2021-12,Diciembre
RF-24,Casa de Campo,2021,12,48.5,47.0,43.6,47.1,54.6,49.7,44.5,39.5,37.9,2021-12-01,Diciembre,2021-12,Diciembre
RF-18,General Ricardos ubicación antigua,2021,12,57.6,60.7,48.0,57.0,66.3,56.9,48.8,40.1,38.0,2021-12-01,Diciembre,2021-12,Diciembre
RF-19,Alto de Extremadura,2021,12,60.4,60.1,54.9,59.1,67.1,61.8,55.5,45.6,39.8,2021-12-01,Diciembre,2021-12,Diciembre
RF-86,Tres Olivos,2021,12,56.7,55.1,50.8,55.2,64.6,58.5,49.6,38.9,37.1,2021-12-01,Diciembre,2021-12,Diciembre
RF-29,El Pardo,2021,12,57.8,55.4,49.9,56.0,65.4,60.6,48.9,34.7,33.0,2021-12-01,Diciembre,2021-12,Diciembre
RF-10,Cuatro Caminos,2021,12,65.2,64.1,60.0,63.8,72.2,67.1,59.5,50.4,47.8,2021-12-01,Diciembre,2021-12,Diciembre
RF-20,Avenida de Moratalaz,2021,12,65.7,60.3,54.3,63.3,68.3,62.6,55.9,45.0,41.5,2021-12-01,Diciembre,2021-12,Diciembre
RF-01,Paseo de Recoletos,2021,12,65.2,63.3,60.3,63.7,72.2,65.7,60.4,51.9,46.0,2021-12-01,Diciembre,2021-12,Diciembre
RF-27,Barajas Pueblo,2022,1,59.5,59.1,57.2,58.8,68.2,62.0,52.5,43.3,37.6,2022-01-01,Enero,2022-01,Enero
RF-48,Castellana,2022,1,60.2,59.6,56.0,59.1,65.8,61.2,57.4,49.0,43.0,2022-01-01,Enero,2022-01,Enero
RF-03,Plaza del Carmen,2022,1,61.6,60.2,63.1,62.0,69.5,62.7,56.4,48.9,44.8,2022-01-01,Enero,2022-01,Enero
RF-16,Arturo Soria,2022,1,58.0,58.2,51.3,56.7,64.3,58.4,52.2,39.7,36.9,2022-01-01,Enero,2022-01,Enero
RF-86,Tres Olivos,2022,1,56.5,54.8,54.4,55.7,64.4,57.9,49.0,39.0,37.5,2022-01-01,Enero,2022-01,Enero
RF-14,Plaza Elíptica,2022,1,63.4,63.4,59.3,62.4,68.8,64.1,60.2,51.8,46.0,2022-01-01,Enero,2022-01,Enero
RF-10,Cuatro Caminos,2022,1,64.9,64.0,59.7,63.6,72.0,66.8,59.0,49.9,47.8,2022-01-01,Enero,2022-01,Enero
RF-47,Mendez Álvaro,2022,1,54.8,54.5,52.5,53.9,65.5,53.9,47.4,39.7,37.4,2022-01-01,Enero,2022-01,Enero
RF-31,Sanchinarro,2022,1,63.4,63.3,54.1,61.9,71.2,65.5,52.7,42.9,39.8,2022-01-01,Enero,2022-01,Enero
RF-12,Manuel Becerra,2022,1,63.2,62.8,57.5,61.9,69.7,63.6,59.3,50.5,44.7,2022-01-01,Enero,2022-01,Enero
RF-06,Gregorio Marañón,2022,1,69.6,68.9,64.6,68.3,75.9,71.0,64.8,55.9,49.2,2022-01-01,Enero,2022-01,Enero
RF-01,Paseo de Recoletos,2022,1,65.1,64.5,60.8,63.9,71.5,66.5,60.1,51.5,45.8,2022-01-01,Enero,2022-01,Enero
RF-55,Urb Embajada 2,2022,1,56.7,56.7,52.0,55.6,64.4,57.6,51.3,44.6,42.1,2022-01-01,Enero,2022-01,Enero
RF-25,Santa Eugenia,2022,1,68.7,68.2,64.0,67.5,71.3,69.7,67.5,59.3,50.9,2022-01-01,Enero,2022-01,Enero
RF-05,Barrio del Pilar,2022,1,61.4,60.9,55.1,60.0,67.0,62.5,57.2,43.0,38.3,2022-01-01,Enero,2022-01,Enero
RF-26,Embajada,2022,1,62.1,61.5,57.0,60.8,68.8,64.5,57.7,50.5,44.4,2022-01-01,Enero,2022-01,Enero
RF-18,General Ricardos ubicación antigua,2022,1,57.7,56.3,66.2,62.5,66.5,56.6,48.5,41.3,39.8,2022-01-01,Enero,2022-01,Enero
RF-50,Plaza de Castilla,2022,1,65.7,65.3,60.7,64.5,70.5,66.5,62.4,53.7,47.7,2022-01-01,Enero,2022-01,Enero
RF-19,Alto de Extremadura,2022,1,61.0,60.0,54.8,59.5,67.7,61.9,55.2,44.1,38.2,2022-01-01,Enero,2022-01,Enero
RF-17,Villaverde,2022,1,58.5,56.9,63.8,60.9,64.8,57.9,51.5,42.1,39.1,2022-01-01,Enero,2022-01,Enero
RF-28,Cuatro Vientos,2022,1,67.7,65.8,60.7,66.0,74.4,70.1,61.2,40.1,35.6,2022-01-01,Enero,2022-01,Enero
RF-24,Casa de Campo,2022,1,48.2,46.5,44.5,47.0,55.1,49.7,43.9,39.4,38.0,2022-01-01,Enero,2022-01,Enero
RF-20,Avenida de Moratalaz,2022,1,61.4,59.7,55.6,59.8,67.7,62.1,55.7,43.9,40.4,2022-01-01,Enero,2022-01,Enero
RF-13,Vallecas,2022,1,60.9,56.8,55.5,59.1,67.3,60.1,52.9,42.5,39.7,2022-01-01,Enero,2022-01,Enero
RF-29,El Pardo,2022,1,58.5,55.6,49.6,56.5,65.8,60.6,48.8,35.0,33.2,2022-01-01,Enero,2022-01,Enero
RF-30,Campo de las Naciones,2022,1,60.7,58.4,52.4,58.8,65.9,60.9,55.8,45.4,42.5,2022-01-01,Enero,2022-01,Enero
RF-02,Carlos V,2022,1,69.4,68.9,65.7,68.4,74.5,70.0,66.4,59.9,55.0,2022-01-01,Enero,2022-01,Enero
RF-29,El Pardo,2022,2,57.3,56.3,50.0,55.7,64.9,60.0,49.4,35.1,33.3,2022-02-01,Febrero,2022-02,Febrero
RF-03,Plaza del Carmen,2022,2,62.2,62.4,60.0,61.6,70.0,64.1,58.3,49.8,45.3,2022-02-01,Febrero,2022-02,Febrero
RF-10,Cuatro Caminos,2022,2,65.3,64.5,58.8,63.8,72.0,67.0,59.6,50.8,48.7,2022-02-01,Febrero,2022-02,Febrero
RF-28,Cuatro Vientos,2022,2,68.2,65.9,60.2,66.3,74.5,70.1,61.7,40.8,35.4,2022-02-01,Febrero,2022-02,Febrero
RF-27,Barajas Pueblo,2022,2,60.2,58.2,54.7,58.7,68.4,62.3,52.8,42.4,36.3,2022-02-01,Febrero,2022-02,Febrero
RF-19,Alto de Extremadura,2022,2,60.7,59.5,53.1,59.1,67.1,61.7,55.1,43.5,37.4,2022-02-01,Febrero,2022-02,Febrero
RF-31,Sanchinarro,2022,2,63.1,62.5,52.8,61.4,71.7,66.2,53.4,43.0,39.8,2022-02-01,Febrero,2022-02,Febrero
RF-20,Avenida de Moratalaz,2022,2,60.4,60.1,53.1,58.9,66.8,61.8,55.9,44.2,40.2,2022-02-01,Febrero,2022-02,Febrero
RF-01,Paseo de Recoletos,2022,2,65.1,63.4,60.7,63.8,71.3,66.3,60.4,52.2,46.7,2022-02-01,Febrero,2022-02,Febrero
RF-14,Plaza Elíptica,2022,2,64.4,64.5,59.1,63.2,70.0,64.8,60.7,52.6,46.6,2022-02-01,Febrero,2022-02,Febrero
RF-55,Urb Embajada 2,2022,2,59.2,55.1,50.9,57.1,65.7,59.0,51.9,44.5,41.6,2022-02-01,Febrero,2022-02,Febrero
RF-05,Barrio del Pilar,2022,2,61.1,60.1,52.3,59.5,66.9,62.5,57.3,43.2,38.0,2022-02-01,Febrero,2022-02,Febrero
RF-18,General Ricardos ubicación antigua,2022,2,56.2,56.6,47.0,54.8,65.2,56.6,49.1,40.8,39.3,2022-02-01,Febrero,2022-02,Febrero
RF-50,Plaza de Castilla,2022,2,66.0,65.4,60.4,64.6,70.6,66.5,62.7,53.8,47.8,2022-02-01,Febrero,2022-02,Febrero
RF-17,Villaverde,2022,2,57.9,57.0,49.5,56.3,65.2,58.5,52.3,41.3,38.0,2022-02-01,Febrero,2022-02,Febrero
RF-26,Embajada,2022,2,62.2,60.6,57.0,60.8,68.6,64.6,58.0,50.0,43.4,2022-02-01,Febrero,2022-02,Febrero
RF-24,Casa de Campo,2022,2,48.0,45.0,42.9,46.3,54.6,49.5,43.2,38.9,37.6,2022-02-01,Febrero,2022-02,Febrero
RF-30,Campo de las Naciones,2022,2,62.2,58.1,52.2,60.0,67.2,61.5,56.0,45.3,42.5,2022-02-01,Febrero,2022-02,Febrero
RF-02,Carlos V,2022,2,69.4,68.8,65.9,68.3,74.5,70.0,66.6,60.1,55.0,2022-02-01,Febrero,2022-02,Febrero
RF-13,Vallecas,2022,2,59.6,57.3,51.1,57.7,66.3,60.1,53.5,41.4,38.2,2022-02-01,Febrero,2022-02,Febrero
RF-12,Manuel Becerra,2022,2,63.4,63.2,57.3,62.1,70.0,63.9,59.7,50.9,44.0,2022-02-01,Febrero,2022-02,Febrero
RF-06,Gregorio Marañón,2022,2,69.4,68.7,64.6,68.2,75.8,71.1,65.0,56.2,49.4,2022-02-01,Febrero,2022-02,Febrero
RF-16,Arturo Soria,2022,2,57.9,56.4,50.5,56.2,64.2,58.5,52.7,40.0,36.2,2022-02-01,Febrero,2022-02,Febrero
RF-86,Tres Olivos,2022,2,57.0,54.8,49.7,55.2,64.6,58.3,49.8,39.0,37.2,2022-02-01,Febrero,2022-02,Febrero
RF-25,Santa Eugenia,2022,2,68.8,67.8,63.8,67.5,71.4,69.7,67.4,59.5,50.9,2022-02-01,Febrero,2022-02,Febrero
RF-47,Mendez Álvaro,2022,2,56.7,55.6,49.5,55.1,66.2,55.5,48.3,39.7,36.6,2022-02-01,Febrero,2022-02,Febrero
RF-14,Plaza Elíptica,2022,3,64.4,63.3,59.0,63.0,69.7,65.0,61.1,53.2,47.3,2022-03-01,Marzo,2022-03,Marzo
RF-20,Avenida de Moratalaz,2022,3,63.0,60.5,57.2,61.4,69.2,62.8,56.6,45.6,41.0,2022-03-01,Marzo,2022-03,Marzo
RF-18,General Ricardos ubicación antigua,2022,3,58.0,56.6,48.6,56.2,65.7,57.1,49.8,40.7,38.5,2022-03-01,Marzo,2022-03,Marzo
RF-50,Plaza de Castilla,2022,3,69.9,66.0,61.5,67.7,72.2,67.6,63.2,54.6,48.9,2022-03-01,Marzo,2022-03,Marzo
RF-54,Ensanche de Vallecas,2022,3,61.9,61.3,54.6,60.4,65.4,61.3,57.3,54.3,52.3,2022-03-01,Marzo,2022-03,Marzo
RF-26,Embajada,2022,3,63.5,61.7,58.2,61.9,69.2,65.4,59.2,51.4,44.4,2022-03-01,Marzo,2022-03,Marzo
RF-11,Ramón y Cajal,2022,3,69.4,68.4,62.5,67.9,72.9,68.6,63.3,57.6,54.0,2022-03-01,Marzo,2022-03,Marzo
RF-29,El Pardo,2022,3,58.3,56.0,50.7,56.5,65.5,60.6,50.2,35.8,33.4,2022-03-01,Marzo,2022-03,Marzo
RF-30,Campo de las Naciones,2022,3,61.4,59.7,56.4,59.9,67.2,62.5,57.7,46.2,43.0,2022-03-01,Marzo,2022-03,Marzo
RF-25,Santa Eugenia,2022,3,70.3,69.6,65.3,69.0,72.7,71.0,68.6,60.6,51.9,2022-03-01,Marzo,2022-03,Marzo
RF-10,Cuatro Caminos,2022,3,65.8,64.4,59.4,64.2,72.7,67.7,60.1,49.7,47.2,2022-03-01,Marzo,2022-03,Marzo
RF-05,Barrio del Pilar,2022,3,66.1,61.0,53.8,63.7,67.8,63.5,57.8,44.4,38.6,2022-03-01,Marzo,2022-03,Marzo
RF-55,Urb Embajada 2,2022,3,60.4,55.5,51.6,58.1,66.7,59.2,52.6,45.2,42.2,2022-03-01,Marzo,2022-03,Marzo
RF-47,Mendez Álvaro,2022,3,61.7,55.2,49.8,59.2,66.2,55.4,48.8,39.8,36.8,2022-03-01,Marzo,2022-03,Marzo
RF-16,Arturo Soria,2022,3,62.3,58.1,52.8,60.1,66.2,60.3,54.3,41.0,36.6,2022-03-01,Marzo,2022-03,Marzo
RF-27,Barajas Pueblo,2022,3,61.2,59.1,55.0,59.6,68.9,62.9,53.2,42.3,36.5,2022-03-01,Marzo,2022-03,Marzo
RF-24,Casa de Campo,2022,3,48.4,46.5,42.8,46.9,54.4,49.4,44.3,39.1,37.7,2022-03-01,Marzo,2022-03,Marzo
RF-13,Vallecas,2022,3,63.5,57.2,50.7,60.9,66.8,60.8,53.9,41.7,38.6,2022-03-01,Marzo,2022-03,Marzo
RF-86,Tres Olivos,2022,3,58.5,55.5,51.5,56.6,65.6,59.2,51.2,40.1,37.3,2022-03-01,Marzo,2022-03,Marzo
RF-08,Escuelas Aguirre,2022,3,65.5,64.8,61.7,64.4,70.8,66.3,61.4,56.1,53.0,2022-03-01,Marzo,2022-03,Marzo
RF-02,Carlos V,2022,3,70.9,69.3,66.5,69.5,75.2,70.9,66.9,60.3,55.1,2022-03-01,Marzo,2022-03,Marzo
RF-12,Manuel Becerra,2022,3,63.7,63.1,58.1,62.4,70.2,64.3,60.1,51.5,44.3,2022-03-01,Marzo,2022-03,Marzo
RF-06,Gregorio Marañón,2022,3,70.9,69.7,65.8,69.4,76.8,72.2,65.7,57.5,51.4,2022-03-01,Marzo,2022-03,Marzo
RF-03,Plaza del Carmen,2022,3,61.4,63.8,59.2,61.4,69.7,63.6,57.6,50.4,45.7,2022-03-01,Marzo,2022-03,Marzo
RF-48,Castellana,2022,3,65.0,60.9,57.6,63.0,65.9,62.0,58.5,53.9,51.2,2022-03-01,Marzo,2022-03,Marzo
RF-28,Cuatro Vientos,2022,3,68.5,66.1,60.6,66.7,74.6,70.5,62.0,42.3,36.2,2022-03-01,Marzo,2022-03,Marzo
RF-19,Alto de Extremadura,2022,3,61.5,59.8,54.1,59.8,67.5,62.2,55.8,44.3,37.8,2022-03-01,Marzo,2022-03,Marzo
RF-01,Paseo de Recoletos,2022,3,67.2,65.9,62.5,65.8,72.0,67.7,61.3,53.5,48.0,2022-03-01,Marzo,2022-03,Marzo
RF-31,Sanchinarro,2022,3,65.0,63.3,53.7,63.0,72.8,66.9,53.9,43.3,40.0,2022-03-01,Marzo,2022-03,Marzo
RF-17,Villaverde,2022,3,59.8,58.6,49.1,58.0,65.9,58.9,52.5,41.5,37.7,2022-03-01,Marzo,2022-03,Marzo
RF-31,Sanchinarro,2022,4,63.2,63.2,53.2,61.7,71.6,65.7,53.0,43.7,40.3,2022-04-01,Abril,2022-04,Abril
RF-08,Escuelas Aguirre,2022,4,64.5,64.7,60.9,63.6,70.4,65.5,60.5,55.3,52.4,2022-04-01,Abril,2022-04,Abril
RF-06,Gregorio Marañón,2022,4,75.3,69.0,65.2,72.8,76.5,71.0,64.7,57.0,51.2,2022-04-01,Abril,2022-04,Abril
RF-54,Ensanche de Vallecas,2022,4,60.9,60.6,55.0,59.5,64.8,60.5,56.4,53.4,51.5,2022-04-01,Abril,2022-04,Abril
RF-02,Carlos V,2022,4,69.2,69.0,66.0,68.3,74.7,70.2,66.4,60.1,55.1,2022-04-01,Abril,2022-04,Abril
RF-13,Vallecas,2022,4,61.8,57.6,51.2,59.5,66.2,60.5,53.9,41.0,37.6,2022-04-01,Abril,2022-04,Abril
RF-25,Santa Eugenia,2022,4,68.8,68.5,64.3,67.7,71.5,69.7,67.3,60.1,51.5,2022-04-01,Abril,2022-04,Abril
RF-48,Castellana,2022,4,61.3,60.2,56.1,59.9,65.2,60.7,57.1,52.8,50.1,2022-04-01,Abril,2022-04,Abril
RF-47,Mendez Álvaro,2022,4,56.8,55.6,50.1,55.2,66.0,55.6,49.2,39.6,36.6,2022-04-01,Abril,2022-04,Abril
RF-05,Barrio del Pilar,2022,4,61.4,60.8,52.9,59.8,67.2,62.2,56.8,43.7,37.9,2022-04-01,Abril,2022-04,Abril
RF-29,El Pardo,2022,4,57.6,56.4,49.7,55.9,64.9,59.9,50.0,35.7,33.6,2022-04-01,Abril,2022-04,Abril
RF-30,Campo de las Naciones,2022,4,63.2,59.6,55.7,61.2,67.1,61.3,56.5,45.5,42.3,2022-04-01,Abril,2022-04,Abril
RF-50,Plaza de Castilla,2022,4,66.0,65.5,61.1,64.8,70.7,66.2,62.1,54.1,48.4,2022-04-01,Abril,2022-04,Abril
RF-24,Casa de Campo,2022,4,53.3,48.8,43.5,51.1,58.9,51.7,45.5,38.8,37.3,2022-04-01,Abril,2022-04,Abril
RF-01,Paseo de Recoletos,2022,4,65.1,64.7,60.7,64.0,71.3,66.2,60.1,52.4,47.1,2022-04-01,Abril,2022-04,Abril
RF-26,Embajada,2022,4,62.2,60.9,57.5,60.9,68.1,64.3,58.3,51.4,44.1,2022-04-01,Abril,2022-04,Abril
RF-17,Villaverde,2022,4,58.4,58.7,50.1,57.0,65.5,59.0,52.7,41.3,37.5,2022-04-01,Abril,2022-04,Abril
RF-10,Cuatro Caminos,2022,4,65.3,64.3,58.5,63.7,72.0,66.6,59.0,50.8,48.9,2022-04-01,Abril,2022-04,Abril
RF-18,General Ricardos ubicación antigua,2022,4,57.0,57.6,49.0,55.7,65.4,57.2,50.0,40.4,38.6,2022-04-01,Abril,2022-04,Abril
RF-16,Arturo Soria,2022,4,62.2,57.9,52.1,59.9,66.5,59.4,53.0,40.2,36.0,2022-04-01,Abril,2022-04,Abril
RF-11,Ramón y Cajal,2022,4,68.4,67.9,62.8,67.1,72.2,67.6,62.0,56.1,52.6,2022-04-01,Abril,2022-04,Abril
RF-86,Tres Olivos,2022,4,56.9,55.5,49.8,55.2,63.9,58.0,50.5,39.4,37.0,2022-04-01,Abril,2022-04,Abril
RF-03,Plaza del Carmen,2022,4,61.3,62.7,60.4,61.3,69.7,63.7,58.1,50.7,46.2,2022-04-01,Abril,2022-04,Abril
RF-04,Plaza de España,2022,4,65.9,63.2,58.6,64.1,69.6,62.5,58.8,55.8,53.8,2022-04-01,Abril,2022-04,Abril
RF-55,Urb Embajada 2,2022,4,60.5,55.5,50.9,58.2,65.0,58.0,51.6,44.9,42.2,2022-04-01,Abril,2022-04,Abril
RF-12,Manuel Becerra,2022,4,63.3,63.2,57.4,62.0,70.2,63.8,59.5,51.1,44.8,2022-04-01,Abril,2022-04,Abril
RF-27,Barajas Pueblo,2022,4,61.4,58.4,54.4,59.6,68.7,62.3,53.2,41.8,35.5,2022-04-01,Abril,2022-04,Abril
RF-28,Cuatro Vientos,2022,4,66.9,65.6,60.0,65.3,73.6,69.3,60.4,40.7,34.8,2022-04-01,Abril,2022-04,Abril
RF-14,Plaza Elíptica,2022,4,63.7,63.5,58.9,62.5,69.1,64.3,60.4,53.0,47.2,2022-04-01,Abril,2022-04,Abril
RF-19,Alto de Extremadura,2022,4,59.7,59.5,54.0,58.5,66.1,60.1,53.2,42.9,37.0,2022-04-01,Abril,2022-04,Abril
RF-20,Avenida de Moratalaz,2022,4,61.4,60.5,57.8,60.4,68.2,62.1,56.0,44.6,39.8,2022-04-01,Abril,2022-04,Abril
RF-26,Embajada,2022,5,61.0,59.7,56.6,59.7,67.0,63.2,57.5,51.1,44.0,2022-05-01,Mayo,2022-05,Mayo
RF-10,Cuatro Caminos,2022,5,64.5,63.9,58.6,63.1,71.4,66.1,58.7,50.6,48.5,2022-05-01,Mayo,2022-05,Mayo
RF-16,Arturo Soria,2022,5,59.1,56.4,51.0,57.2,65.3,58.0,51.9,39.9,35.3,2022-05-01,Mayo,2022-05,Mayo
RF-48,Castellana,2022,5,59.8,59.4,55.0,58.6,64.5,59.7,56.3,52.4,49.9,2022-05-01,Mayo,2022-05,Mayo
RF-55,Urb Embajada 2,2022,5,58.4,54.3,50.7,56.3,63.6,57.1,51.0,45.5,42.6,2022-05-01,Mayo,2022-05,Mayo
RF-03,Plaza del Carmen,2022,5,62.5,64.2,61.3,62.5,70.1,64.0,58.7,51.6,46.9,2022-05-01,Mayo,2022-05,Mayo
RF-05,Barrio del Pilar,2022,5,60.5,61.1,53.2,59.3,66.5,61.9,56.8,44.5,38.3,2022-05-01,Mayo,2022-05,Mayo
RF-47,Mendez Álvaro,2022,5,56.3,56.3,51.1,55.2,66.3,55.8,50.5,40.7,36.8,2022-05-01,Mayo,2022-05,Mayo
RF-29,El Pardo,2022,5,57.2,57.9,50.4,56.1,65.0,59.1,50.7,37.2,34.1,2022-05-01,Mayo,2022-05,Mayo
RF-30,Campo de las Naciones,2022,5,60.7,58.9,54.3,59.1,66.1,60.4,56.2,45.1,42.1,2022-05-01,Mayo,2022-05,Mayo
RF-50,Plaza de Castilla,2022,5,65.3,65.0,60.9,64.2,70.5,65.7,61.9,54.2,49.7,2022-05-01,Mayo,2022-05,Mayo
RF-12,Manuel Becerra,2022,5,64.1,63.3,58.5,62.8,71.1,63.8,59.5,51.2,45.6,2022-05-01,Mayo,2022-05,Mayo
RF-04,Plaza de España,2022,5,62.6,63.6,59.3,61.9,69.6,61.9,58.3,55.5,53.6,2022-05-01,Mayo,2022-05,Mayo
RF-24,Casa de Campo,2022,5,49.5,47.8,42.9,47.9,55.5,50.5,44.7,38.6,37.1,2022-05-01,Mayo,2022-05,Mayo
RF-18,General Ricardos ubicación antigua,2022,5,58.4,61.4,57.2,58.7,66.8,58.0,50.8,42.2,39.3,2022-05-01,Mayo,2022-05,Mayo
RF-01,Paseo de Recoletos,2022,5,63.9,63.9,62.8,63.6,70.8,65.2,59.9,52.3,46.6,2022-05-01,Mayo,2022-05,Mayo
RF-86,Tres Olivos,2022,5,56.9,56.0,55.8,56.4,64.2,58.3,51.1,40.2,36.6,2022-05-01,Mayo,2022-05,Mayo
RF-28,Cuatro Vientos,2022,5,66.4,64.9,59.4,64.7,73.1,68.7,60.2,40.3,34.2,2022-05-01,Mayo,2022-05,Mayo
RF-17,Villaverde,2022,5,59.0,62.1,52.9,58.7,67.4,60.4,53.8,43.2,37.0,2022-05-01,Mayo,2022-05,Mayo
RF-02,Carlos V,2022,5,69.0,68.7,66.5,68.3,75.4,69.6,66.0,59.7,54.5,2022-05-01,Mayo,2022-05,Mayo
RF-19,Alto de Extremadura,2022,5,61.0,60.3,53.6,59.5,68.1,61.8,55.0,43.5,36.8,2022-05-01,Mayo,2022-05,Mayo
RF-14,Plaza Elíptica,2022,5,63.8,63.4,58.8,62.6,69.8,64.4,60.3,52.7,46.8,2022-05-01,Mayo,2022-05,Mayo
RF-54,Ensanche de Vallecas,2022,5,60.2,60.1,54.2,59.0,64.3,60.1,56.4,53.6,51.8,2022-05-01,Mayo,2022-05,Mayo
RF-11,Ramón y Cajal,2022,5,68.4,67.7,61.9,66.9,72.2,67.2,61.8,56.4,53.1,2022-05-01,Mayo,2022-05,Mayo
RF-25,Santa Eugenia,2022,5,67.4,67.5,63.5,66.4,70.3,68.5,66.3,59.7,51.4,2022-05-01,Mayo,2022-05,Mayo
RF-13,Vallecas,2022,5,60.7,58.7,51.6,58.8,66.4,60.4,54.0,42.5,37.6,2022-05-01,Mayo,2022-05,Mayo
RF-08,Escuelas Aguirre,2022,5,64.4,64.6,60.3,63.5,70.5,65.2,60.2,55.5,52.9,2022-05-01,Mayo,2022-05,Mayo
RF-20,Avenida de Moratalaz,2022,5,63.4,59.8,61.8,62.5,68.2,61.9,56.3,45.0,39.8,2022-05-01,Mayo,2022-05,Mayo
RF-31,Sanchinarro,2022,5,61.8,62.0,52.4,60.4,70.5,65.1,52.2,42.7,39.1,2022-05-01,Mayo,2022-05,Mayo
RF-06,Gregorio Marañón,2022,5,69.0,68.6,65.4,68.0,75.8,70.4,64.4,56.2,49.9,2022-05-01,Mayo,2022-05,Mayo
RF-27,Barajas Pueblo,2022,5,62.4,58.3,54.3,60.3,69.7,62.6,53.4,43.1,36.1,2022-05-01,Mayo,2022-05,Mayo
RF-24,Casa de Campo,2022,6,50.7,48.4,43.4,48.9,55.0,50.5,45.5,39.2,37.0,2022-06-01,Junio,2022-06,Junio
RF-13,Vallecas,2022,6,60.7,57.9,51.2,58.7,66.5,61.0,54.5,43.0,36.5,2022-06-01,Junio,2022-06,Junio
RF-28,Cuatro Vientos,2022,6,66.6,65.1,59.4,64.9,73.3,68.8,61.0,42.4,35.6,2022-06-01,Junio,2022-06,Junio
RF-01,Paseo de Recoletos,2022,6,63.5,63.8,60.8,62.9,69.9,64.8,60.0,52.8,47.2,2022-06-01,Junio,2022-06,Junio
RF-86,Tres Olivos,2022,6,56.4,55.8,50.9,55.1,64.1,58.1,50.9,41.9,36.6,2022-06-01,Junio,2022-06,Junio
RF-08,Escuelas Aguirre,2022,6,64.2,65.7,61.4,63.7,70.3,65.2,60.6,56.6,54.5,2022-06-01,Junio,2022-06,Junio
RF-26,Embajada,2022,6,61.0,59.8,56.6,59.8,66.7,63.1,57.6,51.8,45.3,2022-06-01,Junio,2022-06,Junio
RF-14,Plaza Elíptica,2022,6,64.4,64.3,59.2,63.2,70.8,64.6,60.8,53.6,47.8,2022-06-01,Junio,2022-06,Junio
RF-18,General Ricardos ubicación antigua,2022,6,56.8,57.6,48.9,55.5,65.4,57.2,50.2,42.4,39.3,2022-06-01,Junio,2022-06,Junio
RF-03,Plaza del Carmen,2022,6,62.5,64.8,60.6,62.5,69.8,64.1,58.9,52.5,48.6,2022-06-01,Junio,2022-06,Junio
RF-11,Ramón y Cajal,2022,6,68.1,67.9,61.2,66.6,71.9,67.0,61.6,56.3,53.1,2022-06-01,Junio,2022-06,Junio
RF-17,Villaverde,2022,6,59.5,63.0,55.4,59.6,68.9,61.9,54.9,45.7,38.9,2022-06-01,Junio,2022-06,Junio
RF-10,Cuatro Caminos,2022,6,64.8,63.8,58.5,63.3,71.3,66.2,58.8,50.5,48.1,2022-06-01,Junio,2022-06,Junio
RF-27,Barajas Pueblo,2022,6,59.7,57.9,54.2,58.2,67.7,61.2,52.5,43.4,35.9,2022-06-01,Junio,2022-06,Junio
RF-50,Plaza de Castilla,2022,6,65.6,65.2,60.7,64.4,71.0,65.8,62.2,54.8,50.4,2022-06-01,Junio,2022-06,Junio
RF-02,Carlos V,2022,6,70.1,68.7,65.9,68.8,76.0,69.5,65.9,59.9,54.8,2022-06-01,Junio,2022-06,Junio
RF-55,Urb Embajada 2,2022,6,56.3,54.2,49.8,54.6,62.6,56.5,50.9,45.6,42.5,2022-06-01,Junio,2022-06,Junio
RF-06,Gregorio Marañón,2022,6,69.0,68.5,64.5,67.8,75.8,70.1,64.1,56.2,49.6,2022-06-01,Junio,2022-06,Junio
RF-16,Arturo Soria,2022,6,57.2,56.9,50.5,55.8,63.6,57.8,52.4,40.2,35.2,2022-06-01,Junio,2022-06,Junio
RF-20,Avenida de Moratalaz,2022,6,60.9,59.8,53.5,59.3,67.2,61.2,55.8,46.3,38.9,2022-06-01,Junio,2022-06,Junio
RF-05,Barrio del Pilar,2022,6,60.3,61.6,52.9,59.3,66.4,62.1,57.1,44.7,38.1,2022-06-01,Junio,2022-06,Junio
RF-19,Alto de Extremadura,2022,6,62.2,59.7,53.4,60.3,68.9,62.1,55.0,43.5,36.8,2022-06-01,Junio,2022-06,Junio
RF-31,Sanchinarro,2022,6,67.3,61.9,52.2,64.7,71.7,65.8,52.7,43.5,39.4,2022-06-01,Junio,2022-06,Junio
RF-48,Castellana,2022,6,60.0,59.6,55.4,58.8,64.7,59.7,56.3,52.8,50.7,2022-06-01,Junio,2022-06,Junio
RF-25,Santa Eugenia,2022,6,67.1,66.7,63.2,66.1,70.3,68.1,66.0,59.7,51.8,2022-06-01,Junio,2022-06,Junio
RF-29,El Pardo,2022,6,58.1,56.7,51.8,56.5,65.4,59.6,51.6,37.7,33.8,2022-06-01,Junio,2022-06,Junio
RF-12,Manuel Becerra,2022,6,63.5,63.6,58.0,62.3,70.3,63.7,59.5,51.1,44.2,2022-06-01,Junio,2022-06,Junio
RF-04,Plaza de España,2022,6,64.0,68.7,59.3,64.4,69.9,62.5,58.7,55.9,53.9,2022-06-01,Junio,2022-06,Junio
RF-30,Campo de las Naciones,2022,6,59.6,59.5,54.8,58.5,66.2,60.7,56.2,44.8,41.5,2022-06-01,Junio,2022-06,Junio
RF-47,Mendez Álvaro,2022,6,55.6,55.8,51.1,54.6,65.7,55.2,50.9,41.1,36.4,2022-06-01,Junio,2022-06,Junio
RF-54,Ensanche de Vallecas,2022,6,60.5,59.6,54.8,59.0,64.3,60.0,56.5,53.6,51.9,2022-06-01,Junio,2022-06,Junio
RF-86,Tres Olivos,2022,7,55.9,54.9,50.1,54.5,64.3,57.3,49.4,44.0,38.8,2022-07-01,Julio,2022-07,Julio
RF-04,Plaza de España,2022,7,65.6,78.7,72.2,72.9,70.3,63.1,59.2,56.3,54.3,2022-07-01,Julio,2022-07,Julio
RF-31,Sanchinarro,2022,7,63.3,61.3,52.2,61.3,71.4,64.1,51.5,44.5,39.8,2022-07-01,Julio,2022-07,Julio
RF-10,Cuatro Caminos,2022,7,63.8,63.0,58.4,62.4,71.0,65.4,57.5,50.2,47.5,2022-07-01,Julio,2022-07,Julio
RF-17,Villaverde,2022,7,58.3,61.5,54.7,58.3,67.1,60.7,54.1,46.9,41.6,2022-07-01,Julio,2022-07,Julio
RF-50,Plaza de Castilla,2022,7,65.1,65.0,61.0,64.1,71.1,65.7,61.7,54.6,50.4,2022-07-01,Julio,2022-07,Julio
RF-47,Mendez Álvaro,2022,7,55.4,55.0,50.9,54.2,65.7,53.6,49.0,41.7,37.2,2022-07-01,Julio,2022-07,Julio
RF-05,Barrio del Pilar,2022,7,60.0,61.7,54.2,59.2,66.3,61.8,56.7,46.8,40.4,2022-07-01,Julio,2022-07,Julio
RF-29,El Pardo,2022,7,56.9,56.0,51.7,55.6,64.5,59.0,51.0,38.8,34.4,2022-07-01,Julio,2022-07,Julio
RF-54,Ensanche de Vallecas,2022,7,59.3,59.0,54.9,58.2,63.8,59.5,56.1,53.6,52.0,2022-07-01,Julio,2022-07,Julio
RF-12,Manuel Becerra,2022,7,63.1,63.3,58.5,62.1,70.0,63.2,58.8,50.7,43.5,2022-07-01,Julio,2022-07,Julio
RF-13,Vallecas,2022,7,59.9,57.2,51.5,57.9,65.8,60.1,53.6,45.2,38.3,2022-07-01,Julio,2022-07,Julio
RF-24,Casa de Campo,2022,7,49.0,48.1,44.6,47.7,54.7,49.9,45.8,41.6,38.8,2022-07-01,Julio,2022-07,Julio
RF-02,Carlos V,2022,7,68.8,76.1,66.4,70.8,75.8,69.9,65.6,59.9,54.9,2022-07-01,Julio,2022-07,Julio
RF-20,Avenida de Moratalaz,2022,7,59.8,60.3,53.9,58.7,67.1,60.6,54.6,45.2,39.6,2022-07-01,Julio,2022-07,Julio
RF-27,Barajas Pueblo,2022,7,59.2,57.5,54.1,57.7,67.1,60.6,52.6,45.7,37.7,2022-07-01,Julio,2022-07,Julio
RF-01,Paseo de Recoletos,2022,7,63.9,64.9,66.8,65.3,71.9,65.5,59.9,53.0,47.8,2022-07-01,Julio,2022-07,Julio
RF-25,Santa Eugenia,2022,7,67.6,67.1,63.8,66.6,71.0,68.6,66.3,60.3,52.7,2022-07-01,Julio,2022-07,Julio
RF-48,Castellana,2022,7,58.9,58.2,54.9,57.8,63.4,59.0,55.8,52.3,50.2,2022-07-01,Julio,2022-07,Julio
RF-30,Campo de las Naciones,2022,7,58.8,58.5,53.6,57.6,64.8,60.1,56.0,45.2,41.0,2022-07-01,Julio,2022-07,Julio
RF-28,Cuatro Vientos,2022,7,65.8,64.8,58.7,64.3,72.8,67.9,60.1,42.2,35.5,2022-07-01,Julio,2022-07,Julio
RF-03,Plaza del Carmen,2022,7,61.6,63.3,61.2,61.8,69.8,63.7,58.3,53.1,49.8,2022-07-01,Julio,2022-07,Julio
RF-14,Plaza Elíptica,2022,7,63.1,63.6,60.1,62.4,69.1,64.1,60.5,54.3,48.7,2022-07-01,Julio,2022-07,Julio
RF-18,General Ricardos ubicación antigua,2022,7,57.1,57.2,50.1,55.8,65.5,57.5,50.3,44.4,41.1,2022-07-01,Julio,2022-07,Julio
RF-06,Gregorio Marañón,2022,7,68.4,67.6,64.5,67.3,75.3,69.7,63.5,55.9,49.6,2022-07-01,Julio,2022-07,Julio
RF-55,Urb Embajada 2,2022,7,55.8,54.2,50.1,54.3,62.0,56.6,51.1,46.7,43.2,2022-07-01,Julio,2022-07,Julio
RF-08,Escuelas Aguirre,2022,7,63.6,64.4,61.3,63.1,69.8,64.9,60.6,57.2,55.4,2022-07-01,Julio,2022-07,Julio
RF-26,Embajada,2022,7,60.6,59.7,56.9,59.5,66.7,62.6,57.8,52.5,46.2,2022-07-01,Julio,2022-07,Julio
RF-11,Ramón y Cajal,2022,7,68.2,67.6,62.3,66.8,73.5,68.9,63.2,51.1,44.9,2022-07-01,Julio,2022-07,Julio
RF-19,Alto de Extremadura,2022,7,60.5,60.2,53.5,59.1,68.5,60.9,53.4,44.0,38.8,2022-07-01,Julio,2022-07,Julio
RF-55,Urb Embajada 2,2022,8,54.9,53.8,49.0,53.5,62.5,56.3,49.3,43.9,39.6,2022-08-01,Agosto,2022-08,Agosto
RF-50,Plaza de Castilla,2022,8,64.2,64.3,60.1,63.2,70.1,65.0,60.5,53.4,49.6,2022-08-01,Agosto,2022-08,Agosto
RF-54,Ensanche de Vallecas,2022,8,58.7,59.0,53.7,57.7,65.3,60.5,54.9,49.3,48.2,2022-08-01,Agosto,2022-08,Agosto
RF-12,Manuel Becerra,2022,8,62.2,63.0,56.7,61.2,69.1,62.4,57.9,48.7,40.8,2022-08-01,Agosto,2022-08,Agosto
RF-47,Mendez Álvaro,2022,8,55.5,55.4,50.3,54.3,66.4,52.1,47.1,40.8,36.9,2022-08-01,Agosto,2022-08,Agosto
RF-13,Vallecas,2022,8,60.8,56.2,52.0,58.7,66.5,60.6,52.5,43.1,38.9,2022-08-01,Agosto,2022-08,Agosto
RF-28,Cuatro Vientos,2022,8,64.9,61.7,56.9,62.9,71.8,65.0,56.3,40.4,33.8,2022-08-01,Agosto,2022-08,Agosto
RF-11,Ramón y Cajal,2022,8,67.3,66.6,60.7,65.8,73.4,68.5,61.2,46.9,41.4,2022-08-01,Agosto,2022-08,Agosto
RF-05,Barrio del Pilar,2022,8,60.5,62.2,54.0,59.7,67.2,62.2,56.3,44.8,38.4,2022-08-01,Agosto,2022-08,Agosto
RF-14,Plaza Elíptica,2022,8,62.7,63.2,59.0,61.9,69.0,63.5,59.7,52.9,46.6,2022-08-01,Agosto,2022-08,Agosto
RF-20,Avenida de Moratalaz,2022,8,59.4,60.0,54.3,58.4,66.9,60.2,53.8,44.0,39.0,2022-08-01,Agosto,2022-08,Agosto
RF-27,Barajas Pueblo,2022,8,60.5,57.8,55.2,58.9,68.5,61.4,51.4,44.1,37.0,2022-08-01,Agosto,2022-08,Agosto
RF-08,Escuelas Aguirre,2022,8,64.3,64.2,61.0,63.5,71.4,65.9,60.7,55.8,54.0,2022-08-01,Agosto,2022-08,Agosto
RF-25,Santa Eugenia,2022,8,67.4,66.8,63.2,66.3,70.7,68.4,66.1,59.2,50.7,2022-08-01,Agosto,2022-08,Agosto
RF-19,Alto de Extremadura,2022,8,59.3,58.6,53.1,57.9,67.7,60.1,51.9,41.3,35.4,2022-08-01,Agosto,2022-08,Agosto
RF-48,Castellana,2022,8,57.9,56.4,52.8,56.5,63.2,58.4,54.6,47.5,43.0,2022-08-01,Agosto,2022-08,Agosto
RF-30,Campo de las Naciones,2022,8,58.0,58.4,52.3,56.9,64.4,59.5,55.5,43.7,40.1,2022-08-01,Agosto,2022-08,Agosto
RF-29,El Pardo,2022,8,57.3,55.2,50.7,55.5,65.1,58.5,47.4,35.1,29.7,2022-08-01,Agosto,2022-08,Agosto
RF-31,Sanchinarro,2022,8,61.0,61.3,51.7,59.6,71.4,62.3,49.8,42.8,39.6,2022-08-01,Agosto,2022-08,Agosto
RF-02,Carlos V,2022,8,68.0,67.8,64.7,67.1,74.2,68.8,64.9,58.9,53.6,2022-08-01,Agosto,2022-08,Agosto
RF-18,General Ricardos ubicación antigua,2022,8,59.1,56.4,50.1,57.1,68.0,58.7,49.1,42.7,40.8,2022-08-01,Agosto,2022-08,Agosto
RF-06,Gregorio Marañón,2022,8,67.1,66.5,62.7,65.9,74.2,68.7,62.4,53.8,47.1,2022-08-01,Agosto,2022-08,Agosto
RF-01,Paseo de Recoletos,2022,8,63.6,62.3,59.1,62.3,69.9,64.6,58.3,50.6,44.5,2022-08-01,Agosto,2022-08,Agosto
RF-86,Tres Olivos,2022,8,54.6,53.3,49.3,53.1,63.3,55.5,44.4,37.0,34.7,2022-08-01,Agosto,2022-08,Agosto
RF-17,Villaverde,2022,8,56.4,61.7,53.4,57.3,67.0,59.8,51.6,44.1,41.3,2022-08-01,Agosto,2022-08,Agosto
RF-03,Plaza del Carmen,2022,8,61.3,61.4,59.0,60.7,69.3,62.7,57.0,51.8,48.5,2022-08-01,Agosto,2022-08,Agosto
RF-24,Casa de Campo,2022,8,48.6,48.2,43.4,47.4,54.7,49.9,44.7,41.5,40.9,2022-08-01,Agosto,2022-08,Agosto
RF-10,Cuatro Caminos,2022,8,63.8,61.6,56.6,62.1,71.0,63.9,55.6,46.8,43.6,2022-08-01,Agosto,2022-08,Agosto
RF-04,Plaza de España,2022,8,61.3,63.3,59.4,61.2,69.4,62.7,58.5,52.9,47.8,2022-08-01,Agosto,2022-08,Agosto
RF-26,Embajada,2022,8,60.2,59.1,56.5,59.1,66.7,62.2,57.2,51.7,44.4,2022-08-01,Agosto,2022-08,Agosto
RF-19,Alto de Extremadura,2022,9,60.8,59.4,53.4,59.1,68.4,61.3,54.0,42.7,36.3,2022-09-01,Septiembre,2022-09,Septiembre
RF-26,Embajada,2022,9,61.9,60.5,57.4,60.6,67.7,63.8,58.6,52.4,44.8,2022-09-01,Septiembre,2022-09,Septiembre
RF-29,El Pardo,2022,9,57.9,56.0,59.0,58.1,65.4,59.7,49.9,36.8,31.1,2022-09-01,Septiembre,2022-09,Septiembre
RF-06,Gregorio Marañón,2022,9,69.2,68.5,64.8,68.0,76.2,70.7,64.5,56.4,49.9,2022-09-01,Septiembre,2022-09,Septiembre
RF-10,Cuatro Caminos,2022,9,73.1,63.4,59.2,70.3,76.3,67.9,58.8,47.9,44.2,2022-09-01,Septiembre,2022-09,Septiembre
RF-25,Santa Eugenia,2022,9,68.3,67.6,63.7,67.1,71.5,69.2,66.9,59.5,51.4,2022-09-01,Septiembre,2022-09,Septiembre
RF-31,Sanchinarro,2022,9,63.1,62.8,54.4,61.6,72.6,65.3,52.5,43.1,40.3,2022-09-01,Septiembre,2022-09,Septiembre
RF-20,Avenida de Moratalaz,2022,9,61.2,61.1,53.9,59.8,68.1,61.9,55.2,44.0,38.2,2022-09-01,Septiembre,2022-09,Septiembre
RF-11,Ramón y Cajal,2022,9,69.5,68.9,63.9,68.2,75.2,70.6,65.5,50.6,42.5,2022-09-01,Septiembre,2022-09,Septiembre
RF-86,Tres Olivos,2022,9,59.8,54.8,49.6,57.4,64.9,57.6,48.3,37.1,34.5,2022-09-01,Septiembre,2022-09,Septiembre
RF-55,Urb Embajada 2,2022,9,56.4,54.6,51.9,55.1,63.9,57.2,50.1,43.0,38.4,2022-09-01,Septiembre,2022-09,Septiembre
RF-02,Carlos V,2022,9,69.2,68.8,65.7,68.2,75.4,69.9,66.3,60.2,55.0,2022-09-01,Septiembre,2022-09,Septiembre
RF-13,Vallecas,2022,9,61.1,56.3,51.8,58.8,66.9,60.7,53.6,42.0,38.6,2022-09-01,Septiembre,2022-09,Septiembre
RF-27,Barajas Pueblo,2022,9,61.0,58.9,55.9,59.5,69.4,62.9,53.0,44.3,39.0,2022-09-01,Septiembre,2022-09,Septiembre
RF-01,Paseo de Recoletos,2022,9,63.9,63.7,60.6,63.1,70.6,65.5,60.2,52.9,47.4,2022-09-01,Septiembre,2022-09,Septiembre
RF-18,General Ricardos ubicación antigua,2022,9,57.7,58.4,49.4,56.4,66.1,58.0,49.9,41.6,40.4,2022-09-01,Septiembre,2022-09,Septiembre
RF-54,Ensanche de Vallecas,2022,9,60.6,60.3,56.8,59.6,66.5,62.3,56.7,48.1,47.2,2022-09-01,Septiembre,2022-09,Septiembre
RF-12,Manuel Becerra,2022,9,63.5,64.6,61.7,63.2,71.7,64.3,59.5,51.3,44.2,2022-09-01,Septiembre,2022-09,Septiembre
RF-50,Plaza de Castilla,2022,9,66.2,65.2,61.3,64.9,71.6,66.2,62.3,54.4,49.4,2022-09-01,Septiembre,2022-09,Septiembre
RF-03,Plaza del Carmen,2022,9,63.0,63.1,60.2,62.3,71.3,64.4,58.3,51.5,47.8,2022-09-01,Septiembre,2022-09,Septiembre
RF-47,Mendez Álvaro,2022,9,63.8,56.5,51.0,61.2,68.9,55.7,48.6,40.5,37.2,2022-09-01,Septiembre,2022-09,Septiembre
RF-24,Casa de Campo,2022,9,49.3,48.3,45.6,48.2,55.7,50.1,44.8,42.0,41.5,2022-09-01,Septiembre,2022-09,Septiembre
RF-28,Cuatro Vientos,2022,9,63.7,61.7,55.5,61.8,70.8,65.0,56.7,39.8,33.3,2022-09-01,Septiembre,2022-09,Septiembre
RF-08,Escuelas Aguirre,2022,9,66.1,65.6,62.2,65.1,73.0,67.7,62.3,56.0,51.3,2022-09-01,Septiembre,2022-09,Septiembre
RF-17,Villaverde,2022,9,64.4,60.0,51.1,62.1,69.9,60.2,52.4,43.6,40.8,2022-09-01,Septiembre,2022-09,Septiembre
RF-48,Castellana,2022,9,60.5,58.9,55.0,59.0,65.9,60.8,56.7,49.7,44.4,2022-09-01,Septiembre,2022-09,Septiembre
RF-04,Plaza de España,2022,9,62.5,63.9,59.6,62.0,71.1,63.2,59.2,53.9,49.0,2022-09-01,Septiembre,2022-09,Septiembre
RF-30,Campo de las Naciones,2022,9,60.0,59.3,52.4,58.5,65.9,61.1,56.9,43.2,38.9,2022-09-01,Septiembre,2022-09,Septiembre
RF-14,Plaza Elíptica,2022,9,63.3,63.5,58.8,62.3,69.3,63.9,60.2,53.3,47.4,2022-09-01,Septiembre,2022-09,Septiembre
RF-16,Arturo Soria,2022,9,60.1,59.1,53.6,58.6,66.5,60.4,54.1,40.9,35.7,2022-09-01,Septiembre,2022-09,Septiembre
RF-05,Barrio del Pilar,2022,9,61.2,62.7,54.0,60.2,67.9,62.9,57.3,44.2,38.0,2022-09-01,Septiembre,2022-09,Septiembre
RF-31,Sanchinarro,2022,10,63.7,63.2,53.1,62.0,73.1,65.8,53.0,42.9,40.0,2022-10-01,Octubre,2022-10,Octubre
RF-08,Escuelas Aguirre,2022,10,66.3,66.3,62.8,65.4,73.4,68.1,62.4,54.8,45.9,2022-10-01,Octubre,2022-10,Octubre
RF-11,Ramón y Cajal,2022,10,69.6,69.9,63.5,68.4,75.1,70.8,65.7,50.6,42.7,2022-10-01,Octubre,2022-10,Octubre
RF-02,Carlos V,2022,10,68.5,68.6,66.1,67.9,75.9,69.1,65.1,59.9,55.4,2022-10-01,Octubre,2022-10,Octubre
RF-48,Castellana,2022,10,60.6,59.4,55.6,59.3,66.0,60.9,57.0,49.8,44.2,2022-10-01,Octubre,2022-10,Octubre
RF-12,Manuel Becerra,2022,10,63.6,63.8,57.7,62.4,71.1,63.8,59.0,49.8,42.7,2022-10-01,Octubre,2022-10,Octubre
RF-06,Gregorio Marañón,2022,10,69.5,69.1,65.5,68.5,76.5,71.1,64.8,57.1,50.3,2022-10-01,Octubre,2022-10,Octubre
RF-19,Alto de Extremadura,2022,10,59.9,59.6,53.6,58.6,67.7,61.2,54.0,42.9,36.9,2022-10-01,Octubre,2022-10,Octubre
RF-03,Plaza del Carmen,2022,10,63.1,63.4,59.8,62.3,71.2,64.5,58.2,50.6,46.4,2022-10-01,Octubre,2022-10,Octubre
RF-28,Cuatro Vientos,2022,10,63.6,61.9,55.6,61.8,70.7,65.4,57.0,39.8,34.4,2022-10-01,Octubre,2022-10,Octubre
RF-14,Plaza Elíptica,2022,10,63.5,63.3,59.1,62.4,69.1,63.8,60.3,53.3,47.6,2022-10-01,Octubre,2022-10,Octubre
RF-55,Urb Embajada 2,2022,10,59.7,54.6,53.7,57.7,64.9,57.6,50.5,43.6,39.3,2022-10-01,Octubre,2022-10,Octubre
RF-04,Plaza de España,2022,10,63.1,66.9,59.9,63.3,72.5,64.9,59.8,54.1,49.6,2022-10-01,Octubre,2022-10,Octubre
RF-27,Barajas Pueblo,2022,10,61.1,59.4,55.8,59.6,69.5,63.2,53.3,44.1,39.4,2022-10-01,Octubre,2022-10,Octubre
RF-26,Embajada,2022,10,62.5,61.5,58.2,61.3,68.4,64.5,59.4,53.1,45.8,2022-10-01,Octubre,2022-10,Octubre
RF-01,Paseo de Recoletos,2022,10,64.3,64.3,61.4,63.6,70.9,65.9,60.5,52.8,47.1,2022-10-01,Octubre,2022-10,Octubre
RF-30,Campo de las Naciones,2022,10,59.9,60.1,56.6,59.1,66.6,61.1,57.0,44.7,40.7,2022-10-01,Octubre,2022-10,Octubre
RF-18,General Ricardos ubicación antigua,2022,10,56.5,58.7,49.1,55.7,65.3,57.0,49.3,41.8,40.7,2022-10-01,Octubre,2022-10,Octubre
RF-24,Casa de Campo,2022,10,50.5,48.9,44.5,48.9,56.7,50.9,45.6,42.7,42.0,2022-10-01,Octubre,2022-10,Octubre
RF-16,Arturo Soria,2022,10,60.5,59.5,53.4,58.9,66.8,60.9,54.5,40.4,35.7,2022-10-01,Octubre,2022-10,Octubre
RF-50,Plaza de Castilla,2022,10,66.5,65.8,61.4,65.2,71.9,66.5,62.6,54.4,49.2,2022-10-01,Octubre,2022-10,Octubre
RF-86,Tres Olivos,2022,10,58.9,55.2,47.5,56.7,64.8,57.7,47.9,36.1,34.0,2022-10-01,Octubre,2022-10,Octubre
RF-29,El Pardo,2022,10,57.8,55.8,50.1,56.0,64.9,59.7,48.8,32.6,28.6,2022-10-01,Octubre,2022-10,Octubre
RF-20,Avenida de Moratalaz,2022,10,61.8,61.4,53.8,60.3,68.5,62.4,55.7,43.6,38.4,2022-10-01,Octubre,2022-10,Octubre
RF-13,Vallecas,2022,10,61.1,57.8,50.5,58.9,67.0,60.2,53.0,41.8,39.1,2022-10-01,Octubre,2022-10,Octubre
RF-05,Barrio del Pilar,2022,10,63.1,68.7,64.1,65.0,70.5,65.4,58.4,44.5,38.2,2022-10-01,Octubre,2022-10,Octubre
RF-25,Santa Eugenia,2022,10,68.9,68.5,64.4,67.7,71.7,69.8,67.6,60.1,52.1,2022-10-01,Octubre,2022-10,Octubre
RF-17,Villaverde,2022,10,58.2,59.1,49.0,56.9,66.0,58.1,51.0,41.7,38.9,2022-10-01,Octubre,2022-10,Octubre
RF-10,Cuatro Caminos,2022,10,69.0,63.9,58.5,66.7,74.1,66.7,58.3,47.9,44.7,2022-10-01,Octubre,2022-10,Octubre
RF-47,Mendez Álvaro,2022,10,63.7,55.6,49.8,61.0,70.2,58.2,48.2,40.6,38.8,2022-10-01,Octubre,2022-10,Octubre
RF-54,Ensanche de Vallecas,2022,10,61.0,60.7,54.4,59.6,66.9,62.8,57.4,48.3,47.2,2022-10-01,Octubre,2022-10,Octubre
RF-28,Cuatro Vientos,2022,11,72.5,62.7,57.1,69.7,72.8,67.1,58.7,42.3,37.0,2022-11-01,Noviembre,2022-11,Noviembre
RF-55,Urb Embajada 2,2022,11,56.1,55.4,49.1,54.6,63.5,56.8,50.2,42.8,38.6,2022-11-01,Noviembre,2022-11,Noviembre
RF-01,Paseo de Recoletos,2022,11,65.6,64.8,62.3,64.6,72.3,66.9,61.3,53.4,47.5,2022-11-01,Noviembre,2022-11,Noviembre
RF-30,Campo de las Naciones,2022,11,68.6,58.2,53.3,65.8,66.9,61.0,56.4,45.5,42.5,2022-11-01,Noviembre,2022-11,Noviembre
RF-06,Gregorio Marañón,2022,11,70.2,69.6,65.8,69.0,76.9,71.9,65.6,57.7,50.5,2022-11-01,Noviembre,2022-11,Noviembre
RF-18,General Ricardos ubicación antigua,2022,11,57.4,57.1,50.0,56.0,65.3,56.9,49.4,41.9,40.9,2022-11-01,Noviembre,2022-11,Noviembre
RF-04,Plaza de España,2022,11,64.0,65.4,59.7,63.3,72.7,63.9,59.8,54.5,50.1,2022-11-01,Noviembre,2022-11,Noviembre
RF-16,Arturo Soria,2022,11,61.4,59.8,54.5,59.7,67.2,62.3,56.0,42.1,37.4,2022-11-01,Noviembre,2022-11,Noviembre
RF-14,Plaza Elíptica,2022,11,64.2,63.1,59.2,62.8,69.6,64.4,60.9,53.9,48.3,2022-11-01,Noviembre,2022-11,Noviembre
RF-03,Plaza del Carmen,2022,11,64.6,62.1,59.9,63.1,71.9,65.3,57.9,50.5,46.6,2022-11-01,Noviembre,2022-11,Noviembre
RF-47,Mendez Álvaro,2022,11,65.4,54.7,49.9,62.6,70.3,56.6,48.1,41.2,39.4,2022-11-01,Noviembre,2022-11,Noviembre
RF-24,Casa de Campo,2022,11,50.2,47.5,45.6,48.7,56.5,50.8,45.9,43.3,42.6,2022-11-01,Noviembre,2022-11,Noviembre
RF-05,Barrio del Pilar,2022,11,63.0,61.1,53.9,61.1,68.5,63.7,57.7,44.0,37.8,2022-11-01,Noviembre,2022-11,Noviembre
RF-12,Manuel Becerra,2022,11,63.9,63.2,58.0,62.5,71.1,64.0,59.5,50.9,44.1,2022-11-01,Noviembre,2022-11,Noviembre
RF-02,Carlos V,2022,11,69.7,68.1,64.6,68.2,76.1,69.1,64.6,58.9,54.4,2022-11-01,Noviembre,2022-11,Noviembre
RF-20,Avenida de Moratalaz,2022,11,62.5,61.6,55.2,60.9,69.6,63.2,56.1,44.2,39.5,2022-11-01,Noviembre,2022-11,Noviembre
RF-25,Santa Eugenia,2022,11,70.1,69.5,65.2,68.8,72.8,71.0,68.7,60.8,52.7,2022-11-01,Noviembre,2022-11,Noviembre
RF-31,Sanchinarro,2022,11,64.8,64.2,55.0,63.1,74.0,67.1,54.9,45.3,42.2,2022-11-01,Noviembre,2022-11,Noviembre
RF-08,Escuelas Aguirre,2022,11,67.2,66.5,63.4,66.1,74.0,69.0,63.2,55.7,46.7,2022-11-01,Noviembre,2022-11,Noviembre
RF-54,Ensanche de Vallecas,2022,11,62.0,61.9,55.0,60.6,67.7,63.9,58.4,48.8,47.8,2022-11-01,Noviembre,2022-11,Noviembre
RF-17,Villaverde,2022,11,62.0,56.9,48.7,59.6,67.1,59.1,51.3,42.5,39.9,2022-11-01,Noviembre,2022-11,Noviembre
RF-11,Ramón y Cajal,2022,11,71.6,69.7,63.9,69.8,76.6,72.2,66.7,51.7,42.8,2022-11-01,Noviembre,2022-11,Noviembre
RF-86,Tres Olivos,2022,11,58.7,55.0,49.1,56.6,65.2,58.5,49.6,37.3,34.2,2022-11-01,Noviembre,2022-11,Noviembre
RF-27,Barajas Pueblo,2022,11,61.9,60.1,55.9,60.3,70.2,64.0,53.7,44.4,40.5,2022-11-01,Noviembre,2022-11,Noviembre
RF-26,Embajada,2022,11,63.5,62.2,58.6,62.1,69.3,65.5,60.3,52.6,44.9,2022-11-01,Noviembre,2022-11,Noviembre
RF-10,Cuatro Caminos,2022,11,65.2,64.3,59.5,63.8,72.4,67.0,59.2,48.6,45.3,2022-11-01,Noviembre,2022-11,Noviembre
RF-50,Plaza de Castilla,2022,11,66.8,66.5,61.8,65.6,72.0,67.3,63.4,55.2,49.7,2022-11-01,Noviembre,2022-11,Noviembre
RF-48,Castellana,2022,11,60.8,60.3,56.2,59.7,66.3,62.0,58.0,50.6,44.7,2022-11-01,Noviembre,2022-11,Noviembre
RF-19,Alto de Extremadura,2022,11,71.7,59.6,53.6,68.8,69.1,62.3,55.2,44.4,38.7,2022-11-01,Noviembre,2022-11,Noviembre
RF-29,El Pardo,2022,11,58.9,55.6,51.2,56.9,66.2,60.8,49.6,33.5,29.0,2022-11-01,Noviembre,2022-11,Noviembre
RF-13,Vallecas,2022,11,61.8,56.6,50.6,59.4,67.4,60.7,54.0,42.0,39.3,2022-11-01,Noviembre,2022-11,Noviembre
RF-13,Vallecas,2022,12,61.6,58.0,53.7,59.6,67.9,60.4,53.4,42.2,39.7,2022-12-01,Diciembre,2022-12,Diciembre
RF-10,Cuatro Caminos,2022,12,65.6,64.4,59.2,64.1,72.8,67.2,59.0,48.4,44.1,2022-12-01,Diciembre,2022-12,Diciembre
RF-24,Casa de Campo,2022,12,50.2,48.9,45.7,48.9,55.7,51.0,47.0,43.7,43.0,2022-12-01,Diciembre,2022-12,Diciembre
RF-06,Gregorio Marañón,2022,12,70.7,70.0,66.4,69.5,76.9,72.4,66.1,58.8,52.2,2022-12-01,Diciembre,2022-12,Diciembre
RF-30,Campo de las Naciones,2022,12,60.7,58.2,53.3,58.8,65.4,61.0,55.9,46.6,44.5,2022-12-01,Diciembre,2022-12,Diciembre
RF-31,Sanchinarro,2022,12,65.8,65.3,54.7,64.1,74.8,68.0,54.7,44.9,41.8,2022-12-01,Diciembre,2022-12,Diciembre
RF-17,Villaverde,2022,12,58.7,66.5,50.3,60.7,64.3,56.8,50.1,41.4,38.6,2022-12-01,Diciembre,2022-12,Diciembre
RF-04,Plaza de España,2022,12,63.7,65.2,60.2,63.2,71.9,64.6,60.6,54.7,50.4,2022-12-01,Diciembre,2022-12,Diciembre
RF-86,Tres Olivos,2022,12,57.9,56.4,49.0,56.1,65.2,58.3,48.8,37.2,34.1,2022-12-01,Diciembre,2022-12,Diciembre
RF-25,Santa Eugenia,2022,12,70.9,70.3,65.9,69.6,73.3,71.7,69.4,61.7,54.1,2022-12-01,Diciembre,2022-12,Diciembre
RF-28,Cuatro Vientos,2022,12,65.6,63.8,57.4,63.8,72.1,67.5,58.8,42.3,36.9,2022-12-01,Diciembre,2022-12,Diciembre
RF-02,Carlos V,2022,12,70.3,70.6,65.5,69.2,76.2,69.8,65.0,58.9,54.2,2022-12-01,Diciembre,2022-12,Diciembre
RF-08,Escuelas Aguirre,2022,12,67.9,66.9,63.8,66.7,74.3,69.4,63.6,56.0,47.0,2022-12-01,Diciembre,2022-12,Diciembre
RF-48,Castellana,2022,12,62.0,60.4,56.9,60.5,66.8,62.5,58.6,51.5,45.8,2022-12-01,Diciembre,2022-12,Diciembre
RF-11,Ramón y Cajal,2022,12,70.7,69.9,63.9,69.2,75.5,71.9,66.2,52.0,43.0,2022-12-01,Diciembre,2022-12,Diciembre
RF-54,Ensanche de Vallecas,2022,12,62.4,62.0,55.4,61.0,68.0,64.2,58.5,49.2,48.2,2022-12-01,Diciembre,2022-12,Diciembre
RF-03,Plaza del Carmen,2022,12,64.0,62.5,60.0,62.8,72.0,64.4,57.5,50.6,47.0,2022-12-01,Diciembre,2022-12,Diciembre
RF-27,Barajas Pueblo,2022,12,62.2,60.7,56.1,60.6,70.9,64.3,52.7,44.2,40.6,2022-12-01,Diciembre,2022-12,Diciembre
RF-50,Plaza de Castilla,2022,12,67.1,66.5,62.1,65.8,72.1,67.7,63.6,55.9,50.4,2022-12-01,Diciembre,2022-12,Diciembre
RF-19,Alto de Extremadura,2022,12,61.1,60.6,54.5,59.7,68.0,62.1,55.3,45.3,39.8,2022-12-01,Diciembre,2022-12,Diciembre
RF-29,El Pardo,2022,12,61.4,56.8,51.4,59.1,67.4,61.9,49.9,34.4,29.6,2022-12-01,Diciembre,2022-12,Diciembre
RF-26,Embajada,2022,12,64.3,62.8,59.0,62.8,69.9,66.0,60.7,53.3,45.9,2022-12-01,Diciembre,2022-12,Diciembre
RF-55,Urb Embajada 2,2022,12,56.9,54.9,49.9,55.2,64.0,57.4,50.3,43.2,39.1,2022-12-01,Diciembre,2022-12,Diciembre
RF-18,General Ricardos ubicación antigua,2022,12,58.5,59.9,49.3,57.4,66.0,57.0,49.3,41.4,40.5,2022-12-01,Diciembre,2022-12,Diciembre
RF-14,Plaza Elíptica,2022,12,64.5,65.2,59.8,63.6,69.8,64.8,61.4,54.6,49.5,2022-12-01,Diciembre,2022-12,Diciembre
RF-05,Barrio del Pilar,2022,12,62.5,61.8,55.0,60.9,68.4,63.7,57.8,45.2,38.5,2022-12-01,Diciembre,2022-12,Diciembre
RF-01,Paseo de Recoletos,2022,12,65.2,64.2,62.1,64.2,71.9,66.7,61.3,53.8,48.3,2022-12-01,Diciembre,2022-12,Diciembre
RF-47,Mendez Álvaro,2022,12,61.2,55.1,50.3,58.7,67.2,55.1,48.1,41.7,40.0,2022-12-01,Diciembre,2022-12,Diciembre
RF-12,Manuel Becerra,2022,12,64.2,63.4,59.0,62.9,71.4,64.1,59.5,51.4,44.6,2022-12-01,Diciembre,2022-12,Diciembre
RF-20,Avenida de Moratalaz,2022,12,63.1,61.6,55.6,61.4,69.9,63.5,56.2,45.0,39.7,2022-12-01,Diciembre,2022-12,Diciembre
RF-16,Arturo Soria,2022,12,62.2,60.7,55.5,60.6,67.6,63.0,56.3,42.3,37.5,2022-12-01,Diciembre,2022-12,Diciembre
RF-06,Gregorio Marañón,2023,1,69.8,70.0,65.4,68.8,76.4,71.7,65.3,57.1,50.2,2023-01-01,Enero,2023-01,Enero
RF-29,El Pardo,2023,1,62.8,55.6,50.4,60.2,70.0,62.1,50.6,33.7,29.2,2023-01-01,Enero,2023-01,Enero
RF-03,Plaza del Carmen,2023,1,63.2,61.9,58.9,62.0,70.8,63.5,56.5,49.5,46.5,2023-01-01,Enero,2023-01,Enero
RF-01,Paseo de Recoletos,2023,1,65.5,65.7,62.5,64.7,72.1,67.4,61.4,53.5,48.1,2023-01-01,Enero,2023-01,Enero
RF-48,Castellana,2023,1,60.6,60.1,56.0,59.4,66.1,61.7,57.8,50.0,44.2,2023-01-01,Enero,2023-01,Enero
RF-27,Barajas Pueblo,2023,1,61.6,60.5,57.8,60.5,70.4,64.0,54.3,45.5,40.6,2023-01-01,Enero,2023-01,Enero
RF-86,Tres Olivos,2023,1,57.2,54.5,53.9,55.9,64.6,57.9,48.5,37.0,34.5,2023-01-01,Enero,2023-01,Enero
RF-13,Vallecas,2023,1,59.5,57.2,55.8,58.2,66.0,59.6,52.5,42.6,39.5,2023-01-01,Enero,2023-01,Enero
RF-16,Arturo Soria,2023,1,61.1,59.2,54.2,59.3,67.0,61.6,55.1,41.6,37.7,2023-01-01,Enero,2023-01,Enero
RF-30,Campo de las Naciones,2023,1,59.1,57.1,53.1,57.5,64.8,59.6,54.9,45.7,43.8,2023-01-01,Enero,2023-01,Enero
RF-24,Casa de Campo,2023,1,50.5,48.3,47.4,49.4,56.9,51.1,46.1,42.8,42.1,2023-01-01,Enero,2023-01,Enero
RF-47,Mendez Álvaro,2023,1,58.1,54.8,51.6,56.2,67.0,53.9,47.4,41.0,39.7,2023-01-01,Enero,2023-01,Enero
RF-10,Cuatro Caminos,2023,1,65.3,64.8,61.6,64.3,72.5,66.9,58.7,47.5,43.0,2023-01-01,Enero,2023-01,Enero
RF-05,Barrio del Pilar,2023,1,61.5,61.9,57.0,60.6,67.6,63.2,57.6,44.8,38.6,2023-01-01,Enero,2023-01,Enero
RF-18,General Ricardos ubicación antigua,2023,1,56.1,57.5,69.8,65.4,64.6,56.0,48.5,42.1,41.4,2023-01-01,Enero,2023-01,Enero
RF-20,Avenida de Moratalaz,2023,1,62.0,61.8,56.3,60.8,69.2,63.1,55.8,44.9,39.5,2023-01-01,Enero,2023-01,Enero
RF-26,Embajada,2023,1,63.0,63.0,58.3,61.9,69.0,65.1,59.7,52.2,44.5,2023-01-01,Enero,2023-01,Enero
RF-31,Sanchinarro,2023,1,65.1,65.0,55.3,63.6,74.4,67.6,54.9,44.6,41.2,2023-01-01,Enero,2023-01,Enero
RF-54,Ensanche de Vallecas,2023,1,62.2,61.6,58.0,61.0,68.2,64.0,58.5,49.5,48.6,2023-01-01,Enero,2023-01,Enero
RF-25,Santa Eugenia,2023,1,69.4,68.8,64.8,68.2,72.0,70.4,68.2,60.0,51.2,2023-01-01,Enero,2023-01,Enero
RF-50,Plaza de Castilla,2023,1,66.8,66.2,61.6,65.5,72.0,67.1,63.2,55.0,49.9,2023-01-01,Enero,2023-01,Enero
RF-17,Villaverde,2023,1,56.7,59.4,62.6,59.9,64.2,56.5,50.2,41.9,38.9,2023-01-01,Enero,2023-01,Enero
RF-08,Escuelas Aguirre,2023,1,66.5,66.1,62.9,65.5,73.1,68.4,62.6,54.4,45.7,2023-01-01,Enero,2023-01,Enero
RF-02,Carlos V,2023,1,67.5,67.7,64.1,66.6,74.2,67.6,63.5,57.6,53.3,2023-01-01,Enero,2023-01,Enero
RF-11,Ramón y Cajal,2023,1,69.9,68.9,64.1,68.5,75.4,71.4,65.1,49.7,40.9,2023-01-01,Enero,2023-01,Enero
RF-19,Alto de Extremadura,2023,1,61.2,60.9,60.8,61.0,68.2,61.9,55.0,44.2,38.2,2023-01-01,Enero,2023-01,Enero
RF-55,Urb Embajada 2,2023,1,56.1,54.7,50.9,54.7,63.5,57.0,50.5,42.7,38.3,2023-01-01,Enero,2023-01,Enero
RF-14,Plaza Elíptica,2023,1,63.8,63.0,59.5,62.6,69.1,64.1,60.6,53.4,47.7,2023-01-01,Enero,2023-01,Enero
RF-12,Manuel Becerra,2023,1,63.4,62.7,57.9,62.1,70.4,63.5,58.9,50.0,43.6,2023-01-01,Enero,2023-01,Enero
RF-28,Cuatro Vientos,2023,1,64.3,63.2,57.6,62.8,71.1,66.5,57.9,39.7,34.4,2023-01-01,Enero,2023-01,Enero
RF-04,Plaza de España,2023,1,62.7,63.2,66.2,64.3,71.2,63.2,59.3,53.7,49.3,2023-01-01,Enero,2023-01,Enero
RF-20,Avenida de Moratalaz,2023,2,61.7,60.4,54.5,60.0,68.5,62.7,55.5,44.1,39.7,2023-02-01,Febrero,2023-02,Febrero
RF-13,Vallecas,2023,2,58.4,56.9,49.7,56.6,65.0,58.7,51.8,42.3,39.5,2023-02-01,Febrero,2023-02,Febrero
RF-16,Arturo Soria,2023,2,62.3,59.5,53.2,60.2,67.5,61.2,54.7,40.9,37.3,2023-02-01,Febrero,2023-02,Febrero
RF-02,Carlos V,2023,2,67.5,67.2,63.5,66.4,74.6,67.8,63.4,57.1,52.4,2023-02-01,Febrero,2023-02,Febrero
RF-04,Plaza de España,2023,2,66.0,64.1,58.9,64.2,72.6,63.8,59.4,53.5,48.8,2023-02-01,Febrero,2023-02,Febrero
RF-25,Santa Eugenia,2023,2,69.6,69.2,64.8,68.4,72.4,70.7,68.4,60.2,51.6,2023-02-01,Febrero,2023-02,Febrero
RF-08,Escuelas Aguirre,2023,2,66.2,65.7,62.2,65.1,72.8,68.0,62.2,53.8,44.8,2023-02-01,Febrero,2023-02,Febrero
RF-03,Plaza del Carmen,2023,2,65.0,62.3,58.6,63.2,72.7,65.3,58.0,49.9,46.4,2023-02-01,Febrero,2023-02,Febrero
RF-29,El Pardo,2023,2,59.6,55.4,50.2,57.3,66.4,61.0,50.1,32.9,28.9,2023-02-01,Febrero,2023-02,Febrero
RF-26,Embajada,2023,2,62.7,61.8,58.0,61.4,68.8,65.0,59.4,51.6,44.0,2023-02-01,Febrero,2023-02,Febrero
RF-50,Plaza de Castilla,2023,2,66.0,65.5,61.4,64.9,71.7,66.7,62.8,54.6,49.5,2023-02-01,Febrero,2023-02,Febrero
RF-48,Castellana,2023,2,60.0,59.2,55.2,58.7,65.5,61.1,57.3,49.6,43.9,2023-02-01,Febrero,2023-02,Febrero
RF-47,Mendez Álvaro,2023,2,55.7,54.6,49.6,54.2,65.7,53.5,47.2,41.0,39.4,2023-02-01,Febrero,2023-02,Febrero
RF-14,Plaza Elíptica,2023,2,63.7,62.7,58.6,62.4,69.6,63.9,60.2,52.9,47.2,2023-02-01,Febrero,2023-02,Febrero
RF-27,Barajas Pueblo,2023,2,61.2,60.0,56.4,59.9,70.1,63.7,53.7,45.1,38.5,2023-02-01,Febrero,2023-02,Febrero
RF-10,Cuatro Caminos,2023,2,64.9,63.8,58.6,63.4,72.2,66.6,58.4,46.8,42.0,2023-02-01,Febrero,2023-02,Febrero
RF-19,Alto de Extremadura,2023,2,60.3,59.0,53.2,58.7,67.4,61.4,54.4,43.4,37.5,2023-02-01,Febrero,2023-02,Febrero
RF-24,Casa de Campo,2023,2,48.8,46.5,44.4,47.4,54.8,49.6,44.7,42.5,41.9,2023-02-01,Febrero,2023-02,Febrero
RF-18,General Ricardos ubicación antigua,2023,2,58.5,56.1,48.2,56.5,65.7,57.6,49.4,42.7,41.7,2023-02-01,Febrero,2023-02,Febrero
RF-28,Cuatro Vientos,2023,2,63.8,62.0,55.7,62.0,70.5,65.9,57.1,37.7,33.4,2023-02-01,Febrero,2023-02,Febrero
RF-17,Villaverde,2023,2,59.4,54.0,47.9,57.0,66.1,57.5,50.2,42.0,39.3,2023-02-01,Febrero,2023-02,Febrero
RF-86,Tres Olivos,2023,2,57.2,54.5,47.1,55.1,64.7,58.0,48.2,37.2,35.7,2023-02-01,Febrero,2023-02,Febrero
RF-55,Urb Embajada 2,2023,2,61.2,54.5,50.8,58.7,64.2,57.3,50.5,43.3,38.7,2023-02-01,Febrero,2023-02,Febrero
RF-05,Barrio del Pilar,2023,2,61.7,61.3,54.3,60.2,67.4,63.1,57.6,44.5,38.9,2023-02-01,Febrero,2023-02,Febrero
RF-06,Gregorio Marañón,2023,2,69.5,68.9,64.8,68.4,76.2,71.3,65.1,57.0,50.1,2023-02-01,Febrero,2023-02,Febrero
RF-31,Sanchinarro,2023,2,64.2,64.0,54.0,62.6,73.8,66.5,53.5,43.8,40.5,2023-02-01,Febrero,2023-02,Febrero
RF-12,Manuel Becerra,2023,2,63.1,62.5,57.3,61.6,70.0,63.1,58.5,49.8,44.7,2023-02-01,Febrero,2023-02,Febrero
RF-01,Paseo de Recoletos,2023,2,65.3,64.6,61.9,64.4,71.6,66.7,61.1,53.2,47.5,2023-02-01,Febrero,2023-02,Febrero
RF-30,Campo de las Naciones,2023,2,58.7,57.1,50.9,57.0,64.2,59.4,54.8,45.4,43.5,2023-02-01,Febrero,2023-02,Febrero
RF-54,Ensanche de Vallecas,2023,2,62.0,61.4,55.4,60.5,67.7,63.8,58.3,49.9,48.9,2023-02-01,Febrero,2023-02,Febrero
RF-16,Arturo Soria,2023,3,61.4,59.8,53.9,59.7,67.8,61.5,55.1,41.0,36.8,2023-03-01,Marzo,2023-03,Marzo
RF-30,Campo de las Naciones,2023,3,60.4,57.4,52.1,58.4,65.3,59.9,55.5,46.6,44.8,2023-03-01,Marzo,2023-03,Marzo
RF-13,Vallecas,2023,3,58.6,56.1,49.5,56.6,65.0,58.6,51.3,41.1,38.2,2023-03-01,Marzo,2023-03,Marzo
RF-20,Avenida de Moratalaz,2023,3,61.2,60.5,54.2,59.7,68.4,62.4,55.1,43.7,39.1,2023-03-01,Marzo,2023-03,Marzo
RF-02,Carlos V,2023,3,68.0,68.3,63.7,67.1,75.3,68.2,63.7,57.5,52.7,2023-03-01,Marzo,2023-03,Marzo
RF-17,Villaverde,2023,3,60.5,57.0,47.8,58.3,67.7,58.8,50.8,41.2,38.2,2023-03-01,Marzo,2023-03,Marzo
RF-24,Casa de Campo,2023,3,51.0,47.4,44.0,49.1,57.0,50.9,44.8,41.9,41.3,2023-03-01,Marzo,2023-03,Marzo
RF-47,Mendez Álvaro,2023,3,56.3,55.3,50.1,54.9,66.0,54.5,48.2,41.5,39.6,2023-03-01,Marzo,2023-03,Marzo
RF-05,Barrio del Pilar,2023,3,61.1,61.5,53.0,59.8,67.1,62.8,57.2,43.5,37.0,2023-03-01,Marzo,2023-03,Marzo
RF-19,Alto de Extremadura,2023,3,60.3,59.9,53.0,58.9,67.6,61.3,54.7,43.8,37.6,2023-03-01,Marzo,2023-03,Marzo
RF-26,Embajada,2023,3,62.6,61.0,58.0,61.2,68.4,64.5,59.2,51.9,44.3,2023-03-01,Marzo,2023-03,Marzo
RF-50,Plaza de Castilla,2023,3,66.5,65.9,61.5,65.3,72.2,66.7,62.8,54.7,49.5,2023-03-01,Marzo,2023-03,Marzo
RF-12,Manuel Becerra,2023,3,63.3,63.5,57.1,62.1,70.3,63.4,58.8,49.8,43.5,2023-03-01,Marzo,2023-03,Marzo
RF-54,Ensanche de Vallecas,2023,3,61.3,60.5,54.5,59.8,67.1,63.1,57.3,48.6,47.7,2023-03-01,Marzo,2023-03,Marzo
RF-86,Tres Olivos,2023,3,56.4,54.2,49.1,54.8,64.3,57.7,48.9,38.2,36.3,2023-03-01,Marzo,2023-03,Marzo
RF-04,Plaza de España,2023,3,63.0,63.8,58.9,62.2,71.6,63.0,59.1,53.3,48.2,2023-03-01,Marzo,2023-03,Marzo
RF-31,Sanchinarro,2023,3,63.9,63.4,53.7,62.2,73.3,66.0,53.8,43.6,40.6,2023-03-01,Marzo,2023-03,Marzo
RF-27,Barajas Pueblo,2023,3,60.9,59.3,55.7,59.5,69.8,63.2,52.3,43.0,36.5,2023-03-01,Marzo,2023-03,Marzo
RF-06,Gregorio Marañón,2023,3,69.7,68.8,65.3,68.5,76.4,71.3,64.9,56.9,49.9,2023-03-01,Marzo,2023-03,Marzo
RF-10,Cuatro Caminos,2023,3,64.9,63.8,58.3,63.4,71.9,66.3,58.4,47.6,42.6,2023-03-01,Marzo,2023-03,Marzo
RF-14,Plaza Elíptica,2023,3,63.5,62.9,58.6,62.2,68.9,63.8,60.3,53.1,47.8,2023-03-01,Marzo,2023-03,Marzo
RF-55,Urb Embajada 2,2023,3,55.8,53.7,49.5,54.1,62.9,56.6,49.6,42.4,38.2,2023-03-01,Marzo,2023-03,Marzo
RF-29,El Pardo,2023,3,58.2,55.5,50.0,56.3,65.8,60.2,49.9,33.1,28.9,2023-03-01,Marzo,2023-03,Marzo
RF-11,Ramón y Cajal,2023,3,69.6,68.8,62.2,68.0,74.8,70.6,65.3,49.9,41.1,2023-03-01,Marzo,2023-03,Marzo
RF-48,Castellana,2023,3,60.4,59.4,55.3,59.1,65.9,61.4,57.4,49.8,43.9,2023-03-01,Marzo,2023-03,Marzo
RF-08,Escuelas Aguirre,2023,3,66.6,66.2,62.5,65.5,73.2,68.1,62.5,54.6,45.8,2023-03-01,Marzo,2023-03,Marzo
RF-28,Cuatro Vientos,2023,3,64.0,61.8,56.3,62.2,70.8,65.8,57.4,41.4,36.2,2023-03-01,Marzo,2023-03,Marzo
RF-01,Paseo de Recoletos,2023,3,67.5,64.1,62.6,65.8,72.3,66.9,61.2,53.7,48.2,2023-03-01,Marzo,2023-03,Marzo
RF-25,Santa Eugenia,2023,3,68.8,68.3,64.3,67.6,71.6,69.9,67.5,59.7,51.2,2023-03-01,Marzo,2023-03,Marzo
RF-03,Plaza del Carmen,2023,3,66.0,63.7,59.6,64.3,73.4,66.2,58.8,51.0,47.5,2023-03-01,Marzo,2023-03,Marzo
RF-18,General Ricardos ubicación antigua,2023,3,57.4,57.0,48.2,55.8,64.7,56.7,49.4,41.7,41.0,2023-03-01,Marzo,2023-03,Marzo
RF-48,Castellana,2023,4,59.2,58.3,54.2,57.9,64.9,60.0,55.9,48.5,43.1,2023-04-01,Abril,2023-04,Abril
RF-28,Cuatro Vientos,2023,4,63.4,61.6,55.5,61.6,70.6,64.6,55.7,38.7,32.3,2023-04-01,Abril,2023-04,Abril
RF-01,Paseo de Recoletos,2023,4,64.1,63.2,60.7,63.1,70.4,65.3,59.7,52.3,46.8,2023-04-01,Abril,2023-04,Abril
RF-19,Alto de Extremadura,2023,4,60.1,58.8,52.7,58.4,67.7,60.7,53.5,42.8,36.4,2023-04-01,Abril,2023-04,Abril
RF-54,Ensanche de Vallecas,2023,4,60.1,60.4,53.6,58.9,66.1,61.8,56.0,48.0,46.9,2023-04-01,Abril,2023-04,Abril
RF-06,Gregorio Marañón,2023,4,76.3,68.2,64.3,73.6,76.4,70.4,64.0,55.8,48.9,2023-04-01,Abril,2023-04,Abril
RF-03,Plaza del Carmen,2023,4,63.4,64.5,59.7,62.7,71.7,64.7,58.2,51.5,47.7,2023-04-01,Abril,2023-04,Abril
RF-50,Plaza de Castilla,2023,4,65.5,65.4,60.9,64.4,71.0,65.8,61.8,53.8,48.5,2023-04-01,Abril,2023-04,Abril
RF-26,Embajada,2023,4,61.3,60.2,57.2,60.1,67.5,63.4,58.2,52.2,44.8,2023-04-01,Abril,2023-04,Abril
RF-10,Cuatro Caminos,2023,4,64.3,62.9,57.9,62.7,71.2,65.0,56.7,46.8,42.3,2023-04-01,Abril,2023-04,Abril
RF-47,Mendez Álvaro,2023,4,55.6,55.1,50.4,54.4,65.2,54.7,47.8,40.9,38.2,2023-04-01,Abril,2023-04,Abril
RF-14,Plaza Elíptica,2023,4,62.8,62.6,58.6,61.7,68.3,63.0,59.5,53.1,48.3,2023-04-01,Abril,2023-04,Abril
RF-55,Urb Embajada 2,2023,4,54.7,53.7,49.2,53.3,62.3,55.5,48.9,42.8,38.3,2023-04-01,Abril,2023-04,Abril
RF-86,Tres Olivos,2023,4,56.7,54.4,47.8,54.8,63.7,56.9,47.7,37.4,35.4,2023-04-01,Abril,2023-04,Abril
RF-20,Avenida de Moratalaz,2023,4,60.8,60.4,55.0,59.5,68.0,61.5,54.4,43.7,39.2,2023-04-01,Abril,2023-04,Abril
RF-11,Ramón y Cajal,2023,4,68.9,68.2,62.2,67.4,74.1,69.8,64.0,49.0,40.5,2023-04-01,Abril,2023-04,Abril
RF-30,Campo de las Naciones,2023,4,58.1,58.1,51.8,56.8,64.5,59.0,54.5,44.0,41.4,2023-04-01,Abril,2023-04,Abril
RF-13,Vallecas,2023,4,63.5,58.8,52.4,61.2,66.7,59.0,51.5,40.8,38.1,2023-04-01,Abril,2023-04,Abril
RF-16,Arturo Soria,2023,4,60.0,59.5,52.9,58.5,66.3,59.9,53.3,40.4,35.9,2023-04-01,Abril,2023-04,Abril
RF-25,Santa Eugenia,2023,4,68.1,67.9,64.0,67.1,71.1,69.2,67.0,60.0,51.5,2023-04-01,Abril,2023-04,Abril
RF-08,Escuelas Aguirre,2023,4,65.7,65.2,62.0,64.7,72.5,67.4,61.5,54.0,46.0,2023-04-01,Abril,2023-04,Abril
RF-18,General Ricardos ubicación antigua,2023,4,57.1,57.9,49.2,55.9,64.7,56.6,49.4,41.1,40.3,2023-04-01,Abril,2023-04,Abril
RF-27,Barajas Pueblo,2023,4,60.2,59.2,55.3,58.9,69.0,62.4,52.6,43.4,35.6,2023-04-01,Abril,2023-04,Abril
RF-05,Barrio del Pilar,2023,4,60.5,61.3,52.8,59.3,66.5,62.0,56.5,42.7,36.8,2023-04-01,Abril,2023-04,Abril
RF-24,Casa de Campo,2023,4,48.5,47.8,43.6,47.3,55.3,49.4,44.1,41.6,41.1,2023-04-01,Abril,2023-04,Abril
RF-29,El Pardo,2023,4,58.2,56.1,50.0,56.4,65.4,59.8,49.6,34.7,29.7,2023-04-01,Abril,2023-04,Abril
RF-17,Villaverde,2023,4,57.8,59.7,48.6,56.8,67.0,58.7,50.4,41.3,38.5,2023-04-01,Abril,2023-04,Abril
RF-12,Manuel Becerra,2023,4,62.8,62.3,57.3,61.5,69.8,62.6,58.0,49.5,43.3,2023-04-01,Abril,2023-04,Abril
RF-04,Plaza de España,2023,4,62.2,63.0,59.3,61.6,71.1,62.4,58.5,53.0,48.1,2023-04-01,Abril,2023-04,Abril
RF-02,Carlos V,2023,4,67.5,67.7,63.8,66.6,74.6,67.7,63.2,57.1,52.4,2023-04-01,Abril,2023-04,Abril
RF-31,Sanchinarro,2023,4,62.6,62.9,53.3,61.1,72.4,64.5,52.0,42.5,39.7,2023-04-01,Abril,2023-04,Abril
RF-25,Santa Eugenia,2023,5,68.8,68.7,64.8,67.8,71.7,69.8,67.6,60.6,52.2,2023-05-01,Mayo,2023-05,Mayo
RF-29,El Pardo,2023,5,59.6,55.1,54.4,57.8,66.6,60.4,50.9,34.1,29.7,2023-05-01,Mayo,2023-05,Mayo
RF-11,Ramón y Cajal,2023,5,69.6,69.8,63.1,68.4,74.8,70.6,65.1,50.2,41.8,2023-05-01,Mayo,2023-05,Mayo
RF-50,Plaza de Castilla,2023,5,66.2,66.0,61.8,65.1,71.7,66.3,62.3,54.2,48.9,2023-05-01,Mayo,2023-05,Mayo
RF-12,Manuel Becerra,2023,5,63.2,63.3,57.4,62.0,70.4,63.0,58.3,50.3,45.8,2023-05-01,Mayo,2023-05,Mayo
RF-08,Escuelas Aguirre,2023,5,66.4,66.2,62.6,65.4,73.2,68.1,62.0,54.8,46.6,2023-05-01,Mayo,2023-05,Mayo
RF-86,Tres Olivos,2023,5,57.6,55.4,56.6,57.0,64.6,57.8,48.9,38.5,36.7,2023-05-01,Mayo,2023-05,Mayo
RF-26,Embajada,2023,5,62.6,61.3,58.1,61.3,68.4,64.3,59.2,52.7,45.0,2023-05-01,Mayo,2023-05,Mayo
RF-18,General Ricardos ubicación antigua,2023,5,57.5,58.7,57.7,57.8,65.7,58.0,51.2,42.2,40.0,2023-05-01,Mayo,2023-05,Mayo
RF-31,Sanchinarro,2023,5,63.6,63.6,53.6,62.0,73.0,65.6,52.5,42.4,39.6,2023-05-01,Mayo,2023-05,Mayo
RF-55,Urb Embajada 2,2023,5,58.1,55.3,50.6,56.2,64.0,57.0,50.7,44.0,39.2,2023-05-01,Mayo,2023-05,Mayo
RF-16,Arturo Soria,2023,5,65.1,60.8,54.0,62.9,68.1,61.0,54.6,41.1,36.5,2023-05-01,Mayo,2023-05,Mayo
RF-19,Alto de Extremadura,2023,5,60.2,60.1,53.6,58.9,68.2,61.2,54.1,42.8,35.9,2023-05-01,Mayo,2023-05,Mayo
RF-13,Vallecas,2023,5,58.2,58.0,50.6,56.7,64.9,58.4,51.5,41.9,39.0,2023-05-01,Mayo,2023-05,Mayo
RF-02,Carlos V,2023,5,68.5,68.2,64.6,67.5,75.6,68.7,64.2,57.9,52.7,2023-05-01,Mayo,2023-05,Mayo
RF-05,Barrio del Pilar,2023,5,61.7,61.6,53.6,60.2,67.9,62.6,57.0,44.2,38.6,2023-05-01,Mayo,2023-05,Mayo
RF-30,Campo de las Naciones,2023,5,60.0,58.7,53.5,58.4,65.5,59.9,55.7,44.1,40.4,2023-05-01,Mayo,2023-05,Mayo
RF-20,Avenida de Moratalaz,2023,5,62.7,61.9,54.7,61.1,69.6,62.9,55.9,44.6,39.5,2023-05-01,Mayo,2023-05,Mayo
RF-47,Mendez Álvaro,2023,5,56.7,55.2,51.2,55.2,66.0,54.8,48.5,41.6,38.4,2023-05-01,Mayo,2023-05,Mayo
RF-04,Plaza de España,2023,5,62.6,63.7,60.2,62.2,71.9,62.9,59.1,53.9,49.1,2023-05-01,Mayo,2023-05,Mayo
RF-10,Cuatro Caminos,2023,5,64.9,64.1,58.8,63.5,72.0,66.0,57.7,47.8,43.3,2023-05-01,Mayo,2023-05,Mayo
RF-14,Plaza Elíptica,2023,5,63.2,62.9,60.7,62.5,68.9,63.5,59.9,53.3,47.8,2023-05-01,Mayo,2023-05,Mayo
RF-24,Casa de Campo,2023,5,50.4,49.7,45.8,49.2,56.0,49.5,44.7,42.2,41.6,2023-05-01,Mayo,2023-05,Mayo
RF-54,Ensanche de Vallecas,2023,5,60.9,60.2,54.4,59.4,66.8,62.4,56.6,48.6,47.7,2023-05-01,Mayo,2023-05,Mayo
RF-03,Plaza del Carmen,2023,5,62.7,63.1,61.2,62.4,70.8,64.1,58.3,52.2,48.5,2023-05-01,Mayo,2023-05,Mayo
RF-17,Villaverde,2023,5,56.9,59.2,51.9,56.4,65.8,58.7,51.4,41.4,38.9,2023-05-01,Mayo,2023-05,Mayo
RF-28,Cuatro Vientos,2023,5,63.6,63.0,56.5,62.1,71.1,65.5,56.8,39.0,31.4,2023-05-01,Mayo,2023-05,Mayo
RF-27,Barajas Pueblo,2023,5,62.1,60.7,55.7,60.5,69.9,63.4,53.9,44.1,36.8,2023-05-01,Mayo,2023-05,Mayo
RF-48,Castellana,2023,5,59.5,58.9,55.2,58.4,65.4,60.4,56.4,49.1,43.5,2023-05-01,Mayo,2023-05,Mayo
RF-01,Paseo de Recoletos,2023,5,65.4,64.2,61.7,64.3,71.3,65.8,60.4,53.1,47.3,2023-05-01,Mayo,2023-05,Mayo
RF-06,Gregorio Marañón,2023,5,69.5,69.3,65.0,68.4,76.2,70.9,64.7,56.7,49.7,2023-05-01,Mayo,2023-05,Mayo
RF-14,Plaza Elíptica,2023,6,63.9,63.8,59.0,62.8,69.9,64.0,60.4,53.7,48.3,2023-06-01,Junio,2023-06,Junio
RF-31,Sanchinarro,2023,6,63.5,63.6,53.6,62.0,73.0,66.0,52.6,42.9,40.3,2023-06-01,Junio,2023-06,Junio
RF-48,Castellana,2023,6,59.8,59.4,55.0,58.6,65.4,60.8,56.9,49.4,43.7,2023-06-01,Junio,2023-06,Junio
RF-01,Paseo de Recoletos,2023,6,65.5,64.1,61.2,64.2,71.1,66.0,60.6,53.3,47.8,2023-06-01,Junio,2023-06,Junio
RF-24,Casa de Campo,2023,6,50.3,48.0,44.8,48.7,55.1,49.4,44.9,42.1,41.5,2023-06-01,Junio,2023-06,Junio
RF-27,Barajas Pueblo,2023,6,61.1,59.5,58.3,60.1,69.6,63.0,52.5,43.9,37.2,2023-06-01,Junio,2023-06,Junio
RF-19,Alto de Extremadura,2023,6,60.1,60.3,53.2,58.8,67.8,61.1,54.2,43.3,36.8,2023-06-01,Junio,2023-06,Junio
RF-86,Tres Olivos,2023,6,56.4,54.7,48.8,54.7,64.1,57.4,48.4,37.5,35.5,2023-06-01,Junio,2023-06,Junio
RF-02,Carlos V,2023,6,68.4,68.7,64.6,67.5,75.4,68.9,64.7,58.6,53.3,2023-06-01,Junio,2023-06,Junio
RF-17,Villaverde,2023,6,56.6,60.7,52.1,56.8,65.7,58.6,50.3,39.0,36.2,2023-06-01,Junio,2023-06,Junio
RF-05,Barrio del Pilar,2023,6,61.3,61.8,53.7,60.0,67.4,62.8,57.3,44.1,38.3,2023-06-01,Junio,2023-06,Junio
RF-30,Campo de las Naciones,2023,6,59.7,59.6,54.6,58.6,66.3,60.9,56.6,43.8,40.9,2023-06-01,Junio,2023-06,Junio
RF-20,Avenida de Moratalaz,2023,6,71.8,60.9,54.6,69.0,72.4,63.9,55.8,44.1,38.9,2023-06-01,Junio,2023-06,Junio
RF-03,Plaza del Carmen,2023,6,63.3,62.9,60.2,62.4,71.8,64.5,57.8,52.5,49.4,2023-06-01,Junio,2023-06,Junio
RF-47,Mendez Álvaro,2023,6,56.1,56.3,50.4,55.0,65.5,54.7,48.4,41.3,38.1,2023-06-01,Junio,2023-06,Junio
RF-04,Plaza de España,2023,6,66.1,77.4,65.0,71.6,74.1,65.5,59.9,55.0,50.7,2023-06-01,Junio,2023-06,Junio
RF-13,Vallecas,2023,6,59.2,57.6,50.7,57.4,65.8,58.5,51.7,42.0,38.9,2023-06-01,Junio,2023-06,Junio
RF-18,General Ricardos ubicación antigua,2023,6,57.1,57.8,49.7,55.9,65.7,57.8,50.2,40.3,38.4,2023-06-01,Junio,2023-06,Junio
RF-16,Arturo Soria,2023,6,60.6,59.7,53.6,59.1,66.4,60.9,55.0,41.0,35.9,2023-06-01,Junio,2023-06,Junio
RF-54,Ensanche de Vallecas,2023,6,60.2,60.2,54.3,59.0,66.3,62.2,56.5,48.3,47.4,2023-06-01,Junio,2023-06,Junio
RF-12,Manuel Becerra,2023,6,64.5,63.6,58.3,63.0,71.3,63.9,59.0,50.0,43.9,2023-06-01,Junio,2023-06,Junio
RF-11,Ramón y Cajal,2023,6,69.7,68.8,62.7,68.2,74.8,70.6,65.5,50.7,41.6,2023-06-01,Junio,2023-06,Junio
RF-29,El Pardo,2023,6,64.2,56.3,52.4,61.5,70.7,62.3,51.5,34.8,28.8,2023-06-01,Junio,2023-06,Junio
RF-25,Santa Eugenia,2023,6,68.9,69.0,65.0,68.0,71.9,70.0,67.8,61.1,53.4,2023-06-01,Junio,2023-06,Junio
RF-28,Cuatro Vientos,2023,6,64.7,63.4,56.7,63.0,72.2,66.3,58.3,39.5,32.3,2023-06-01,Junio,2023-06,Junio
RF-06,Gregorio Marañón,2023,6,69.6,68.9,64.9,68.4,76.4,71.1,64.8,57.0,49.9,2023-06-01,Junio,2023-06,Junio
RF-10,Cuatro Caminos,2023,6,64.8,63.6,58.1,63.2,71.6,65.8,57.9,48.3,44.5,2023-06-01,Junio,2023-06,Junio
RF-55,Urb Embajada 2,2023,6,56.3,58.3,49.8,55.5,63.9,57.1,50.5,44.0,40.0,2023-06-01,Junio,2023-06,Junio
RF-26,Embajada,2023,6,62.4,61.4,58.0,61.2,68.2,64.3,59.2,53.2,45.7,2023-06-01,Junio,2023-06,Junio
RF-08,Escuelas Aguirre,2023,6,66.6,68.3,62.7,66.1,74.3,68.4,62.5,55.4,47.2,2023-06-01,Junio,2023-06,Junio
RF-50,Plaza de Castilla,2023,6,66.3,65.9,61.3,65.1,72.0,66.4,62.6,55.0,49.9,2023-06-01,Junio,2023-06,Junio
RF-14,Plaza Elíptica,2023,7,62.9,63.2,59.0,62.0,68.8,63.4,59.9,53.9,48.5,2023-07-01,Julio,2023-07,Julio
RF-04,Plaza de España,2023,7,66.1,75.9,75.6,72.7,73.0,64.7,59.8,54.7,50.7,2023-07-01,Julio,2023-07,Julio
RF-55,Urb Embajada 2,2023,7,55.8,54.6,49.2,54.3,63.0,56.8,50.4,44.2,41.1,2023-07-01,Julio,2023-07,Julio
RF-16,Arturo Soria,2023,7,59.2,58.4,53.2,57.8,65.5,60.0,53.8,42.0,36.2,2023-07-01,Julio,2023-07,Julio
RF-20,Avenida de Moratalaz,2023,7,60.9,60.7,53.7,59.5,68.1,62.1,55.1,44.7,39.0,2023-07-01,Julio,2023-07,Julio
RF-03,Plaza del Carmen,2023,7,62.4,62.2,59.7,61.6,70.2,63.2,57.7,54.1,52.0,2023-07-01,Julio,2023-07,Julio
RF-30,Campo de las Naciones,2023,7,59.9,57.6,52.7,58.1,65.2,59.3,55.2,45.1,42.4,2023-07-01,Julio,2023-07,Julio
RF-17,Villaverde,2023,7,56.8,61.3,54.1,57.4,66.6,59.7,52.0,43.1,40.1,2023-07-01,Julio,2023-07,Julio
RF-28,Cuatro Vientos,2023,7,64.1,63.3,56.5,62.5,72.0,65.5,57.4,40.9,34.5,2023-07-01,Julio,2023-07,Julio
RF-11,Ramón y Cajal,2023,7,68.6,68.1,62.4,67.3,74.0,69.6,63.9,49.8,42.1,2023-07-01,Julio,2023-07,Julio
RF-29,El Pardo,2023,7,58.1,56.4,52.0,56.5,65.8,59.7,50.6,37.4,30.4,2023-07-01,Julio,2023-07,Julio
RF-13,Vallecas,2023,7,58.5,56.5,52.1,56.8,64.8,58.1,51.4,43.8,39.6,2023-07-01,Julio,2023-07,Julio
RF-10,Cuatro Caminos,2023,7,63.6,62.4,57.7,62.1,70.9,64.8,56.7,47.9,44.6,2023-07-01,Julio,2023-07,Julio
RF-08,Escuelas Aguirre,2023,7,65.5,67.1,62.2,65.0,73.3,67.5,61.7,54.9,47.5,2023-07-01,Julio,2023-07,Julio
RF-48,Castellana,2023,7,59.1,58.5,54.4,57.9,65.0,60.0,56.3,48.9,43.5,2023-07-01,Julio,2023-07,Julio
RF-06,Gregorio Marañón,2023,7,68.7,67.9,64.3,67.5,75.6,70.0,63.7,55.9,48.8,2023-07-01,Julio,2023-07,Julio
RF-18,General Ricardos ubicación antigua,2023,7,57.1,58.8,51.5,56.3,66.4,57.8,49.6,40.6,38.1,2023-07-01,Julio,2023-07,Julio
RF-01,Paseo de Recoletos,2023,7,66.2,67.5,65.4,66.2,73.1,66.3,60.3,52.8,47.6,2023-07-01,Julio,2023-07,Julio
RF-25,Santa Eugenia,2023,7,68.4,67.4,64.2,67.2,71.5,69.2,66.9,60.6,53.0,2023-07-01,Julio,2023-07,Julio
RF-31,Sanchinarro,2023,7,62.2,62.7,53.7,60.8,72.1,64.4,51.4,43.3,40.6,2023-07-01,Julio,2023-07,Julio
RF-02,Carlos V,2023,7,68.2,73.5,66.4,69.3,75.7,69.0,64.5,58.9,53.9,2023-07-01,Julio,2023-07,Julio
RF-27,Barajas Pueblo,2023,7,61.2,58.2,54.7,59.3,69.5,62.4,51.9,44.4,37.8,2023-07-01,Julio,2023-07,Julio
RF-86,Tres Olivos,2023,7,54.4,54.3,49.0,53.2,62.9,56.2,46.3,37.4,35.4,2023-07-01,Julio,2023-07,Julio
RF-05,Barrio del Pilar,2023,7,63.2,62.3,53.9,61.5,68.8,62.7,56.8,44.4,37.9,2023-07-01,Julio,2023-07,Julio
RF-54,Ensanche de Vallecas,2023,7,59.1,58.8,53.7,57.9,65.6,61.1,55.3,48.1,47.2,2023-07-01,Julio,2023-07,Julio
RF-50,Plaza de Castilla,2023,7,65.8,65.4,61.5,64.7,71.6,65.8,62.0,54.8,50.3,2023-07-01,Julio,2023-07,Julio
RF-19,Alto de Extremadura,2023,7,59.0,59.2,53.6,57.8,66.7,60.1,53.3,44.9,40.0,2023-07-01,Julio,2023-07,Julio
RF-47,Mendez Álvaro,2023,7,55.9,59.7,50.0,55.8,65.5,53.1,47.2,41.1,38.2,2023-07-01,Julio,2023-07,Julio
RF-24,Casa de Campo,2023,7,48.2,48.0,44.3,47.2,54.1,49.5,45.2,42.2,41.6,2023-07-01,Julio,2023-07,Julio
RF-26,Embajada,2023,7,61.4,60.4,57.4,60.2,67.2,63.4,58.5,53.0,46.2,2023-07-01,Julio,2023-07,Julio
RF-12,Manuel Becerra,2023,7,64.8,63.7,58.0,63.3,71.6,64.7,59.0,50.1,42.9,2023-07-01,Julio,2023-07,Julio
RF-18,General Ricardos ubicación antigua,2023,8,58.0,56.5,49.6,56.3,66.7,57.6,47.9,40.5,38.0,2023-08-01,Agosto,2023-08,Agosto
RF-29,El Pardo,2023,8,58.5,55.0,51.0,56.5,65.4,58.7,48.2,35.8,29.8,2023-08-01,Agosto,2023-08,Agosto
RF-26,Embajada,2023,8,60.8,59.6,57.1,59.7,67.1,63.0,57.9,52.8,46.1,2023-08-01,Agosto,2023-08,Agosto
RF-13,Vallecas,2023,8,59.7,57.1,51.1,57.8,66.6,58.2,50.7,44.0,39.9,2023-08-01,Agosto,2023-08,Agosto
RF-12,Manuel Becerra,2023,8,62.9,62.8,56.3,61.6,69.9,62.4,57.7,48.6,41.0,2023-08-01,Agosto,2023-08,Agosto
RF-02,Carlos V,2023,8,67.4,67.2,64.1,66.5,74.2,67.9,63.6,58.1,53.2,2023-08-01,Agosto,2023-08,Agosto
RF-05,Barrio del Pilar,2023,8,59.3,62.0,52.9,58.8,66.5,61.7,55.6,43.5,37.7,2023-08-01,Agosto,2023-08,Agosto
RF-31,Sanchinarro,2023,8,60.7,61.3,51.4,59.4,71.5,62.1,49.7,42.9,40.0,2023-08-01,Agosto,2023-08,Agosto
RF-19,Alto de Extremadura,2023,8,58.9,58.4,52.9,57.6,66.1,59.1,51.7,41.9,36.1,2023-08-01,Agosto,2023-08,Agosto
RF-10,Cuatro Caminos,2023,8,62.4,61.3,57.6,61.1,70.0,63.5,55.2,46.9,43.9,2023-08-01,Agosto,2023-08,Agosto
RF-11,Ramón y Cajal,2023,8,67.6,67.2,60.9,66.2,73.7,68.7,61.3,47.1,40.8,2023-08-01,Agosto,2023-08,Agosto
RF-54,Ensanche de Vallecas,2023,8,58.3,58.7,53.2,57.3,65.2,60.3,54.1,47.9,47.1,2023-08-01,Agosto,2023-08,Agosto
RF-50,Plaza de Castilla,2023,8,64.7,64.9,60.3,63.7,70.7,65.0,60.6,53.6,49.7,2023-08-01,Agosto,2023-08,Agosto
RF-24,Casa de Campo,2023,8,47.7,47.3,42.8,46.5,53.6,48.6,43.9,41.3,40.8,2023-08-01,Agosto,2023-08,Agosto
RF-86,Tres Olivos,2023,8,54.3,52.8,48.1,52.8,62.7,54.9,44.2,37.4,35.4,2023-08-01,Agosto,2023-08,Agosto
RF-48,Castellana,2023,8,58.2,56.7,52.9,56.8,63.6,58.7,54.9,47.3,42.0,2023-08-01,Agosto,2023-08,Agosto
RF-27,Barajas Pueblo,2023,8,60.3,57.9,54.4,58.6,69.4,61.3,50.6,44.1,37.0,2023-08-01,Agosto,2023-08,Agosto
RF-14,Plaza Elíptica,2023,8,63.0,63.0,58.5,61.9,69.1,63.3,59.5,53.3,47.7,2023-08-01,Agosto,2023-08,Agosto
RF-25,Santa Eugenia,2023,8,67.9,67.0,63.5,66.7,71.1,68.8,66.5,59.8,51.7,2023-08-01,Agosto,2023-08,Agosto
RF-17,Villaverde,2023,8,55.8,61.0,52.6,56.7,66.1,59.0,50.5,42.3,39.9,2023-08-01,Agosto,2023-08,Agosto
RF-28,Cuatro Vientos,2023,8,63.1,62.3,56.3,61.6,71.4,64.5,55.8,39.7,33.2,2023-08-01,Agosto,2023-08,Agosto
RF-55,Urb Embajada 2,2023,8,55.0,53.2,48.9,53.4,62.4,56.1,49.4,44.4,41.8,2023-08-01,Agosto,2023-08,Agosto
RF-06,Gregorio Marañón,2023,8,67.2,66.7,62.6,66.0,74.0,68.8,62.6,53.9,46.6,2023-08-01,Agosto,2023-08,Agosto
RF-20,Avenida de Moratalaz,2023,8,60.1,59.8,53.4,58.7,67.5,60.8,53.6,43.9,38.8,2023-08-01,Agosto,2023-08,Agosto
RF-30,Campo de las Naciones,2023,8,57.1,56.7,51.6,55.8,63.6,57.9,54.3,43.4,39.9,2023-08-01,Agosto,2023-08,Agosto
RF-08,Escuelas Aguirre,2023,8,64.7,64.7,60.5,63.7,72.0,66.1,60.5,53.3,46.5,2023-08-01,Agosto,2023-08,Agosto
RF-47,Mendez Álvaro,2023,8,56.9,54.3,48.7,55.0,66.1,52.4,46.1,39.8,37.6,2023-08-01,Agosto,2023-08,Agosto
RF-04,Plaza de España,2023,8,61.5,63.2,58.9,61.2,69.7,62.5,58.7,53.2,48.7,2023-08-01,Agosto,2023-08,Agosto
RF-01,Paseo de Recoletos,2023,8,63.1,62.3,59.3,62.0,69.5,64.7,58.8,50.7,44.5,2023-08-01,Agosto,2023-08,Agosto
RF-03,Plaza del Carmen,2023,8,61.3,58.9,57.6,60.0,69.3,61.5,55.1,50.5,47.4,2023-08-01,Agosto,2023-08,Agosto
RF-16,Arturo Soria,2023,8,63.9,58.2,52.3,61.4,68.2,60.4,52.8,41.6,36.3,2023-08-01,Agosto,2023-08,Agosto
RF-19,Alto de Extremadura,2023,9,60.3,59.0,53.5,58.7,67.4,60.9,54.0,43.2,36.7,2023-09-01,Septiembre,2023-09,Septiembre
RF-04,Plaza de España,2023,9,63.1,66.2,60.9,63.3,72.5,64.7,59.9,54.6,50.2,2023-09-01,Septiembre,2023-09,Septiembre
RF-48,Castellana,2023,9,60.5,59.6,56.0,59.2,66.5,61.3,57.3,49.8,43.8,2023-09-01,Septiembre,2023-09,Septiembre
RF-03,Plaza del Carmen,2023,9,60.9,62.4,58.6,60.6,69.9,62.9,56.5,50.6,47.0,2023-09-01,Septiembre,2023-09,Septiembre
RF-31,Sanchinarro,2023,9,63.4,63.2,53.8,61.9,73.0,65.7,53.0,43.6,41.0,2023-09-01,Septiembre,2023-09,Septiembre
RF-24,Casa de Campo,2023,9,49.6,47.5,45.9,48.3,55.7,49.4,44.3,42.2,41.6,2023-09-01,Septiembre,2023-09,Septiembre
RF-18,General Ricardos ubicación antigua,2023,9,57.9,57.4,49.9,56.3,65.7,57.5,49.4,39.7,37.5,2023-09-01,Septiembre,2023-09,Septiembre
RF-86,Tres Olivos,2023,9,59.1,55.0,49.6,56.9,65.2,57.5,47.9,36.6,34.6,2023-09-01,Septiembre,2023-09,Septiembre
RF-16,Arturo Soria,2023,9,61.7,60.5,54.5,60.1,68.0,61.9,55.4,41.0,36.1,2023-09-01,Septiembre,2023-09,Septiembre
RF-50,Plaza de Castilla,2023,9,66.5,66.2,62.2,65.4,72.2,66.7,62.9,55.9,51.8,2023-09-01,Septiembre,2023-09,Septiembre
RF-54,Ensanche de Vallecas,2023,9,60.2,60.2,58.6,59.8,66.7,62.4,56.7,48.5,47.6,2023-09-01,Septiembre,2023-09,Septiembre
RF-30,Campo de las Naciones,2023,9,59.6,59.2,54.2,58.3,66.1,60.6,56.4,44.7,40.5,2023-09-01,Septiembre,2023-09,Septiembre
RF-08,Escuelas Aguirre,2023,9,66.7,66.8,63.1,65.8,73.8,68.6,62.6,55.4,46.2,2023-09-01,Septiembre,2023-09,Septiembre
RF-06,Gregorio Marañón,2023,9,69.9,69.2,65.8,68.8,76.7,71.5,65.3,57.7,50.3,2023-09-01,Septiembre,2023-09,Septiembre
RF-26,Embajada,2023,9,63.0,61.4,58.8,61.7,68.8,64.5,59.6,53.9,46.4,2023-09-01,Septiembre,2023-09,Septiembre
RF-11,Ramón y Cajal,2023,9,69.7,69.6,65.2,68.6,75.6,71.1,65.9,50.9,42.6,2023-09-01,Septiembre,2023-09,Septiembre
RF-14,Plaza Elíptica,2023,9,63.5,63.7,59.2,62.5,69.6,64.0,60.3,53.9,48.4,2023-09-01,Septiembre,2023-09,Septiembre
RF-29,El Pardo,2023,9,59.2,56.7,58.6,58.7,65.7,59.6,50.4,35.5,31.4,2023-09-01,Septiembre,2023-09,Septiembre
RF-10,Cuatro Caminos,2023,9,64.5,63.9,60.0,63.3,71.9,66.1,58.2,48.1,44.0,2023-09-01,Septiembre,2023-09,Septiembre
RF-27,Barajas Pueblo,2023,9,62.0,59.9,58.2,60.7,69.9,63.0,52.2,43.0,36.3,2023-09-01,Septiembre,2023-09,Septiembre
RF-05,Barrio del Pilar,2023,9,61.7,62.0,54.2,60.4,68.1,63.1,57.3,43.7,37.7,2023-09-01,Septiembre,2023-09,Septiembre
RF-55,Urb Embajada 2,2023,9,56.2,54.1,54.6,55.4,64.5,57.3,50.3,44.0,40.2,2023-09-01,Septiembre,2023-09,Septiembre
RF-12,Manuel Becerra,2023,9,64.1,64.0,58.9,62.9,71.0,64.4,59.6,51.2,46.1,2023-09-01,Septiembre,2023-09,Septiembre
RF-17,Villaverde,2023,9,56.6,60.7,51.6,56.7,66.5,59.3,51.3,41.5,39.0,2023-09-01,Septiembre,2023-09,Septiembre
RF-28,Cuatro Vientos,2023,9,64.3,63.2,57.9,62.8,71.7,66.3,57.8,39.3,33.8,2023-09-01,Septiembre,2023-09,Septiembre
RF-01,Paseo de Recoletos,2023,9,65.0,64.5,62.7,64.2,71.9,66.4,61.1,53.2,47.2,2023-09-01,Septiembre,2023-09,Septiembre
RF-20,Avenida de Moratalaz,2023,9,61.4,61.4,54.9,60.1,68.7,62.5,55.7,44.0,38.7,2023-09-01,Septiembre,2023-09,Septiembre
RF-25,Santa Eugenia,2023,9,69.4,68.8,65.1,68.2,72.2,70.3,68.1,60.9,52.8,2023-09-01,Septiembre,2023-09,Septiembre
RF-47,Mendez Álvaro,2023,9,56.7,56.1,50.4,55.3,66.3,54.3,47.1,39.5,37.3,2023-09-01,Septiembre,2023-09,Septiembre
RF-02,Carlos V,2023,9,69.0,68.9,65.9,68.2,75.8,69.5,65.4,59.6,54.5,2023-09-01,Septiembre,2023-09,Septiembre
RF-13,Vallecas,2023,9,58.6,57.3,52.4,57.1,65.7,58.4,51.4,42.4,39.2,2023-09-01,Septiembre,2023-09,Septiembre
RF-17,Villaverde,2023,10,57.8,58.3,48.9,56.4,65.3,58.2,51.1,41.9,39.6,2023-10-01,Octubre,2023-10,Octubre
RF-02,Carlos V,2023,10,69.4,69.3,66.0,68.5,76.2,69.9,65.6,60.1,55.3,2023-10-01,Octubre,2023-10,Octubre
RF-11,Ramón y Cajal,2023,10,70.5,70.5,63.6,69.1,75.4,71.3,66.0,51.1,42.8,2023-10-01,Octubre,2023-10,Octubre
RF-54,Ensanche de Vallecas,2023,10,61.0,60.6,54.2,59.6,66.6,62.8,57.1,48.6,47.8,2023-10-01,Octubre,2023-10,Octubre
RF-29,El Pardo,2023,10,58.2,55.2,50.3,56.3,65.4,59.6,49.9,34.3,30.2,2023-10-01,Octubre,2023-10,Octubre
RF-28,Cuatro Vientos,2023,10,65.3,63.6,57.8,63.6,71.8,66.8,58.6,42.3,36.6,2023-10-01,Octubre,2023-10,Octubre
RF-86,Tres Olivos,2023,10,58.6,55.6,49.0,56.5,65.2,58.4,49.1,38.3,35.9,2023-10-01,Octubre,2023-10,Octubre
RF-55,Urb Embajada 2,2023,10,56.9,54.8,50.7,55.2,63.8,57.6,50.8,44.3,41.1,2023-10-01,Octubre,2023-10,Octubre
RF-14,Plaza Elíptica,2023,10,64.0,63.6,59.3,62.9,69.6,64.2,60.7,54.1,48.9,2023-10-01,Octubre,2023-10,Octubre
RF-47,Mendez Álvaro,2023,10,56.3,56.8,50.4,55.2,66.2,54.3,47.4,40.8,38.8,2023-10-01,Octubre,2023-10,Octubre
RF-25,Santa Eugenia,2023,10,69.7,69.4,65.1,68.5,72.3,70.6,68.4,60.9,53.0,2023-10-01,Octubre,2023-10,Octubre
RF-24,Casa de Campo,2023,10,50.2,47.7,45.0,48.6,56.4,50.1,45.1,42.6,41.9,2023-10-01,Octubre,2023-10,Octubre
RF-50,Plaza de Castilla,2023,10,67.0,66.8,62.7,66.0,72.5,67.0,63.2,55.7,50.0,2023-10-01,Octubre,2023-10,Octubre
RF-48,Castellana,2023,10,62.0,60.1,56.1,60.4,66.4,61.7,57.7,50.5,44.5,2023-10-01,Octubre,2023-10,Octubre
RF-27,Barajas Pueblo,2023,10,60.8,59.9,55.6,59.5,69.8,63.2,52.2,43.0,37.4,2023-10-01,Octubre,2023-10,Octubre
RF-10,Cuatro Caminos,2023,10,65.4,63.9,59.5,63.9,71.9,66.4,59.0,48.4,43.8,2023-10-01,Octubre,2023-10,Octubre
RF-04,Plaza de España,2023,10,63.9,67.7,61.5,64.3,73.6,65.8,60.6,54.6,50.1,2023-10-01,Octubre,2023-10,Octubre
RF-05,Barrio del Pilar,2023,10,63.3,68.9,65.5,65.5,70.4,65.2,58.1,44.2,37.9,2023-10-01,Octubre,2023-10,Octubre
RF-06,Gregorio Marañón,2023,10,70.3,69.7,66.1,69.3,76.9,71.6,65.4,58.1,50.6,2023-10-01,Octubre,2023-10,Octubre
RF-13,Vallecas,2023,10,60.3,57.5,50.8,58.3,66.4,58.9,51.9,42.9,40.1,2023-10-01,Octubre,2023-10,Octubre
RF-16,Arturo Soria,2023,10,67.0,60.8,54.7,64.5,69.3,63.3,56.2,41.7,37.4,2023-10-01,Octubre,2023-10,Octubre
RF-08,Escuelas Aguirre,2023,10,67.1,67.2,63.5,66.2,73.8,68.9,63.1,56.1,47.0,2023-10-01,Octubre,2023-10,Octubre
RF-26,Embajada,2023,10,63.4,62.3,59.1,62.1,68.7,65.1,60.3,54.2,46.8,2023-10-01,Octubre,2023-10,Octubre
RF-18,General Ricardos ubicación antigua,2023,10,58.5,57.0,49.2,56.7,66.2,57.6,49.5,40.8,38.7,2023-10-01,Octubre,2023-10,Octubre
RF-01,Paseo de Recoletos,2023,10,66.2,65.0,62.3,65.0,72.0,66.8,61.6,53.6,47.6,2023-10-01,Octubre,2023-10,Octubre
RF-19,Alto de Extremadura,2023,10,60.3,59.3,53.4,58.8,67.1,61.1,54.6,44.3,38.7,2023-10-01,Octubre,2023-10,Octubre
RF-31,Sanchinarro,2023,10,66.4,63.7,54.1,64.2,73.9,66.2,54.2,44.8,42.2,2023-10-01,Octubre,2023-10,Octubre
RF-20,Avenida de Moratalaz,2023,10,62.3,61.8,54.5,60.7,68.7,62.9,56.4,44.2,39.3,2023-10-01,Octubre,2023-10,Octubre
RF-30,Campo de las Naciones,2023,10,60.7,59.6,53.3,59.0,65.9,61.3,57.3,45.1,41.5,2023-10-01,Octubre,2023-10,Octubre
RF-12,Manuel Becerra,2023,10,64.2,64.2,58.5,63.0,70.7,64.2,59.8,51.6,47.0,2023-10-01,Octubre,2023-10,Octubre
RF-14,Plaza Elíptica,2023,11,64.5,63.9,59.2,63.2,69.9,64.5,61.0,54.1,48.7,2023-11-01,Noviembre,2023-11,Noviembre
RF-27,Barajas Pueblo,2023,11,61.4,60.5,55.2,60.0,70.3,63.8,52.8,42.8,37.1,2023-11-01,Noviembre,2023-11,Noviembre
RF-13,Vallecas,2023,11,60.8,58.2,50.6,58.8,67.3,59.5,51.9,42.1,39.7,2023-11-01,Noviembre,2023-11,Noviembre
RF-10,Cuatro Caminos,2023,11,65.6,64.7,60.0,64.2,72.3,66.8,59.3,48.8,44.2,2023-11-01,Noviembre,2023-11,Noviembre
RF-01,Paseo de Recoletos,2023,11,65.6,65.1,62.5,64.7,72.6,67.0,61.6,53.7,47.7,2023-11-01,Noviembre,2023-11,Noviembre
RF-25,Santa Eugenia,2023,11,69.8,69.2,64.9,68.5,72.3,70.7,68.6,60.6,52.4,2023-11-01,Noviembre,2023-11,Noviembre
RF-12,Manuel Becerra,2023,11,64.6,63.9,58.9,63.3,71.4,64.1,59.7,51.2,44.8,2023-11-01,Noviembre,2023-11,Noviembre
RF-55,Urb Embajada 2,2023,11,57.2,55.0,50.4,55.5,64.1,57.8,51.1,44.1,41.2,2023-11-01,Noviembre,2023-11,Noviembre
RF-02,Carlos V,2023,11,69.2,68.9,65.8,68.3,75.9,69.5,65.8,60.0,55.3,2023-11-01,Noviembre,2023-11,Noviembre
RF-47,Mendez Álvaro,2023,11,58.3,55.0,49.7,56.2,67.0,54.8,47.8,40.8,38.5,2023-11-01,Noviembre,2023-11,Noviembre
RF-30,Campo de las Naciones,2023,11,60.8,58.4,52.7,58.9,66.0,61.0,56.8,44.9,41.3,2023-11-01,Noviembre,2023-11,Noviembre
RF-28,Cuatro Vientos,2023,11,65.1,63.2,57.7,63.4,71.6,67.1,59.0,42.5,37.3,2023-11-01,Noviembre,2023-11,Noviembre
RF-17,Villaverde,2023,11,58.3,56.6,49.1,56.5,64.2,57.1,50.9,42.2,39.6,2023-11-01,Noviembre,2023-11,Noviembre
RF-20,Avenida de Moratalaz,2023,11,63.1,61.5,55.4,61.3,69.8,63.4,56.2,44.2,39.7,2023-11-01,Noviembre,2023-11,Noviembre
RF-06,Gregorio Marañón,2023,11,70.3,69.9,66.5,69.3,77.1,71.9,65.8,58.3,50.9,2023-11-01,Noviembre,2023-11,Noviembre
RF-48,Castellana,2023,11,61.1,60.3,56.1,59.8,66.4,61.9,58.0,50.8,44.7,2023-11-01,Noviembre,2023-11,Noviembre
RF-50,Plaza de Castilla,2023,11,66.9,66.8,63.4,65.9,72.7,67.3,63.5,55.9,49.7,2023-11-01,Noviembre,2023-11,Noviembre
RF-16,Arturo Soria,2023,11,77.2,60.7,54.1,74.2,73.4,63.8,56.6,42.2,37.9,2023-11-01,Noviembre,2023-11,Noviembre
RF-24,Casa de Campo,2023,11,50.5,48.2,47.1,49.2,56.2,50.3,45.5,42.5,41.7,2023-11-01,Noviembre,2023-11,Noviembre
RF-54,Ensanche de Vallecas,2023,11,61.6,61.1,54.3,60.1,67.3,63.4,57.9,48.3,47.3,2023-11-01,Noviembre,2023-11,Noviembre
RF-26,Embajada,2023,11,63.6,62.2,58.8,62.2,68.9,65.4,60.5,53.6,46.2,2023-11-01,Noviembre,2023-11,Noviembre
RF-05,Barrio del Pilar,2023,11,62.2,61.1,54.5,60.6,68.0,63.4,57.5,44.2,38.0,2023-11-01,Noviembre,2023-11,Noviembre
RF-18,General Ricardos ubicación antigua,2023,11,58.5,56.5,49.2,56.6,65.5,56.8,48.9,40.4,39.0,2023-11-01,Noviembre,2023-11,Noviembre
RF-31,Sanchinarro,2023,11,64.6,64.1,54.5,62.9,73.9,66.9,54.9,45.0,42.3,2023-11-01,Noviembre,2023-11,Noviembre
RF-29,El Pardo,2023,11,60.0,55.1,50.2,57.7,66.8,60.3,49.9,34.1,30.0,2023-11-01,Noviembre,2023-11,Noviembre
RF-04,Plaza de España,2023,11,63.2,65.9,60.8,63.2,73.0,64.1,60.0,54.7,50.2,2023-11-01,Noviembre,2023-11,Noviembre
RF-08,Escuelas Aguirre,2023,11,67.4,66.9,63.7,66.4,73.9,69.2,63.3,56.4,46.7,2023-11-01,Noviembre,2023-11,Noviembre
RF-86,Tres Olivos,2023,11,59.6,54.7,47.8,57.2,65.7,58.4,49.2,37.3,34.6,2023-11-01,Noviembre,2023-11,Noviembre
RF-19,Alto de Extremadura,2023,11,60.7,60.2,53.4,59.3,67.2,61.2,54.9,44.5,38.6,2023-11-01,Noviembre,2023-11,Noviembre
RF-11,Ramón y Cajal,2023,11,70.4,69.9,63.6,69.0,75.3,71.6,66.4,51.8,42.9,2023-11-01,Noviembre,2023-11,Noviembre
RF-02,Carlos V,2023,12,70.2,68.9,66.3,69.0,76.2,69.6,65.7,60.4,56.0,2023-12-01,Diciembre,2023-12,Diciembre
RF-30,Campo de las Naciones,2023,12,59.4,58.5,53.9,58.0,64.5,60.5,56.1,47.5,45.0,2023-12-01,Diciembre,2023-12,Diciembre
RF-48,Castellana,2023,12,60.6,59.9,56.7,59.5,65.7,61.7,58.1,51.2,45.2,2023-12-01,Diciembre,2023-12,Diciembre
RF-29,El Pardo,2023,12,58.7,56.4,51.2,56.8,66.1,60.6,49.4,34.9,29.9,2023-12-01,Diciembre,2023-12,Diciembre
RF-28,Cuatro Vientos,2023,12,64.9,63.7,57.9,63.3,71.6,67.1,58.6,42.7,37.2,2023-12-01,Diciembre,2023-12,Diciembre
RF-20,Avenida de Moratalaz,2023,12,62.0,61.4,56.6,60.7,69.4,63.2,56.0,45.5,40.4,2023-12-01,Diciembre,2023-12,Diciembre
RF-17,Villaverde,2023,12,58.9,64.4,61.3,61.5,64.2,56.9,50.9,43.9,41.1,2023-12-01,Diciembre,2023-12,Diciembre
RF-18,General Ricardos ubicación antigua,2023,12,58.3,59.7,51.6,57.4,66.0,57.1,49.3,42.3,40.3,2023-12-01,Diciembre,2023-12,Diciembre
RF-16,Arturo Soria,2023,12,61.4,60.2,55.2,59.8,67.0,62.2,55.7,43.2,38.9,2023-12-01,Diciembre,2023-12,Diciembre
RF-06,Gregorio Marañón,2023,12,70.0,69.5,66.4,69.0,76.4,71.7,65.6,58.4,52.0,2023-12-01,Diciembre,2023-12,Diciembre
RF-26,Embajada,2023,12,63.5,62.4,59.4,62.3,69.2,65.5,60.5,54.5,47.4,2023-12-01,Diciembre,2023-12,Diciembre
RF-05,Barrio del Pilar,2023,12,62.5,63.2,55.2,61.3,68.4,64.0,58.1,46.1,40.3,2023-12-01,Diciembre,2023-12,Diciembre
RF-11,Ramón y Cajal,2023,12,70.0,69.6,64.3,68.7,75.2,71.3,65.7,52.1,43.3,2023-12-01,Diciembre,2023-12,Diciembre
RF-31,Sanchinarro,2023,12,65.2,64.9,55.3,63.5,74.4,67.4,54.9,45.5,42.6,2023-12-01,Diciembre,2023-12,Diciembre
RF-27,Barajas Pueblo,2023,12,61.1,60.7,56.4,59.9,70.3,63.6,53.6,44.7,39.4,2023-12-01,Diciembre,2023-12,Diciembre
RF-19,Alto de Extremadura,2023,12,60.6,59.7,54.1,59.1,67.1,61.3,54.8,45.6,40.4,2023-12-01,Diciembre,2023-12,Diciembre
RF-50,Plaza de Castilla,2023,12,66.5,66.7,63.0,65.6,72.3,67.2,63.2,56.1,50.4,2023-12-01,Diciembre,2023-12,Diciembre
RF-04,Plaza de España,2023,12,63.9,66.1,60.8,63.6,72.6,65.3,60.9,55.0,51.0,2023-12-01,Diciembre,2023-12,Diciembre
RF-10,Cuatro Caminos,2023,12,65.2,64.1,59.7,63.8,72.2,66.5,58.7,49.4,44.4,2023-12-01,Diciembre,2023-12,Diciembre
RF-24,Casa de Campo,2023,12,49.6,48.4,45.6,48.4,55.9,50.6,46.0,43.2,42.5,2023-12-01,Diciembre,2023-12,Diciembre
RF-12,Manuel Becerra,2023,12,63.9,63.4,59.1,62.7,70.7,63.7,59.2,51.8,45.7,2023-12-01,Diciembre,2023-12,Diciembre
RF-54,Ensanche de Vallecas,2023,12,61.8,62.1,55.6,60.6,67.5,63.7,58.2,49.7,48.5,2023-12-01,Diciembre,2023-12,Diciembre
RF-55,Urb Embajada 2,2023,12,57.0,55.9,51.3,55.5,64.0,57.6,51.2,45.4,42.6,2023-12-01,Diciembre,2023-12,Diciembre
RF-01,Paseo de Recoletos,2023,12,65.0,63.7,61.9,63.9,71.8,66.0,60.8,53.3,47.9,2023-12-01,Diciembre,2023-12,Diciembre
RF-86,Tres Olivos,2023,12,56.4,54.6,48.7,54.7,64.5,57.5,48.2,38.4,36.0,2023-12-01,Diciembre,2023-12,Diciembre
RF-14,Plaza Elíptica,2023,12,64.0,63.5,59.7,62.9,69.6,64.4,60.9,54.6,49.4,2023-12-01,Diciembre,2023-12,Diciembre
RF-08,Escuelas Aguirre,2023,12,66.9,67.1,64.0,66.1,73.7,69.0,63.2,56.5,46.5,2023-12-01,Diciembre,2023-12,Diciembre
RF-13,Vallecas,2023,12,58.4,58.4,51.9,57.1,65.2,58.7,51.5,42.5,40.1,2023-12-01,Diciembre,2023-12,Diciembre
RF-25,Santa Eugenia,2023,12,69.7,69.3,65.6,68.6,72.4,70.7,68.5,61.6,54.3,2023-12-01,Diciembre,2023-12,Diciembre
RF-47,Mendez Álvaro,2023,12,56.4,54.0,49.2,54.5,65.6,53.7,47.0,40.7,38.3,2023-12-01,Diciembre,2023-12,Diciembre
RF-12,Manuel Becerra,2024,1,64.0,63.7,58.5,62.8,70.4,64.0,59.5,51.1,44.9,2024-01-01,Enero,2024-01,Enero
RF-48,Castellana,2024,1,61.9,60.6,56.5,60.5,67.0,62.5,58.6,50.6,44.5,2024-01-01,Enero,2024-01,Enero
RF-06,Gregorio Marañón,2024,1,70.5,70.1,65.6,69.3,76.8,72.2,65.9,58.0,51.3,2024-01-01,Enero,2024-01,Enero
RF-55,Urb Embajada 2,2024,1,57.4,55.0,51.4,55.8,64.2,58.2,51.5,45.3,42.9,2024-01-01,Enero,2024-01,Enero
RF-47,Mendez Álvaro,2024,1,56.1,54.0,53.5,55.0,66.3,54.3,47.3,40.6,38.1,2024-01-01,Enero,2024-01,Enero
RF-19,Alto de Extremadura,2024,1,60.7,59.7,55.2,59.3,67.9,61.7,55.0,44.6,38.7,2024-01-01,Enero,2024-01,Enero
RF-05,Barrio del Pilar,2024,1,62.5,63.3,62.7,62.7,68.2,63.7,57.9,45.0,39.2,2024-01-01,Enero,2024-01,Enero
RF-16,Arturo Soria,2024,1,63.2,60.8,55.5,61.4,68.6,63.0,56.4,42.5,38.0,2024-01-01,Enero,2024-01,Enero
RF-01,Paseo de Recoletos,2024,1,66.3,65.8,63.0,65.4,72.6,68.2,62.1,54.2,48.6,2024-01-01,Enero,2024-01,Enero
RF-30,Campo de las Naciones,2024,1,60.2,58.1,52.8,58.5,65.4,61.1,56.0,46.3,44.0,2024-01-01,Enero,2024-01,Enero
RF-04,Plaza de España,2024,1,66.6,64.1,67.4,66.6,72.3,63.7,59.9,55.0,51.2,2024-01-01,Enero,2024-01,Enero
RF-13,Vallecas,2024,1,59.2,57.5,63.4,60.9,65.6,59.2,51.6,41.9,39.2,2024-01-01,Enero,2024-01,Enero
RF-86,Tres Olivos,2024,1,57.0,54.6,50.3,55.2,64.8,58.1,48.9,37.8,35.3,2024-01-01,Enero,2024-01,Enero
RF-54,Ensanche de Vallecas,2024,1,62.2,61.3,57.4,60.9,68.1,63.9,58.3,47.3,45.5,2024-01-01,Enero,2024-01,Enero
RF-20,Avenida de Moratalaz,2024,1,62.0,61.5,57.4,60.8,69.5,63.4,56.2,44.1,39.2,2024-01-01,Enero,2024-01,Enero
RF-08,Escuelas Aguirre,2024,1,67.3,66.2,63.5,66.1,73.5,69.1,63.1,55.4,45.9,2024-01-01,Enero,2024-01,Enero
RF-18,General Ricardos ubicación antigua,2024,1,57.5,56.0,66.0,62.2,64.9,57.1,50.0,45.1,43.9,2024-01-01,Enero,2024-01,Enero
RF-27,Barajas Pueblo,2024,1,61.4,60.7,56.1,60.1,70.6,63.9,53.1,44.1,38.6,2024-01-01,Enero,2024-01,Enero
RF-11,Ramón y Cajal,2024,1,70.5,69.2,63.3,68.9,75.3,71.7,66.2,50.8,42.3,2024-01-01,Enero,2024-01,Enero
RF-10,Cuatro Caminos,2024,1,65.5,64.0,61.0,64.2,72.5,66.9,59.1,48.0,42.5,2024-01-01,Enero,2024-01,Enero
RF-26,Embajada,2024,1,63.9,62.4,59.2,62.5,69.3,65.8,60.7,53.8,46.0,2024-01-01,Enero,2024-01,Enero
RF-50,Plaza de Castilla,2024,1,67.2,66.3,62.5,65.9,72.3,67.5,63.5,55.4,49.5,2024-01-01,Enero,2024-01,Enero
RF-28,Cuatro Vientos,2024,1,65.8,63.7,58.8,64.0,72.2,67.7,59.3,41.3,35.8,2024-01-01,Enero,2024-01,Enero
RF-02,Carlos V,2024,1,68.8,68.2,65.4,67.8,75.0,69.4,65.5,59.6,55.0,2024-01-01,Enero,2024-01,Enero
RF-17,Villaverde,2024,1,57.6,56.3,64.4,60.6,64.7,57.5,51.1,42.7,39.5,2024-01-01,Enero,2024-01,Enero
RF-24,Casa de Campo,2024,1,50.1,48.6,46.1,48.8,56.4,50.6,45.8,43.1,42.4,2024-01-01,Enero,2024-01,Enero
RF-25,Santa Eugenia,2024,1,70.4,69.5,65.2,69.1,73.0,71.1,68.9,60.6,52.5,2024-01-01,Enero,2024-01,Enero
RF-31,Sanchinarro,2024,1,65.5,64.8,54.8,63.7,74.5,67.6,55.0,44.5,41.8,2024-01-01,Enero,2024-01,Enero
RF-14,Plaza Elíptica,2024,1,64.4,63.7,60.2,63.3,69.9,64.7,61.2,53.9,48.1,2024-01-01,Enero,2024-01,Enero
RF-29,El Pardo,2024,1,58.8,55.8,51.6,56.9,66.3,61.0,49.6,33.8,29.5,2024-01-01,Enero,2024-01,Enero
RF-02,Carlos V,2024,2,71.6,67.9,65.4,69.7,75.8,69.6,65.4,59.5,54.8,2024-02-01,Febrero,2024-02,Febrero
RF-19,Alto de Extremadura,2024,2,60.5,59.5,53.6,59.0,67.5,61.5,55.0,45.2,39.7,2024-02-01,Febrero,2024-02,Febrero
RF-54,Ensanche de Vallecas,2024,2,61.5,61.2,54.1,60.1,67.4,63.5,57.8,45.0,42.5,2024-02-01,Febrero,2024-02,Febrero
RF-55,Urb Embajada 2,2024,2,56.9,55.4,50.9,55.3,63.7,58.0,51.8,45.4,43.0,2024-02-01,Febrero,2024-02,Febrero
RF-24,Casa de Campo,2024,2,50.4,48.2,45.7,48.9,56.8,50.6,45.6,43.1,42.4,2024-02-01,Febrero,2024-02,Febrero
RF-17,Villaverde,2024,2,57.1,56.4,49.4,55.6,64.7,57.6,51.4,43.1,39.5,2024-02-01,Febrero,2024-02,Febrero
RF-18,General Ricardos ubicación antigua,2024,2,56.8,55.6,49.1,55.2,64.6,56.8,49.9,43.9,43.2,2024-02-01,Febrero,2024-02,Febrero
RF-16,Arturo Soria,2024,2,61.8,59.8,54.8,60.1,67.3,62.4,56.3,42.6,37.9,2024-02-01,Febrero,2024-02,Febrero
RF-01,Paseo de Recoletos,2024,2,66.4,65.2,62.9,65.3,72.6,67.8,61.8,53.9,47.9,2024-02-01,Febrero,2024-02,Febrero
RF-50,Plaza de Castilla,2024,2,66.8,66.6,62.8,65.8,72.3,67.3,63.6,55.8,49.3,2024-02-01,Febrero,2024-02,Febrero
RF-03,Plaza del Carmen,2024,2,64.0,61.6,59.1,62.5,71.8,64.2,57.5,51.3,48.2,2024-02-01,Febrero,2024-02,Febrero
RF-20,Avenida de Moratalaz,2024,2,62.0,62.0,55.5,60.7,68.7,63.0,55.9,43.9,39.2,2024-02-01,Febrero,2024-02,Febrero
RF-25,Santa Eugenia,2024,2,69.6,68.9,64.7,68.3,72.5,70.4,68.3,60.3,52.3,2024-02-01,Febrero,2024-02,Febrero
RF-08,Escuelas Aguirre,2024,2,67.2,66.4,63.4,66.2,73.8,68.8,63.0,56.1,47.3,2024-02-01,Febrero,2024-02,Febrero
RF-86,Tres Olivos,2024,2,57.1,54.6,49.6,55.3,64.6,58.1,49.5,38.6,35.6,2024-02-01,Febrero,2024-02,Febrero
RF-47,Mendez Álvaro,2024,2,58.9,54.8,50.2,56.8,66.7,54.9,48.4,42.5,40.8,2024-02-01,Febrero,2024-02,Febrero
RF-04,Plaza de España,2024,2,64.7,63.2,59.7,63.3,72.4,63.8,60.0,54.5,50.1,2024-02-01,Febrero,2024-02,Febrero
RF-14,Plaza Elíptica,2024,2,64.4,63.7,58.8,63.1,69.9,64.3,60.8,53.6,48.0,2024-02-01,Febrero,2024-02,Febrero
RF-26,Embajada,2024,2,63.6,62.0,58.9,62.2,69.1,65.3,60.3,53.3,45.5,2024-02-01,Febrero,2024-02,Febrero
RF-13,Vallecas,2024,2,61.1,56.9,50.0,58.8,66.0,58.7,51.5,41.4,38.8,2024-02-01,Febrero,2024-02,Febrero
RF-30,Campo de las Naciones,2024,2,59.6,57.9,52.5,57.9,65.3,60.7,55.8,45.3,41.9,2024-02-01,Febrero,2024-02,Febrero
RF-12,Manuel Becerra,2024,2,64.1,63.4,58.0,62.8,70.6,64.0,59.7,51.7,46.1,2024-02-01,Febrero,2024-02,Febrero
RF-11,Ramón y Cajal,2024,2,70.4,69.9,63.7,69.0,75.5,71.5,66.3,51.4,43.0,2024-02-01,Febrero,2024-02,Febrero
RF-28,Cuatro Vientos,2024,2,64.9,63.3,57.6,63.2,71.5,67.1,58.9,42.2,37.1,2024-02-01,Febrero,2024-02,Febrero
RF-06,Gregorio Marañón,2024,2,70.2,69.4,65.6,69.0,76.6,71.9,65.6,57.6,50.8,2024-02-01,Febrero,2024-02,Febrero
RF-29,El Pardo,2024,2,58.4,56.0,50.5,56.6,65.7,60.6,50.2,34.1,30.2,2024-02-01,Febrero,2024-02,Febrero
RF-31,Sanchinarro,2024,2,64.7,64.2,54.5,63.0,74.0,66.9,55.3,45.0,42.3,2024-02-01,Febrero,2024-02,Febrero
RF-27,Barajas Pueblo,2024,2,61.4,60.8,55.7,60.1,70.4,63.6,53.7,44.3,38.8,2024-02-01,Febrero,2024-02,Febrero
RF-05,Barrio del Pilar,2024,2,61.9,61.5,53.9,60.3,67.6,63.3,57.7,44.8,38.8,2024-02-01,Febrero,2024-02,Febrero
RF-10,Cuatro Caminos,2024,2,65.0,64.4,59.0,63.6,72.2,66.7,59.1,46.7,41.9,2024-02-01,Febrero,2024-02,Febrero
RF-48,Castellana,2024,2,60.8,60.1,56.9,59.7,66.2,62.1,58.3,50.3,44.3,2024-02-01,Febrero,2024-02,Febrero
RF-17,Villaverde,2024,3,57.8,58.7,50.1,56.6,65.7,58.5,51.3,42.2,37.9,2024-03-01,Marzo,2024-03,Marzo
RF-26,Embajada,2024,3,63.7,62.5,59.5,62.4,69.5,65.6,60.6,53.9,46.2,2024-03-01,Marzo,2024-03,Marzo
RF-30,Campo de las Naciones,2024,3,59.5,58.3,53.0,58.0,65.5,60.6,55.8,45.1,41.3,2024-03-01,Marzo,2024-03,Marzo
RF-04,Plaza de España,2024,3,63.6,62.9,59.8,62.5,71.8,63.3,59.9,54.4,50.1,2024-03-01,Marzo,2024-03,Marzo
RF-47,Mendez Álvaro,2024,3,56.6,55.3,50.9,55.2,66.2,55.0,49.0,42.6,40.5,2024-03-01,Marzo,2024-03,Marzo
RF-14,Plaza Elíptica,2024,3,64.2,63.4,59.5,63.0,69.3,64.3,61.0,54.1,48.6,2024-03-01,Marzo,2024-03,Marzo
RF-12,Manuel Becerra,2024,3,66.4,63.5,58.6,64.5,72.7,64.4,59.7,51.8,46.3,2024-03-01,Marzo,2024-03,Marzo
RF-16,Arturo Soria,2024,3,61.0,60.3,54.9,59.6,67.1,62.2,55.7,42.3,37.7,2024-03-01,Marzo,2024-03,Marzo
RF-03,Plaza del Carmen,2024,3,63.8,62.7,59.0,62.5,71.9,64.4,58.0,51.6,48.3,2024-03-01,Marzo,2024-03,Marzo
RF-13,Vallecas,2024,3,57.3,57.1,50.4,56.0,64.3,58.2,51.1,41.6,38.8,2024-03-01,Marzo,2024-03,Marzo
RF-54,Ensanche de Vallecas,2024,3,61.1,60.8,54.3,59.8,67.3,63.0,57.1,44.5,41.8,2024-03-01,Marzo,2024-03,Marzo
RF-86,Tres Olivos,2024,3,56.5,54.4,49.9,54.8,64.1,57.5,49.0,38.9,36.0,2024-03-01,Marzo,2024-03,Marzo
RF-10,Cuatro Caminos,2024,3,64.7,64.2,59.0,63.4,71.8,66.1,58.4,47.0,41.0,2024-03-01,Marzo,2024-03,Marzo
RF-55,Urb Embajada 2,2024,3,56.3,54.7,50.5,54.8,63.7,57.5,51.1,44.7,42.1,2024-03-01,Marzo,2024-03,Marzo
RF-06,Gregorio Marañón,2024,3,70.2,69.2,65.8,69.0,76.7,71.7,65.3,57.6,50.9,2024-03-01,Marzo,2024-03,Marzo
RF-29,El Pardo,2024,3,57.8,56.3,50.7,56.4,65.6,60.2,49.8,34.8,31.1,2024-03-01,Marzo,2024-03,Marzo
RF-28,Cuatro Vientos,2024,3,65.3,63.6,58.1,63.6,72.2,67.2,58.8,42.4,37.0,2024-03-01,Marzo,2024-03,Marzo
RF-25,Santa Eugenia,2024,3,69.8,69.3,65.2,68.7,72.7,70.9,68.6,61.1,53.3,2024-03-01,Marzo,2024-03,Marzo
RF-50,Plaza de Castilla,2024,3,66.7,66.2,62.2,65.5,72.1,67.1,63.1,55.5,49.5,2024-03-01,Marzo,2024-03,Marzo
RF-18,General Ricardos ubicación antigua,2024,3,57.3,56.3,50.2,55.8,65.3,56.9,49.7,43.6,42.9,2024-03-01,Marzo,2024-03,Marzo
RF-24,Casa de Campo,2024,3,51.4,48.8,45.3,49.7,57.9,51.1,45.5,42.3,41.5,2024-03-01,Marzo,2024-03,Marzo
RF-27,Barajas Pueblo,2024,3,61.1,60.3,55.6,59.7,70.4,63.1,52.7,43.6,38.1,2024-03-01,Marzo,2024-03,Marzo
RF-20,Avenida de Moratalaz,2024,3,61.2,60.7,54.9,59.8,68.5,62.5,55.4,44.3,39.0,2024-03-01,Marzo,2024-03,Marzo
RF-31,Sanchinarro,2024,3,64.2,63.8,54.4,62.6,73.8,66.1,54.4,45.0,42.1,2024-03-01,Marzo,2024-03,Marzo
RF-48,Castellana,2024,3,60.9,60.1,56.3,59.7,66.1,62.0,58.1,50.3,44.2,2024-03-01,Marzo,2024-03,Marzo
RF-08,Escuelas Aguirre,2024,3,66.9,66.2,63.8,65.9,73.7,68.8,63.1,56.0,46.9,2024-03-01,Marzo,2024-03,Marzo
RF-05,Barrio del Pilar,2024,3,62.0,61.4,54.6,60.5,67.9,63.1,57.4,44.9,38.7,2024-03-01,Marzo,2024-03,Marzo
RF-01,Paseo de Recoletos,2024,3,69.2,65.5,63.3,67.3,72.8,67.7,61.4,53.7,48.0,2024-03-01,Marzo,2024-03,Marzo
RF-11,Ramón y Cajal,2024,3,69.7,69.3,63.6,68.4,75.1,71.2,65.5,51.1,42.2,2024-03-01,Marzo,2024-03,Marzo
RF-19,Alto de Extremadura,2024,3,60.3,59.3,53.8,58.8,67.1,61.3,54.8,44.8,39.1,2024-03-01,Marzo,2024-03,Marzo
RF-02,Carlos V,2024,3,70.0,70.2,65.8,69.0,75.7,69.6,65.4,59.7,55.1,2024-03-01,Marzo,2024-03,Marzo
RF-86,Tres Olivos,2024,4,57.0,54.4,47.6,55.0,64.1,57.5,48.7,36.9,34.8,2024-04-01,Abril,2024-04,Abril
RF-12,Manuel Becerra,2024,4,65.6,63.9,58.2,63.9,71.4,64.1,59.5,51.0,45.2,2024-04-01,Abril,2024-04,Abril
RF-11,Ramón y Cajal,2024,4,70.1,69.0,63.0,68.5,75.1,71.0,66.0,50.3,40.7,2024-04-01,Abril,2024-04,Abril
RF-14,Plaza Elíptica,2024,4,65.1,64.1,58.6,63.6,70.6,63.8,60.2,53.1,47.2,2024-04-01,Abril,2024-04,Abril
RF-03,Plaza del Carmen,2024,4,67.3,63.1,58.7,65.2,74.5,65.4,57.8,50.8,47.3,2024-04-01,Abril,2024-04,Abril
RF-02,Carlos V,2024,4,68.5,67.9,65.1,67.5,75.3,69.0,64.9,58.8,53.8,2024-04-01,Abril,2024-04,Abril
RF-13,Vallecas,2024,4,64.7,64.0,52.4,62.9,65.8,58.8,51.6,41.3,38.5,2024-04-01,Abril,2024-04,Abril
RF-18,General Ricardos ubicación antigua,2024,4,61.8,57.8,49.9,59.5,68.0,59.0,50.5,43.1,41.7,2024-04-01,Abril,2024-04,Abril
RF-08,Escuelas Aguirre,2024,4,66.5,66.0,62.2,65.4,73.1,68.2,62.4,55.1,45.6,2024-04-01,Abril,2024-04,Abril
RF-10,Cuatro Caminos,2024,4,64.5,64.0,58.5,63.2,71.8,66.0,58.2,46.2,40.0,2024-04-01,Abril,2024-04,Abril
RF-01,Paseo de Recoletos,2024,4,65.6,65.0,61.3,64.5,72.1,66.9,61.0,52.9,47.1,2024-04-01,Abril,2024-04,Abril
RF-06,Gregorio Marañón,2024,4,70.2,68.9,64.9,68.8,76.9,71.2,64.9,57.0,50.0,2024-04-01,Abril,2024-04,Abril
RF-31,Sanchinarro,2024,4,63.6,63.4,53.9,62.0,73.1,65.9,53.3,43.5,41.0,2024-04-01,Abril,2024-04,Abril
RF-28,Cuatro Vientos,2024,4,64.4,62.8,56.7,62.7,71.4,66.4,57.9,39.3,33.7,2024-04-01,Abril,2024-04,Abril
RF-54,Ensanche de Vallecas,2024,4,60.3,60.3,53.5,59.0,66.2,62.3,56.4,43.9,41.3,2024-04-01,Abril,2024-04,Abril
RF-16,Arturo Soria,2024,4,61.3,59.3,53.4,59.5,66.9,61.1,54.9,40.7,36.1,2024-04-01,Abril,2024-04,Abril
RF-29,El Pardo,2024,4,58.1,56.4,50.5,56.4,65.4,59.9,50.0,33.8,30.3,2024-04-01,Abril,2024-04,Abril
RF-48,Castellana,2024,4,60.3,60.1,55.3,59.1,66.3,61.4,57.2,49.2,43.1,2024-04-01,Abril,2024-04,Abril
RF-27,Barajas Pueblo,2024,4,60.9,59.9,55.0,59.5,69.8,63.1,53.2,43.7,37.9,2024-04-01,Abril,2024-04,Abril
RF-50,Plaza de Castilla,2024,4,66.5,65.3,62.3,65.3,72.3,66.5,62.7,55.5,49.5,2024-04-01,Abril,2024-04,Abril
RF-05,Barrio del Pilar,2024,4,61.6,61.8,53.7,60.2,67.5,62.8,57.1,43.9,37.8,2024-04-01,Abril,2024-04,Abril
RF-04,Plaza de España,2024,4,63.4,63.2,59.0,62.3,72.1,63.1,59.7,53.8,49.2,2024-04-01,Abril,2024-04,Abril
RF-55,Urb Embajada 2,2024,4,55.8,54.3,50.4,54.4,63.2,57.0,50.7,44.7,41.0,2024-04-01,Abril,2024-04,Abril
RF-20,Avenida de Moratalaz,2024,4,61.1,61.6,53.9,59.9,68.3,62.3,55.6,43.2,38.2,2024-04-01,Abril,2024-04,Abril
RF-24,Casa de Campo,2024,4,49.8,47.2,43.8,48.1,57.2,50.3,44.6,41.1,40.5,2024-04-01,Abril,2024-04,Abril
RF-30,Campo de las Naciones,2024,4,59.1,57.9,52.2,57.5,65.4,60.0,55.1,43.9,40.1,2024-04-01,Abril,2024-04,Abril
RF-17,Villaverde,2024,4,58.6,62.4,56.5,59.0,67.6,60.6,52.4,40.6,36.6,2024-04-01,Abril,2024-04,Abril
RF-47,Mendez Álvaro,2024,4,57.4,55.9,50.6,55.7,66.9,55.3,48.1,39.2,36.9,2024-04-01,Abril,2024-04,Abril
RF-25,Santa Eugenia,2024,4,68.9,68.4,64.5,67.8,71.8,69.8,67.7,60.4,52.7,2024-04-01,Abril,2024-04,Abril
RF-19,Alto de Extremadura,2024,4,60.7,58.9,53.2,59.0,67.1,60.8,54.2,43.1,36.5,2024-04-01,Abril,2024-04,Abril
RF-26,Embajada,2024,4,62.6,61.3,58.4,61.3,68.2,64.6,59.5,54.0,47.4,2024-04-01,Abril,2024-04,Abril
RF-13,Vallecas,2024,5,57.5,57.3,50.2,56.1,64.4,57.8,50.8,40.8,37.8,2024-05-01,Mayo,2024-05,Mayo
RF-86,Tres Olivos,2024,5,56.0,54.5,56.1,55.8,63.5,57.0,48.0,36.8,34.1,2024-05-01,Mayo,2024-05,Mayo
RF-50,Plaza de Castilla,2024,5,66.5,65.5,62.3,65.3,72.0,66.2,62.3,55.2,48.8,2024-05-01,Mayo,2024-05,Mayo
RF-54,Ensanche de Vallecas,2024,5,60.7,59.3,53.1,59.0,66.2,61.6,55.4,42.9,39.8,2024-05-01,Mayo,2024-05,Mayo
RF-05,Barrio del Pilar,2024,5,61.2,61.4,53.7,59.8,67.2,62.3,56.8,43.9,37.5,2024-05-01,Mayo,2024-05,Mayo
RF-29,El Pardo,2024,5,57.7,55.9,51.2,56.1,65.0,59.3,49.6,34.5,29.4,2024-05-01,Mayo,2024-05,Mayo
RF-02,Carlos V,2024,5,68.9,68.7,65.1,67.9,76.1,68.9,64.8,58.9,53.8,2024-05-01,Mayo,2024-05,Mayo
RF-47,Mendez Álvaro,2024,5,55.8,56.2,50.6,54.8,66.0,55.1,48.3,39.5,37.2,2024-05-01,Mayo,2024-05,Mayo
RF-04,Plaza de España,2024,5,63.5,64.1,59.4,62.6,72.2,63.6,59.8,54.1,49.7,2024-05-01,Mayo,2024-05,Mayo
RF-10,Cuatro Caminos,2024,5,64.4,64.2,58.7,63.1,71.4,65.4,57.4,46.2,40.0,2024-05-01,Mayo,2024-05,Mayo
RF-26,Embajada,2024,5,62.0,60.9,58.0,60.8,67.9,64.0,59.0,53.6,46.4,2024-05-01,Mayo,2024-05,Mayo
RF-20,Avenida de Moratalaz,2024,5,61.3,61.5,53.8,60.0,68.1,61.7,54.7,43.9,38.2,2024-05-01,Mayo,2024-05,Mayo
RF-11,Ramón y Cajal,2024,5,69.8,69.1,63.2,68.3,75.0,70.5,65.3,50.5,40.9,2024-05-01,Mayo,2024-05,Mayo
RF-18,General Ricardos ubicación antigua,2024,5,59.8,58.4,57.0,58.8,66.1,58.1,50.9,43.5,41.9,2024-05-01,Mayo,2024-05,Mayo
RF-16,Arturo Soria,2024,5,60.0,59.4,53.1,58.6,66.2,60.6,54.3,40.4,35.5,2024-05-01,Mayo,2024-05,Mayo
RF-01,Paseo de Recoletos,2024,5,64.4,64.4,61.7,63.7,71.4,66.0,60.6,52.7,46.8,2024-05-01,Mayo,2024-05,Mayo
RF-08,Escuelas Aguirre,2024,5,66.5,66.5,62.4,65.5,73.3,67.9,62.1,55.4,46.5,2024-05-01,Mayo,2024-05,Mayo
RF-27,Barajas Pueblo,2024,5,60.5,60.2,54.9,59.2,69.7,62.4,52.0,43.1,36.8,2024-05-01,Mayo,2024-05,Mayo
RF-14,Plaza Elíptica,2024,5,64.2,63.0,58.5,62.7,70.7,63.8,59.6,52.8,47.1,2024-05-01,Mayo,2024-05,Mayo
RF-12,Manuel Becerra,2024,5,64.3,64.6,58.4,63.1,71.4,64.2,59.3,51.3,46.1,2024-05-01,Mayo,2024-05,Mayo
RF-03,Plaza del Carmen,2024,5,65.5,61.8,57.1,63.4,72.1,62.7,56.3,50.8,47.8,2024-05-01,Mayo,2024-05,Mayo
RF-24,Casa de Campo,2024,5,54.8,47.0,43.7,52.2,55.9,49.6,44.0,40.7,40.1,2024-05-01,Mayo,2024-05,Mayo
RF-25,Santa Eugenia,2024,5,69.4,68.1,64.2,68.0,72.5,70.0,67.2,60.1,52.2,2024-05-01,Mayo,2024-05,Mayo
RF-31,Sanchinarro,2024,5,62.9,63.1,54.0,61.5,72.7,65.2,52.5,43.5,41.0,2024-05-01,Mayo,2024-05,Mayo
RF-30,Campo de las Naciones,2024,5,58.4,57.4,50.7,56.8,64.7,59.2,54.3,42.5,38.8,2024-05-01,Mayo,2024-05,Mayo
RF-48,Castellana,2024,5,59.8,59.1,55.5,58.7,65.9,60.7,56.8,49.5,43.0,2024-05-01,Mayo,2024-05,Mayo
RF-55,Urb Embajada 2,2024,5,56.0,54.2,49.6,54.4,62.9,56.2,49.4,43.6,40.0,2024-05-01,Mayo,2024-05,Mayo
RF-06,Gregorio Marañón,2024,5,69.5,69.0,65.2,68.4,76.4,70.7,64.5,56.8,49.8,2024-05-01,Mayo,2024-05,Mayo
RF-19,Alto de Extremadura,2024,5,59.3,59.4,52.7,58.0,66.6,60.4,53.9,43.4,36.9,2024-05-01,Mayo,2024-05,Mayo
RF-28,Cuatro Vientos,2024,5,63.9,62.8,56.6,62.3,71.1,65.8,57.4,39.5,33.2,2024-05-01,Mayo,2024-05,Mayo
RF-17,Villaverde,2024,5,57.9,62.5,53.5,58.3,67.8,60.4,52.3,40.9,36.7,2024-05-01,Mayo,2024-05,Mayo
RF-05,Barrio del Pilar,2024,6,61.1,62.4,54.0,60.1,67.5,62.6,57.2,44.4,37.9,2024-06-01,Junio,2024-06,Junio
RF-02,Carlos V,2024,6,68.7,68.9,66.7,68.2,76.0,69.0,64.9,59.1,54.2,2024-06-01,Junio,2024-06,Junio
RF-27,Barajas Pueblo,2024,6,60.5,59.1,55.3,59.1,69.5,62.5,52.6,43.5,37.4,2024-06-01,Junio,2024-06,Junio
RF-17,Villaverde,2024,6,58.4,63.1,52.5,58.7,68.4,61.2,52.9,41.0,36.2,2024-06-01,Junio,2024-06,Junio
RF-54,Ensanche de Vallecas,2024,6,59.7,59.8,53.4,58.4,65.8,61.5,55.5,43.1,40.0,2024-06-01,Junio,2024-06,Junio
RF-50,Plaza de Castilla,2024,6,66.7,66.2,63.0,65.7,72.8,66.5,62.6,55.7,49.6,2024-06-01,Junio,2024-06,Junio
RF-47,Mendez Álvaro,2024,6,56.6,56.7,50.5,55.4,66.6,54.9,48.2,41.8,40.0,2024-06-01,Junio,2024-06,Junio
RF-30,Campo de las Naciones,2024,6,59.7,58.9,54.3,58.3,66.1,60.7,56.1,44.0,39.9,2024-06-01,Junio,2024-06,Junio
RF-14,Plaza Elíptica,2024,6,64.4,63.5,59.3,63.1,70.1,63.7,59.9,53.5,47.9,2024-06-01,Junio,2024-06,Junio
RF-25,Santa Eugenia,2024,6,68.8,68.2,64.7,67.7,72.0,69.7,67.5,61.0,53.7,2024-06-01,Junio,2024-06,Junio
RF-48,Castellana,2024,6,59.7,59.3,55.8,58.7,66.0,60.8,56.8,49.4,43.1,2024-06-01,Junio,2024-06,Junio
RF-55,Urb Embajada 2,2024,6,56.1,55.0,50.6,54.7,63.7,57.2,50.8,44.1,40.5,2024-06-01,Junio,2024-06,Junio
RF-26,Embajada,2024,6,62.2,61.2,58.3,61.1,67.9,64.2,59.3,54.2,48.1,2024-06-01,Junio,2024-06,Junio
RF-11,Ramón y Cajal,2024,6,69.7,69.3,63.7,68.4,75.2,70.8,65.7,51.1,42.1,2024-06-01,Junio,2024-06,Junio
RF-18,General Ricardos ubicación antigua,2024,6,57.7,59.5,51.4,56.9,65.6,57.4,50.2,43.5,41.6,2024-06-01,Junio,2024-06,Junio
RF-20,Avenida de Moratalaz,2024,6,60.9,60.5,54.7,59.5,68.1,61.8,54.9,44.5,38.4,2024-06-01,Junio,2024-06,Junio
RF-31,Sanchinarro,2024,6,63.0,63.5,53.9,61.6,72.7,65.4,52.5,43.2,40.7,2024-06-01,Junio,2024-06,Junio
RF-19,Alto de Extremadura,2024,6,60.0,59.7,53.3,58.6,66.6,60.3,53.8,43.3,36.4,2024-06-01,Junio,2024-06,Junio
RF-06,Gregorio Marañón,2024,6,69.6,69.2,66.9,68.8,76.6,71.0,64.5,56.8,49.9,2024-06-01,Junio,2024-06,Junio
RF-28,Cuatro Vientos,2024,6,64.9,63.2,56.8,63.1,71.9,66.4,58.5,40.6,33.4,2024-06-01,Junio,2024-06,Junio
RF-24,Casa de Campo,2024,6,49.6,49.1,44.3,48.3,55.2,50.1,44.9,40.9,40.2,2024-06-01,Junio,2024-06,Junio
RF-08,Escuelas Aguirre,2024,6,66.5,67.7,63.1,65.9,74.3,68.2,62.3,55.9,47.9,2024-06-01,Junio,2024-06,Junio
RF-12,Manuel Becerra,2024,6,64.7,64.0,59.5,63.4,71.5,64.1,59.4,51.4,46.0,2024-06-01,Junio,2024-06,Junio
RF-29,El Pardo,2024,6,58.6,59.3,52.9,57.6,66.4,60.0,50.2,35.7,30.2,2024-06-01,Junio,2024-06,Junio
RF-13,Vallecas,2024,6,58.4,59.5,50.8,57.3,65.4,58.3,51.5,41.7,38.1,2024-06-01,Junio,2024-06,Junio
RF-04,Plaza de España,2024,6,64.6,66.8,60.8,64.3,73.8,64.9,60.1,55.4,51.7,2024-06-01,Junio,2024-06,Junio
RF-03,Plaza del Carmen,2024,6,68.3,60.8,57.7,65.8,74.7,64.1,57.0,51.7,49.0,2024-06-01,Junio,2024-06,Junio
RF-86,Tres Olivos,2024,6,55.5,55.2,48.8,54.1,63.6,56.9,47.5,36.3,34.0,2024-06-01,Junio,2024-06,Junio
RF-16,Arturo Soria,2024,6,60.3,59.5,53.5,58.8,66.2,60.9,54.8,41.2,35.6,2024-06-01,Junio,2024-06,Junio
RF-10,Cuatro Caminos,2024,6,64.2,64.0,59.0,63.0,71.6,65.6,57.7,46.9,41.7,2024-06-01,Junio,2024-06,Junio
RF-01,Paseo de Recoletos,2024,6,64.5,65.3,62.7,64.1,71.4,66.4,60.9,53.5,48.3,2024-06-01,Junio,2024-06,Junio
RF-27,Barajas Pueblo,2024,7,60.7,58.8,55.1,59.1,69.3,61.9,51.7,43.1,37.8,2024-07-01,Julio,2024-07,Julio
RF-05,Barrio del Pilar,2024,7,61.0,62.2,54.0,59.9,67.5,62.4,56.8,44.4,38.9,2024-07-01,Julio,2024-07,Julio
RF-17,Villaverde,2024,7,57.9,61.7,53.2,57.9,67.4,60.2,52.3,42.3,38.5,2024-07-01,Julio,2024-07,Julio
RF-11,Ramón y Cajal,2024,7,69.0,68.4,63.0,67.6,74.6,70.1,64.6,50.2,41.7,2024-07-01,Julio,2024-07,Julio
RF-16,Arturo Soria,2024,7,59.5,59.0,53.6,58.2,65.9,60.5,54.1,41.5,36.1,2024-07-01,Julio,2024-07,Julio
RF-24,Casa de Campo,2024,7,51.2,48.9,44.1,49.4,56.1,51.4,46.2,41.2,40.2,2024-07-01,Julio,2024-07,Julio
RF-29,El Pardo,2024,7,57.1,56.1,51.8,55.8,65.0,59.4,49.9,35.7,30.5,2024-07-01,Julio,2024-07,Julio
RF-30,Campo de las Naciones,2024,7,58.2,57.9,51.9,56.8,64.9,59.0,54.8,44.4,40.9,2024-07-01,Julio,2024-07,Julio
RF-86,Tres Olivos,2024,7,55.0,53.5,46.9,53.2,63.0,55.8,45.7,37.3,35.7,2024-07-01,Julio,2024-07,Julio
RF-55,Urb Embajada 2,2024,7,57.5,56.2,51.8,56.0,63.7,57.6,50.8,44.2,41.2,2024-07-01,Julio,2024-07,Julio
RF-50,Plaza de Castilla,2024,7,66.4,65.8,62.3,65.3,72.2,66.0,62.1,55.2,49.5,2024-07-01,Julio,2024-07,Julio
RF-47,Mendez Álvaro,2024,7,55.1,54.8,49.3,53.8,65.2,53.6,47.1,41.7,40.2,2024-07-01,Julio,2024-07,Julio
RF-06,Gregorio Marañón,2024,7,68.6,68.0,65.5,67.7,75.8,70.0,63.6,56.0,49.1,2024-07-01,Julio,2024-07,Julio
RF-01,Paseo de Recoletos,2024,7,64.0,67.1,65.6,65.2,71.9,66.4,60.8,53.8,48.1,2024-07-01,Julio,2024-07,Julio
RF-08,Escuelas Aguirre,2024,7,66.0,69.6,63.4,66.2,74.4,67.6,61.8,55.4,48.2,2024-07-01,Julio,2024-07,Julio
RF-12,Manuel Becerra,2024,7,63.5,63.9,58.5,62.5,70.2,63.2,58.6,50.8,45.6,2024-07-01,Julio,2024-07,Julio
RF-13,Vallecas,2024,7,57.6,58.0,52.4,56.5,64.7,57.8,51.1,42.7,39.0,2024-07-01,Julio,2024-07,Julio
RF-03,Plaza del Carmen,2024,7,71.7,59.8,58.2,68.9,76.0,62.7,56.4,52.6,50.6,2024-07-01,Julio,2024-07,Julio
RF-02,Carlos V,2024,7,68.3,73.0,66.0,69.0,76.5,68.9,64.4,58.8,53.9,2024-07-01,Julio,2024-07,Julio
RF-20,Avenida de Moratalaz,2024,7,60.5,60.3,55.2,59.3,67.4,61.3,54.7,44.1,38.6,2024-07-01,Julio,2024-07,Julio
RF-28,Cuatro Vientos,2024,7,64.4,63.1,57.1,62.7,72.0,65.8,57.9,41.7,34.8,2024-07-01,Julio,2024-07,Julio
RF-04,Plaza de España,2024,7,67.8,74.7,70.2,70.6,74.1,65.9,59.7,54.8,50.8,2024-07-01,Julio,2024-07,Julio
RF-31,Sanchinarro,2024,7,62.2,62.6,53.0,60.8,72.1,64.3,51.3,43.4,40.8,2024-07-01,Julio,2024-07,Julio
RF-10,Cuatro Caminos,2024,7,66.4,61.9,58.5,64.3,71.4,64.3,56.7,46.3,39.8,2024-07-01,Julio,2024-07,Julio
RF-18,General Ricardos ubicación antigua,2024,7,57.2,57.9,50.3,56.0,65.3,57.9,50.5,43.6,41.8,2024-07-01,Julio,2024-07,Julio
RF-54,Ensanche de Vallecas,2024,7,58.5,58.4,52.5,57.2,65.3,60.5,54.2,42.7,39.5,2024-07-01,Julio,2024-07,Julio
RF-48,Castellana,2024,7,59.0,58.9,55.1,58.0,65.2,59.9,56.4,48.9,43.0,2024-07-01,Julio,2024-07,Julio
RF-19,Alto de Extremadura,2024,7,59.2,58.5,54.6,58.0,66.7,60.2,53.7,46.0,40.6,2024-07-01,Julio,2024-07,Julio
RF-25,Santa Eugenia,2024,7,68.5,67.9,64.2,67.3,71.6,69.5,67.3,60.3,52.8,2024-07-01,Julio,2024-07,Julio
RF-26,Embajada,2024,7,61.6,60.8,57.9,60.5,67.4,63.6,58.9,54.1,48.6,2024-07-01,Julio,2024-07,Julio
RF-14,Plaza Elíptica,2024,7,63.8,63.4,59.3,62.6,70.2,63.7,59.9,53.9,48.3,2024-07-01,Julio,2024-07,Julio
RF-31,Sanchinarro,2024,8,60.8,61.5,52.0,59.5,71.5,62.2,49.5,43.1,54.0,2024-08-01,Agosto,2024-08,Agosto
RF-16,Arturo Soria,2024,8,58.8,58.5,52.9,57.5,65.5,60.0,52.8,40.9,51.2,2024-08-01,Agosto,2024-08,Agosto
RF-08,Escuelas Aguirre,2024,8,64.9,64.2,60.9,63.8,72.2,66.1,60.7,52.8,60.5,2024-08-01,Agosto,2024-08,Agosto
RF-48,Castellana,2024,8,58.2,57.9,53.1,57.0,63.4,58.6,54.6,46.1,53.6,2024-08-01,Agosto,2024-08,Agosto
RF-06,Gregorio Marañón,2024,8,67.2,66.6,62.6,66.0,73.9,68.7,62.3,52.6,61.2,2024-08-01,Agosto,2024-08,Agosto
RF-02,Carlos V,2024,8,67.4,67.2,63.8,66.5,74.4,67.7,63.3,57.1,65.8,2024-08-01,Agosto,2024-08,Agosto
RF-11,Ramón y Cajal,2024,8,67.5,66.2,60.7,65.9,73.9,68.8,61.3,46.3,56.0,2024-08-01,Agosto,2024-08,Agosto
RF-05,Barrio del Pilar,2024,8,59.8,61.8,53.6,59.1,66.8,61.9,55.9,44.1,52.5,2024-08-01,Agosto,2024-08,Agosto
RF-29,El Pardo,2024,8,57.0,57.4,50.5,55.8,64.8,58.5,47.3,34.6,45.0,2024-08-01,Agosto,2024-08,Agosto
RF-28,Cuatro Vientos,2024,8,63.0,62.3,56.1,61.5,71.1,64.7,56.3,39.2,49.7,2024-08-01,Agosto,2024-08,Agosto
RF-01,Paseo de Recoletos,2024,8,63.2,62.8,60.2,62.3,69.9,65.0,58.6,50.0,58.8,2024-08-01,Agosto,2024-08,Agosto
RF-12,Manuel Becerra,2024,8,62.4,61.9,57.2,61.1,68.8,62.1,57.3,49.0,57.9,2024-08-01,Agosto,2024-08,Agosto
RF-13,Vallecas,2024,8,57.3,57.6,51.2,56.1,64.4,57.0,50.1,43.0,53.6,2024-08-01,Agosto,2024-08,Agosto
RF-03,Plaza del Carmen,2024,8,67.9,59.2,57.7,65.3,72.8,62.2,55.7,51.2,59.6,2024-08-01,Agosto,2024-08,Agosto
RF-20,Avenida de Moratalaz,2024,8,68.5,60.3,52.8,65.8,70.3,61.8,55.0,43.4,53.7,2024-08-01,Agosto,2024-08,Agosto
RF-86,Tres Olivos,2024,8,53.0,52.6,45.7,51.4,61.7,53.7,43.1,37.5,48.8,2024-08-01,Agosto,2024-08,Agosto
RF-10,Cuatro Caminos,2024,8,61.1,60.6,55.6,59.8,68.0,60.9,54.5,45.3,54.6,2024-08-01,Agosto,2024-08,Agosto
RF-14,Plaza Elíptica,2024,8,62.7,63.4,59.0,61.9,68.8,63.1,59.3,52.1,60.5,2024-08-01,Agosto,2024-08,Agosto
RF-18,General Ricardos ubicación antigua,2024,8,59.6,57.4,50.7,57.7,67.2,57.2,48.5,43.5,53.2,2024-08-01,Agosto,2024-08,Agosto
RF-19,Alto de Extremadura,2024,8,60.4,58.3,53.9,58.7,67.7,60.1,52.4,44.3,54.2,2024-08-01,Agosto,2024-08,Agosto
RF-47,Mendez Álvaro,2024,8,57.2,55.0,49.1,55.3,66.1,54.9,46.6,41.0,51.0,2024-08-01,Agosto,2024-08,Agosto
RF-25,Santa Eugenia,2024,8,68.7,67.9,64.1,67.5,72.1,69.7,67.2,58.5,61.9,2024-08-01,Agosto,2024-08,Agosto
RF-54,Ensanche de Vallecas,2024,8,57.3,58.1,52.1,56.4,64.6,59.6,53.0,42.9,52.7,2024-08-01,Agosto,2024-08,Agosto
RF-26,Embajada,2024,8,60.8,60.2,57.7,59.9,67.2,62.9,58.2,52.5,57.1,2024-08-01,Agosto,2024-08,Agosto
RF-04,Plaza de España,2024,8,63.0,64.0,59.5,62.3,71.4,63.2,58.8,52.8,60.6,2024-08-01,Agosto,2024-08,Agosto
RF-17,Villaverde,2024,8,57.4,61.3,52.4,57.5,67.3,59.6,50.7,42.3,52.5,2024-08-01,Agosto,2024-08,Agosto
RF-55,Urb Embajada 2,2024,8,54.4,54.0,49.3,53.2,62.1,55.9,49.4,43.5,51.9,2024-08-01,Agosto,2024-08,Agosto
RF-24,Casa de Campo,2024,8,49.8,47.2,43.4,48.0,53.6,49.0,43.9,41.3,49.7,2024-08-01,Agosto,2024-08,Agosto
RF-30,Campo de las Naciones,2024,8,57.1,57.7,52.1,56.1,64.0,58.2,54.3,42.8,52.5,2024-08-01,Agosto,2024-08,Agosto
RF-50,Plaza de Castilla,2024,8,65.2,64.7,60.3,64.0,70.6,65.0,60.6,52.5,61.1,2024-08-01,Agosto,2024-08,Agosto
RF-27,Barajas Pueblo,2024,8,60.0,58.2,54.8,58.5,68.9,60.6,50.3,42.0,50.7,2024-08-01,Agosto,2024-08,Agosto
RF-11,Ramón y Cajal,2024,9,69.9,69.5,65.1,68.7,75.6,71.0,66.0,50.7,41.7,2024-09-01,Septiembre,2024-09,Septiembre
RF-12,Manuel Becerra,2024,9,64.1,64.2,58.4,62.9,71.1,63.9,59.4,51.4,46.7,2024-09-01,Septiembre,2024-09,Septiembre
RF-24,Casa de Campo,2024,9,50.2,46.9,43.6,48.3,55.4,49.4,43.7,41.1,40.5,2024-09-01,Septiembre,2024-09,Septiembre
RF-02,Carlos V,2024,9,68.8,67.8,64.7,67.6,75.4,68.7,64.5,58.8,54.0,2024-09-01,Septiembre,2024-09,Septiembre
RF-30,Campo de las Naciones,2024,9,61.6,59.1,53.4,59.7,66.9,60.9,56.2,43.8,39.9,2024-09-01,Septiembre,2024-09,Septiembre
RF-28,Cuatro Vientos,2024,9,64.1,62.8,56.5,62.4,71.1,65.8,57.6,40.6,33.9,2024-09-01,Septiembre,2024-09,Septiembre
RF-08,Escuelas Aguirre,2024,9,66.5,66.4,62.4,65.4,73.1,67.9,62.3,55.6,48.1,2024-09-01,Septiembre,2024-09,Septiembre
RF-31,Sanchinarro,2024,9,64.9,63.1,54.1,62.9,73.1,65.4,52.4,43.5,41.2,2024-09-01,Septiembre,2024-09,Septiembre
RF-18,General Ricardos ubicación antigua,2024,9,58.0,57.9,50.5,56.6,66.4,58.4,50.2,43.0,41.8,2024-09-01,Septiembre,2024-09,Septiembre
RF-04,Plaza de España,2024,9,66.3,65.3,61.2,64.9,74.5,65.4,60.4,54.8,50.8,2024-09-01,Septiembre,2024-09,Septiembre
RF-27,Barajas Pueblo,2024,9,60.8,59.4,55.2,59.3,69.6,62.3,51.9,43.4,37.8,2024-09-01,Septiembre,2024-09,Septiembre
RF-54,Ensanche de Vallecas,2024,9,59.6,59.8,56.0,58.8,65.9,61.6,55.6,42.9,39.9,2024-09-01,Septiembre,2024-09,Septiembre
RF-50,Plaza de Castilla,2024,9,65.9,65.8,61.4,64.8,71.5,66.1,62.2,54.5,49.1,2024-09-01,Septiembre,2024-09,Septiembre
RF-25,Santa Eugenia,2024,9,68.8,68.4,64.7,67.7,72.1,69.9,67.7,60.6,52.9,2024-09-01,Septiembre,2024-09,Septiembre
RF-86,Tres Olivos,2024,9,55.6,55.0,46.9,54.0,63.5,56.7,47.1,36.2,34.2,2024-09-01,Septiembre,2024-09,Septiembre
RF-14,Plaza Elíptica,2024,9,67.4,62.7,58.5,65.2,73.3,65.0,59.9,53.2,47.5,2024-09-01,Septiembre,2024-09,Septiembre
RF-10,Cuatro Caminos,2024,9,63.0,63.3,56.9,61.8,69.7,63.1,56.4,45.8,39.7,2024-09-01,Septiembre,2024-09,Septiembre
RF-26,Embajada,2024,9,62.3,61.5,58.4,61.2,68.1,64.3,59.6,54.4,47.8,2024-09-01,Septiembre,2024-09,Septiembre
RF-16,Arturo Soria,2024,9,60.1,60.1,53.0,58.7,66.2,61.0,54.8,40.6,36.0,2024-09-01,Septiembre,2024-09,Septiembre
RF-47,Mendez Álvaro,2024,9,58.3,55.6,49.7,56.4,67.3,55.3,47.0,40.3,38.2,2024-09-01,Septiembre,2024-09,Septiembre
RF-55,Urb Embajada 2,2024,9,55.8,54.5,52.9,54.8,63.3,56.8,50.2,43.9,40.4,2024-09-01,Septiembre,2024-09,Septiembre
RF-29,El Pardo,2024,9,57.4,56.3,57.3,57.2,65.0,59.5,49.8,34.7,30.5,2024-09-01,Septiembre,2024-09,Septiembre
RF-05,Barrio del Pilar,2024,9,61.5,62.1,53.6,60.2,67.9,62.9,57.2,44.0,38.3,2024-09-01,Septiembre,2024-09,Septiembre
RF-03,Plaza del Carmen,2024,9,67.4,60.3,58.2,65.0,74.2,63.8,56.7,50.8,47.5,2024-09-01,Septiembre,2024-09,Septiembre
RF-01,Paseo de Recoletos,2024,9,64.6,64.4,61.4,63.7,71.4,66.2,60.5,53.0,47.5,2024-09-01,Septiembre,2024-09,Septiembre
RF-17,Villaverde,2024,9,56.8,60.0,50.0,56.4,65.9,58.7,50.9,41.0,37.3,2024-09-01,Septiembre,2024-09,Septiembre
RF-48,Castellana,2024,9,59.9,59.0,55.0,58.6,65.2,60.5,56.9,49.1,43.2,2024-09-01,Septiembre,2024-09,Septiembre
RF-13,Vallecas,2024,9,57.5,57.6,50.2,56.1,64.6,57.9,51.0,42.0,38.5,2024-09-01,Septiembre,2024-09,Septiembre
RF-06,Gregorio Marañón,2024,9,69.4,68.7,65.0,68.2,76.3,70.7,64.3,56.5,49.8,2024-09-01,Septiembre,2024-09,Septiembre
RF-20,Avenida de Moratalaz,2024,9,64.5,60.9,53.2,62.2,70.5,62.7,55.8,43.8,38.6,2024-09-01,Septiembre,2024-09,Septiembre
RF-19,Alto de Extremadura,2024,9,63.2,58.3,54.4,61.0,69.4,61.5,54.0,43.1,37.3,2024-09-01,Septiembre,2024-09,Septiembre
RF-11,Ramón y Cajal,2024,10,70.7,69.2,63.8,69.1,75.7,71.7,66.7,51.2,42.2,2024-10-01,Octubre,2024-10,Octubre
RF-20,Avenida de Moratalaz,2024,10,61.6,60.7,53.9,60.0,68.6,62.6,55.8,43.6,38.3,2024-10-01,Octubre,2024-10,Octubre
RF-13,Vallecas,2024,10,59.7,57.0,50.7,57.7,66.1,58.9,51.9,42.2,39.0,2024-10-01,Octubre,2024-10,Octubre
RF-12,Manuel Becerra,2024,10,64.5,64.3,59.0,63.3,71.2,64.6,60.1,52.1,47.3,2024-10-01,Octubre,2024-10,Octubre
RF-03,Plaza del Carmen,2024,10,75.1,62.5,58.1,72.2,81.4,66.9,58.3,51.4,48.3,2024-10-01,Octubre,2024-10,Octubre
RF-01,Paseo de Recoletos,2024,10,65.7,64.9,62.6,64.7,72.1,67.1,61.4,53.5,47.3,2024-10-01,Octubre,2024-10,Octubre
RF-54,Ensanche de Vallecas,2024,10,60.5,60.5,53.2,59.2,66.6,62.6,56.7,43.4,40.3,2024-10-01,Octubre,2024-10,Octubre
RF-27,Barajas Pueblo,2024,10,61.2,60.1,55.8,59.8,70.2,63.4,52.5,43.7,38.4,2024-10-01,Octubre,2024-10,Octubre
RF-25,Santa Eugenia,2024,10,70.3,69.4,65.5,69.0,73.1,71.2,68.9,61.3,53.3,2024-10-01,Octubre,2024-10,Octubre
RF-28,Cuatro Vientos,2024,10,66.1,63.7,57.7,64.2,72.4,67.4,59.3,41.4,35.9,2024-10-01,Octubre,2024-10,Octubre
RF-55,Urb Embajada 2,2024,10,56.8,54.8,50.4,55.1,63.8,57.7,51.0,44.3,40.8,2024-10-01,Octubre,2024-10,Octubre
RF-30,Campo de las Naciones,2024,10,62.0,58.8,52.9,59.9,67.0,61.5,56.9,45.0,41.6,2024-10-01,Octubre,2024-10,Octubre
RF-86,Tres Olivos,2024,10,58.4,54.9,49.0,56.2,65.3,57.9,48.4,36.5,34.1,2024-10-01,Octubre,2024-10,Octubre
RF-24,Casa de Campo,2024,10,50.0,49.4,44.1,48.6,56.2,49.9,44.6,41.5,40.8,2024-10-01,Octubre,2024-10,Octubre
RF-17,Villaverde,2024,10,57.6,58.2,49.5,56.3,65.6,58.3,51.1,41.1,37.3,2024-10-01,Octubre,2024-10,Octubre
RF-31,Sanchinarro,2024,10,64.3,63.7,53.8,62.6,73.6,66.5,54.1,44.1,41.6,2024-10-01,Octubre,2024-10,Octubre
RF-48,Castellana,2024,10,61.2,59.9,55.7,59.8,66.5,61.7,58.0,50.0,43.4,2024-10-01,Octubre,2024-10,Octubre
RF-06,Gregorio Marañón,2024,10,70.3,69.5,65.8,69.1,77.0,71.7,65.3,57.8,50.9,2024-10-01,Octubre,2024-10,Octubre
RF-14,Plaza Elíptica,2024,10,68.3,63.2,59.1,66.0,72.4,64.8,60.6,53.7,48.2,2024-10-01,Octubre,2024-10,Octubre
RF-10,Cuatro Caminos,2024,10,64.5,62.5,57.0,62.7,71.0,64.5,57.5,46.8,41.9,2024-10-01,Octubre,2024-10,Octubre
RF-29,El Pardo,2024,10,58.2,55.5,50.2,56.3,65.5,60.2,49.7,33.2,29.3,2024-10-01,Octubre,2024-10,Octubre
RF-50,Plaza de Castilla,2024,10,67.4,66.1,62.1,66.0,72.7,67.1,63.2,55.5,49.5,2024-10-01,Octubre,2024-10,Octubre
RF-05,Barrio del Pilar,2024,10,62.9,64.0,62.5,63.0,69.6,64.7,58.5,44.4,37.9,2024-10-01,Octubre,2024-10,Octubre
RF-18,General Ricardos ubicación antigua,2024,10,57.3,56.6,49.0,55.7,64.9,57.1,49.6,43.0,42.1,2024-10-01,Octubre,2024-10,Octubre
RF-08,Escuelas Aguirre,2024,10,67.1,66.7,63.4,66.1,73.7,68.9,63.1,56.1,47.4,2024-10-01,Octubre,2024-10,Octubre
RF-02,Carlos V,2024,10,69.7,68.5,65.5,68.5,76.1,69.7,65.4,59.6,54.7,2024-10-01,Octubre,2024-10,Octubre
RF-16,Arturo Soria,2024,10,62.2,60.5,54.5,60.5,68.0,62.8,56.6,41.7,36.5,2024-10-01,Octubre,2024-10,Octubre
RF-47,Mendez Álvaro,2024,10,56.9,55.0,49.6,55.2,66.2,55.0,48.7,43.2,41.9,2024-10-01,Octubre,2024-10,Octubre
RF-26,Embajada,2024,10,63.8,62.2,59.3,62.5,69.2,65.6,60.7,55.2,48.8,2024-10-01,Octubre,2024-10,Octubre
RF-19,Alto de Extremadura,2024,10,60.3,60.3,52.9,58.9,67.1,61.3,54.7,44.2,39.1,2024-10-01,Octubre,2024-10,Octubre
RF-04,Plaza de España,2024,10,65.0,65.9,60.2,64.1,73.1,64.8,60.8,55.4,51.5,2024-10-01,Octubre,2024-10,Octubre
RF-27,Barajas Pueblo,2024,11,61.8,61.1,56.2,60.4,70.4,64.1,54.4,45.0,39.4,2024-11-01,Noviembre,2024-11,Noviembre
RF-50,Plaza de Castilla,2024,11,66.9,66.0,62.0,65.6,72.1,66.8,63.0,55.0,49.1,2024-11-01,Noviembre,2024-11,Noviembre
RF-28,Cuatro Vientos,2024,11,65.1,63.2,57.6,63.3,71.6,67.1,58.9,40.7,35.3,2024-11-01,Noviembre,2024-11,Noviembre
RF-29,El Pardo,2024,11,58.0,55.1,50.5,56.1,65.5,60.2,49.1,33.8,29.1,2024-11-01,Noviembre,2024-11,Noviembre
RF-16,Arturo Soria,2024,11,61.4,60.1,54.6,59.8,67.4,62.5,56.4,42.6,37.9,2024-11-01,Noviembre,2024-11,Noviembre
RF-55,Urb Embajada 2,2024,11,57.0,55.3,50.6,55.4,64.0,57.8,51.4,44.5,40.8,2024-11-01,Noviembre,2024-11,Noviembre
RF-05,Barrio del Pilar,2024,11,62.4,61.4,54.0,60.7,68.0,63.5,57.7,44.2,38.1,2024-11-01,Noviembre,2024-11,Noviembre
RF-30,Campo de las Naciones,2024,11,60.5,58.1,52.8,58.7,65.7,61.0,56.6,44.7,41.2,2024-11-01,Noviembre,2024-11,Noviembre
RF-19,Alto de Extremadura,2024,11,60.2,59.1,53.1,58.6,67.0,61.0,54.2,43.9,38.3,2024-11-01,Noviembre,2024-11,Noviembre
RF-14,Plaza Elíptica,2024,11,64.2,63.9,59.1,63.0,70.3,64.3,60.6,53.9,48.4,2024-11-01,Noviembre,2024-11,Noviembre
RF-17,Villaverde,2024,11,56.9,58.1,49.4,55.8,64.6,57.4,50.8,41.8,38.3,2024-11-01,Noviembre,2024-11,Noviembre
RF-31,Sanchinarro,2024,11,64.3,64.2,54.2,62.7,73.7,66.7,54.4,44.8,41.8,2024-11-01,Noviembre,2024-11,Noviembre
RF-02,Carlos V,2024,11,69.2,68.8,66.0,68.3,76.1,69.4,65.4,59.5,54.8,2024-11-01,Noviembre,2024-11,Noviembre
RF-48,Castellana,2024,11,60.6,60.0,55.7,59.4,66.0,61.6,57.9,50.2,43.9,2024-11-01,Noviembre,2024-11,Noviembre
RF-18,General Ricardos ubicación antigua,2024,11,57.6,55.8,48.9,55.7,65.0,56.6,49.2,42.9,41.9,2024-11-01,Noviembre,2024-11,Noviembre
RF-06,Gregorio Marañón,2024,11,70.1,69.4,66.2,69.0,77.0,71.7,65.4,57.8,51.1,2024-11-01,Noviembre,2024-11,Noviembre
RF-86,Tres Olivos,2024,11,58.3,54.4,47.1,56.0,65.3,57.9,48.1,36.6,34.4,2024-11-01,Noviembre,2024-11,Noviembre
RF-24,Casa de Campo,2024,11,49.9,47.1,44.5,48.3,55.5,50.2,44.9,41.9,41.2,2024-11-01,Noviembre,2024-11,Noviembre
RF-25,Santa Eugenia,2024,11,70.3,69.2,65.3,69.0,73.2,71.0,68.8,61.3,53.7,2024-11-01,Noviembre,2024-11,Noviembre
RF-11,Ramón y Cajal,2024,11,70.5,69.5,63.7,69.0,75.4,71.5,66.5,51.6,42.7,2024-11-01,Noviembre,2024-11,Noviembre
RF-04,Plaza de España,2024,11,64.5,64.4,60.9,63.6,73.2,64.6,61.0,55.5,51.7,2024-11-01,Noviembre,2024-11,Noviembre
RF-01,Paseo de Recoletos,2024,11,67.6,64.7,62.5,66.0,72.9,67.3,61.3,53.5,47.4,2024-11-01,Noviembre,2024-11,Noviembre
RF-20,Avenida de Moratalaz,2024,11,62.7,61.0,54.7,60.9,69.5,62.9,55.8,44.0,39.2,2024-11-01,Noviembre,2024-11,Noviembre
RF-12,Manuel Becerra,2024,11,64.7,63.6,59.1,63.2,71.3,64.2,59.8,51.6,45.0,2024-11-01,Noviembre,2024-11,Noviembre
RF-54,Ensanche de Vallecas,2024,11,61.0,60.4,53.8,59.5,66.7,62.8,57.2,45.3,42.3,2024-11-01,Noviembre,2024-11,Noviembre
RF-03,Plaza del Carmen,2024,11,70.2,64.0,59.7,67.8,73.7,65.7,58.3,51.3,47.7,2024-11-01,Noviembre,2024-11,Noviembre
RF-26,Embajada,2024,11,63.4,62.4,58.9,62.1,69.0,65.4,60.5,54.3,47.1,2024-11-01,Noviembre,2024-11,Noviembre
RF-13,Vallecas,2024,11,59.2,58.1,50.7,57.5,65.5,58.7,51.8,42.7,39.5,2024-11-01,Noviembre,2024-11,Noviembre
RF-47,Mendez Álvaro,2024,11,59.3,55.0,50.0,57.1,67.7,55.8,48.2,43.1,41.5,2024-11-01,Noviembre,2024-11,Noviembre
RF-10,Cuatro Caminos,2024,11,63.7,62.3,57.9,62.2,70.5,64.1,57.3,46.6,42.3,2024-11-01,Noviembre,2024-11,Noviembre
RF-08,Escuelas Aguirre,2024,11,66.8,66.1,63.4,65.8,73.4,68.7,62.9,56.2,47.0,2024-11-01,Noviembre,2024-11,Noviembre
RF-01,Paseo de Recoletos,2024,12,68.4,64.6,62.2,66.5,72.9,66.5,61.0,53.1,47.5,2024-12-01,Diciembre,2024-12,Diciembre
RF-13,Vallecas,2024,12,59.4,58.8,51.3,57.9,65.5,58.9,51.7,42.8,39.9,2024-12-01,Diciembre,2024-12,Diciembre
RF-19,Alto de Extremadura,2024,12,65.2,59.3,54.7,62.7,69.3,62.9,54.9,45.1,39.5,2024-12-01,Diciembre,2024-12,Diciembre
RF-02,Carlos V,2024,12,68.8,69.0,65.8,68.1,75.5,69.1,65.2,59.8,55.2,2024-12-01,Diciembre,2024-12,Diciembre
RF-31,Sanchinarro,2024,12,65.0,64.7,55.5,63.4,74.2,67.4,54.9,45.8,43.1,2024-12-01,Diciembre,2024-12,Diciembre
RF-47,Mendez Álvaro,2024,12,57.1,55.3,48.8,55.3,66.7,54.0,47.8,41.1,39.2,2024-12-01,Diciembre,2024-12,Diciembre
RF-08,Escuelas Aguirre,2024,12,66.7,66.1,63.3,65.7,73.0,68.6,62.8,55.9,46.4,2024-12-01,Diciembre,2024-12,Diciembre
RF-54,Ensanche de Vallecas,2024,12,61.2,61.8,54.6,60.1,67.1,63.2,57.6,46.1,43.4,2024-12-01,Diciembre,2024-12,Diciembre
RF-17,Villaverde,2024,12,57.2,62.4,64.1,61.6,64.0,56.9,50.9,43.4,39.9,2024-12-01,Diciembre,2024-12,Diciembre
RF-06,Gregorio Marañón,2024,12,70.0,69.5,66.1,69.0,76.6,71.6,65.3,57.9,51.3,2024-12-01,Diciembre,2024-12,Diciembre
RF-55,Urb Embajada 2,2024,12,57.1,56.3,50.8,55.7,63.8,57.8,51.4,44.6,40.9,2024-12-01,Diciembre,2024-12,Diciembre
RF-29,El Pardo,2024,12,58.5,55.7,51.3,56.7,66.0,60.5,48.9,35.6,29.6,2024-12-01,Diciembre,2024-12,Diciembre
RF-48,Castellana,2024,12,61.2,59.6,56.0,59.8,66.4,61.4,57.8,50.4,44.3,2024-12-01,Diciembre,2024-12,Diciembre
RF-14,Plaza Elíptica,2024,12,63.9,63.5,59.4,62.8,69.9,64.1,60.5,54.2,48.7,2024-12-01,Diciembre,2024-12,Diciembre
RF-04,Plaza de España,2024,12,64.7,65.7,62.1,64.3,73.3,65.4,61.1,55.9,52.5,2024-12-01,Diciembre,2024-12,Diciembre
RF-11,Ramón y Cajal,2024,12,70.1,69.1,63.6,68.6,75.2,71.4,65.9,51.4,42.6,2024-12-01,Diciembre,2024-12,Diciembre
RF-30,Campo de las Naciones,2024,12,59.3,57.9,53.9,57.8,64.6,60.5,56.1,46.0,42.6,2024-12-01,Diciembre,2024-12,Diciembre
RF-27,Barajas Pueblo,2024,12,61.8,61.2,56.6,60.5,70.6,64.1,54.5,45.5,40.1,2024-12-01,Diciembre,2024-12,Diciembre
RF-10,Cuatro Caminos,2024,12,63.4,62.3,57.2,61.9,70.1,63.7,56.7,45.7,41.9,2024-12-01,Diciembre,2024-12,Diciembre
RF-50,Plaza de Castilla,2024,12,66.8,65.9,62.2,65.5,72.2,66.8,62.9,55.3,49.4,2024-12-01,Diciembre,2024-12,Diciembre
RF-05,Barrio del Pilar,2024,12,62.6,63.5,54.8,61.4,68.6,63.9,58.1,45.6,39.8,2024-12-01,Diciembre,2024-12,Diciembre
RF-25,Santa Eugenia,2024,12,70.1,69.5,65.6,68.9,73.1,71.1,68.9,61.3,54.1,2024-12-01,Diciembre,2024-12,Diciembre
RF-20,Avenida de Moratalaz,2024,12,62.4,62.1,55.2,61.0,69.6,63.4,56.4,44.5,39.7,2024-12-01,Diciembre,2024-12,Diciembre
RF-28,Cuatro Vientos,2024,12,65.0,63.9,57.6,63.4,71.8,67.0,58.4,41.7,36.3,2024-12-01,Diciembre,2024-12,Diciembre
RF-03,Plaza del Carmen,2024,12,66.3,62.6,59.6,64.4,71.9,63.6,57.4,51.4,47.8,2024-12-01,Diciembre,2024-12,Diciembre
RF-86,Tres Olivos,2024,12,56.1,54.8,47.8,54.4,64.1,57.3,47.6,37.7,35.6,2024-12-01,Diciembre,2024-12,Diciembre
RF-12,Manuel Becerra,2024,12,63.9,63.7,58.7,62.7,70.8,63.8,59.5,52.0,46.8,2024-12-01,Diciembre,2024-12,Diciembre
RF-16,Arturo Soria,2024,12,61.2,59.9,54.3,59.6,66.8,62.2,55.8,43.0,39.0,2024-12-01,Diciembre,2024-12,Diciembre
RF-24,Casa de Campo,2024,12,48.9,47.8,44.9,47.8,55.4,50.4,45.2,41.9,40.9,2024-12-01,Diciembre,2024-12,Diciembre
RF-26,Embajada,2024,12,63.3,62.6,59.0,62.1,69.3,65.5,60.2,54.2,47.4,2024-12-01,Diciembre,2024-12,Diciembre
RF-18,General Ricardos ubicación antigua,2024,12,58.3,57.8,49.7,56.7,65.3,56.8,49.2,43.4,42.4,2024-12-01,Diciembre,2024-12,Diciembre
RF-05,Barrio del Pilar,2025,1,62.4,63.4,62.0,62.4,68.2,64.0,58.6,44.8,38.5,2025-01-01,Enero,2025-01,Enero
RF-17,Villaverde,2025,1,60.2,57.0,58.4,59.2,64.9,57.6,51.0,42.2,38.6,2025-01-01,Enero,2025-01,Enero
RF-01,Paseo de Recoletos,2025,1,66.4,66.8,63.6,65.8,73.0,68.6,62.1,54.1,48.2,2025-01-01,Enero,2025-01,Enero
RF-54,Ensanche de Vallecas,2025,1,61.9,61.3,58.8,60.9,68.2,63.8,57.9,44.3,42.2,2025-01-01,Enero,2025-01,Enero
RF-27,Barajas Pueblo,2025,1,61.7,60.9,56.1,60.3,70.8,64.2,52.9,43.6,38.4,2025-01-01,Enero,2025-01,Enero
RF-30,Campo de las Naciones,2025,1,61.0,58.7,53.3,59.1,65.8,61.8,56.9,46.3,44.0,2025-01-01,Enero,2025-01,Enero
RF-29,El Pardo,2025,1,58.4,56.6,51.6,56.7,66.2,61.0,49.3,35.0,28.9,2025-01-01,Enero,2025-01,Enero
RF-25,Santa Eugenia,2025,1,70.9,70.3,66.1,69.7,73.6,71.9,69.6,61.4,53.1,2025-01-01,Enero,2025-01,Enero
RF-31,Sanchinarro,2025,1,65.6,65.4,56.3,64.1,74.8,68.0,55.7,49.1,47.4,2025-01-01,Enero,2025-01,Enero
RF-50,Plaza de Castilla,2025,1,67.3,66.2,62.1,66.0,72.3,67.5,63.4,54.8,48.6,2025-01-01,Enero,2025-01,Enero
RF-10,Cuatro Caminos,2025,1,64.3,63.4,58.5,62.9,71.1,64.6,57.7,46.3,42.1,2025-01-01,Enero,2025-01,Enero
RF-26,Embajada,2025,1,64.3,62.9,59.5,62.9,69.9,66.1,61.0,54.4,47.4,2025-01-01,Enero,2025-01,Enero
RF-47,Mendez Álvaro,2025,1,57.1,55.1,50.5,55.4,66.9,54.6,48.9,41.9,39.9,2025-01-01,Enero,2025-01,Enero
RF-13,Vallecas,2025,1,60.9,57.2,54.2,59.0,66.6,59.2,51.9,42.5,39.5,2025-01-01,Enero,2025-01,Enero
RF-18,General Ricardos ubicación antigua,2025,1,57.9,56.3,59.7,58.4,65.4,56.8,49.0,42.8,42.1,2025-01-01,Enero,2025-01,Enero
RF-20,Avenida de Moratalaz,2025,1,62.4,62.4,60.5,61.8,69.7,63.6,56.5,43.3,38.7,2025-01-01,Enero,2025-01,Enero
RF-02,Carlos V,2025,1,69.3,68.2,65.6,68.2,75.1,69.6,65.7,59.9,55.2,2025-01-01,Enero,2025-01,Enero
RF-04,Plaza de España,2025,1,65.5,63.3,61.2,63.9,73.1,65.2,60.7,55.4,51.7,2025-01-01,Enero,2025-01,Enero
RF-03,Plaza del Carmen,2025,1,63.0,61.1,60.1,61.8,70.2,62.9,56.6,51.2,48.1,2025-01-01,Enero,2025-01,Enero
RF-08,Escuelas Aguirre,2025,1,67.3,66.6,63.4,66.2,73.7,69.2,63.3,56.2,47.0,2025-01-01,Enero,2025-01,Enero
RF-86,Tres Olivos,2025,1,57.5,55.4,51.1,55.8,65.2,58.2,48.8,37.5,34.3,2025-01-01,Enero,2025-01,Enero
RF-14,Plaza Elíptica,2025,1,64.6,63.7,60.2,63.3,70.0,64.9,61.3,54.5,49.0,2025-01-01,Enero,2025-01,Enero
RF-16,Arturo Soria,2025,1,62.0,60.6,58.8,60.9,67.5,63.2,56.7,42.1,37.9,2025-01-01,Enero,2025-01,Enero
RF-11,Ramón y Cajal,2025,1,71.6,69.5,63.9,69.8,76.5,72.1,66.5,50.7,41.0,2025-01-01,Enero,2025-01,Enero
RF-55,Urb Embajada 2,2025,1,56.9,55.2,50.6,55.3,64.0,58.1,51.4,44.0,40.6,2025-01-01,Enero,2025-01,Enero
RF-24,Casa de Campo,2025,1,49.6,47.6,45.3,48.3,56.4,50.0,44.8,41.7,41.0,2025-01-01,Enero,2025-01,Enero
RF-28,Cuatro Vientos,2025,1,66.1,64.6,60.8,64.6,72.4,68.1,59.8,42.6,37.5,2025-01-01,Enero,2025-01,Enero
RF-19,Alto de Extremadura,2025,1,61.8,59.7,56.2,60.2,68.3,62.0,55.2,44.7,39.1,2025-01-01,Enero,2025-01,Enero
RF-48,Castellana,2025,1,61.7,60.2,56.4,60.2,66.1,61.9,58.4,50.2,44.0,2025-01-01,Enero,2025-01,Enero
RF-12,Manuel Becerra,2025,1,64.2,63.4,59.0,62.9,70.4,64.2,59.9,52.2,47.5,2025-01-01,Enero,2025-01,Enero
RF-06,Gregorio Marañón,2025,1,70.5,69.7,65.9,69.3,76.8,72.2,65.7,57.7,51.1,2025-01-01,Enero,2025-01,Enero
RF-14,Plaza Elíptica,2025,2,64.2,63.6,59.0,63.0,70.0,64.2,60.8,54.1,48.5,2025-02-01,Febrero,2025-02,Febrero
RF-19,Alto de Extremadura,2025,2,61.1,59.9,54.6,59.5,67.2,61.5,54.7,44.4,38.2,2025-02-01,Febrero,2025-02,Febrero
RF-06,Gregorio Marañón,2025,2,70.3,69.5,65.8,69.1,76.8,72.0,65.5,57.4,50.2,2025-02-01,Febrero,2025-02,Febrero
RF-26,Embajada,2025,2,63.5,62.2,59.2,62.2,69.3,65.5,60.4,53.9,46.3,2025-02-01,Febrero,2025-02,Febrero
RF-29,El Pardo,2025,2,57.9,55.8,50.8,56.2,65.6,60.5,49.8,34.8,28.7,2025-02-01,Febrero,2025-02,Febrero
RF-47,Mendez Álvaro,2025,2,58.3,55.7,51.1,56.4,67.9,54.7,48.2,40.7,38.5,2025-02-01,Febrero,2025-02,Febrero
RF-13,Vallecas,2025,2,58.0,56.5,50.5,56.3,64.4,58.5,51.4,41.5,38.5,2025-02-01,Febrero,2025-02,Febrero
RF-05,Barrio del Pilar,2025,2,62.2,61.9,54.9,60.8,68.0,63.5,57.8,44.8,38.2,2025-02-01,Febrero,2025-02,Febrero
RF-48,Castellana,2025,2,60.7,59.8,55.7,59.4,65.6,61.6,58.1,49.9,43.2,2025-02-01,Febrero,2025-02,Febrero
RF-17,Villaverde,2025,2,58.0,55.9,49.3,56.2,64.9,57.8,51.2,42.3,38.4,2025-02-01,Febrero,2025-02,Febrero
RF-20,Avenida de Moratalaz,2025,2,62.3,61.0,54.0,60.5,68.9,63.0,56.2,43.2,37.9,2025-02-01,Febrero,2025-02,Febrero
RF-03,Plaza del Carmen,2025,2,70.8,60.8,58.2,68.0,76.1,66.1,57.5,50.3,46.9,2025-02-01,Febrero,2025-02,Febrero
RF-55,Urb Embajada 2,2025,2,56.5,54.6,50.4,54.9,63.7,57.8,50.8,44.0,40.2,2025-02-01,Febrero,2025-02,Febrero
RF-10,Cuatro Caminos,2025,2,65.4,63.2,57.1,63.5,71.7,64.7,57.7,45.6,41.5,2025-02-01,Febrero,2025-02,Febrero
RF-25,Santa Eugenia,2025,2,70.6,69.7,65.8,69.3,73.7,71.5,69.2,61.2,53.2,2025-02-01,Febrero,2025-02,Febrero
RF-01,Paseo de Recoletos,2025,2,65.7,65.3,63.2,65.0,72.0,67.9,61.8,54.1,48.1,2025-02-01,Febrero,2025-02,Febrero
RF-31,Sanchinarro,2025,2,64.5,64.0,55.4,62.9,74.0,66.8,54.5,47.0,44.7,2025-02-01,Febrero,2025-02,Febrero
RF-50,Plaza de Castilla,2025,2,66.9,66.0,61.5,65.6,72.1,66.9,63.1,54.6,48.3,2025-02-01,Febrero,2025-02,Febrero
RF-24,Casa de Campo,2025,2,48.8,47.3,45.2,47.7,55.5,50.0,44.6,42.3,41.4,2025-02-01,Febrero,2025-02,Febrero
RF-08,Escuelas Aguirre,2025,2,66.9,65.8,63.1,65.8,73.2,68.7,62.9,55.7,46.1,2025-02-01,Febrero,2025-02,Febrero
RF-28,Cuatro Vientos,2025,2,65.7,63.6,58.2,63.9,72.2,67.4,59.1,41.3,35.6,2025-02-01,Febrero,2025-02,Febrero
RF-12,Manuel Becerra,2025,2,64.3,64.0,58.5,63.0,70.6,63.9,59.7,51.8,47.3,2025-02-01,Febrero,2025-02,Febrero
RF-04,Plaza de España,2025,2,67.3,63.7,60.0,65.3,73.9,65.8,61.1,55.5,51.6,2025-02-01,Febrero,2025-02,Febrero
RF-02,Carlos V,2025,2,69.1,68.2,65.3,67.9,75.3,69.2,65.3,59.6,55.0,2025-02-01,Febrero,2025-02,Febrero
RF-30,Campo de las Naciones,2025,2,59.9,57.9,53.1,58.2,65.2,61.0,56.5,46.6,44.1,2025-02-01,Febrero,2025-02,Febrero
RF-11,Ramón y Cajal,2025,2,70.1,69.3,63.7,68.6,75.2,71.5,66.3,50.5,41.2,2025-02-01,Febrero,2025-02,Febrero
RF-16,Arturo Soria,2025,2,61.7,60.7,55.1,60.2,67.4,62.8,56.7,41.6,37.2,2025-02-01,Febrero,2025-02,Febrero
RF-54,Ensanche de Vallecas,2025,2,61.2,60.8,54.4,59.8,67.1,63.2,57.6,45.0,42.4,2025-02-01,Febrero,2025-02,Febrero
RF-27,Barajas Pueblo,2025,2,61.1,59.8,56.3,59.8,70.2,63.3,52.8,44.5,38.5,2025-02-01,Febrero,2025-02,Febrero
RF-86,Tres Olivos,2025,2,56.1,54.5,47.2,54.3,64.1,57.5,48.1,36.3,32.9,2025-02-01,Febrero,2025-02,Febrero
RF-18,Farolillo,2025,2,58.6,56.4,48.6,56.7,65.8,57.2,49.7,43.2,42.4,2025-02-01,Febrero,2025-02,Febrero
RF-27,Barajas Pueblo,2025,3,65.4,61.2,55.7,63.1,71.3,63.8,54.4,45.9,41.0,2025-03-01,Marzo,2025-03,Marzo
RF-19,Alto de Extremadura,2025,3,61.1,60.4,55.2,59.7,67.6,62.5,55.7,45.4,38.4,2025-03-01,Marzo,2025-03,Marzo
RF-24,Casa de Campo,2025,3,49.4,48.0,46.1,48.3,55.6,50.2,45.7,43.0,42.2,2025-03-01,Marzo,2025-03,Marzo
RF-12,Manuel Becerra,2025,3,65.3,64.2,59.4,63.9,71.9,65.4,60.7,53.0,47.5,2025-03-01,Marzo,2025-03,Marzo
RF-31,Sanchinarro,2025,3,65.5,65.4,55.4,64.0,75.0,67.9,55.1,45.0,41.9,2025-03-01,Marzo,2025-03,Marzo
RF-14,Plaza Elíptica,2025,3,64.7,64.5,60.4,63.7,69.8,65.0,61.6,55.4,49.9,2025-03-01,Marzo,2025-03,Marzo
RF-06,Gregorio Marañón,2025,3,71.1,70.9,67.0,70.1,77.4,73.2,66.7,59.2,52.5,2025-03-01,Marzo,2025-03,Marzo
RF-48,Castellana,2025,3,61.7,61.3,57.3,60.6,66.4,63.0,59.4,51.5,45.3,2025-03-01,Marzo,2025-03,Marzo
RF-55,Urb Embajada 2,2025,3,58.4,60.8,51.6,56.8,64.7,58.9,52.7,46.1,42.5,2025-03-01,Marzo,2025-03,Marzo
RF-01,Paseo de Recoletos,2025,3,68.2,66.8,64.6,67.0,73.7,69.4,62.9,55.2,49.4,2025-03-01,Marzo,2025-03,Marzo
RF-17,Villaverde,2025,3,57.1,56.5,51.2,55.7,63.9,57.7,51.4,42.2,38.0,2025-03-01,Marzo,2025-03,Marzo
RF-11,Ramón y Cajal,2025,3,71.1,70.3,64.4,69.6,76.0,72.6,67.2,51.9,42.6,2025-03-01,Marzo,2025-03,Marzo
RF-30,Campo de las Naciones,2025,3,62.2,60.8,54.9,60.5,67.3,63.2,58.1,47.3,44.0,2025-03-01,Marzo,2025-03,Marzo
RF-20,Avenida de Moratalaz,2025,3,62.5,62.2,55.0,61.0,69.4,63.7,56.8,44.8,39.4,2025-03-01,Marzo,2025-03,Marzo
RF-08,Escuelas Aguirre,2025,3,68.2,67.7,64.6,67.2,74.9,70.2,64.2,57.4,48.5,2025-03-01,Marzo,2025-03,Marzo
RF-28,Cuatro Vientos,2025,3,66.5,65.5,59.7,65.0,73.1,68.7,60.6,42.4,36.9,2025-03-01,Marzo,2025-03,Marzo
RF-50,Plaza de Castilla,2025,3,67.8,67.2,62.8,66.5,72.7,68.1,64.0,55.9,49.6,2025-03-01,Marzo,2025-03,Marzo
RF-26,Embajada,2025,3,65.5,64.0,60.6,63.9,70.0,66.5,62.1,56.4,50.2,2025-03-01,Marzo,2025-03,Marzo
RF-18,Farolillo,2025,3,57.8,55.7,49.8,56.0,64.7,57.5,50.3,43.8,42.8,2025-03-01,Marzo,2025-03,Marzo
RF-25,Santa Eugenia,2025,3,72.1,71.6,67.1,70.9,74.5,72.7,70.3,63.2,57.4,2025-03-01,Marzo,2025-03,Marzo
RF-54,Ensanche de Vallecas,2025,3,62.5,61.7,54.8,61.1,67.5,63.8,58.2,47.0,44.6,2025-03-01,Marzo,2025-03,Marzo
RF-47,Mendez Álvaro,2025,3,59.2,55.5,50.7,57.1,66.9,56.6,49.2,41.2,38.7,2025-03-01,Marzo,2025-03,Marzo
RF-16,Arturo Soria,2025,3,63.0,62.1,56.6,61.5,68.5,64.6,58.3,43.5,38.7,2025-03-01,Marzo,2025-03,Marzo
RF-05,Barrio del Pilar,2025,3,63.2,62.2,55.3,61.5,68.5,64.2,58.4,46.5,39.7,2025-03-01,Marzo,2025-03,Marzo
RF-02,Carlos V,2025,3,69.4,69.0,66.2,68.5,75.1,70.4,66.2,60.4,55.8,2025-03-01,Marzo,2025-03,Marzo
RF-13,Vallecas,2025,3,58.9,58.4,51.0,57.4,64.1,58.9,52.0,43.9,41.1,2025-03-01,Marzo,2025-03,Marzo
RF-29,El Pardo,2025,3,58.8,56.9,51.5,57.1,66.4,61.2,50.6,35.8,30.5,2025-03-01,Marzo,2025-03,Marzo
RF-03,Plaza del Carmen,2025,3,63.7,61.7,57.8,62.1,72.0,63.5,56.5,50.7,47.3,2025-03-01,Marzo,2025-03,Marzo
RF-04,Plaza de España,2025,3,65.6,63.9,60.5,64.2,72.9,65.3,61.4,56.0,52.2,2025-03-01,Marzo,2025-03,Marzo
RF-10,Cuatro Caminos,2025,3,64.5,64.1,57.9,63.1,71.5,65.6,58.5,47.0,41.9,2025-03-01,Marzo,2025-03,Marzo
RF-86,Tres Olivos,2025,3,57.8,56.1,49.4,56.1,65.8,58.7,49.5,38.0,34.4,2025-03-01,Marzo,2025-03,Marzo
RF-11,Ramón y Cajal,2025,4,69.9,69.0,62.9,68.3,73.6,68.8,63.1,56.6,52.9,2025-04-01,Abril,2025-04,Abril
RF-30,Campo de las Naciones,2025,4,60.8,58.8,52.5,58.9,63.3,58.4,54.7,51.8,50.2,2025-04-01,Abril,2025-04,Abril
RF-01,Paseo de Recoletos,2025,4,68.0,65.1,62.9,66.3,70.5,66.4,61.2,55.7,53.5,2025-04-01,Abril,2025-04,Abril
RF-19,Alto de Extremadura,2025,4,62.3,60.5,54.6,60.5,66.1,60.1,53.8,49.1,46.6,2025-04-01,Abril,2025-04,Abril
RF-55,Urb Embajada 2,2025,4,56.4,54.7,50.1,54.8,61.3,55.2,50.2,47.7,46.4,2025-04-01,Abril,2025-04,Abril
RF-18,Farolillo,2025,4,58.5,56.3,50.3,56.6,62.6,55.4,50.2,47.0,45.8,2025-04-01,Abril,2025-04,Abril
RF-10,Cuatro Caminos,2025,4,63.6,62.7,58.7,62.3,68.2,61.8,55.5,51.0,48.9,2025-04-01,Abril,2025-04,Abril
RF-06,Gregorio Marañón,2025,4,75.2,69.2,65.5,72.8,74.9,70.1,64.8,59.7,56.3,2025-04-01,Abril,2025-04,Abril
RF-28,Cuatro Vientos,2025,4,65.0,63.7,57.9,63.4,69.8,64.0,56.2,50.0,46.9,2025-04-01,Abril,2025-04,Abril
RF-24,Casa de Campo,2025,4,50.1,48.4,45.4,48.7,54.0,49.0,45.3,43.7,43.1,2025-04-01,Abril,2025-04,Abril
RF-47,Mendez Álvaro,2025,4,59.2,56.6,50.3,57.2,63.6,53.4,47.8,45.3,44.3,2025-04-01,Abril,2025-04,Abril
RF-27,Barajas Pueblo,2025,4,59.1,57.9,53.3,57.6,64.4,58.3,51.8,48.2,46.4,2025-04-01,Abril,2025-04,Abril
RF-26,Embajada,2025,4,63.5,62.3,59.3,62.3,67.4,63.6,60.0,57.7,55.9,2025-04-01,Abril,2025-04,Abril
RF-31,Sanchinarro,2025,4,64.8,63.6,53.8,62.9,69.1,61.1,53.2,49.4,47.9,2025-04-01,Abril,2025-04,Abril
RF-54,Ensanche de Vallecas,2025,4,61.0,60.9,54.2,59.6,65.0,60.2,55.2,51.7,49.6,2025-04-01,Abril,2025-04,Abril
RF-50,Plaza de Castilla,2025,4,66.8,66.0,61.4,65.5,70.8,65.7,61.8,57.8,55.3,2025-04-01,Abril,2025-04,Abril
RF-03,Plaza del Carmen,2025,4,62.2,63.2,58.9,61.6,68.0,62.3,57.4,54.1,52.3,2025-04-01,Abril,2025-04,Abril
RF-25,Santa Eugenia,2025,4,70.4,70.0,65.8,69.2,71.8,69.9,67.8,65.4,63.2,2025-04-01,Abril,2025-04,Abril
RF-29,El Pardo,2025,4,58.6,56.1,50.3,56.6,62.8,56.1,47.9,42.3,39.8,2025-04-01,Abril,2025-04,Abril
RF-20,Avenida de Moratalaz,2025,4,61.8,61.2,53.9,60.2,66.1,59.7,53.9,50.0,48.2,2025-04-01,Abril,2025-04,Abril
RF-14,Plaza Elíptica,2025,4,63.9,64.3,59.1,62.9,68.3,63.0,59.6,56.9,55.2,2025-04-01,Abril,2025-04,Abril
RF-12,Manuel Becerra,2025,4,64.3,63.7,58.5,62.9,68.8,63.0,59.0,55.5,53.8,2025-04-01,Abril,2025-04,Abril
RF-05,Barrio del Pilar,2025,4,62.2,62.0,53.8,60.7,65.4,60.6,55.3,50.7,48.1,2025-04-01,Abril,2025-04,Abril
RF-86,Tres Olivos,2025,4,56.2,54.9,48.2,54.5,60.8,53.6,46.9,42.7,40.8,2025-04-01,Abril,2025-04,Abril
RF-02,Carlos V,2025,4,69.1,68.2,65.4,68.0,74.0,68.3,64.8,61.3,59.0,2025-04-01,Abril,2025-04,Abril
RF-04,Plaza de España,2025,4,65.5,63.1,60.1,63.9,70.0,63.4,60.2,57.7,56.4,2025-04-01,Abril,2025-04,Abril
RF-48,Castellana,2025,4,61.3,59.8,56.1,59.8,64.1,60.3,56.9,52.6,50.1,2025-04-01,Abril,2025-04,Abril
RF-17,Villaverde,2025,4,57.0,59.4,49.9,56.3,62.3,55.8,50.6,47.0,45.1,2025-04-01,Abril,2025-04,Abril
RF-08,Escuelas Aguirre,2025,4,66.6,66.0,63.2,65.6,72.0,67.4,62.3,57.5,53.8,2025-04-01,Abril,2025-04,Abril
RF-13,Vallecas,2025,4,59.0,58.1,50.2,57.3,62.1,56.1,50.2,46.4,44.6,2025-04-01,Abril,2025-04,Abril
RF-16,Arturo Soria,2025,4,61.3,61.0,55.1,59.9,65.6,60.8,54.5,48.0,44.9,2025-04-01,Abril,2025-04,Abril
RF-11,Ramón y Cajal,2025,5,69.7,68.9,63.0,68.2,74.7,70.4,65.1,50.7,42.1,2025-05-01,Mayo,2025-05,Mayo
RF-50,Plaza de Castilla,2025,5,66.7,65.9,61.4,65.3,71.9,66.2,62.2,54.9,49.4,2025-05-01,Mayo,2025-05,Mayo
RF-16,Arturo Soria,2025,5,61.6,59.5,54.0,59.8,66.8,61.5,55.3,42.3,38.1,2025-05-01,Mayo,2025-05,Mayo
RF-28,Cuatro Vientos,2025,5,64.2,63.1,57.0,62.6,71.1,65.9,57.6,40.7,34.5,2025-05-01,Mayo,2025-05,Mayo
RF-19,Alto de Extremadura,2025,5,63.3,60.1,55.3,61.3,69.7,62.5,55.1,44.5,37.6,2025-05-01,Mayo,2025-05,Mayo
RF-26,Embajada,2025,5,62.9,61.9,58.7,61.7,68.3,64.6,59.9,54.7,48.2,2025-05-01,Mayo,2025-05,Mayo
RF-04,Plaza de España,2025,5,63.9,63.9,60.5,63.0,72.0,63.9,60.1,55.4,52.0,2025-05-01,Mayo,2025-05,Mayo
RF-86,Tres Olivos,2025,5,57.9,54.4,58.1,57.6,64.0,56.7,47.4,35.8,33.1,2025-05-01,Mayo,2025-05,Mayo
RF-47,Mendez Álvaro,2025,5,56.7,55.9,51.5,55.4,65.8,55.0,48.8,39.9,37.8,2025-05-01,Mayo,2025-05,Mayo
RF-10,Cuatro Caminos,2025,5,64.1,62.6,58.3,62.6,70.3,63.4,56.5,46.0,41.4,2025-05-01,Mayo,2025-05,Mayo
RF-08,Escuelas Aguirre,2025,5,66.7,65.8,62.8,65.6,73.5,68.1,62.3,55.6,46.8,2025-05-01,Mayo,2025-05,Mayo
RF-02,Carlos V,2025,5,69.1,68.2,65.4,68.0,75.5,69.0,64.9,59.2,54.5,2025-05-01,Mayo,2025-05,Mayo
RF-31,Sanchinarro,2025,5,63.4,63.7,54.3,62.3,70.7,63.9,53.3,46.2,44.0,2025-05-01,Mayo,2025-05,Mayo
RF-12,Manuel Becerra,2025,5,64.2,63.5,58.8,62.9,71.0,64.0,59.5,51.5,44.9,2025-05-01,Mayo,2025-05,Mayo
RF-24,Casa de Campo,2025,5,51.2,49.9,53.8,52.1,59.3,50.5,44.6,41.4,40.8,2025-05-01,Mayo,2025-05,Mayo
RF-18,Farolillo,2025,5,58.7,59.4,58.8,58.8,66.4,58.3,51.6,44.4,42.7,2025-05-01,Mayo,2025-05,Mayo
RF-48,Castellana,2025,5,60.3,59.3,56.0,59.1,66.0,60.9,57.0,49.7,44.8,2025-05-01,Mayo,2025-05,Mayo
RF-29,El Pardo,2025,5,57.8,56.1,51.5,56.2,65.3,59.1,49.3,34.4,29.8,2025-05-01,Mayo,2025-05,Mayo
RF-06,Gregorio Marañón,2025,5,69.7,69.1,65.2,68.5,76.4,70.9,64.7,57.1,50.6,2025-05-01,Mayo,2025-05,Mayo
RF-01,Paseo de Recoletos,2025,5,64.8,64.3,61.8,63.9,71.4,66.2,60.7,53.2,47.7,2025-05-01,Mayo,2025-05,Mayo
RF-55,Urb Embajada 2,2025,5,57.0,58.7,50.1,56.1,63.8,56.9,50.4,44.5,41.1,2025-05-01,Mayo,2025-05,Mayo
RF-17,Villaverde,2025,5,58.4,61.3,52.0,58.0,66.9,60.0,52.3,41.9,38.3,2025-05-01,Mayo,2025-05,Mayo
RF-20,Avenida de Moratalaz,2025,5,61.6,61.3,53.8,60.1,68.1,62.0,55.9,44.4,39.5,2025-05-01,Mayo,2025-05,Mayo
RF-05,Barrio del Pilar,2025,5,61.5,61.9,54.4,60.2,67.3,62.4,56.8,44.6,39.1,2025-05-01,Mayo,2025-05,Mayo
RF-14,Plaza Elíptica,2025,5,66.3,62.8,59.2,64.4,71.4,64.6,60.1,54.1,48.8,2025-05-01,Mayo,2025-05,Mayo
RF-25,Santa Eugenia,2025,5,69.6,69.5,65.5,68.6,72.5,70.5,68.3,62.0,55.3,2025-05-01,Mayo,2025-05,Mayo
RF-30,Campo de las Naciones,2025,5,59.6,58.8,51.3,58.0,64.7,59.6,55.3,45.9,43.3,2025-05-01,Mayo,2025-05,Mayo
RF-13,Vallecas,2025,5,59.5,57.6,51.0,57.7,65.7,58.3,51.4,42.2,39.1,2025-05-01,Mayo,2025-05,Mayo
RF-27,Barajas Pueblo,2025,5,59.6,58.1,53.7,58.0,67.1,60.6,52.9,44.4,38.4,2025-05-01,Mayo,2025-05,Mayo
RF-03,Plaza del Carmen,2025,5,63.6,64.6,59.9,63.0,71.2,64.2,58.0,52.1,48.8,2025-05-01,Mayo,2025-05,Mayo
RF-54,Ensanche de Vallecas,2025,5,60.9,60.6,53.9,59.5,67.0,62.2,56.3,46.0,43.6,2025-05-01,Mayo,2025-05,Mayo
RF-25,Santa Eugenia,2025,6,68.7,68.4,65.1,67.8,72.1,69.8,67.7,61.2,53.7,2025-06-01,Junio,2025-06,Junio
RF-18,Farolillo,2025,6,56.8,57.2,50.5,55.6,64.7,57.2,50.5,43.9,41.8,2025-06-01,Junio,2025-06,Junio
RF-29,El Pardo,2025,6,57.0,56.5,52.3,55.8,64.9,59.5,50.5,36.5,30.5,2025-06-01,Junio,2025-06,Junio
RF-48,Castellana,2025,6,60.5,59.2,55.3,59.1,66.6,61.0,56.9,49.5,44.0,2025-06-01,Junio,2025-06,Junio
RF-20,Avenida de Moratalaz,2025,6,60.8,61.6,54.3,59.7,68.0,62.1,55.9,45.2,40.9,2025-06-01,Junio,2025-06,Junio
RF-13,Vallecas,2025,6,62.7,57.8,51.3,60.4,66.2,58.9,52.2,42.9,38.6,2025-06-01,Junio,2025-06,Junio
RF-28,Cuatro Vientos,2025,6,64.9,63.6,57.2,63.2,72.2,66.2,58.8,41.9,34.0,2025-06-01,Junio,2025-06,Junio
RF-55,Urb Embajada 2,2025,6,58.2,54.9,50.8,56.3,64.3,57.4,50.8,44.6,41.0,2025-06-01,Junio,2025-06,Junio
RF-16,Arturo Soria,2025,6,60.8,59.5,53.3,59.1,65.8,60.3,55.4,45.2,40.7,2025-06-01,Junio,2025-06,Junio
RF-14,Plaza Elíptica,2025,6,63.9,64.1,59.5,62.9,70.2,64.2,60.7,54.1,48.3,2025-06-01,Junio,2025-06,Junio
RF-26,Embajada,2025,6,62.3,61.8,58.4,61.3,67.8,64.3,59.7,54.2,47.4,2025-06-01,Junio,2025-06,Junio
RF-47,Mendez Álvaro,2025,6,56.4,56.0,50.3,55.0,65.9,55.3,49.6,39.7,36.2,2025-06-01,Junio,2025-06,Junio
RF-06,Gregorio Marañón,2025,6,69.2,69.1,64.9,68.2,76.1,70.6,64.3,56.6,49.8,2025-06-01,Junio,2025-06,Junio
RF-10,Cuatro Caminos,2025,6,63.7,62.9,58.5,62.4,70.0,63.4,57.0,47.5,42.0,2025-06-01,Junio,2025-06,Junio
RF-50,Plaza de Castilla,2025,6,66.4,66.3,61.5,65.3,72.4,66.3,62.4,54.4,48.3,2025-06-01,Junio,2025-06,Junio
RF-03,Plaza del Carmen,2025,6,61.1,64.2,62.0,62.0,70.4,64.1,58.5,53.3,50.5,2025-06-01,Junio,2025-06,Junio
RF-19,Alto de Extremadura,2025,6,62.9,62.0,57.0,61.5,70.9,64.1,56.4,44.4,37.0,2025-06-01,Junio,2025-06,Junio
RF-31,Sanchinarro,2025,6,62.5,63.4,53.4,61.2,72.1,65.2,52.1,43.2,40.8,2025-06-01,Junio,2025-06,Junio
RF-08,Escuelas Aguirre,2025,6,66.2,66.3,62.1,65.2,73.7,67.6,61.9,55.1,47.1,2025-06-01,Junio,2025-06,Junio
RF-02,Carlos V,2025,6,68.7,68.5,65.0,67.7,76.1,68.8,64.7,58.7,53.7,2025-06-01,Junio,2025-06,Junio
RF-04,Plaza de España,2025,6,68.2,66.6,61.7,66.6,75.8,66.2,60.4,55.4,51.7,2025-06-01,Junio,2025-06,Junio
RF-86,Tres Olivos,2025,6,55.3,56.0,47.2,54.1,63.4,56.8,47.3,35.6,33.1,2025-06-01,Junio,2025-06,Junio
RF-24,Casa de Campo,2025,6,50.0,48.5,46.9,48.9,55.7,50.4,45.1,40.9,40.3,2025-06-01,Junio,2025-06,Junio
RF-27,Barajas Pueblo,2025,6,58.4,57.6,53.6,57.2,66.2,60.6,52.9,44.3,37.7,2025-06-01,Junio,2025-06,Junio
RF-11,Ramón y Cajal,2025,6,69.5,69.3,62.8,68.1,75.0,70.3,65.4,50.6,42.3,2025-06-01,Junio,2025-06,Junio
RF-05,Barrio del Pilar,2025,6,61.1,62.4,54.0,60.1,67.7,62.8,57.3,45.7,40.1,2025-06-01,Junio,2025-06,Junio
RF-01,Paseo de Recoletos,2025,6,64.4,64.5,61.5,63.6,70.9,66.0,61.0,53.6,48.2,2025-06-01,Junio,2025-06,Junio
RF-30,Campo de las Naciones,2025,6,60.1,61.1,52.8,59.0,66.6,60.5,56.0,44.9,41.9,2025-06-01,Junio,2025-06,Junio
RF-17,Villaverde,2025,6,58.1,61.6,52.7,58.0,67.1,60.4,53.1,42.5,38.4,2025-06-01,Junio,2025-06,Junio
RF-12,Manuel Becerra,2025,6,64.3,64.8,58.9,63.2,71.3,64.0,59.4,51.2,43.8,2025-06-01,Junio,2025-06,Junio
RF-54,Ensanche de Vallecas,2025,6,60.8,59.8,55.0,59.3,66.8,62.1,56.2,45.2,42.4,2025-06-01,Junio,2025-06,Junio
RF-25,Santa Eugenia,2025,7,69.3,68.7,65.2,68.2,72.4,70.3,68.1,61.4,53.9,2025-07-01,Julio,2025-07,Julio
RF-02,Carlos V,2025,7,68.7,74.0,69.5,70.4,76.1,69.0,64.5,58.7,53.9,2025-07-01,Julio,2025-07,Julio
RF-03,Plaza del Carmen,2025,7,60.8,63.2,60.8,61.3,70.1,63.7,58.0,53.2,50.2,2025-07-01,Julio,2025-07,Julio
RF-30,Campo de las Naciones,2025,7,58.8,58.7,52.3,57.5,65.3,59.8,55.5,44.1,40.9,2025-07-01,Julio,2025-07,Julio
RF-27,Barajas Pueblo,2025,7,64.3,56.7,53.8,61.8,68.5,60.9,52.4,44.9,38.7,2025-07-01,Julio,2025-07,Julio
RF-05,Barrio del Pilar,2025,7,61.2,63.0,54.4,60.4,67.9,63.1,57.5,46.3,41.2,2025-07-01,Julio,2025-07,Julio
RF-47,Mendez Álvaro,2025,7,57.0,55.2,49.7,55.3,65.4,54.0,48.4,40.1,36.9,2025-07-01,Julio,2025-07,Julio
RF-14,Plaza Elíptica,2025,7,63.5,63.4,59.5,62.5,69.2,63.9,60.5,54.1,48.5,2025-07-01,Julio,2025-07,Julio
RF-17,Villaverde,2025,7,57.1,61.9,53.8,57.8,67.1,60.6,52.9,43.5,40.0,2025-07-01,Julio,2025-07,Julio
RF-55,Urb Embajada 2,2025,7,61.4,55.9,50.8,59.0,65.8,59.1,52.0,45.3,41.7,2025-07-01,Julio,2025-07,Julio
RF-01,Paseo de Recoletos,2025,7,64.4,67.2,65.8,65.5,71.5,66.4,60.7,53.4,47.8,2025-07-01,Julio,2025-07,Julio
RF-20,Avenida de Moratalaz,2025,7,61.6,60.9,53.7,60.1,67.9,62.6,55.9,45.6,41.9,2025-07-01,Julio,2025-07,Julio
RF-86,Tres Olivos,2025,7,59.6,53.8,47.8,57.1,65.5,57.2,46.4,37.2,34.3,2025-07-01,Julio,2025-07,Julio
RF-48,Castellana,2025,7,60.2,58.9,54.8,58.8,65.8,60.8,56.7,49.0,43.4,2025-07-01,Julio,2025-07,Julio
RF-19,Alto de Extremadura,2025,7,63.8,61.8,56.7,62.1,71.1,63.9,56.1,47.1,41.4,2025-07-01,Julio,2025-07,Julio
RF-29,El Pardo,2025,7,58.0,56.4,51.8,56.5,65.0,59.7,51.3,35.4,30.0,2025-07-01,Julio,2025-07,Julio
RF-54,Ensanche de Vallecas,2025,7,59.9,59.1,53.6,58.4,66.2,61.2,55.2,45.3,42.6,2025-07-01,Julio,2025-07,Julio
RF-24,Casa de Campo,2025,7,52.7,50.7,44.2,50.8,56.9,53.2,46.9,41.8,40.6,2025-07-01,Julio,2025-07,Julio
RF-13,Vallecas,2025,7,59.8,57.6,52.0,58.0,66.0,59.3,52.1,44.3,39.9,2025-07-01,Julio,2025-07,Julio
RF-28,Cuatro Vientos,2025,7,64.4,63.4,57.0,62.8,71.6,66.1,58.4,42.3,35.3,2025-07-01,Julio,2025-07,Julio
RF-04,Plaza de España,2025,7,67.7,75.0,70.4,70.7,74.1,65.8,59.5,55.0,51.6,2025-07-01,Julio,2025-07,Julio
RF-06,Gregorio Marañón,2025,7,68.7,68.2,64.4,67.6,75.5,70.2,63.8,56.1,49.4,2025-07-01,Julio,2025-07,Julio
RF-16,Arturo Soria,2025,7,60.0,58.5,53.2,58.4,66.2,60.9,54.8,42.5,37.8,2025-07-01,Julio,2025-07,Julio
RF-12,Manuel Becerra,2025,7,63.4,63.0,58.4,62.2,69.9,63.2,58.8,51.0,44.3,2025-07-01,Julio,2025-07,Julio
RF-26,Embajada,2025,7,62.6,61.9,58.7,61.5,67.9,64.6,59.9,54.7,48.4,2025-07-01,Julio,2025-07,Julio
RF-50,Plaza de Castilla,2025,7,67.0,65.6,61.0,65.5,72.2,65.9,61.9,54.2,48.4,2025-07-01,Julio,2025-07,Julio
RF-10,Cuatro Caminos,2025,7,62.7,62.6,57.4,61.5,69.4,62.7,56.1,47.5,42.7,2025-07-01,Julio,2025-07,Julio
RF-08,Escuelas Aguirre,2025,7,65.9,65.5,62.2,64.9,73.2,67.4,61.7,55.3,47.9,2025-07-01,Julio,2025-07,Julio
RF-31,Sanchinarro,2025,7,62.0,62.8,53.2,60.7,71.9,64.4,51.8,43.7,41.2,2025-07-01,Julio,2025-07,Julio
RF-18,Farolillo,2025,7,57.6,57.3,50.8,56.2,65.0,58.5,51.0,44.1,42.1,2025-07-01,Julio,2025-07,Julio
RF-11,Ramón y Cajal,2025,7,68.9,67.9,62.2,67.4,74.3,69.9,64.4,50.3,43.2,2025-07-01,Julio,2025-07,Julio
RF-03,Plaza del Carmen,2025,8,60.6,62.0,59.6,60.6,69.4,62.5,56.7,52.0,49.0,2025-08-01,Agosto,2025-08,Agosto
RF-18,Farolillo,2025,8,56.4,55.6,50.4,55.0,64.5,56.2,48.7,43.5,42.1,2025-08-01,Agosto,2025-08,Agosto
RF-06,Gregorio Marañón,2025,8,67.6,66.7,62.9,66.3,74.3,69.2,62.6,54.2,47.5,2025-08-01,Agosto,2025-08,Agosto
RF-48,Castellana,2025,8,57.5,56.5,53.3,56.3,63.0,58.5,54.8,47.1,42.0,2025-08-01,Agosto,2025-08,Agosto
RF-47,Mendez Álvaro,2025,8,54.9,54.4,47.9,53.4,64.3,52.2,47.3,38.8,36.3,2025-08-01,Agosto,2025-08,Agosto
RF-86,Tres Olivos,2025,8,54.3,52.8,45.7,52.5,62.7,54.6,43.3,35.6,33.6,2025-08-01,Agosto,2025-08,Agosto
RF-04,Plaza de España,2025,8,61.9,62.9,58.8,61.3,70.3,62.5,58.4,53.4,49.8,2025-08-01,Agosto,2025-08,Agosto
RF-19,Alto de Extremadura,2025,8,62.1,61.3,55.9,60.7,70.5,63.1,54.5,44.1,37.8,2025-08-01,Agosto,2025-08,Agosto
RF-20,Avenida de Moratalaz,2025,8,59.3,59.8,53.0,58.1,66.8,60.1,54.0,44.2,40.6,2025-08-01,Agosto,2025-08,Agosto
RF-16,Arturo Soria,2025,8,58.2,57.7,52.5,56.8,64.9,59.9,52.8,41.5,37.3,2025-08-01,Agosto,2025-08,Agosto
RF-01,Paseo de Recoletos,2025,8,63.5,63.0,60.1,62.5,69.8,65.2,58.9,51.4,45.9,2025-08-01,Agosto,2025-08,Agosto
RF-28,Cuatro Vientos,2025,8,63.6,62.8,56.0,62.0,71.7,65.3,56.4,40.2,34.0,2025-08-01,Agosto,2025-08,Agosto
RF-55,Urb Embajada 2,2025,8,56.2,53.7,49.5,54.5,62.9,56.7,50.1,43.8,40.6,2025-08-01,Agosto,2025-08,Agosto
RF-12,Manuel Becerra,2025,8,62.9,61.8,56.9,61.4,69.4,62.4,57.5,49.6,42.6,2025-08-01,Agosto,2025-08,Agosto
RF-17,Villaverde,2025,8,56.1,61.3,52.1,56.8,66.2,59.2,51.0,42.2,39.2,2025-08-01,Agosto,2025-08,Agosto
RF-29,El Pardo,2025,8,57.0,54.8,50.7,55.3,64.7,58.4,47.6,34.6,30.2,2025-08-01,Agosto,2025-08,Agosto
RF-26,Embajada,2025,8,61.4,60.5,58.0,60.3,67.4,63.6,58.6,53.7,47.0,2025-08-01,Agosto,2025-08,Agosto
RF-27,Barajas Pueblo,2025,8,59.7,55.9,54.3,57.9,66.5,59.3,50.4,43.8,38.0,2025-08-01,Agosto,2025-08,Agosto
RF-31,Sanchinarro,2025,8,60.8,61.2,51.3,59.4,71.3,62.2,49.6,42.9,40.9,2025-08-01,Agosto,2025-08,Agosto
RF-30,Campo de las Naciones,2025,8,57.9,57.3,51.1,56.4,64.9,58.7,54.7,43.0,40.0,2025-08-01,Agosto,2025-08,Agosto
RF-13,Vallecas,2025,8,60.1,56.4,50.7,57.9,65.8,58.2,50.7,44.4,40.1,2025-08-01,Agosto,2025-08,Agosto
RF-10,Cuatro Caminos,2025,8,61.4,61.0,55.2,60.1,68.2,61.1,54.7,46.4,41.8,2025-08-01,Agosto,2025-08,Agosto
RF-14,Plaza Elíptica,2025,8,68.1,63.8,58.9,65.9,70.9,64.2,60.0,53.5,48.0,2025-08-01,Agosto,2025-08,Agosto
RF-25,Santa Eugenia,2025,8,68.6,67.8,64.4,67.4,71.9,69.6,67.3,60.5,52.6,2025-08-01,Agosto,2025-08,Agosto
RF-54,Ensanche de Vallecas,2025,8,58.1,58.2,52.8,57.0,65.0,60.1,53.7,44.1,41.2,2025-08-01,Agosto,2025-08,Agosto
RF-50,Plaza de Castilla,2025,8,64.6,64.4,60.1,63.5,70.9,65.1,60.4,53.0,47.6,2025-08-01,Agosto,2025-08,Agosto
RF-24,Casa de Campo,2025,8,47.8,47.2,43.6,46.7,54.2,49.2,44.1,41.5,40.6,2025-08-01,Agosto,2025-08,Agosto
RF-05,Barrio del Pilar,2025,8,59.7,61.9,53.2,59.0,67.1,62.0,56.0,44.9,39.9,2025-08-01,Agosto,2025-08,Agosto
RF-11,Ramón y Cajal,2025,8,67.2,66.2,60.6,65.7,73.7,68.6,61.2,47.5,41.4,2025-08-01,Agosto,2025-08,Agosto
RF-02,Carlos V,2025,8,67.4,67.3,64.2,66.6,74.6,67.8,63.5,57.9,53.4,2025-08-01,Agosto,2025-08,Agosto
RF-08,Escuelas Aguirre,2025,8,64.9,64.5,61.3,63.9,72.3,66.4,60.9,54.4,47.7,2025-08-01,Agosto,2025-08,Agosto
RF-06,Gregorio Marañón,2025,9,69.4,68.7,64.8,68.2,76.2,70.6,64.4,56.7,49.6,2025-09-01,Septiembre,2025-09,Septiembre
RF-28,Cuatro Vientos,2025,9,64.1,63.0,56.8,62.5,71.3,66.3,57.4,40.8,33.7,2025-09-01,Septiembre,2025-09,Septiembre
RF-29,El Pardo,2025,9,57.5,56.1,59.4,58.1,64.8,59.6,50.0,35.3,30.6,2025-09-01,Septiembre,2025-09,Septiembre
RF-10,Cuatro Caminos,2025,9,63.3,62.6,56.9,61.8,69.9,63.5,56.8,46.1,41.1,2025-09-01,Septiembre,2025-09,Septiembre
RF-20,Avenida de Moratalaz,2025,9,60.3,59.9,53.1,58.9,67.6,61.7,54.7,44.6,41.2,2025-09-01,Septiembre,2025-09,Septiembre
RF-14,Plaza Elíptica,2025,9,63.4,63.6,58.7,62.4,69.2,63.5,60.2,53.5,47.9,2025-09-01,Septiembre,2025-09,Septiembre
RF-25,Santa Eugenia,2025,9,68.9,68.4,64.8,67.8,72.2,69.9,67.8,60.7,53.0,2025-09-01,Septiembre,2025-09,Septiembre
RF-03,Plaza del Carmen,2025,9,61.4,63.6,60.1,61.5,70.0,63.9,57.8,51.6,48.2,2025-09-01,Septiembre,2025-09,Septiembre
RF-13,Vallecas,2025,9,59.7,57.9,50.5,57.8,65.7,58.2,51.4,42.7,38.6,2025-09-01,Septiembre,2025-09,Septiembre
RF-47,Mendez Álvaro,2025,9,57.5,55.6,49.4,55.7,66.7,53.8,47.7,39.0,36.0,2025-09-01,Septiembre,2025-09,Septiembre
RF-50,Plaza de Castilla,2025,9,66.2,65.1,61.0,64.8,71.5,66.2,62.1,53.5,47.4,2025-09-01,Septiembre,2025-09,Septiembre
RF-16,Arturo Soria,2025,9,60.5,59.5,53.1,58.9,66.5,61.2,55.2,41.5,37.1,2025-09-01,Septiembre,2025-09,Septiembre
RF-26,Embajada,2025,9,62.6,61.7,59.0,61.5,68.1,64.8,59.9,54.9,48.6,2025-09-01,Septiembre,2025-09,Septiembre
RF-02,Carlos V,2025,9,68.7,68.4,64.9,67.7,75.9,68.8,64.8,58.7,53.7,2025-09-01,Septiembre,2025-09,Septiembre
RF-04,Plaza de España,2025,9,65.3,63.8,60.2,63.9,73.9,65.1,59.3,54.5,51.0,2025-09-01,Septiembre,2025-09,Septiembre
RF-12,Manuel Becerra,2025,9,63.8,63.9,58.6,62.7,70.8,64.0,59.6,51.0,44.1,2025-09-01,Septiembre,2025-09,Septiembre
RF-31,Sanchinarro,2025,9,62.7,62.6,52.7,61.2,72.2,65.2,52.4,43.6,41.0,2025-09-01,Septiembre,2025-09,Septiembre
RF-55,Urb Embajada 2,2025,9,69.8,55.1,53.7,66.9,69.3,60.8,53.3,46.8,42.0,2025-09-01,Septiembre,2025-09,Septiembre
RF-08,Escuelas Aguirre,2025,9,66.2,65.8,62.3,65.2,73.1,68.1,62.3,55.8,47.7,2025-09-01,Septiembre,2025-09,Septiembre
RF-24,Casa de Campo,2025,9,47.8,47.0,44.0,46.7,53.8,48.6,44.0,41.7,41.2,2025-09-01,Septiembre,2025-09,Septiembre
RF-27,Barajas Pueblo,2025,9,61.6,57.3,53.5,59.5,67.9,60.6,52.1,43.9,38.0,2025-09-01,Septiembre,2025-09,Septiembre
RF-48,Castellana,2025,9,59.4,59.0,55.3,58.4,64.9,60.4,57.0,49.1,43.3,2025-09-01,Septiembre,2025-09,Septiembre
RF-54,Ensanche de Vallecas,2025,9,60.4,60.1,56.8,59.5,66.2,62.1,56.3,44.1,41.3,2025-09-01,Septiembre,2025-09,Septiembre
RF-05,Barrio del Pilar,2025,9,61.6,61.9,53.4,60.2,67.7,63.0,57.2,44.3,38.7,2025-09-01,Septiembre,2025-09,Septiembre
RF-17,Villaverde,2025,9,69.6,59.3,49.8,66.7,73.1,63.4,52.7,41.9,38.4,2025-09-01,Septiembre,2025-09,Septiembre
RF-19,Alto de Extremadura,2025,9,61.2,59.0,54.4,59.5,67.9,61.8,54.9,42.2,34.3,2025-09-01,Septiembre,2025-09,Septiembre
RF-30,Campo de las Naciones,2025,9,59.9,58.7,52.2,58.2,66.3,60.6,56.3,44.3,40.8,2025-09-01,Septiembre,2025-09,Septiembre
RF-01,Paseo de Recoletos,2025,9,64.5,64.5,61.8,63.8,71.3,66.2,60.7,52.9,47.0,2025-09-01,Septiembre,2025-09,Septiembre
RF-11,Ramón y Cajal,2025,9,69.7,69.3,65.7,68.7,75.5,71.0,66.0,50.4,42.3,2025-09-01,Septiembre,2025-09,Septiembre
RF-18,Farolillo,2025,9,58.0,56.8,50.1,56.4,66.5,58.3,50.5,43.3,41.9,2025-09-01,Septiembre,2025-09,Septiembre
RF-86,Tres Olivos,2025,9,55.5,54.4,46.1,53.7,63.4,56.5,47.2,35.3,32.8,2025-09-01,Septiembre,2025-09,Septiembre
RF-19,Alto de Extremadura,2025,10,61.7,59.4,54.4,59.9,68.0,61.7,54.9,42.4,34.7,2025-10-01,Octubre,2025-10,Octubre
RF-20,Avenida de Moratalaz,2025,10,61.4,60.9,53.5,59.9,68.3,62.4,55.7,44.6,41.2,2025-10-01,Octubre,2025-10,Octubre
RF-08,Escuelas Aguirre,2025,10,66.8,66.4,63.3,65.9,73.5,68.7,62.9,56.7,48.7,2025-10-01,Octubre,2025-10,Octubre
RF-48,Castellana,2025,10,61.2,59.7,55.8,59.7,65.6,61.0,57.7,50.1,44.1,2025-10-01,Octubre,2025-10,Octubre
RF-27,Barajas Pueblo,2025,10,58.9,57.7,53.7,57.5,66.6,60.8,52.4,44.0,39.0,2025-10-01,Octubre,2025-10,Octubre
RF-47,Mendez Álvaro,2025,10,57.8,55.7,49.1,55.9,66.9,54.9,48.0,39.7,36.9,2025-10-01,Octubre,2025-10,Octubre
RF-54,Ensanche de Vallecas,2025,10,61.0,60.6,54.0,59.6,66.9,62.9,57.2,44.2,41.5,2025-10-01,Octubre,2025-10,Octubre
RF-31,Sanchinarro,2025,10,63.5,62.7,53.5,61.8,72.8,65.8,53.2,43.9,41.5,2025-10-01,Octubre,2025-10,Octubre
RF-12,Manuel Becerra,2025,10,64.2,64.0,59.3,63.0,70.9,64.5,60.1,51.9,45.2,2025-10-01,Octubre,2025-10,Octubre
RF-05,Barrio del Pilar,2025,10,62.9,66.3,65.1,64.4,70.4,64.9,58.4,45.2,39.0,2025-10-01,Octubre,2025-10,Octubre
RF-04,Plaza de España,2025,10,72.4,78.5,61.1,73.2,76.3,67.3,60.1,55.7,52.1,2025-10-01,Octubre,2025-10,Octubre
RF-26,Embajada,2025,10,63.6,62.4,59.6,62.4,68.9,65.7,60.7,55.0,48.0,2025-10-01,Octubre,2025-10,Octubre
RF-02,Carlos V,2025,10,69.3,69.1,65.5,68.3,76.4,69.7,65.4,59.6,54.8,2025-10-01,Octubre,2025-10,Octubre
RF-17,Villaverde,2025,10,67.5,59.1,49.3,64.7,72.9,62.9,52.7,41.1,37.3,2025-10-01,Octubre,2025-10,Octubre
RF-16,Arturo Soria,2025,10,62.2,60.3,54.0,60.4,67.8,62.5,56.4,42.2,38.0,2025-10-01,Octubre,2025-10,Octubre
RF-30,Campo de las Naciones,2025,10,61.0,58.7,53.3,59.1,66.8,61.5,57.1,45.1,41.6,2025-10-01,Octubre,2025-10,Octubre
RF-50,Plaza de Castilla,2025,10,66.9,66.1,61.2,65.5,72.0,66.7,62.7,54.2,47.8,2025-10-01,Octubre,2025-10,Octubre
RF-24,Casa de Campo,2025,10,50.9,49.6,48.0,49.9,56.3,51.3,48.1,47.0,46.6,2025-10-01,Octubre,2025-10,Octubre
RF-01,Paseo de Recoletos,2025,10,66.5,65.8,71.3,68.7,74.3,68.0,61.7,54.1,48.4,2025-10-01,Octubre,2025-10,Octubre
RF-11,Ramón y Cajal,2025,10,70.5,69.0,63.4,68.8,75.2,71.2,66.5,50.7,41.8,2025-10-01,Octubre,2025-10,Octubre
RF-18,Farolillo,2025,10,58.2,57.0,49.5,56.5,66.0,57.5,50.2,43.3,42.0,2025-10-01,Octubre,2025-10,Octubre
RF-29,El Pardo,2025,10,57.9,55.6,50.6,56.1,65.2,59.8,49.6,34.4,29.9,2025-10-01,Octubre,2025-10,Octubre
RF-13,Vallecas,2025,10,59.9,57.1,50.5,57.9,66.5,58.7,51.7,41.7,38.5,2025-10-01,Octubre,2025-10,Octubre
RF-86,Tres Olivos,2025,10,56.3,55.3,46.7,54.6,63.7,56.7,47.5,35.5,33.0,2025-10-01,Octubre,2025-10,Octubre
RF-10,Cuatro Caminos,2025,10,64.1,63.2,58.0,62.6,70.6,64.3,57.5,45.7,40.3,2025-10-01,Octubre,2025-10,Octubre
RF-55,Urb Embajada 2,2025,10,66.3,61.2,50.6,63.8,71.2,64.0,54.3,44.7,41.0,2025-10-01,Octubre,2025-10,Octubre
RF-03,Plaza del Carmen,2025,10,63.1,65.1,59.7,62.7,71.0,64.5,58.3,51.6,47.9,2025-10-01,Octubre,2025-10,Octubre
RF-25,Santa Eugenia,2025,10,69.7,69.0,65.4,68.5,72.7,70.7,68.5,60.9,53.0,2025-10-01,Octubre,2025-10,Octubre
RF-06,Gregorio Marañón,2025,10,69.9,69.1,65.5,68.7,76.7,71.2,64.9,57.7,50.6,2025-10-01,Octubre,2025-10,Octubre
RF-28,Cuatro Vientos,2025,10,65.0,63.4,57.9,63.3,71.6,67.2,58.4,41.8,34.9,2025-10-01,Octubre,2025-10,Octubre
RF-14,Plaza Elíptica,2025,10,64.2,63.5,59.1,62.9,69.8,64.1,60.7,54.0,48.3,2025-10-01,Octubre,2025-10,Octubre
RF-20,Avenida de Moratalaz,2025,11,62.4,61.8,54.9,60.9,69.1,63.3,56.3,45.6,41.8,2025-11-01,Noviembre,2025-11,Noviembre
RF-24,Casa de Campo,2025,11,49.5,47.6,45.9,48.3,55.2,50.5,45.9,43.2,42.5,2025-11-01,Noviembre,2025-11,Noviembre
RF-48,Castellana,2025,11,61.0,60.1,56.6,59.8,66.4,62.1,58.2,50.7,44.6,2025-11-01,Noviembre,2025-11,Noviembre
RF-31,Sanchinarro,2025,11,64.7,64.1,54.6,63.0,74.0,67.1,54.4,45.2,42.5,2025-11-01,Noviembre,2025-11,Noviembre
RF-14,Plaza Elíptica,2025,11,64.6,63.8,59.9,63.3,70.0,64.7,61.3,55.0,49.7,2025-11-01,Noviembre,2025-11,Noviembre
RF-12,Manuel Becerra,2025,11,64.7,63.4,60.0,63.4,71.5,64.5,60.2,52.7,46.2,2025-11-01,Noviembre,2025-11,Noviembre
RF-25,Santa Eugenia,2025,11,70.7,70.3,66.1,69.6,73.6,71.7,69.5,61.7,54.0,2025-11-01,Noviembre,2025-11,Noviembre
RF-26,Embajada,2025,11,64.7,63.8,60.7,63.6,70.1,66.8,61.9,55.8,48.5,2025-11-01,Noviembre,2025-11,Noviembre
RF-47,Mendez Álvaro,2025,11,57.4,54.6,49.2,55.4,65.9,54.2,48.1,41.0,38.5,2025-11-01,Noviembre,2025-11,Noviembre
RF-02,Carlos V,2025,11,69.3,69.2,65.9,68.4,76.1,69.7,65.8,60.1,55.5,2025-11-01,Noviembre,2025-11,Noviembre
RF-16,Arturo Soria,2025,11,61.8,60.8,55.5,60.3,67.5,63.0,56.5,43.0,38.3,2025-11-01,Noviembre,2025-11,Noviembre
RF-50,Plaza de Castilla,2025,11,67.9,66.3,62.1,66.4,72.9,67.5,63.4,55.0,48.7,2025-11-01,Noviembre,2025-11,Noviembre
RF-03,Plaza del Carmen,2025,11,61.7,62.8,60.3,61.5,70.5,63.8,57.7,51.7,48.1,2025-11-01,Noviembre,2025-11,Noviembre
RF-13,Vallecas,2025,11,60.4,58.1,51.2,58.4,66.5,59.3,52.1,42.7,39.6,2025-11-01,Noviembre,2025-11,Noviembre
RF-04,Plaza de España,2025,11,66.3,64.9,60.8,64.9,74.3,66.5,60.5,55.8,52.1,2025-11-01,Noviembre,2025-11,Noviembre
RF-29,El Pardo,2025,11,58.7,55.6,51.1,56.7,66.0,60.5,49.8,35.1,29.6,2025-11-01,Noviembre,2025-11,Noviembre
RF-08,Escuelas Aguirre,2025,11,67.3,67.2,64.5,66.5,74.0,69.6,63.7,57.7,48.9,2025-11-01,Noviembre,2025-11,Noviembre
RF-27,Barajas Pueblo,2025,11,60.0,57.7,54.7,58.4,67.7,61.9,53.3,44.8,40.3,2025-11-01,Noviembre,2025-11,Noviembre
RF-30,Campo de las Naciones,2025,11,62.2,58.7,55.2,60.3,67.5,62.5,57.7,46.4,43.2,2025-11-01,Noviembre,2025-11,Noviembre
RF-10,Cuatro Caminos,2025,11,64.3,62.6,59.0,62.8,71.0,65.0,58.0,46.1,40.8,2025-11-01,Noviembre,2025-11,Noviembre
RF-17,Villaverde,2025,11,64.8,56.8,49.6,62.1,69.8,61.5,52.2,42.6,39.0,2025-11-01,Noviembre,2025-11,Noviembre
RF-19,Alto de Extremadura,2025,11,61.3,58.9,56.0,59.7,67.5,62.0,55.0,43.3,36.3,2025-11-01,Noviembre,2025-11,Noviembre
RF-55,Urb Embajada 2,2025,11,70.8,60.4,53.3,68.0,72.8,66.1,56.1,45.7,42.0,2025-11-01,Noviembre,2025-11,Noviembre
RF-86,Tres Olivos,2025,11,58.0,54.6,47.7,55.8,65.1,57.3,48.2,37.2,34.1,2025-11-01,Noviembre,2025-11,Noviembre
RF-18,Farolillo,2025,11,58.2,54.8,49.1,56.1,65.7,57.3,49.8,43.4,42.4,2025-11-01,Noviembre,2025-11,Noviembre
RF-28,Cuatro Vientos,2025,11,65.8,64.5,58.7,64.1,72.4,68.3,59.2,43.2,37.6,2025-11-01,Noviembre,2025-11,Noviembre
RF-06,Gregorio Marañón,2025,11,70.2,69.6,66.4,69.2,76.9,71.9,65.6,58.4,51.6,2025-11-01,Noviembre,2025-11,Noviembre
RF-11,Ramón y Cajal,2025,11,70.8,70.1,64.1,69.4,75.6,71.9,66.9,51.7,42.3,2025-11-01,Noviembre,2025-11,Noviembre
RF-54,Ensanche de Vallecas,2025,11,62.0,61.7,54.9,60.5,67.7,63.9,58.3,45.3,42.1,2025-11-01,Noviembre,2025-11,Noviembre
RF-05,Barrio del Pilar,2025,11,62.1,61.2,54.2,60.5,67.6,63.5,57.9,44.8,38.8,2025-11-01,Noviembre,2025-11,Noviembre
RF-01,Paseo de Recoletos,2025,11,66.9,65.9,63.7,65.8,73.7,67.9,62.0,54.3,48.5,2025-11-01,Noviembre,2025-11,Noviembre
RF-06,Gregorio Marañón,2025,12,70.4,69.4,66.2,69.2,76.7,71.9,65.6,58.3,51.6,2025-12-01,Diciembre,2025-12,Diciembre
RF-25,Santa Eugenia,2025,12,71.3,70.4,66.8,70.1,74.1,72.3,70.0,62.5,54.6,2025-12-01,Diciembre,2025-12,Diciembre
RF-55,Urb Embajada 2,2025,12,68.1,57.5,49.3,65.2,70.2,63.6,53.3,44.4,40.1,2025-12-01,Diciembre,2025-12,Diciembre
RF-14,Plaza Elíptica,2025,12,64.3,64.0,60.1,63.2,69.7,64.5,61.1,55.0,49.8,2025-12-01,Diciembre,2025-12,Diciembre
RF-48,Castellana,2025,12,62.8,60.2,57.0,61.1,68.1,62.6,58.3,51.2,45.1,2025-12-01,Diciembre,2025-12,Diciembre
RF-28,Cuatro Vientos,2025,12,65.8,64.4,59.1,64.2,72.4,68.2,58.8,42.4,37.3,2025-12-01,Diciembre,2025-12,Diciembre
RF-29,El Pardo,2025,12,58.3,61.8,51.3,58.0,66.0,60.6,49.4,34.9,29.5,2025-12-01,Diciembre,2025-12,Diciembre
RF-03,Plaza del Carmen,2025,12,62.3,63.4,60.2,61.9,70.2,63.1,57.4,52.0,48.9,2025-12-01,Diciembre,2025-12,Diciembre
RF-10,Cuatro Caminos,2025,12,64.5,63.7,57.2,63.0,71.2,64.8,57.6,46.1,41.0,2025-12-01,Diciembre,2025-12,Diciembre
RF-18,Farolillo,2025,12,57.7,59.1,49.8,56.6,65.4,57.0,49.6,43.4,42.5,2025-12-01,Diciembre,2025-12,Diciembre
RF-47,Mendez Álvaro,2025,12,56.9,54.9,49.4,55.2,65.4,53.5,47.7,40.8,38.4,2025-12-01,Diciembre,2025-12,Diciembre
RF-20,Avenida de Moratalaz,2025,12,62.3,61.4,55.8,60.8,69.5,63.5,56.3,46.0,42.2,2025-12-01,Diciembre,2025-12,Diciembre
RF-50,Plaza de Castilla,2025,12,67.2,66.3,62.4,65.9,72.1,67.4,63.2,55.1,48.8,2025-12-01,Diciembre,2025-12,Diciembre
RF-08,Escuelas Aguirre,2025,12,67.3,66.6,64.1,66.4,73.7,69.3,63.5,57.2,48.3,2025-12-01,Diciembre,2025-12,Diciembre
RF-27,Barajas Pueblo,2025,12,59.3,60.4,54.4,58.5,67.4,61.5,52.6,44.2,39.6,2025-12-01,Diciembre,2025-12,Diciembre
RF-24,Casa de Campo,2025,12,48.7,47.9,45.1,47.7,55.2,50.3,45.3,42.3,41.6,2025-12-01,Diciembre,2025-12,Diciembre
RF-54,Ensanche de Vallecas,2025,12,62.4,61.8,55.7,60.9,67.9,64.1,58.6,45.8,42.7,2025-12-01,Diciembre,2025-12,Diciembre
RF-11,Ramón y Cajal,2025,12,70.7,69.8,64.6,69.2,75.4,71.8,66.5,51.8,42.2,2025-12-01,Diciembre,2025-12,Diciembre
RF-31,Sanchinarro,2025,12,65.1,64.5,55.1,63.4,74.3,67.4,54.4,44.9,42.5,2025-12-01,Diciembre,2025-12,Diciembre
RF-04,Plaza de España,2025,12,64.1,65.0,61.1,63.5,72.9,64.9,60.7,55.9,52.3,2025-12-01,Diciembre,2025-12,Diciembre
RF-05,Barrio del Pilar,2025,12,63.5,62.7,54.9,61.8,68.9,64.0,58.3,45.6,40.1,2025-12-01,Diciembre,2025-12,Diciembre
RF-86,Tres Olivos,2025,12,57.1,54.5,48.0,55.1,64.6,57.2,47.9,37.4,34.3,2025-12-01,Diciembre,2025-12,Diciembre
RF-12,Manuel Becerra,2025,12,64.7,63.9,60.0,63.4,71.5,64.2,60.0,52.8,47.1,2025-12-01,Diciembre,2025-12,Diciembre
RF-26,Embajada,2025,12,64.6,63.3,60.6,63.4,70.0,66.6,61.7,55.5,48.3,2025-12-01,Diciembre,2025-12,Diciembre
RF-19,Alto de Extremadura,2025,12,62.0,59.7,55.6,60.3,67.8,62.0,54.9,43.3,36.2,2025-12-01,Diciembre,2025-12,Diciembre
RF-02,Carlos V,2025,12,69.3,69.0,66.0,68.4,75.7,69.7,65.7,59.9,55.3,2025-12-01,Diciembre,2025-12,Diciembre
RF-16,Arturo Soria,2025,12,61.8,61.3,56.3,60.5,67.4,63.1,56.5,43.0,38.4,2025-12-01,Diciembre,2025-12,Diciembre
RF-17,Villaverde,2025,12,60.1,63.4,61.2,61.2,66.0,58.1,51.0,42.4,38.7,2025-12-01,Diciembre,2025-12,Diciembre
RF-30,Campo de las Naciones,2025,12,61.1,57.3,56.5,59.5,66.8,62.0,57.3,47.8,45.4,2025-12-01,Diciembre,2025-12,Diciembre
RF-01,Paseo de Recoletos,2025,12,66.4,64.8,63.3,65.3,74.1,67.5,61.8,54.0,48.4,2025-12-01,Diciembre,2025-12,Diciembre
RF-13,Vallecas,2025,12,60.8,58.5,52.2,58.9,66.1,59.2,52.1,43.2,40.2,2025-12-01,Diciembre,2025-12,Diciembre
RF-20,Avenida de Moratalaz,2026,1,62.4,62.3,57.7,61.3,69.8,63.8,56.5,45.9,42.2,2026-01-01,Enero,2026-01,Enero
RF-55,Urb Embajada 2,2026,1,68.4,59.7,50.2,65.7,71.1,64.4,54.2,44.7,40.8,2026-01-01,Enero,2026-01,Enero
RF-26,Embajada,2026,1,65.2,64.1,61.1,64.0,70.5,67.1,62.3,56.0,48.9,2026-01-01,Enero,2026-01,Enero
RF-11,Ramón y Cajal,2026,1,71.1,70.1,65.0,69.7,75.7,72.4,67.0,51.5,42.2,2026-01-01,Enero,2026-01,Enero
RF-13,Vallecas,2026,1,60.2,57.4,63.3,61.2,66.8,59.7,52.5,42.9,40.1,2026-01-01,Enero,2026-01,Enero
RF-10,Cuatro Caminos,2026,1,64.9,63.2,60.8,63.6,71.7,65.6,58.4,46.8,41.6,2026-01-01,Enero,2026-01,Enero
RF-28,Cuatro Vientos,2026,1,66.6,65.3,60.2,65.0,73.1,69.0,60.4,43.5,38.5,2026-01-01,Enero,2026-01,Enero
RF-14,Plaza Elíptica,2026,1,64.8,64.4,61.2,63.8,70.2,65.0,61.6,55.4,50.2,2026-01-01,Enero,2026-01,Enero
RF-08,Escuelas Aguirre,2026,1,67.8,67.4,64.6,66.9,74.1,69.9,64.1,57.5,48.3,2026-01-01,Enero,2026-01,Enero
RF-29,El Pardo,2026,1,59.3,56.4,51.6,57.4,66.9,61.6,50.2,35.8,30.1,2026-01-01,Enero,2026-01,Enero
RF-25,Santa Eugenia,2026,1,71.9,71.1,67.0,70.6,74.6,72.8,70.4,62.2,53.7,2026-01-01,Enero,2026-01,Enero
RF-06,Gregorio Marañón,2026,1,70.4,70.2,66.3,69.3,76.7,72.2,65.9,58.1,51.7,2026-01-01,Enero,2026-01,Enero
RF-30,Campo de las Naciones,2026,1,62.0,58.4,62.0,61.5,66.9,62.8,57.5,47.1,44.4,2026-01-01,Enero,2026-01,Enero
RF-16,Arturo Soria,2026,1,62.4,61.3,57.4,61.1,68.0,64.0,57.3,43.3,39.2,2026-01-01,Enero,2026-01,Enero
RF-27,Barajas Pueblo,2026,1,60.2,59.7,55.1,59.0,68.3,62.5,53.7,44.2,39.8,2026-01-01,Enero,2026-01,Enero
RF-31,Sanchinarro,2026,1,65.8,65.4,56.6,64.2,75.0,68.2,55.5,45.9,43.3,2026-01-01,Enero,2026-01,Enero
RF-86,Tres Olivos,2026,1,56.9,55.2,51.4,55.4,65.2,57.9,49.2,38.5,35.1,2026-01-01,Enero,2026-01,Enero
RF-05,Barrio del Pilar,2026,1,62.5,63.1,58.3,61.6,68.3,64.0,58.2,45.4,39.6,2026-01-01,Enero,2026-01,Enero
RF-04,Plaza de España,2026,1,63.3,63.5,63.2,63.3,72.1,63.7,60.1,55.9,52.6,2026-01-01,Enero,2026-01,Enero
RF-01,Paseo de Recoletos,2026,1,66.9,67.2,64.8,66.3,73.8,69.3,62.5,54.5,48.8,2026-01-01,Enero,2026-01,Enero
RF-19,Alto de Extremadura,2026,1,62.1,60.0,56.6,60.5,68.3,62.6,55.4,44.0,36.7,2026-01-01,Enero,2026-01,Enero
RF-54,Ensanche de Vallecas,2026,1,63.3,62.6,63.2,63.2,69.6,65.0,59.2,45.8,42.3,2026-01-01,Enero,2026-01,Enero
RF-02,Carlos V,2026,1,69.2,68.9,66.3,68.4,75.0,69.9,65.9,60.0,55.6,2026-01-01,Enero,2026-01,Enero
RF-18,Farolillo,2026,1,58.5,56.7,57.8,58.0,66.1,57.6,49.7,43.3,42.2,2026-01-01,Enero,2026-01,Enero
RF-50,Plaza de Castilla,2026,1,67.1,66.6,62.6,66.0,71.9,67.9,63.7,55.4,49.6,2026-01-01,Enero,2026-01,Enero
RF-12,Manuel Becerra,2026,1,64.7,63.7,60.3,63.5,71.2,64.6,60.2,52.7,47.2,2026-01-01,Enero,2026-01,Enero
RF-48,Castellana,2026,1,62.1,61.0,57.5,60.8,67.0,63.1,58.5,51.0,45.2,2026-01-01,Enero,2026-01,Enero
RF-03,Plaza del Carmen,2026,1,60.6,60.8,61.8,61.1,69.9,62.7,56.8,51.9,48.9,2026-01-01,Enero,2026-01,Enero
RF-17,Villaverde,2026,1,58.5,58.9,64.5,61.5,64.9,58.0,51.8,43.2,39.6,2026-01-01,Enero,2026-01,Enero
RF-24,Casa de Campo,2026,1,48.6,47.1,46.8,47.8,55.2,49.7,45.4,42.0,40.7,2026-01-01,Enero,2026-01,Enero
RF-47,Mendez Álvaro,2026,1,56.7,54.0,50.1,54.9,65.1,54.2,48.6,41.7,39.6,2026-01-01,Enero,2026-01,Enero
RF-25,Santa Eugenia,2026,2,71.7,71.0,66.9,70.5,74.3,72.7,70.5,62.1,53.8,2026-02-01,Febrero,2026-02,Febrero
RF-24,Casa de Campo,2026,2,51.1,48.0,46.2,49.5,56.5,50.9,46.3,43.1,42.4,2026-02-01,Febrero,2026-02,Febrero
RF-18,Farolillo,2026,2,60.8,57.9,50.3,58.6,68.1,57.9,50.1,43.7,42.7,2026-02-01,Febrero,2026-02,Febrero
RF-13,Vallecas,2026,2,60.6,58.0,51.2,58.6,66.4,59.6,52.6,43.3,40.9,2026-02-01,Febrero,2026-02,Febrero
RF-16,Arturo Soria,2026,2,62.9,61.9,56.4,61.4,68.5,64.1,57.8,44.4,40.4,2026-02-01,Febrero,2026-02,Febrero
RF-19,Alto de Extremadura,2026,2,61.7,60.8,56.2,60.3,68.0,62.8,56.2,45.2,37.3,2026-02-01,Febrero,2026-02,Febrero
RF-26,Embajada,2026,2,65.2,63.8,61.1,63.9,70.1,66.8,62.4,56.2,48.9,2026-02-01,Febrero,2026-02,Febrero
RF-17,Villaverde,2026,2,57.7,57.1,51.6,56.3,64.7,58.1,52.3,44.2,40.8,2026-02-01,Febrero,2026-02,Febrero
RF-14,Plaza Elíptica,2026,2,64.9,63.9,60.3,63.8,70.3,64.9,61.4,54.9,49.7,2026-02-01,Febrero,2026-02,Febrero
RF-28,Cuatro Vientos,2026,2,67.0,64.7,60.2,65.3,73.1,69.1,61.2,44.9,39.9,2026-02-01,Febrero,2026-02,Febrero
RF-27,Barajas Pueblo,2026,2,60.9,59.4,54.5,59.3,68.6,62.8,54.5,45.0,40.3,2026-02-01,Febrero,2026-02,Febrero
RF-01,Paseo de Recoletos,2026,2,69.6,66.0,64.6,67.9,73.6,69.3,63.1,55.2,49.2,2026-02-01,Febrero,2026-02,Febrero
RF-54,Ensanche de Vallecas,2026,2,62.9,61.4,56.1,61.3,68.3,64.6,59.1,46.0,42.7,2026-02-01,Febrero,2026-02,Febrero
RF-02,Carlos V,2026,2,72.8,68.6,66.3,70.9,76.5,70.5,66.0,60.2,55.4,2026-02-01,Febrero,2026-02,Febrero
RF-50,Plaza de Castilla,2026,2,67.4,66.5,62.5,66.1,72.3,67.9,63.8,55.4,49.4,2026-02-01,Febrero,2026-02,Febrero
RF-48,Castellana,2026,2,62.6,61.3,57.6,61.2,67.5,63.4,59.2,51.7,45.6,2026-02-01,Febrero,2026-02,Febrero
RF-03,Plaza del Carmen,2026,2,61.2,61.1,59.5,60.7,69.8,62.8,57.0,51.8,48.6,2026-02-01,Febrero,2026-02,Febrero
RF-47,Méndez Álvaro,2026,2,57.7,54.8,49.8,55.7,66.1,55.5,49.3,42.6,40.5,2026-02-01,Febrero,2026-02,Febrero
RF-04,Plaza de España,2026,2,64.4,64.2,61.0,63.5,72.8,64.3,60.4,56.0,52.5,2026-02-01,Febrero,2026-02,Febrero
RF-12,Manuel Becerra,2026,2,66.2,64.7,60.1,64.6,72.3,64.8,60.4,52.8,47.1,2026-02-01,Febrero,2026-02,Febrero
RF-31,Sanchinarro,2026,2,65.2,64.3,55.2,63.5,74.2,67.4,56.0,46.5,43.6,2026-02-01,Febrero,2026-02,Febrero
RF-30,Campo de las Naciones,2026,2,62.1,59.6,55.4,60.3,67.1,63.2,58.4,48.3,45.8,2026-02-01,Febrero,2026-02,Febrero
RF-06,Gregorio Marañón,2026,2,71.3,69.7,66.4,69.9,77.2,72.3,66.0,58.6,51.5,2026-02-01,Febrero,2026-02,Febrero
RF-29,El Pardo,2026,2,59.0,56.3,51.8,57.2,66.1,61.0,51.1,36.9,32.0,2026-02-01,Febrero,2026-02,Febrero
RF-20,Avenida de Moratalaz,2026,2,62.7,61.8,54.5,61.0,69.3,63.6,56.8,46.1,42.4,2026-02-01,Febrero,2026-02,Febrero
RF-08,Escuelas Aguirre,2026,2,67.9,67.4,64.5,66.9,74.2,69.7,64.1,57.5,48.3,2026-02-01,Febrero,2026-02,Febrero
RF-55,Urb Embajada 2,2026,2,74.2,63.6,51.2,71.3,77.3,69.8,56.0,45.5,41.5,2026-02-01,Febrero,2026-02,Febrero
RF-10,Cuatro Caminos,2026,2,65.3,64.7,59.0,63.9,71.5,65.6,58.8,47.1,41.9,2026-02-01,Febrero,2026-02,Febrero
RF-11,Ramón y Cajal,2026,2,71.4,69.9,64.6,69.8,75.8,72.3,67.2,52.0,43.1,2026-02-01,Febrero,2026-02,Febrero
RF-05,Barrio del Pilar,2026,2,63.1,62.0,54.5,61.4,68.5,63.9,58.4,45.3,39.1,2026-02-01,Febrero,2026-02,Febrero
RF-86,Tres Olivos,2026,2,57.3,55.0,49.5,55.5,65.2,58.2,50.3,39.0,35.1,2026-02-01,Febrero,2026-02,Febrero
